# Blender 5.1.2
# www.blender.org
o stanford-bunny
v -0.044902 0.089138 0.002133
v -0.067233 0.111402 0.037201
v -0.001539 0.090062 0.024462
v -0.025688 0.085811 0.004839
v 0.031825 0.074349 0.028291
v -0.026074 0.072390 0.036721
v -0.032810 0.134561 -0.002131
v -0.074085 0.087419 0.052801
v 0.007584 0.091728 0.014581
v 0.037617 0.059719 -0.009409
v -0.090174 0.101031 0.023402
v -0.084241 0.069205 0.024786
v 0.005513 0.085388 0.032520
v -0.030294 0.085415 0.003183
v -0.005731 0.087464 0.029350
v -0.022742 0.072822 0.038471
v -0.080405 0.053366 -0.009258
v 0.023251 0.084400 0.023507
v -0.089921 0.082505 0.004687
v 0.040735 0.059998 -0.003658
v -0.085774 0.076800 0.000194
v -0.077294 0.105838 0.043375
v 0.021736 0.085851 0.021592
v -0.020640 0.137838 -0.022460
v -0.034358 0.130922 -0.014819
v -0.034890 0.087734 0.009446
v 0.012420 0.087896 0.027333
v -0.045632 0.091796 0.017306
v 0.016597 0.082601 0.031192
v -0.040123 0.126565 0.003527
v -0.090448 0.089816 0.006295
v -0.024369 0.116726 -0.004519
v -0.067601 0.107699 0.040585
v -0.071360 0.102524 0.045895
v -0.075915 0.087810 0.053194
v -0.063553 0.120370 -0.018459
v -0.033334 0.085945 0.000146
v -0.045360 0.091876 0.012850
v -0.092007 0.075797 0.037253
v -0.007361 0.082018 0.035721
v -0.008467 0.083828 0.033851
v 0.028073 0.053548 0.044204
v -0.013447 0.123847 -0.011888
v -0.044104 0.126024 0.004472
v -0.043581 0.129291 0.001556
v -0.019573 0.072758 0.039345
v -0.090097 0.095427 0.023535
v -0.050772 0.104688 0.013564
v 0.030817 0.064766 0.036003
v -0.074511 0.102231 0.046764
v -0.085219 0.069296 0.005805
v 0.017836 0.087292 0.021131
v -0.013362 0.088411 0.002136
v -0.049968 0.117603 0.009568
v -0.090836 0.095060 0.019603
v -0.036316 0.136315 -0.006328
v 0.040302 0.066673 0.006275
v -0.091899 0.087554 0.034913
v -0.030401 0.138947 -0.005744
v -0.028415 0.138916 -0.005949
v -0.072850 0.080749 0.053696
v -0.074204 0.106207 0.043492
v -0.061898 0.089930 0.040349
v 0.042650 0.054331 0.025812
v -0.070624 0.115802 0.005876
v -0.008974 0.087944 0.027320
v -0.064183 0.114707 0.030265
v -0.071520 0.115131 0.029100
v 0.019206 0.081470 0.032272
v -0.043920 0.131207 -0.004764
v -0.055681 0.001402 0.046682
v -0.013601 0.122196 -0.012225
v -0.044071 0.122854 0.005741
v -0.070664 0.127879 -0.022349
v -0.026453 0.049623 0.048448
v -0.036779 0.087715 0.002509
v -0.089459 0.051647 0.011441
v -0.034280 0.087179 0.004259
v -0.064795 0.117953 -0.011353
v -0.069160 0.101442 0.045441
v -0.075896 0.124046 -0.018101
v -0.077003 0.125419 -0.023733
v 0.041048 0.061181 0.023244
v -0.071435 0.074964 0.051375
v 0.012744 0.073842 0.038336
v -0.082376 0.070527 0.028992
v -0.013755 0.071712 0.041340
v -0.035951 0.131154 0.000542
v -0.037698 0.131353 0.000813
v -0.091517 0.105993 0.024369
v -0.021948 0.075306 0.036675
v -0.090865 0.086025 0.005927
v 0.029355 0.077942 0.027184
v 0.029537 0.062638 -0.015689
v 0.042790 0.060618 0.004337
v 0.000976 0.075575 0.040670
v -0.014589 0.089049 0.008263
v 0.003432 0.091951 0.011842
v -0.064363 0.110894 0.036818
v 0.033765 0.075057 0.023146
v 0.021097 -0.000630 0.041301
v 0.016653 0.054052 0.048694
v 0.005947 0.065410 -0.021099
v 0.011313 0.089840 0.022492
v -0.003944 0.091111 0.017284
v -0.071710 0.126103 -0.018254
v -0.061890 0.115762 0.008082
v -0.047248 0.093851 0.019716
v -0.040905 0.133083 -0.003495
v -0.038174 0.134309 -0.003264
v -0.052960 0.002939 0.045729
v -0.041943 0.123647 0.004691
v -0.001893 0.091504 0.010076
v -0.007138 0.082404 -0.011461
v -0.048158 0.002385 0.044245
v -0.044822 0.003469 0.043297
v -0.041879 0.002269 0.042754
v -0.035526 0.085931 0.020453
v -0.081179 0.109800 0.036004
v -0.064902 0.115444 0.007373
v -0.002422 0.087411 0.029948
v 0.022115 0.080374 0.031902
v -0.084006 0.068283 0.002248
v 0.039488 0.060013 0.028112
v 0.040103 0.066066 0.017835
v -0.052119 0.117377 0.010035
v -0.047368 0.118373 0.008580
v -0.036715 0.133177 -0.000714
v 0.045084 0.046978 0.021579
v -0.022500 0.118269 -0.003981
v -0.027584 0.074304 0.034807
v -0.025836 0.075529 0.033687
v -0.074725 0.075047 0.051260
v 0.000520 0.001557 0.046560
v 0.006421 0.001305 0.045596
v -0.075253 0.092353 0.052299
v -0.061122 0.116118 0.021377
v 0.030595 0.078870 0.021817
v -0.075874 0.080921 0.053072
v -0.070276 0.056489 -0.015956
v -0.075982 0.052924 -0.013769
v -0.026967 0.140476 -0.007406
v -0.025061 0.140504 -0.009106
v -0.058980 0.116755 0.007793
v -0.062001 0.114901 0.003486
v -0.025605 0.086291 0.010355
v -0.073880 0.109076 0.040231
v -0.072592 0.122746 -0.012016
v -0.077371 0.056461 0.036547
v 0.038839 0.060880 -0.006917
v -0.040982 0.004683 0.041789
v -0.039475 0.003688 0.041364
v -0.068102 0.120633 -0.010278
v -0.030946 0.084835 0.000557
v -0.030219 -0.003782 0.051979
v -0.027204 0.004745 0.050913
v -0.023662 0.005495 0.052797
v 0.008995 0.091099 0.018924
v -0.041929 0.125468 0.004352
v 0.021839 0.084568 0.025013
v -0.012486 0.003000 0.050475
v -0.004685 0.003030 0.047899
v 0.002767 0.002933 0.045821
v 0.006706 0.002839 0.045409
v 0.010754 0.004578 0.044653
v -0.061954 0.131600 -0.053618
v -0.035375 0.132930 -0.013307
v -0.037853 0.129885 0.001672
v -0.094144 0.081552 0.024556
v 0.045124 0.047678 0.000682
v -0.005972 0.070890 0.042559
v -0.006492 0.076714 0.039562
v -0.077215 0.073346 -0.004321
v -0.041471 0.123769 -0.011264
v -0.051122 0.026779 0.036514
v -0.085114 0.111150 0.029700
v -0.065379 0.116647 -0.008360
v -0.071272 0.119884 -0.006478
v -0.069151 0.113968 0.032420
v -0.057645 0.005468 0.043477
v -0.056003 0.004557 0.044681
v -0.052408 0.004333 0.044709
v -0.046829 0.004479 0.042773
v -0.038402 0.003851 0.041052
v -0.015525 0.088774 0.017675
v -0.026726 0.084651 0.000201
v -0.029690 0.085604 0.005579
v -0.027302 0.007283 0.049812
v -0.020685 0.004889 0.053003
v -0.015925 0.005321 0.050911
v -0.008715 0.004610 0.048541
v -0.005737 0.005850 0.047143
v -0.002687 0.004508 0.046669
v 0.002627 0.004308 0.045925
v 0.007308 0.004260 0.045543
v 0.005478 0.074501 0.040504
v -0.077628 0.109378 0.038886
v -0.044988 0.089875 0.019900
v -0.079753 0.091498 0.052623
v -0.051339 0.113117 0.012004
v -0.000893 0.065130 -0.022249
v -0.075148 0.050425 -0.014496
v 0.026420 0.079964 0.027470
v -0.037849 0.127743 0.002004
v -0.074450 0.096179 0.050306
v -0.020567 0.051768 0.053540
v -0.042445 0.088706 0.002009
v -0.003790 0.058256 0.052114
v -0.013785 0.086211 0.027697
v -0.050500 0.006200 0.042084
v -0.043814 0.007458 0.040299
v -0.042596 0.006201 0.040836
v -0.038272 0.005829 0.040421
v -0.076806 0.115734 0.023264
v -0.005163 0.059960 0.049216
v -0.091375 0.075558 0.032810
v -0.023840 0.007666 0.050998
v -0.020715 0.006312 0.052314
v -0.015456 0.006638 0.049835
v -0.011898 0.006078 0.048691
v -0.008835 0.005978 0.047774
v -0.000668 0.005769 0.046939
v 0.001992 0.007387 0.049695
v 0.006668 0.006497 0.048828
v 0.010469 0.006738 0.046880
v -0.049440 0.075496 0.033623
v 0.042971 0.045570 -0.005872
v -0.008224 0.075793 0.040245
v -0.001069 0.073674 0.041917
v -0.024001 0.083954 0.022729
v -0.031035 0.049839 -0.025025
v 0.038943 0.065705 0.025036
v -0.025890 0.141950 -0.008708
v 0.006408 0.089338 0.026553
v -0.043706 0.087508 0.018718
v -0.029186 0.085790 0.009610
v -0.043474 0.128012 0.003037
v -0.063127 0.112488 -0.008370
v -0.023003 0.051217 0.052082
v -0.054820 0.007530 0.041189
v -0.051834 0.006202 0.042679
v -0.049690 0.007908 0.039635
v -0.046128 0.008080 0.039554
v -0.036754 0.008202 0.039494
v -0.035962 0.007314 0.040003
v -0.025404 0.053117 -0.031252
v -0.032124 0.084434 -0.002440
v -0.019575 0.007571 0.050659
v -0.015110 0.008455 0.047802
v -0.013007 0.007381 0.048015
v -0.010789 0.007371 0.047812
v -0.008226 0.007245 0.047709
v -0.005135 0.007134 0.048409
v 0.003637 0.008567 0.050975
v -0.031222 0.074514 0.034266
v -0.070501 0.106309 0.042767
v -0.065649 0.107862 0.039226
v 0.033641 0.006344 0.030412
v 0.038110 0.005259 0.030538
v -0.048152 0.121768 0.006978
v -0.044241 0.120346 0.006388
v -0.040395 0.129196 0.002412
v -0.025924 0.142976 -0.010740
v -0.024599 0.143372 -0.010467
v -0.011165 0.090167 0.012724
v 0.001300 0.089407 0.026500
v -0.069028 0.122979 -0.013204
v -0.064030 0.113087 -0.005317
v -0.068126 0.117890 -0.005614
v -0.069298 0.119431 -0.006784
v -0.058345 0.007359 0.040040
v -0.051710 0.009056 0.037739
v -0.047550 0.009077 0.038633
v -0.040921 0.008172 0.040065
v -0.035293 0.008005 0.039758
v -0.066976 0.122554 -0.015010
v -0.063858 0.118989 -0.015596
v -0.026733 0.009016 0.048315
v -0.023880 0.009403 0.048416
v -0.018936 0.009880 0.046742
v -0.017372 0.008811 0.047781
v -0.014501 0.008860 0.047887
v -0.012780 0.008346 0.048274
v -0.007928 0.009086 0.050218
v -0.005436 0.009880 0.051102
v -0.000997 0.008908 0.050612
v 0.000548 0.010232 0.052211
v 0.007810 0.008913 0.050386
v -0.089965 0.072457 0.017242
v -0.073428 0.083447 0.053553
v -0.057383 0.115698 0.013907
v -0.063487 0.107877 0.037961
v -0.060901 0.107957 0.036945
v 0.039102 0.008138 0.032010
v 0.041614 0.007749 0.031806
v -0.089388 0.101960 0.031810
v -0.077904 0.090613 0.053210
v -0.003369 0.091368 0.013365
v 0.044635 0.051366 0.020391
v 0.005485 0.071752 0.041405
v -0.034924 0.132880 -0.000522
v -0.022406 0.143265 -0.011436
v -0.037717 0.088395 0.006472
v -0.072733 0.119367 -0.006115
v -0.055513 0.008995 0.036402
v -0.054395 0.009184 0.037310
v -0.050295 0.009331 0.037296
v -0.042739 0.010145 0.039528
v -0.038424 0.011043 0.039257
v -0.035150 0.010121 0.038563
v -0.006962 0.061312 0.044582
v -0.043823 0.089377 0.014665
v -0.027110 0.010139 0.045514
v -0.021251 0.010222 0.046241
v -0.016452 0.010050 0.047420
v -0.012685 0.010449 0.050175
v -0.010124 0.011063 0.051002
v -0.000872 0.010840 0.053181
v 0.001351 0.011612 0.052707
v 0.004652 0.011794 0.053222
v 0.011300 0.011342 0.049983
v -0.062402 0.108346 -0.010860
v -0.062437 0.120468 -0.021939
v -0.027151 0.051228 -0.031794
v -0.061906 0.102229 -0.005997
v 0.031395 0.077095 0.000088
v -0.089578 0.100342 0.030027
v 0.032443 0.006567 0.030866
v 0.036244 0.009649 0.031583
v -0.039855 0.075220 0.033910
v -0.087895 0.085999 0.000040
v 0.025971 0.062370 0.041098
v -0.087359 0.079498 -0.000061
v -0.026999 0.142093 -0.013028
v -0.062418 0.109248 -0.004633
v -0.075675 0.054860 0.038764
v 0.018061 0.087821 0.018903
v -0.038340 0.085229 0.023024
v -0.050168 0.010619 0.036174
v -0.045719 0.011104 0.038359
v -0.033580 0.010584 0.038342
v -0.025729 0.011246 0.042848
v -0.024036 0.011169 0.043257
v -0.022133 0.011208 0.044309
v -0.020089 0.011421 0.045958
v -0.019131 0.012995 0.047566
v -0.014492 0.012516 0.049862
v -0.012039 0.012202 0.051147
v -0.007102 0.012346 0.052414
v -0.000957 0.012232 0.054333
v 0.008008 0.011714 0.051714
v -0.072170 0.089084 0.051779
v -0.076432 0.085515 0.052754
v -0.083833 0.073905 0.046805
v -0.091865 0.077931 0.008031
v -0.077314 0.095465 0.051146
v 0.034932 0.010542 0.031579
v 0.039942 0.010898 0.032415
v 0.042894 0.010930 0.032579
v -0.069275 0.076787 0.052141
v -0.080734 0.101040 0.046168
v -0.016383 0.120438 -0.009189
v -0.077331 0.108393 -0.005464
v -0.087422 0.081637 -0.001060
v -0.065686 0.115568 -0.006018
v -0.073544 0.116128 0.023845
v -0.042900 0.082253 0.026240
v -0.048880 0.011753 0.036272
v -0.047238 0.013332 0.037151
v -0.043821 0.013003 0.038981
v -0.041711 0.012939 0.039425
v -0.039416 0.013610 0.039346
v -0.034884 0.012180 0.038168
v -0.032106 0.012526 0.037118
v -0.036106 0.080168 0.029965
v -0.023917 0.012440 0.041762
v -0.022145 0.012535 0.043945
v -0.016933 0.013651 0.049886
v -0.013405 0.016364 0.051278
v -0.004414 0.014060 0.053996
v -0.000818 0.013705 0.054902
v 0.001704 0.014659 0.053693
v 0.005125 0.013570 0.053420
v 0.010983 0.013839 0.051895
v -0.013735 0.083754 0.032086
v 0.035829 0.067225 -0.005671
v -0.079911 0.089480 0.053076
v -0.024363 0.142050 -0.017570
v -0.080140 0.095298 0.050630
v 0.037346 0.013929 0.031472
v 0.041996 0.012293 0.032641
v -0.058040 0.112771 0.032029
v 0.029447 0.060587 0.040314
v 0.041232 0.065180 0.008739
v -0.032373 0.085156 0.020209
v 0.014501 0.086811 0.027965
v -0.029633 0.078823 0.030052
v 0.013475 0.085209 0.030928
v -0.074863 0.112459 0.034811
v -0.072899 0.116428 0.015453
v -0.036998 0.014047 0.038934
v -0.033289 0.015986 0.037732
v -0.029725 0.014714 0.036285
v -0.060714 0.115601 0.003819
v -0.063274 0.117122 -0.014158
v -0.067087 0.116005 0.026090
v -0.024609 0.013837 0.040857
v -0.021798 0.014836 0.045054
v -0.016148 0.015215 0.050805
v -0.011014 0.015804 0.052406
v -0.006734 0.016282 0.053673
v -0.001521 0.015232 0.054853
v 0.002327 0.017708 0.054038
v 0.007233 0.016138 0.052855
v 0.009444 0.015527 0.052694
v -0.081240 0.085154 0.052063
v -0.079395 0.087037 0.053155
v -0.042937 0.077874 0.031435
v -0.032802 0.135773 -0.002876
v -0.082386 0.089371 0.051997
v -0.061992 0.114772 -0.016489
v -0.010961 0.141624 -0.027315
v -0.029867 0.137424 -0.004727
v -0.089654 0.057721 0.012649
v -0.060165 0.110636 0.035535
v -0.088490 0.059907 0.007671
v -0.019691 0.087750 0.008657
v -0.075889 0.115182 0.005422
v -0.044412 0.018200 0.039318
v -0.042036 0.019243 0.040318
v -0.028652 0.013805 0.036384
v -0.008573 0.090039 0.021224
v -0.027003 0.085430 0.016754
v -0.073079 0.113934 0.032111
v -0.079329 0.129524 -0.039640
v -0.076420 0.058836 -0.011607
v 0.011828 0.090794 0.012371
v -0.005673 0.017134 0.053939
v -0.003461 0.017809 0.053760
v 0.000522 0.017843 0.054628
v 0.011440 0.016551 0.052474
v 0.040346 0.043246 -0.011324
v 0.011682 0.090777 0.015196
v -0.036360 0.075349 0.032722
v 0.045435 0.052234 0.011120
v -0.053974 0.113645 0.016285
v -0.020747 0.086082 0.021182
v 0.003029 0.087588 0.029199
v -0.078717 0.099513 0.048383
v 0.038648 0.016557 0.031238
v 0.041153 0.015725 0.031999
v 0.045746 0.015488 0.032391
v -0.028472 0.053371 -0.025636
v -0.031974 0.078671 -0.012059
v 0.018688 0.086095 0.023846
v -0.077535 0.134355 -0.042079
v -0.060802 0.102465 -0.004572
v -0.077680 0.113793 0.030488
v -0.059640 0.116014 0.010434
v -0.035491 0.087430 0.015210
v -0.018586 0.087733 0.005410
v -0.020817 0.086416 0.002303
v -0.038864 0.018635 0.040373
v -0.028494 0.017541 0.036569
v -0.027572 0.016079 0.036915
v -0.024932 0.082674 0.025650
v -0.082742 0.113323 0.026930
v -0.094050 0.087951 0.022316
v 0.019619 0.087425 0.016407
v -0.014416 0.018736 0.051811
v -0.011401 0.018881 0.053664
v -0.009353 0.019755 0.055225
v 0.007288 0.018175 0.053275
v 0.009467 0.019026 0.052757
v -0.017128 0.081423 0.032903
v -0.024431 0.085549 0.018274
v 0.008527 0.083321 0.034617
v -0.064498 0.114261 -0.040089
v 0.040204 0.065156 0.001238
v -0.052223 0.108810 0.019038
v -0.092422 0.085612 0.030565
v 0.037735 0.016618 0.031520
v 0.045065 0.018983 0.031829
v -0.075409 0.127177 -0.023557
v 0.011101 0.073001 0.038958
v -0.022735 0.144866 -0.012339
v -0.075853 0.046787 0.038866
v -0.005906 0.085295 0.032263
v -0.001577 0.060238 0.048746
v -0.061779 0.112500 0.034545
v -0.021666 0.087464 0.012071
v -0.029691 0.018782 0.036932
v -0.022698 0.084938 -0.001530
v -0.030441 0.139386 -0.012580
v -0.080890 0.057342 -0.007392
v -0.011041 0.089437 0.004230
v -0.017249 0.018338 0.051018
v -0.012735 0.020244 0.053953
v -0.005674 0.021218 0.055876
v -0.003181 0.019506 0.054057
v -0.000409 0.019205 0.054889
v 0.002963 0.020360 0.055831
v 0.005331 0.021101 0.055797
v 0.006972 0.019147 0.053762
v 0.010740 0.020741 0.052404
v -0.011418 0.080681 0.036337
v -0.016161 0.079830 0.035397
v -0.018125 0.083406 0.029295
v -0.039314 0.088428 0.012554
v 0.005655 0.091483 0.018796
v 0.041745 0.018270 0.031305
v 0.048234 0.016297 0.031383
v 0.043974 0.057791 0.013160
v -0.082380 0.092095 0.051134
v -0.079418 0.082732 0.051091
v -0.085499 0.070543 0.005931
v -0.077259 0.049952 0.038123
v -0.027552 0.080376 0.028295
v -0.054419 0.112693 0.025197
v -0.069035 0.115632 0.002412
v -0.034670 0.019545 0.039364
v -0.026248 0.017928 0.038528
v -0.007582 0.090612 0.009037
v -0.014588 0.020900 0.053026
v -0.004133 0.022787 0.056018
v -0.003429 0.021660 0.055503
v -0.001067 0.020766 0.055994
v 0.001349 0.078529 0.038990
v -0.094666 0.082204 0.019857
v -0.020170 0.081266 0.031694
v -0.046762 0.073877 0.034671
v -0.048027 0.076811 0.031926
v -0.053802 0.105798 0.024236
v -0.081276 0.115199 0.015609
v -0.061887 0.116425 -0.032277
v -0.044384 0.085333 -0.008705
v -0.069782 0.097433 -0.007988
v -0.083251 0.074593 -0.001160
v -0.023194 0.119867 -0.002284
v 0.047305 0.018808 0.031662
v -0.085892 0.100189 0.003204
v -0.063154 0.131107 -0.049748
v -0.074171 0.116426 0.014688
v -0.083399 0.071448 0.043295
v -0.091885 0.077745 0.026241
v -0.057500 0.018990 0.021260
v -0.053974 0.110924 0.025977
v -0.041877 0.022561 0.041098
v -0.039448 0.021791 0.041322
v -0.035930 0.022564 0.040963
v -0.032486 0.021875 0.038626
v -0.027275 0.022160 0.037864
v 0.000177 0.091349 0.005521
v 0.008956 0.091555 0.011175
v -0.005757 0.089483 0.025473
v -0.015805 0.022514 0.053156
v -0.013269 0.022718 0.054462
v -0.009015 0.022533 0.056025
v -0.000977 0.022730 0.056661
v 0.002331 0.022695 0.056784
v 0.006699 0.023069 0.055663
v -0.001537 0.077448 0.039855
v -0.004950 0.078815 0.038668
v -0.008321 0.079985 0.037324
v -0.052917 0.016804 0.019137
v 0.037828 0.068365 0.023948
v 0.042611 0.056986 0.024033
v 0.041986 0.020247 0.030251
v 0.049927 0.020726 0.030488
v 0.041228 0.055391 -0.005285
v 0.041321 0.051288 -0.009027
v 0.011504 0.090598 0.018553
v 0.014642 0.072309 0.038988
v -0.058585 0.020504 0.023200
v -0.057521 0.021759 0.026378
v 0.020010 0.071696 0.037664
v 0.013648 0.082476 0.033536
v -0.000232 0.058616 0.051763
v 0.026929 0.082177 0.021038
v -0.043655 0.023446 0.040424
v -0.028476 0.022680 0.037514
v -0.016426 0.025006 0.053148
v -0.040707 0.133574 -0.005774
v -0.005325 0.024501 0.056243
v 0.012373 0.079911 0.035568
v -0.001678 0.082096 0.036446
v 0.043171 0.057162 0.000997
v 0.040368 0.020537 0.030039
v 0.041494 0.021900 0.029249
v 0.045795 0.022598 0.029951
v 0.048475 0.022186 0.030382
v 0.051433 0.019797 0.029958
v 0.035804 0.069091 -0.003524
v 0.038013 0.069959 0.017257
v -0.037891 0.121059 -0.012886
v -0.052100 0.022951 0.031939
v -0.050749 0.021912 0.033038
v -0.017282 0.087936 0.019615
v -0.037310 0.025590 0.041686
v -0.030156 0.024531 0.038194
v 0.024382 0.084536 0.019043
v -0.015287 0.025536 0.053649
v -0.013742 0.025231 0.053760
v -0.010115 0.027504 0.055196
v -0.006046 0.027205 0.056084
v -0.001950 0.025745 0.056779
v 0.000910 0.026669 0.056331
v 0.003883 0.024393 0.056663
v 0.008475 0.025125 0.055151
v 0.014758 0.076823 0.036656
v -0.076750 0.114601 -0.005769
v -0.073759 0.115817 -0.026162
v -0.084493 0.057992 -0.002664
v -0.078084 0.135338 -0.048716
v 0.004767 0.080984 0.035949
v 0.007357 0.079527 0.037084
v -0.018081 0.147431 -0.018818
v -0.045932 0.080687 0.027679
v -0.049648 0.082516 -0.011231
v 0.019603 0.067045 -0.016654
v 0.040622 0.023396 0.029744
v 0.042632 0.023281 0.028277
v 0.051668 0.022810 0.029360
v 0.035061 0.071342 0.026532
v -0.092670 0.079765 0.009902
v -0.078631 0.123464 -0.027235
v -0.023592 0.033145 0.049248
v -0.061709 0.063781 -0.018285
v -0.075670 0.073109 -0.005842
v -0.052346 0.025265 0.034922
v -0.050710 0.024284 0.034552
v -0.040631 0.027066 0.041719
v 0.015361 0.089441 0.012421
v -0.047081 0.094481 0.011747
v 0.045026 0.028237 0.025057
v 0.002704 0.029087 0.055825
v 0.006130 0.027993 0.055374
v 0.015152 0.079084 0.035417
v -0.038687 0.087567 -0.000899
v 0.002101 0.091832 0.015860
v -0.024155 0.078777 0.032327
v 0.009431 0.081599 0.035685
v -0.094504 0.082286 0.023129
v 0.041635 0.024794 0.028423
v 0.049362 0.025723 0.028329
v 0.038753 0.068254 0.003238
v -0.061511 0.117702 -0.028160
v 0.014713 0.088489 0.023239
v -0.012887 0.089795 0.015573
v -0.071417 0.073130 -0.008838
v -0.032722 0.047836 -0.025264
v -0.043965 0.112542 -0.006610
v -0.054504 0.049767 -0.022337
v -0.042506 0.049460 -0.022278
v -0.048297 0.025200 0.037070
v -0.044959 0.091133 0.009522
v -0.043922 0.027129 0.040563
v -0.035707 0.026735 0.041284
v -0.032249 0.029478 0.040265
v -0.028950 0.028363 0.039011
v -0.027091 0.026974 0.039337
v 0.037661 0.069726 0.020682
v -0.015138 0.028508 0.054681
v -0.012997 0.028258 0.053957
v 0.008986 0.027968 0.054967
v 0.021733 0.073106 0.036393
v -0.091933 0.102230 0.017489
v -0.056016 0.113806 0.026958
v -0.079303 0.115053 0.024719
v -0.026467 0.079338 0.030664
v -0.049902 0.104936 0.010739
v -0.069470 0.023986 0.022165
v -0.077889 0.117358 -0.017969
v -0.087442 0.070580 0.017674
v 0.044058 0.025895 0.026882
v 0.047593 0.026602 0.027568
v 0.053127 0.026262 0.027275
v 0.042440 0.059569 0.000251
v 0.044230 0.046152 0.024911
v -0.077396 0.117138 -0.013077
v -0.000444 0.091091 0.019824
v -0.042255 0.065036 -0.020645
v -0.060672 0.052982 -0.019142
v -0.060191 0.048031 -0.019979
v -0.062594 0.071169 -0.014829
v -0.004408 0.063208 -0.023330
v -0.041881 0.028761 0.041652
v -0.038025 0.028577 0.041732
v -0.034270 0.028806 0.041267
v -0.014696 0.087525 0.024164
v -0.066070 0.123989 -0.019161
v -0.017037 0.031725 0.054918
v -0.011225 0.029173 0.055044
v -0.005827 0.029015 0.056318
v -0.002402 0.029280 0.056788
v 0.001449 0.030146 0.056302
v 0.004972 0.029547 0.055673
v 0.038421 0.065033 -0.001638
v 0.006303 0.076707 0.038983
v -0.032959 0.138216 -0.007200
v -0.084053 0.061927 -0.002557
v -0.075640 0.116666 -0.004918
v -0.091805 0.088868 0.031268
v -0.069276 0.083174 0.053125
v 0.042419 0.026972 0.027415
v 0.043606 0.027109 0.026345
v -0.090667 0.094399 0.010983
v 0.016024 0.087347 0.025127
v -0.002558 0.084594 0.033306
v -0.010661 0.088815 0.024204
v -0.060251 0.081301 -0.008981
v -0.035772 0.048413 -0.024235
v -0.059574 -0.003996 0.045752
v -0.004585 0.051299 -0.035579
v -0.004073 0.048408 -0.036114
v -0.004588 0.066064 -0.022493
v -0.043278 0.030295 0.042002
v -0.036596 0.031760 0.042072
v -0.030730 0.033236 0.040209
v -0.027675 0.031584 0.040707
v 0.031564 0.078485 0.016458
v -0.028446 0.084774 0.018579
v -0.013619 0.031493 0.054682
v -0.008371 0.031944 0.057403
v -0.006215 0.031987 0.058062
v -0.003619 0.033135 0.058685
v 0.003394 0.033341 0.056240
v 0.006970 0.032206 0.056311
v 0.018270 0.075847 0.036508
v 0.012891 0.075717 0.037198
v -0.077852 0.061714 -0.009550
v -0.046181 0.078607 0.030007
v -0.088559 0.060562 0.020677
v -0.013803 0.078154 0.037549
v -0.053253 0.105926 0.022655
v -0.088984 0.062059 0.016147
v -0.066537 0.090026 -0.008953
v 0.051052 0.028156 0.026383
v 0.054189 0.028721 0.025187
v -0.088574 0.097517 0.009553
v 0.028038 0.064802 0.037900
v -0.089631 0.058561 0.016940
v -0.038252 0.064364 -0.020308
v -0.078511 0.075984 -0.004913
v -0.020048 0.064506 -0.022893
v -0.072883 0.075442 -0.007108
v -0.072476 0.066653 -0.011115
v -0.007267 0.065323 -0.022880
v -0.001807 0.050636 -0.035189
v -0.067795 0.093025 -0.008498
v -0.044093 0.031017 0.042166
v -0.039426 0.033500 0.042057
v -0.029172 0.033672 0.040474
v -0.059005 0.115886 0.016467
v 0.045178 0.030997 0.022553
v -0.055390 0.114777 0.015119
v -0.014767 0.032888 0.055274
v -0.012143 0.032057 0.055697
v 0.000241 0.032693 0.057507
v -0.003830 0.075582 0.040708
v -0.047096 0.125536 0.004377
v -0.072039 0.078346 0.053274
v -0.040702 0.078625 0.031073
v -0.039080 0.078538 0.031101
v -0.002932 0.089167 0.026612
v -0.092659 0.084750 0.035514
v 0.044875 0.029621 0.024165
v -0.009653 0.128476 -0.019223
v 0.049852 0.029896 0.024751
v -0.062960 0.127183 -0.042886
v -0.055154 0.117599 0.009433
v 0.005795 0.049109 -0.033300
v -0.049749 0.115735 -0.005739
v -0.075104 0.089016 -0.008096
v -0.076761 0.030370 0.023240
v -0.053862 0.029997 0.038529
v -0.044921 0.050273 -0.022090
v -0.010192 0.066521 -0.022679
v -0.053314 0.113012 -0.003196
v -0.047858 0.033202 0.041405
v -0.034007 0.035608 0.041712
v -0.069004 0.124967 -0.017329
v -0.016161 0.034559 0.055629
v -0.010737 0.033760 0.056532
v -0.007138 0.033629 0.058142
v -0.005070 0.033895 0.058653
v 0.005505 0.034246 0.056658
v -0.019494 0.078901 0.034868
v -0.017974 0.076135 0.037462
v -0.070603 0.133846 -0.053537
v -0.016436 0.077531 0.036640
v 0.014358 0.089617 0.018545
v -0.010502 0.077511 0.038679
v -0.093044 0.078139 0.024229
v -0.084215 0.067869 0.024609
v -0.094291 0.082036 0.015927
v 0.043388 0.058256 0.017393
v -0.094719 0.084657 0.019737
v -0.001093 0.060850 0.046547
v -0.075031 0.115350 0.027044
v -0.009882 0.137189 -0.029536
v -0.051387 0.047023 -0.021574
v -0.057932 0.033400 0.041146
v -0.051024 0.034193 0.042377
v -0.045972 0.034389 0.042065
v -0.043937 0.034923 0.042598
v -0.018618 0.036347 0.055330
v -0.013577 0.035363 0.056649
v -0.009735 0.035315 0.056992
v 0.000088 0.036203 0.058373
v 0.002477 0.035280 0.056436
v 0.008777 0.034843 0.056163
v -0.027658 0.077296 0.031982
v -0.069420 0.080215 0.053152
v -0.027641 0.115464 -0.003436
v -0.061033 0.128074 -0.059770
v -0.087067 0.102047 0.009285
v 0.042228 0.049787 -0.007733
v 0.011535 0.052625 0.052707
v -0.073620 0.103221 -0.007699
v 0.043728 0.059165 0.010673
v -0.071468 0.117149 -0.001247
v -0.054749 0.113752 0.022241
v 0.009332 0.087018 0.029770
v -0.034700 0.134374 -0.001514
v -0.009032 0.060304 0.047704
v -0.079212 0.030047 0.014522
v -0.062665 0.034578 0.040643
v -0.058912 0.035590 0.042334
v -0.056654 0.036682 0.043025
v -0.054235 0.035419 0.042143
v -0.047341 0.035223 0.042377
v -0.041741 0.038162 0.043235
v -0.040508 0.037263 0.043181
v -0.036103 0.036230 0.041965
v -0.029362 0.035970 0.041290
v -0.068431 0.116574 0.021447
v -0.038796 0.083080 0.027007
v -0.017208 0.037164 0.055953
v -0.011821 0.037083 0.057333
v -0.008017 0.036857 0.057603
v -0.004369 0.036667 0.058770
v 0.006305 0.036249 0.056484
v 0.008742 0.037367 0.055932
v -0.032032 0.076831 0.032127
v -0.034233 0.077943 0.031366
v -0.064507 0.134984 -0.051389
v 0.039900 0.050944 -0.010721
v -0.061655 -0.004383 0.043769
v -0.088616 0.058545 0.021870
v -0.085534 0.098693 0.001801
v -0.074937 0.123160 -0.034607
v -0.094105 0.086587 0.017374
v -0.049300 0.101167 0.011229
v -0.048343 0.127632 -0.001969
v -0.062579 0.037542 0.041844
v -0.052840 0.038425 0.043392
v -0.049876 0.037520 0.043766
v -0.037652 0.039014 0.042673
v -0.031237 0.037430 0.041028
v -0.030816 0.039077 0.041410
v -0.073619 0.126242 -0.019574
v -0.032683 0.137392 -0.004772
v -0.014354 0.037803 0.056623
v -0.009518 0.039080 0.058103
v -0.001425 0.037924 0.058491
v 0.004424 0.038359 0.056002
v 0.037821 0.068524 0.000742
v 0.038220 0.064499 0.027796
v -0.083334 0.071959 0.001398
v -0.077948 0.083956 0.052098
v 0.002082 0.084232 0.033555
v -0.083575 0.071110 0.031999
v -0.069489 0.116538 -0.051251
v -0.070330 0.116267 0.024662
v -0.086065 0.054788 0.000775
v -0.061762 0.120945 -0.036087
v -0.037716 0.134575 -0.010018
v -0.086609 0.072463 0.024811
v 0.025492 0.082078 0.025224
v -0.074213 0.116296 0.020438
v -0.012488 0.058562 0.049734
v -0.058624 0.038442 0.043316
v -0.045414 0.038920 0.042303
v -0.044635 0.039241 0.042177
v -0.034589 0.037831 0.041662
v -0.092368 0.092186 0.017150
v -0.018600 0.041141 0.057478
v -0.016951 0.041184 0.057539
v -0.015344 0.041170 0.057088
v -0.006274 0.039735 0.057659
v -0.000137 0.040861 0.057405
v 0.002499 0.040346 0.056793
v 0.004217 0.039518 0.055998
v 0.036659 0.071786 0.004091
v -0.046001 0.081852 0.026731
v -0.049607 0.099215 0.016517
v -0.074162 0.138501 -0.053897
v -0.065159 0.116354 0.023145
v -0.093149 0.076417 0.018878
v -0.056031 0.114963 0.018219
v -0.026476 0.049422 -0.034568
v -0.060642 0.041093 0.043207
v -0.056394 0.039878 0.044380
v -0.054327 0.041355 0.045093
v -0.048337 0.038473 0.043911
v -0.046469 0.041812 0.043588
v -0.038759 0.039802 0.042984
v -0.036132 0.039864 0.042738
v -0.033022 0.041460 0.041628
v -0.029525 0.040692 0.043715
v -0.031444 0.137541 -0.004253
v -0.010328 0.041699 0.058058
v -0.003130 0.041469 0.057528
v 0.008651 0.041247 0.055133
v 0.044638 0.050429 -0.000934
v -0.043847 0.085768 0.020553
v -0.041893 0.086916 0.018399
v -0.081538 0.067947 -0.002612
v -0.080924 0.075893 -0.003194
v -0.067020 0.039909 0.041683
v -0.063578 0.041924 0.043850
v -0.059521 0.041107 0.043339
v -0.051658 0.040544 0.044049
v -0.041812 0.040976 0.042425
v -0.031538 0.042924 0.041702
v -0.087922 0.112166 0.022397
v -0.025244 0.082708 -0.005859
v -0.014616 0.042631 0.057041
v -0.008488 0.044581 0.057577
v -0.006156 0.043820 0.056881
v 0.005030 0.043778 0.056977
v -0.076843 0.068227 -0.007446
v -0.014765 0.122547 -0.009942
v -0.093254 0.081655 0.037516
v -0.077622 0.073056 0.047433
v -0.076680 0.108630 -0.007929
v -0.036810 0.086217 -0.003705
v -0.074040 0.120461 -0.032355
v -0.065323 0.043414 0.043993
v -0.058494 0.044530 0.043874
v -0.055679 0.042572 0.045044
v -0.051955 0.043367 0.044808
v -0.050680 0.042090 0.044214
v -0.044238 0.041795 0.042361
v -0.042447 0.042258 0.042076
v -0.041369 0.042950 0.042631
v -0.038817 0.042283 0.043655
v -0.036582 0.042639 0.043682
v -0.085918 0.065397 0.004620
v -0.090093 0.075742 0.028697
v -0.086575 0.058955 0.002379
v -0.019638 0.043594 0.057237
v -0.017604 0.044164 0.057655
v -0.004087 0.045460 0.057346
v -0.002224 0.044363 0.057550
v 0.001918 0.044409 0.057526
v -0.047929 0.115118 0.009710
v -0.080261 0.100154 -0.003537
v -0.081964 0.102558 0.000462
v -0.008730 0.129861 -0.023254
v 0.008897 0.084238 -0.009010
v 0.044297 0.057647 0.007095
v -0.042775 0.073076 0.035463
v -0.039124 0.128454 0.002647
v -0.062657 0.116258 0.021416
v -0.037085 0.087098 0.018029
v -0.062095 0.113565 0.032938
v -0.071650 0.115990 0.002598
v -0.003457 0.061402 0.044018
v -0.053540 0.046378 0.045449
v -0.046491 0.044601 0.044627
v -0.044312 0.044768 0.043415
v -0.039861 0.044928 0.043495
v -0.033049 0.044115 0.041829
v -0.030476 0.045924 0.043178
v -0.015486 0.045606 0.056863
v -0.012489 0.045550 0.057309
v -0.009825 0.045967 0.057366
v -0.083591 0.056413 -0.004404
v -0.080039 0.112663 0.031556
v -0.078529 0.078083 0.050874
v -0.061962 0.045250 0.044428
v -0.057159 0.045614 0.044403
v -0.050601 0.045120 0.045433
v -0.037464 0.046432 0.043934
v -0.036005 0.044657 0.043643
v -0.034021 0.046121 0.042504
v -0.029434 0.045843 0.044530
v -0.065548 0.137323 -0.060687
v -0.093173 0.088133 0.013102
v -0.018939 0.045869 0.056995
v 0.000820 0.045968 0.057349
v 0.004483 0.046849 0.057015
v 0.008547 0.045232 0.055998
v 0.032298 0.076135 0.024686
v -0.075924 0.077974 0.052471
v 0.018993 0.043636 0.051006
v 0.027325 0.076165 -0.006571
v -0.081642 0.081829 0.049290
v -0.024445 0.141999 -0.009611
v -0.070415 0.117320 -0.001958
v -0.067300 0.048079 0.044011
v -0.063879 0.047811 0.045027
v -0.058729 0.047208 0.044682
v -0.055573 0.048639 0.044812
v -0.049803 0.046629 0.045668
v -0.047921 0.047365 0.045314
v -0.042634 0.045819 0.042781
v -0.041431 0.047575 0.042567
v -0.035541 0.046606 0.043028
v -0.032028 0.045967 0.042316
v -0.008202 0.090172 0.005331
v -0.017090 0.048041 0.056533
v -0.011446 0.048201 0.056563
v -0.008662 0.049901 0.057125
v -0.005985 0.048576 0.057072
v -0.001011 0.047804 0.056763
v -0.028810 0.140410 -0.007047
v 0.028872 0.080146 0.023698
v 0.017281 0.047262 0.050255
v 0.018231 0.048640 0.049126
v 0.020434 0.047247 0.049361
v -0.072896 0.041441 0.039094
v -0.010692 0.085449 -0.007175
v -0.029372 0.049691 -0.030116
v -0.031469 0.135927 -0.003410
v -0.085884 0.052629 0.001662
v 0.023101 0.081661 0.029453
v -0.087487 0.070663 0.012033
v -0.061485 0.048731 0.045451
v -0.057627 0.048529 0.044459
v -0.050796 0.048397 0.045485
v -0.045365 0.048243 0.044060
v -0.043200 0.049035 0.042529
v -0.038304 0.049377 0.043557
v -0.034022 0.047395 0.042823
v -0.031768 0.047880 0.043716
v -0.030011 0.048052 0.044019
v 0.005823 0.091589 0.006875
v -0.018744 0.050115 0.055394
v -0.002644 0.052057 0.056131
v 0.001858 0.049534 0.056084
v 0.007743 0.049055 0.055388
v 0.010499 0.076117 0.037895
v 0.039061 0.055861 -0.008077
v -0.061599 0.115024 -0.022949
v -0.066869 0.116224 0.013060
v -0.030280 0.069852 -0.018526
v -0.070050 0.050105 0.041985
v -0.063820 0.049961 0.045118
v -0.059272 0.050040 0.045119
v -0.053269 0.050267 0.044804
v -0.048714 0.049118 0.045134
v -0.041787 0.050881 0.042562
v -0.036049 0.049917 0.043409
v -0.033973 0.050777 0.044482
v -0.029740 0.050524 0.044023
v -0.028348 0.048823 0.045811
v -0.015403 0.051674 0.056011
v -0.013772 0.050091 0.056810
v -0.011231 0.051463 0.056347
v -0.005919 0.051840 0.056653
v 0.005003 0.050816 0.055087
v 0.012075 0.050442 0.053622
v 0.000393 0.050629 -0.034307
v 0.020605 0.050117 0.048389
v 0.044548 0.055975 0.005007
v -0.092492 0.076980 0.035432
v -0.067967 0.116346 -0.002874
v -0.072823 0.049768 0.041254
v -0.071589 0.053635 0.041765
v -0.087244 0.096863 0.003927
v -0.066534 0.051059 0.043888
v -0.060433 0.052690 0.045292
v -0.055873 0.050326 0.045219
v -0.048164 0.052119 0.043935
v -0.045901 0.051153 0.043267
v -0.040412 0.054162 0.042406
v -0.038133 0.051512 0.043542
v -0.028141 0.051051 0.044839
v -0.012504 0.052345 0.056264
v 0.007116 0.051165 0.054315
v 0.022255 0.051972 0.048009
v -0.001727 0.079707 -0.013649
v -0.066017 0.124947 -0.058752
v 0.035717 0.065625 -0.008260
v -0.009458 0.138649 -0.028482
v -0.010560 0.125339 -0.017124
v -0.070868 0.116538 0.020316
v -0.066214 0.114628 -0.002169
v -0.067800 0.053062 0.042492
v -0.064372 0.053923 0.043795
v -0.055879 0.052085 0.045365
v -0.052392 0.051990 0.044125
v -0.049910 0.051980 0.044260
v -0.044362 0.052586 0.043053
v -0.035758 0.052676 0.044427
v -0.029821 0.052782 0.044144
v -0.015906 0.053155 0.055185
v -0.007028 0.053500 0.055965
v -0.000295 0.053897 0.055291
v 0.002695 0.054380 0.054668
v -0.089773 0.098663 0.032799
v 0.018520 0.051822 0.047837
v -0.066650 0.104668 0.041684
v -0.004753 0.083848 0.034473
v -0.054695 0.119919 0.006864
v -0.089182 0.054451 0.021527
v -0.075274 0.115017 0.002316
v -0.062131 0.054466 0.044615
v -0.057925 0.054718 0.044927
v -0.053947 0.055033 0.043863
v -0.052769 0.054942 0.043798
v -0.050104 0.055782 0.044604
v -0.045799 0.055093 0.043383
v -0.041754 0.054676 0.042176
v -0.036992 0.054069 0.044014
v -0.032910 0.054297 0.044491
v -0.031860 0.056243 0.044776
v -0.027662 0.053451 0.044718
v -0.026339 0.053091 0.045445
v -0.013632 0.054168 0.054609
v -0.011683 0.054226 0.055355
v 0.008703 0.054872 0.051767
v -0.062080 0.135715 -0.056986
v -0.009057 0.128486 -0.021127
v -0.030260 0.135769 -0.004398
v -0.059132 0.108036 0.035453
v 0.011069 0.084788 0.032051
v -0.047108 0.067079 -0.019312
v -0.070030 0.055341 0.042200
v -0.049292 0.054629 0.044806
v -0.029335 0.055268 0.045170
v -0.027879 0.055030 0.045165
v -0.026506 0.054830 0.044662
v -0.065766 0.114827 0.003484
v -0.032137 0.086085 0.017325
v -0.015348 0.055850 0.052942
v -0.012155 0.057765 0.051084
v -0.010034 0.056316 0.053829
v -0.006778 0.055935 0.054397
v -0.000167 0.056456 0.053862
v 0.005327 0.056551 0.052200
v 0.013830 0.056468 0.048959
v 0.017162 0.055208 0.047949
v 0.018953 0.056229 0.047245
v 0.023618 0.055660 0.046444
v -0.086786 0.067676 0.014159
v -0.086744 0.095381 0.002276
v -0.066046 0.057763 0.041998
v -0.063990 0.057392 0.042546
v -0.057410 0.057967 0.043045
v -0.048461 0.056661 0.044354
v -0.041652 0.058205 0.042053
v -0.033943 0.056556 0.044206
v -0.025864 0.055979 0.043715
v 0.002794 0.058685 0.050393
v -0.089596 0.094691 0.029576
v 0.009044 0.056697 0.050080
v -0.091104 0.073828 0.019665
v -0.039805 0.085131 -0.007908
v 0.041838 0.063250 0.003719
v -0.046048 0.052586 -0.021711
v -0.067089 0.116496 0.018256
v -0.021020 0.084187 0.024775
v -0.071108 0.058574 0.040781
v -0.060137 0.057660 0.043189
v -0.054374 0.057344 0.043289
v -0.052635 0.059460 0.042709
v -0.050885 0.058781 0.043570
v -0.046447 0.059876 0.042399
v -0.044695 0.057756 0.042869
v -0.039737 0.057508 0.042046
v -0.036346 0.059483 0.042555
v -0.027598 0.059413 0.043572
v -0.053778 0.114262 0.013452
v -0.049415 0.102451 0.009351
v -0.008180 0.058935 0.050967
v -0.062199 0.113749 -0.029906
v -0.062425 0.122040 -0.044328
v 0.005155 0.057961 0.050699
v 0.006295 0.059138 0.048252
v 0.009023 0.058825 0.048424
v 0.012194 0.058458 0.048393
v 0.020756 0.057605 0.046782
v -0.031610 0.079909 0.028721
v -0.070903 0.121170 -0.045031
v -0.052636 0.120130 0.007601
v 0.037961 0.063107 -0.006242
v -0.075196 0.115745 -0.001181
v 0.002378 0.090334 0.024159
v -0.063810 0.115372 0.027518
v -0.079737 0.112962 0.003179
v -0.043291 0.089659 0.008627
v -0.078557 0.115859 0.018206
v -0.074512 0.111456 -0.029984
v -0.066988 0.060913 0.041244
v -0.063022 0.059086 0.042359
v -0.061416 0.059100 0.042742
v -0.035113 0.059619 0.042592
v -0.031877 0.059473 0.043900
v -0.029056 0.059951 0.043242
v -0.025679 0.059800 0.044380
v -0.022992 0.059190 0.044699
v -0.021293 0.057956 0.044719
v -0.085213 0.072136 0.028549
v -0.064223 0.128969 -0.060728
v -0.078206 0.120862 -0.022606
v -0.010587 0.125771 -0.020097
v -0.062111 0.117720 -0.018962
v -0.009421 0.132494 -0.027562
v -0.051130 0.106907 0.013868
v 0.015853 0.061693 0.046806
v 0.020937 0.060086 0.045884
v -0.058037 0.024467 0.032165
v -0.050651 0.053808 -0.021667
v -0.034133 0.084616 -0.004156
v -0.064619 0.061101 0.042112
v -0.057684 0.061070 0.042911
v -0.055624 0.061088 0.042920
v -0.053730 0.061916 0.042019
v -0.049093 0.060807 0.042769
v -0.043728 0.061682 0.042049
v -0.040811 0.061250 0.041065
v -0.038002 0.061312 0.041295
v -0.019486 0.058843 0.044578
v -0.017319 0.059760 0.043949
v -0.014298 0.060167 0.044565
v -0.011172 0.060653 0.045050
v -0.071423 0.038210 0.038421
v -0.090076 0.078625 0.004408
v 0.002955 0.060395 0.046391
v 0.004399 0.061325 0.045356
v 0.006272 0.060516 0.046898
v 0.007542 0.062030 0.046453
v 0.012037 0.061576 0.047715
v -0.076130 0.110059 -0.010221
v -0.025123 0.131217 -0.019441
v -0.083788 0.114270 0.020711
v -0.071664 0.063040 0.038374
v -0.060870 0.061522 0.042330
v -0.048221 0.062825 0.041154
v -0.031488 0.062842 0.042087
v -0.029146 0.063730 0.041855
v -0.026825 0.061656 0.043407
v -0.021874 0.062335 0.044019
v -0.020247 0.063098 0.043343
v -0.017303 0.063544 0.043520
v -0.015859 0.064105 0.042883
v -0.011222 0.061486 0.044112
v -0.007774 0.062136 0.043816
v -0.000387 0.061690 0.044462
v 0.002139 0.061791 0.044381
v -0.061417 0.117476 -0.026291
v 0.015652 0.080442 0.034242
v -0.037732 0.081556 0.028870
v 0.043763 0.054658 0.022596
v -0.045827 0.121726 0.006591
v -0.074193 0.062312 0.037282
v -0.065663 0.062344 0.041368
v -0.062445 0.064542 0.040957
v -0.057512 0.064431 0.041620
v -0.051552 0.063463 0.040956
v -0.044220 0.064709 0.041499
v -0.039988 0.063805 0.039981
v -0.034258 0.065385 0.039665
v -0.025001 0.064368 0.042692
v -0.011815 0.064173 0.043486
v -0.004709 0.062683 0.043842
v -0.090965 0.099052 0.018709
v 0.000106 0.063157 0.044164
v 0.003465 0.064487 0.042832
v 0.004613 0.063576 0.043656
v 0.011477 0.063423 0.046288
v 0.014405 0.063379 0.046065
v 0.017697 0.064274 0.044551
v -0.062373 0.115164 -0.014720
v -0.069926 0.109123 0.040067
v -0.053698 0.066909 0.039994
v -0.050460 0.065859 0.039666
v -0.049207 0.064598 0.040202
v -0.045904 0.065408 0.041059
v -0.042914 0.066633 0.040432
v -0.038399 0.065619 0.038653
v -0.026978 0.065037 0.041443
v -0.021650 0.066698 0.042130
v -0.013730 0.065080 0.043415
v -0.008604 0.065096 0.043710
v -0.007250 0.066841 0.044085
v -0.001953 0.065633 0.044182
v -0.089151 0.080541 0.002495
v -0.051096 0.099826 0.001725
v -0.077103 0.112474 0.034051
v -0.069385 0.045806 -0.017284
v -0.072685 0.066359 0.037327
v -0.070311 0.066773 0.037364
v -0.067610 0.066126 0.038655
v -0.059231 0.068135 0.039045
v -0.047797 0.067023 0.039965
v -0.031877 0.068866 0.038484
v -0.025143 0.069246 0.039879
v -0.016760 0.066738 0.042159
v -0.014438 0.068169 0.042814
v -0.010843 0.068625 0.042988
v -0.009176 0.068521 0.043407
v -0.004731 0.067114 0.043979
v 0.003861 0.065942 0.042262
v 0.007283 0.065935 0.041958
v 0.008924 0.067097 0.041353
v 0.011085 0.066087 0.043446
v 0.020816 0.064899 0.042649
v 0.023139 0.065653 0.039781
v -0.089565 0.095921 0.031983
v -0.056408 0.074056 0.035735
v -0.065114 0.125110 -0.059608
v -0.042810 0.067127 -0.020215
v -0.064969 0.067495 0.038782
v -0.060593 0.071115 0.036972
v -0.054663 0.068430 0.039165
v -0.048230 0.069327 0.038825
v -0.040399 0.069877 0.037441
v -0.035061 0.068325 0.037986
v -0.018556 0.068588 0.041681
v 0.000254 0.068855 0.042890
v 0.006052 0.067412 0.041443
v 0.020062 0.068023 0.039977
v 0.024445 0.068103 0.038792
v -0.054962 0.073317 0.035550
v -0.057959 0.094045 -0.005958
v -0.039850 0.114315 -0.008560
v 0.015457 0.066903 -0.018231
v -0.070542 0.068446 0.037254
v -0.068099 0.069135 0.037609
v -0.066373 0.069159 0.037891
v -0.052311 0.069489 0.038186
v -0.037627 0.070387 0.036642
v -0.028334 0.068821 0.038917
v -0.017423 0.070817 0.040826
v -0.007312 0.069950 0.043167
v -0.002822 0.069878 0.043046
v 0.007134 0.068608 0.041137
v 0.009085 0.069332 0.040151
v 0.011628 0.068913 0.040179
v 0.014325 0.068653 0.040871
v 0.017924 0.068678 0.040020
v -0.053028 0.073711 0.035196
v -0.049866 0.072932 0.035579
v -0.002997 0.067200 -0.022281
v -0.065489 0.096387 -0.008047
v -0.034960 0.127751 -0.014986
v -0.066221 0.085656 -0.008897
v 0.010221 0.066043 -0.020187
v -0.006580 0.068838 -0.022657
v -0.034926 0.121542 -0.013747
v -0.066578 0.077632 -0.009024
v -0.070896 0.069431 0.037931
v -0.064315 0.071031 0.037477
v -0.055236 0.071495 0.036586
v -0.049098 0.070879 0.037515
v -0.042680 0.070076 0.038053
v -0.035921 0.070375 0.036687
v -0.009769 0.071052 0.042475
v 0.001395 0.071873 0.042407
v 0.003111 0.070217 0.042420
v -0.082356 0.069853 -0.000043
v 0.019020 0.070549 0.038823
v -0.075866 0.119885 -0.010868
v 0.013647 0.083805 0.032363
v -0.044445 0.086838 0.019977
v -0.029057 0.054855 -0.024525
v -0.043074 0.052103 -0.022767
v -0.049296 0.110561 -0.004074
v -0.053887 0.109571 -0.002440
v -0.070659 0.088726 -0.009169
v -0.085446 0.080791 -0.002694
v -0.062375 0.070715 0.037323
v -0.033015 0.072526 0.035365
v -0.089070 0.096424 0.026257
v 0.007592 0.067665 -0.020181
v -0.033902 0.131919 -0.001292
v -0.070403 0.086838 0.052246
v -0.082433 0.086669 0.051839
v -0.060680 0.073327 0.036251
v -0.057370 0.072733 0.035969
v -0.045094 0.056262 -0.021924
v -0.048732 0.055951 -0.022163
v -0.052430 0.056553 -0.022223
v -0.053552 0.054725 -0.021798
v 0.025483 0.077741 0.031092
v -0.080550 0.095957 -0.003585
v -0.042772 0.055858 -0.022463
v -0.060385 0.092013 -0.007449
v 0.006271 0.064106 -0.021298
v -0.056106 0.046276 -0.021378
v -0.019349 0.124931 -0.017444
v -0.061824 0.077699 0.041049
v 0.027830 0.076539 0.030705
v -0.031167 0.054256 -0.024132
v -0.081750 0.081101 -0.004454
v -0.018208 0.131122 -0.021762
v -0.055993 0.109647 -0.001880
v 0.014937 -0.002346 0.044099
v 0.016778 -0.002886 0.043179
v -0.087863 0.063246 0.008738
v -0.073367 0.134062 -0.050495
v -0.066117 0.073639 -0.011456
v -0.049119 -0.004890 0.044491
v 0.030460 0.073555 0.031141
v -0.022732 -0.002829 0.054134
v -0.019591 -0.002217 0.053286
v -0.015354 -0.003327 0.051427
v -0.011840 -0.003416 0.050373
v -0.009059 -0.001253 0.049335
v -0.006801 -0.002932 0.048985
v -0.002487 -0.001487 0.047381
v -0.063532 0.079887 0.046749
v -0.058271 0.093759 0.036573
v 0.004815 -0.001824 0.045785
v 0.010572 -0.000307 0.044997
v 0.018431 0.001948 0.043611
v -0.052697 0.086044 0.035414
v -0.018079 0.141908 -0.018065
v -0.023225 0.141737 -0.010907
v -0.059875 0.055280 -0.019471
v -0.049764 0.111609 0.011505
v -0.079137 0.088390 -0.005982
v -0.077319 0.069990 0.043728
v -0.066175 0.079567 -0.008834
v -0.057820 0.056350 -0.021027
v -0.048076 0.081096 0.028880
v -0.014373 0.142778 -0.022356
v -0.056560 0.086179 0.039445
v -0.051040 -0.003956 0.046161
v -0.048801 -0.003527 0.045970
v -0.044146 -0.003694 0.044444
v -0.043790 0.089910 0.012445
v -0.002484 0.056533 -0.031234
v -0.022233 -0.000451 0.053976
v -0.017020 0.001814 0.052246
v -0.003205 0.000648 0.047698
v 0.016819 0.003268 0.044263
v 0.021787 0.001066 0.041220
v 0.023960 0.000339 0.037752
v 0.029603 0.057709 0.041532
v -0.087562 0.098050 0.006316
v -0.076897 0.087430 -0.007724
v -0.029926 0.114138 -0.004201
v -0.062618 0.127207 -0.060827
v 0.029611 0.069545 0.034879
v -0.075360 0.111583 -0.012028
v -0.055280 0.101412 0.029645
v -0.058510 0.102727 0.032829
v -0.066582 0.091214 0.045820
v -0.055719 -0.003755 0.046699
v -0.053697 -0.000971 0.047228
v -0.050572 -0.002141 0.046396
v -0.045670 -0.001477 0.044830
v -0.043210 -0.001765 0.044072
v -0.026245 0.001670 0.053938
v -0.008822 0.002379 0.049382
v -0.050165 0.083785 0.032782
v -0.017434 0.130494 -0.015544
v -0.056767 0.104727 0.031945
v 0.020138 0.078936 0.034301
v 0.037817 0.046448 -0.015314
v 0.012826 0.002564 0.044834
v 0.024184 0.002504 0.039253
v 0.029353 0.000850 0.029170
v -0.020304 0.119776 -0.004794
v -0.039303 0.053174 -0.023338
v -0.063346 0.053391 -0.018835
v -0.068008 0.056591 -0.016343
v -0.067940 0.052350 -0.016658
v -0.030490 0.127760 -0.016773
v -0.029169 0.118301 0.000801
v -0.042564 0.109612 0.005223
v -0.023120 0.133327 -0.013278
v -0.013577 0.136287 -0.020719
v -0.032771 0.125273 -0.004534
v -0.037404 0.126513 0.001018
v 0.001210 0.059775 0.049168
v -0.022544 0.002482 0.054008
v -0.039358 0.111980 0.003698
v -0.056413 0.083593 0.039878
v -0.053053 0.082554 0.036451
v -0.026651 0.137538 -0.008367
v 0.019678 0.004549 0.042856
v 0.023908 0.003854 0.040049
v 0.026533 0.004980 0.037157
v 0.026357 0.003568 0.036448
v 0.029392 0.004617 0.032606
v -0.065058 0.072485 0.038754
v -0.032984 0.125930 -0.015637
v -0.034763 0.052943 -0.023949
v -0.052851 0.051016 -0.022238
v -0.017817 0.135076 -0.017210
v -0.049513 0.080883 0.032340
v -0.058370 0.110486 0.034078
v -0.050740 0.001515 0.045763
v -0.028565 0.126014 -0.007252
v -0.019765 0.135942 -0.015997
v -0.043254 0.116767 0.005840
v -0.017475 0.003251 0.052294
v -0.048000 0.090407 0.027244
v -0.046839 0.090306 0.024415
v 0.025668 0.053453 0.045980
v -0.051332 0.111510 0.013195
v -0.026833 0.129290 -0.009871
v -0.031677 0.129920 -0.005902
v -0.018068 0.146279 -0.017633
v -0.027134 0.134026 -0.009819
v -0.028018 0.131847 -0.009328
v 0.013863 0.005613 0.043925
v 0.016254 0.006301 0.043443
v 0.025874 0.006640 0.038219
v 0.031330 0.006215 0.031432
v -0.051748 0.089959 0.033147
v 0.026929 0.058543 0.042368
v -0.063949 0.064271 -0.017136
v -0.082993 0.036421 0.016992
v -0.065025 0.052970 -0.018432
v 0.034411 0.054294 0.039093
v -0.065296 0.087164 0.047743
v -0.066987 0.083958 0.051402
v -0.045500 0.115213 0.007829
v -0.011613 0.141155 -0.025568
v -0.056938 0.079890 0.039187
v -0.056048 0.108622 0.029718
v -0.055898 0.112164 0.029601
v -0.035726 0.125488 -0.002397
v -0.040679 0.116623 0.006058
v -0.042238 0.113633 0.006602
v -0.090989 0.073109 0.014069
v -0.060654 0.077951 0.040056
v -0.042727 0.115273 0.006949
v -0.050339 0.098117 0.002581
v -0.022247 0.130635 -0.013050
v -0.016627 0.144874 -0.019598
v -0.055140 0.075625 0.035277
v -0.054159 0.084103 0.037610
v 0.011310 0.006074 0.045027
v 0.013108 0.006190 0.044210
v 0.018382 0.007690 0.042298
v 0.021755 0.007988 0.040684
v 0.032076 0.009789 0.033510
v -0.060929 0.083433 0.042404
v 0.048503 0.007823 0.026768
v -0.018673 0.128208 -0.013416
v -0.062845 0.100029 0.036951
v -0.023708 0.127721 -0.010795
v -0.058782 0.082470 0.040952
v -0.009515 0.133695 -0.023655
v -0.062102 0.120020 -0.038262
v -0.064156 0.105366 0.038802
v -0.045079 0.113452 0.008334
v -0.012459 0.123832 -0.013096
v -0.013200 0.129801 -0.017172
v 0.037300 0.061592 0.030734
v 0.032471 0.064955 0.034547
v 0.015002 0.007584 0.044176
v 0.029691 0.009359 0.036188
v -0.062177 0.087394 0.042488
v 0.034813 0.064518 0.032037
v 0.046631 0.009511 0.029945
v 0.056096 0.010816 0.020531
v 0.039074 0.055742 0.031998
v -0.057579 0.107978 0.032134
v -0.025495 0.132248 -0.011446
v 0.015012 0.053386 0.050723
v 0.034801 0.067485 0.030090
v -0.061871 0.093207 0.038630
v -0.057951 0.098318 0.032909
v -0.046570 0.117466 0.008258
v -0.015214 0.124060 -0.010664
v -0.049829 0.087254 0.032144
v -0.053929 0.103493 0.027011
v -0.038619 0.116610 0.005281
v -0.069635 0.072493 0.047099
v -0.019200 0.121321 -0.005389
v -0.042680 0.118464 0.004545
v -0.019826 0.142006 -0.015657
v 0.011963 0.008770 0.047249
v 0.016442 0.010939 0.045770
v 0.017907 0.009115 0.043313
v 0.020220 0.009258 0.041670
v 0.023978 0.009215 0.039464
v 0.027412 0.011346 0.038283
v -0.060444 0.087850 0.040944
v 0.045097 0.010734 0.031799
v -0.019628 0.118520 -0.007837
v -0.056051 0.092615 0.035671
v -0.017278 0.139505 -0.018638
v 0.041293 0.064146 0.014369
v 0.030869 0.052753 0.042488
v 0.043420 0.049870 -0.003825
v -0.056735 0.089346 0.038019
v -0.044812 0.116957 0.006462
v -0.027146 0.123998 -0.006048
v -0.037432 0.124024 -0.000641
v -0.035341 0.118222 0.003855
v -0.038648 0.119736 0.001909
v -0.027835 0.119751 0.000395
v -0.037326 0.121116 0.000506
v -0.049756 0.099476 0.004932
v -0.029873 0.122586 -0.003509
v 0.023427 0.011712 0.041419
v 0.024783 0.011121 0.039584
v 0.033845 0.012395 0.033480
v -0.064410 0.084519 0.047931
v 0.023695 0.075152 0.034336
v 0.050688 0.011163 0.027388
v -0.066098 0.075123 0.047364
v -0.078731 0.068614 0.035346
v -0.060818 0.076173 0.038404
v -0.048794 0.109103 0.010760
v -0.064617 0.134156 -0.061143
v -0.017779 0.119799 -0.007625
v -0.030288 0.130277 -0.007424
v -0.068352 0.091178 0.048100
v 0.034347 0.057376 0.037473
v 0.033147 0.051134 0.041518
v -0.067939 0.101691 0.044295
v -0.023191 0.137873 -0.012985
v -0.068828 0.074325 0.049889
v -0.038915 0.122662 0.000746
v -0.068069 0.098849 0.045369
v -0.036490 0.122477 -0.000930
v -0.013356 0.139964 -0.022586
v -0.040362 0.109762 0.003018
v -0.089762 0.099647 0.025224
v -0.034992 0.124007 -0.002541
v 0.016569 0.053492 -0.024797
v 0.014113 0.011406 0.047633
v 0.019934 0.012593 0.046003
v 0.027248 0.014121 0.040350
v 0.035456 0.013180 0.032202
v -0.065165 0.099051 0.041069
v -0.055872 0.078370 0.037783
v 0.046734 0.012723 0.031617
v 0.049829 0.014859 0.030082
v 0.052778 0.013284 0.027270
v 0.057210 0.013907 0.022218
v -0.049225 0.103135 0.004525
v -0.042528 0.107995 0.003028
v -0.046890 0.083287 0.027322
v -0.027857 0.116052 -0.002075
v -0.086744 0.065199 0.007389
v -0.071169 0.092573 0.050049
v -0.019575 0.139436 -0.016420
v -0.022498 0.121196 -0.003473
v -0.067195 0.079661 0.052050
v -0.018275 0.119379 -0.010094
v -0.089447 0.055282 0.014514
v -0.043586 0.130507 -0.007182
v 0.015050 0.014123 0.048417
v 0.019553 0.014967 0.047735
v 0.021583 0.014048 0.045579
v 0.024794 0.013891 0.041743
v 0.029161 0.015131 0.039686
v 0.035968 0.016467 0.033701
v 0.024402 0.058194 0.044882
v 0.045577 0.045502 0.004636
v 0.054447 0.015579 0.026940
v -0.031002 0.121251 -0.001729
v -0.092327 0.080261 0.028059
v -0.012264 0.126035 -0.014403
v -0.014167 0.125504 -0.012613
v -0.032849 0.123192 -0.003165
v -0.010949 0.132268 -0.020593
v -0.045509 0.086123 0.023896
v -0.090445 0.098942 0.015820
v -0.031099 0.134024 -0.004026
v 0.016188 0.016742 0.048913
v 0.024493 0.017081 0.043949
v 0.032768 0.017093 0.038301
v 0.045426 0.046117 0.018329
v 0.028236 0.073935 0.032973
v 0.052942 0.016592 0.028753
v 0.056322 0.015833 0.024314
v -0.038283 0.118043 0.004772
v -0.093275 0.090736 0.018785
v 0.045593 0.047997 0.013142
v -0.074651 0.026470 0.015502
v -0.029899 0.121304 -0.014352
v 0.033357 0.070733 0.029463
v -0.055057 0.106062 0.029780
v -0.064527 0.096072 0.040025
v -0.033240 0.127410 -0.004768
v -0.048277 0.088573 0.028970
v -0.075099 0.139390 -0.053230
v -0.051606 0.083327 0.034693
v -0.058450 0.106528 0.033236
v -0.062503 0.098180 0.035852
v 0.014849 0.017204 0.049710
v 0.019330 0.017176 0.048543
v 0.021412 0.017082 0.047296
v 0.026974 0.017851 0.042838
v 0.028660 0.017704 0.041197
v 0.037067 0.052682 0.036570
v -0.086189 0.076184 0.047426
v -0.047659 0.084735 0.029051
v -0.025514 0.118322 -0.001445
v -0.062439 0.082557 0.044597
v -0.062037 0.125293 -0.054202
v -0.050025 0.108791 0.012157
v -0.040383 0.120980 0.002222
v -0.050536 0.091745 0.030783
v -0.062231 0.103166 0.037444
v -0.062718 0.096453 0.036810
v -0.060230 0.097787 0.034360
v -0.056519 0.096635 0.032939
v 0.033341 0.020985 0.039580
v 0.036196 0.019830 0.036003
v -0.067261 0.095292 0.045119
v -0.066073 0.081968 0.051054
v -0.034673 0.113798 0.001143
v 0.053341 0.021153 0.028853
v 0.058375 0.019988 0.022886
v 0.035234 0.058795 0.035479
v 0.031964 0.060569 0.037549
v -0.052877 0.075624 0.034090
v -0.055073 0.097940 0.030657
v -0.064977 0.092570 0.042153
v 0.025686 0.071469 0.036088
v -0.036390 0.111607 0.000689
v 0.012985 0.020558 0.050791
v 0.017638 0.020562 0.049030
v 0.019780 0.019746 0.048639
v 0.021637 0.020878 0.047744
v 0.024458 0.020300 0.044988
v 0.027428 0.020766 0.043666
v 0.029840 0.020580 0.041150
v 0.039698 0.022003 0.030997
v 0.055939 0.021848 0.026681
v 0.059331 0.019790 0.020958
v 0.038733 0.053842 0.033490
v -0.059413 0.101143 0.033504
v -0.087294 0.054266 0.005230
v -0.034495 0.119522 0.002795
v -0.063799 0.102109 0.038746
v -0.092611 0.081954 0.028667
v -0.073056 0.114914 -0.031811
v 0.008133 0.021355 0.054527
v 0.039657 0.024652 0.032722
v -0.045679 0.107329 0.006434
v -0.056973 0.075624 0.036574
v -0.049688 0.084801 0.032049
v -0.054768 0.094577 0.033062
v -0.020679 0.126249 -0.010948
v -0.064886 0.090895 -0.008661
v -0.082883 0.068057 0.000379
v -0.061346 0.129066 -0.056586
v -0.045027 0.106702 0.005008
v -0.058012 0.077738 0.038695
v 0.045543 0.051016 0.004826
v 0.009942 0.023202 0.054429
v 0.011959 0.022142 0.051770
v 0.014922 0.021987 0.050513
v 0.017835 0.022393 0.049147
v 0.019594 0.023199 0.048180
v 0.024339 0.023337 0.045234
v 0.027347 0.023549 0.043934
v 0.057603 0.022799 0.024577
v 0.059208 0.024300 0.021615
v -0.063314 0.074163 0.039099
v -0.046054 0.108322 0.007715
v -0.063757 0.075011 0.041514
v -0.064680 0.080657 0.049336
v -0.053590 0.076989 0.034587
v -0.092593 0.083353 0.008711
v 0.011706 0.024040 0.052808
v 0.015049 0.024631 0.051650
v 0.022086 0.025760 0.046502
v 0.030134 0.027126 0.041834
v 0.030726 0.024026 0.041167
v 0.033765 0.024314 0.039749
v 0.036464 0.024713 0.037304
v -0.063665 0.095016 0.038788
v 0.055177 0.024327 0.026965
v -0.010804 0.127091 -0.016588
v -0.028951 0.051970 -0.026909
v -0.014320 0.133507 -0.018884
v -0.030542 0.119680 0.001496
v -0.060076 0.102640 0.035771
v -0.016711 0.121369 -0.007847
v -0.084609 0.052819 -0.004225
v -0.080945 0.064762 -0.005099
v 0.021042 0.027875 0.048377
v 0.020236 0.024591 0.047858
v 0.027661 0.068598 0.037313
v 0.057851 0.025806 0.023629
v -0.077665 0.055193 -0.011926
v -0.040897 0.119611 0.002901
v 0.010866 0.026749 0.053969
v 0.014015 0.026333 0.052912
v 0.016473 0.026523 0.050951
v 0.024423 0.027123 0.044851
v 0.032932 0.027186 0.040048
v 0.035529 0.026319 0.038452
v 0.056008 0.026977 0.025104
v 0.059454 0.027392 0.019862
v -0.017624 0.122627 -0.007620
v -0.031099 0.083426 -0.004210
v -0.066809 0.078268 0.051288
v 0.026942 0.028700 0.043392
v 0.038899 0.027669 0.034410
v 0.040914 0.027430 0.029755
v -0.069820 0.095920 0.047980
v 0.041057 0.046713 -0.010360
v -0.033443 0.118078 0.002919
v -0.066567 0.101658 0.042920
v -0.023255 0.122688 -0.005906
v -0.071773 0.097178 0.048774
v 0.010861 0.030080 0.054619
v 0.013972 0.029658 0.053027
v 0.017875 0.029348 0.050987
v 0.019777 0.030694 0.049933
v 0.025569 0.030083 0.044289
v 0.031454 0.029558 0.041036
v 0.033673 0.030460 0.039659
v 0.036011 0.030604 0.037408
v 0.034119 0.072312 -0.002649
v -0.041635 0.122338 0.004288
v 0.055487 0.029454 0.023681
v 0.058606 0.029180 0.019989
v 0.024196 0.063367 0.041844
v -0.051270 0.077116 0.032986
v -0.060236 0.105829 0.036699
v 0.044223 0.046287 -0.002849
v -0.063155 0.072780 0.037371
v -0.027416 0.138854 -0.006883
v -0.068916 0.069799 0.038139
v -0.063513 0.023058 0.025987
v -0.065231 0.078329 0.049318
v 0.011476 0.033764 0.054494
v 0.014632 0.032042 0.053232
v 0.021651 0.031816 0.049465
v 0.023372 0.031029 0.047638
v 0.026058 0.031648 0.044331
v 0.029110 0.030137 0.041836
v 0.032682 0.031145 0.040388
v 0.040789 0.031003 0.031142
v 0.043412 0.030282 0.026100
v -0.089560 0.053090 0.020264
v -0.092666 0.075286 0.014916
v 0.034728 0.043850 -0.018255
v -0.026820 0.121128 -0.001624
v -0.031381 0.136726 -0.014410
v -0.020874 0.144592 -0.013288
v 0.017190 0.032733 0.051455
v 0.030000 0.031679 0.041544
v 0.038537 0.034402 0.034658
v 0.040697 0.033939 0.031758
v 0.042309 0.054188 -0.003451
v 0.027264 0.064468 0.038682
v -0.016001 0.120337 -0.010403
v -0.011024 0.125716 -0.015562
v -0.026822 0.115530 -0.005169
v -0.081684 0.106096 0.000010
v -0.063444 0.077067 0.043991
v -0.052194 0.096234 0.028458
v 0.029486 0.033912 0.043260
v 0.032727 0.033733 0.040490
v 0.035750 0.034115 0.038575
v 0.045616 0.033493 0.020768
v -0.067575 0.021565 0.018315
v -0.027956 0.070811 -0.018351
v -0.061734 0.080408 0.042743
v -0.083677 0.040556 0.026089
v -0.078169 0.108472 -0.002783
v -0.030645 0.116298 0.000218
v -0.020661 0.118482 -0.006000
v 0.018506 0.077787 -0.012271
v 0.013758 0.036018 0.054395
v 0.015928 0.034725 0.052789
v 0.019935 0.034188 0.051257
v 0.022688 0.035129 0.049184
v 0.025157 0.035268 0.047269
v 0.026195 0.034194 0.044989
v 0.037378 0.036588 0.036848
v 0.042850 0.034977 0.027985
v 0.044874 0.037843 0.023671
v -0.088850 0.097986 0.026406
v -0.062973 0.106710 -0.013297
v -0.052684 0.107756 0.020520
v -0.036931 0.116651 0.004238
v -0.049354 0.106003 0.009937
v -0.048809 0.079218 0.031080
v -0.064486 0.093949 0.040449
v -0.067562 0.072916 0.045395
v -0.042409 0.081810 -0.012135
v 0.016408 0.036546 0.053387
v 0.026910 0.037629 0.046096
v 0.031882 0.036312 0.042520
v -0.052261 0.099773 0.023163
v -0.030722 0.127574 -0.006699
v -0.040844 0.115361 0.006258
v -0.055278 0.099410 0.030665
v -0.053040 0.098367 0.027527
v 0.011412 0.037140 0.054728
v 0.013464 0.037828 0.054557
v 0.017852 0.037821 0.053050
v 0.019940 0.039302 0.051521
v 0.024253 0.037559 0.048819
v 0.031561 0.038228 0.043052
v 0.035100 0.038205 0.039491
v 0.042619 0.038820 0.028123
v -0.015752 0.063593 -0.023188
v -0.089269 0.055438 0.017830
v -0.041451 0.118315 0.003943
v -0.078258 0.120774 -0.024590
v 0.011941 0.040703 0.054112
v 0.025004 0.040214 0.048601
v 0.038658 0.039616 0.035301
v 0.040921 0.041340 0.031937
v 0.043737 0.040458 0.026369
v 0.046015 0.038737 0.020172
v 0.030799 0.070597 0.032790
v -0.060416 0.099834 0.034087
v -0.093891 0.086054 0.024986
v -0.051347 0.109076 0.014768
v -0.075152 0.104821 -0.006798
v -0.061922 0.122133 -0.033890
v 0.014806 0.040117 0.053820
v 0.018062 0.040566 0.052685
v 0.027931 0.040075 0.045409
v 0.034499 0.040506 0.040470
v 0.046206 0.040531 0.014773
v -0.060580 0.080808 0.041588
v -0.055205 0.104040 0.030300
v -0.079734 0.030768 0.010445
v 0.020198 0.041717 0.051046
v 0.021981 0.043097 0.050230
v 0.026600 0.041958 0.046685
v 0.028753 0.042616 0.044347
v 0.032611 0.043871 0.041922
v 0.032795 0.042254 0.041936
v 0.036015 0.041968 0.037943
v 0.044748 0.041720 0.023840
v 0.036747 0.057170 0.033957
v -0.020320 0.124260 -0.009087
v -0.080284 0.075893 0.048051
v -0.048083 0.096821 0.013780
v -0.069389 0.089690 0.050075
v 0.011976 0.041947 0.053812
v 0.034887 0.044346 0.039518
v 0.039384 0.042620 0.034399
v 0.043448 0.044067 0.027325
v -0.089903 0.109598 0.012054
v -0.063013 0.121369 -0.055468
v -0.026286 0.141488 -0.015489
v 0.011321 0.043634 0.054268
v 0.013891 0.044270 0.052529
v 0.016159 0.045649 0.051242
v 0.025004 0.044509 0.047631
v 0.027033 0.045537 0.046472
v 0.029119 0.043645 0.043629
v 0.031589 0.044197 0.042527
v 0.042572 0.046687 0.028376
v -0.079512 0.074038 0.046784
v 0.040661 0.062570 -0.001235
v -0.066835 0.070998 0.038089
v -0.022816 0.128459 -0.019048
v 0.022822 0.046246 0.048706
v 0.029245 0.045981 0.043416
v 0.037635 0.047233 0.036049
v 0.040947 0.045866 0.031801
v -0.074760 0.027664 0.019291
v -0.068595 0.070647 0.039638
v -0.067487 0.064192 -0.014807
v 0.013193 0.048035 0.053555
v 0.024045 0.048207 0.048127
v 0.027385 0.049331 0.045101
v 0.033420 0.047556 0.041976
v -0.052419 0.111710 0.015704
v 0.011775 0.048338 0.054292
v 0.014404 0.048413 0.052285
v 0.029270 0.050503 0.043670
v 0.035702 0.049737 0.039098
v 0.039159 0.049454 0.033890
v 0.042212 0.048877 0.028107
v -0.089083 0.106119 0.010150
v -0.006161 0.056653 -0.031393
v -0.061597 0.084825 0.042889
v -0.048051 0.104877 0.006082
v 0.031718 0.049810 0.042864
v 0.040425 0.051436 0.030869
v -0.054128 0.102453 0.027701
v -0.078404 0.111209 -0.001216
v -0.064925 0.132476 -0.047249
v -0.076879 0.118535 -0.011799
v -0.076530 0.114578 -0.002699
v 0.045629 0.052058 0.007766
v -0.023130 0.075468 -0.015395
v -0.061595 0.125198 -0.058497
v -0.063884 0.025145 0.030071
v 0.044791 0.053590 0.015632
v -0.048281 0.078650 0.030700
v 0.013723 0.050969 0.052410
v 0.016140 0.050964 0.051068
v -0.075925 0.110227 -0.007993
v -0.086946 0.071046 0.008204
v -0.085510 0.082718 -0.003040
v -0.046899 0.104975 0.003762
v -0.062509 0.111472 -0.024840
v -0.012039 0.137174 -0.029000
v -0.063471 0.108528 -0.020898
v -0.051598 0.078278 0.033182
v -0.087592 0.056432 0.003370
v -0.022881 0.117160 -0.006957
v -0.011649 0.123892 -0.015068
v -0.086554 0.070869 0.020242
v -0.009118 0.129633 -0.024651
v -0.083716 0.103362 0.003493
v 0.021260 -0.003819 -0.001842
v 0.020149 -0.004639 -0.003913
v 0.018802 -0.004780 -0.006604
v 0.018215 -0.004710 -0.010202
v 0.017749 -0.004890 -0.013475
v 0.016493 -0.004564 -0.016088
v 0.020031 -0.002926 0.039728
v 0.022508 -0.002177 0.035222
v -0.063300 0.113866 -0.034971
v -0.071841 0.107713 -0.028767
v -0.061158 0.133981 -0.061185
v -0.068171 0.022276 0.020333
v -0.027627 0.127425 -0.017454
v -0.061087 0.056480 -0.018540
v 0.044237 0.000864 0.008113
v 0.039483 -0.000903 0.003826
v 0.037847 -0.000889 0.001846
v 0.021304 -0.002553 -0.002686
v 0.021880 -0.002416 -0.003642
v 0.020754 -0.002453 -0.005139
v 0.019537 -0.002687 -0.008783
v 0.018804 -0.002506 -0.014469
v 0.017738 -0.002759 -0.017170
v 0.014970 -0.003279 -0.020459
v 0.009476 0.082768 -0.011460
v 0.024874 -0.000364 0.033402
v -0.009184 0.135948 -0.028784
v -0.061731 0.114658 -0.019036
v -0.092909 0.079428 0.033413
v -0.079410 0.086569 -0.005995
v -0.069894 0.080850 -0.008910
v -0.034292 0.056943 -0.023179
v 0.048090 0.003326 0.006702
v 0.042239 0.001025 0.002636
v 0.039093 0.001515 -0.001479
v -0.048102 0.096559 0.010657
v 0.024897 0.000058 -0.004734
v 0.022502 0.000246 -0.007048
v 0.020540 -0.000669 -0.011002
v 0.015687 -0.001068 -0.021115
v -0.011414 0.056476 -0.031881
v -0.089951 0.073354 0.036344
v -0.029899 0.064233 -0.022648
v -0.093722 0.078104 0.020317
v -0.090125 0.073132 0.010423
v -0.072467 0.104076 -0.013158
v -0.063210 0.138462 -0.057794
v -0.061337 0.135612 -0.060535
v -0.062775 0.109893 -0.019722
v -0.063081 0.079549 -0.009101
v 0.049408 0.003576 0.012426
v 0.048594 0.005581 0.001453
v 0.043239 0.003713 0.000103
v -0.087946 0.090249 0.002055
v 0.020072 0.003517 -0.021138
v -0.091117 0.081277 0.006841
v -0.062641 0.127752 -0.045943
v -0.062997 0.124926 -0.033396
v -0.079654 0.068188 0.031587
v 0.051233 0.005213 0.010210
v 0.050197 0.005278 0.004949
v 0.034308 0.058988 -0.013166
v -0.034812 0.076050 -0.014664
v 0.023671 0.001934 -0.007188
v 0.022495 0.002629 -0.010419
v 0.022442 0.003632 -0.014292
v 0.020747 0.002679 -0.019204
v -0.016300 0.056086 -0.031324
v -0.063602 0.118291 -0.044839
v -0.072725 0.024726 0.018527
v -0.054552 0.107850 0.026768
v -0.071117 0.129352 -0.049462
v -0.041913 0.128164 -0.010220
v -0.008685 0.134657 -0.027717
v -0.062399 0.110729 -0.016633
v -0.048749 0.096492 0.006487
v -0.033636 0.112882 -0.000796
v -0.061476 0.131115 -0.061836
v 0.054248 0.008071 0.018666
v 0.054209 0.007546 0.014385
v -0.062843 0.115997 -0.036812
v 0.027476 0.005147 -0.006874
v 0.026479 0.004806 -0.008115
v -0.035955 -0.004778 -0.031089
v -0.067370 0.025511 0.027370
v -0.074838 0.112992 -0.021225
v -0.082216 0.099577 -0.000321
v -0.092718 0.082481 0.032175
v -0.009520 0.127433 -0.022433
v -0.062072 0.122447 -0.030585
v -0.013461 0.122406 -0.014392
v -0.062886 0.121701 -0.050208
v -0.062378 0.128339 -0.048804
v -0.085250 0.071242 0.040962
v -0.048309 0.093740 0.003820
v -0.052110 0.104863 0.017128
v -0.085778 0.057529 -0.000032
v -0.066029 0.022746 0.023333
v -0.009636 0.126824 -0.019534
v -0.063045 0.111329 -0.028476
v 0.056423 0.009917 0.010431
v 0.055788 0.010107 0.006180
v 0.054155 0.009281 0.004116
v 0.045994 0.008688 -0.004453
v 0.021737 0.058714 -0.021752
v 0.027150 0.006502 -0.012330
v 0.022828 0.004463 -0.014698
v 0.022348 0.005090 -0.016986
v 0.021668 0.005740 -0.018858
v 0.019271 0.004531 -0.022130
v -0.092578 0.082651 0.029767
v -0.008718 0.131129 -0.024319
v -0.063858 0.118737 -0.048074
v -0.053282 0.109389 0.023702
v -0.047426 0.093727 0.007051
v -0.049219 0.104218 0.008256
v -0.031913 0.066824 -0.020562
v -0.084252 0.072109 0.044373
v -0.062767 0.119255 -0.041642
v -0.035010 0.111775 -0.001645
v -0.062433 0.108670 -0.008549
v -0.062232 0.111923 -0.015106
v -0.062535 0.112317 -0.011365
v 0.056394 0.010272 0.017774
v 0.056738 0.010264 0.014052
v 0.053358 0.010499 0.000995
v 0.049078 0.009327 -0.002524
v 0.029040 0.006516 -0.007001
v 0.028885 0.007515 -0.009068
v 0.026927 0.007659 -0.016407
v 0.020062 0.006321 -0.021283
v -0.014716 0.059933 -0.023711
v -0.025523 0.069903 -0.020117
v -0.071985 0.139114 -0.055912
v -0.094048 0.079259 0.016420
v 0.055484 0.011640 0.003228
v 0.028882 0.009310 -0.014780
v 0.021843 0.007240 -0.020120
v 0.035337 0.055852 -0.012495
v -0.007856 0.080099 -0.013765
v -0.062143 0.128389 -0.051384
v -0.061477 0.119475 -0.032315
v -0.050383 0.095936 0.000894
v 0.057771 0.012723 0.018988
v 0.058393 0.012974 0.012491
v 0.058224 0.012909 0.011102
v 0.057276 0.012583 0.006615
v 0.048162 0.011391 -0.004347
v 0.023628 0.080660 -0.004865
v -0.038232 -0.006117 -0.029545
v 0.031353 0.009644 -0.007612
v 0.030450 0.010457 -0.011590
v 0.028081 0.010216 -0.017870
v 0.025296 0.009042 -0.019927
v -0.022247 0.079815 -0.011489
v -0.019586 0.078633 -0.012395
v 0.025868 0.072704 -0.010976
v -0.010166 -0.003605 -0.025446
v -0.008675 0.134304 -0.026664
v -0.060800 0.131480 -0.060949
v -0.089466 0.073883 0.041663
v -0.053004 0.102513 0.024962
v -0.069560 -0.005357 -0.004492
v -0.053206 0.110837 0.022147
v -0.071811 0.116540 -0.039244
v 0.058920 0.014964 0.016308
v 0.053477 0.014045 -0.001339
v 0.052053 0.014629 -0.003050
v -0.005665 0.074532 -0.017876
v 0.029860 0.012016 -0.015601
v 0.026326 0.010768 -0.020545
v -0.006674 0.060275 -0.024129
v -0.058544 0.081639 -0.009032
v -0.062398 0.124544 -0.039404
v -0.039122 0.109726 0.000979
v -0.050423 0.097007 0.022667
v -0.077982 0.036160 0.030131
v -0.008679 0.132017 -0.026458
v 0.058944 0.016916 0.020330
v 0.059650 0.017748 0.018017
v 0.058943 0.017702 0.006198
v 0.058704 0.019884 0.003740
v -0.011309 0.073603 -0.017920
v 0.034369 0.012396 -0.006937
v 0.032977 0.013979 -0.010298
v 0.032016 0.015113 -0.013388
v 0.028239 0.012931 -0.019528
v -0.016319 0.077536 -0.015109
v 0.013511 0.084643 -0.006496
v -0.013498 0.082736 -0.008129
v -0.077118 0.032596 0.027502
v -0.086540 0.061206 0.004437
v 0.045243 0.050113 0.016045
v 0.060459 0.018571 0.011446
v 0.056632 0.018946 0.000958
v 0.020297 0.072055 -0.015052
v 0.036033 0.014639 -0.006950
v 0.030530 0.013971 -0.015226
v -0.031659 0.080448 -0.009245
v -0.021384 0.083332 -0.006271
v 0.007165 0.078754 -0.015512
v 0.028038 0.044077 -0.021852
v -0.037117 0.077008 -0.014379
v -0.093356 0.085824 0.012575
v -0.062538 0.122444 -0.027162
v -0.088812 0.055270 0.007805
v -0.062357 0.125729 -0.045883
v -0.031375 -0.004303 0.050447
v -0.087057 0.072629 0.005337
v -0.026489 -0.001990 -0.029212
v -0.045899 0.086765 -0.006427
v 0.035249 0.018396 -0.011861
v 0.030649 0.016841 -0.015932
v 0.028649 0.016663 -0.018612
v 0.025877 0.015703 -0.021260
v 0.013523 0.065745 -0.019271
v -0.084181 0.095678 -0.000331
v -0.015542 0.066938 -0.021694
v -0.018517 0.053773 -0.034379
v -0.087301 0.072571 0.042529
v -0.076194 0.110181 -0.014798
v -0.028889 -0.004890 0.050814
v -0.083429 0.059644 -0.004558
v 0.060409 0.019973 0.016517
v 0.060887 0.020377 0.011506
v 0.060188 0.020699 0.007542
v -0.051179 0.065830 -0.019411
v 0.038144 0.021102 -0.009639
v 0.023759 0.016414 -0.025034
v 0.003168 0.067916 -0.020177
v -0.032798 0.067821 -0.019495
v -0.084177 0.107138 0.004824
v 0.009039 0.085669 -0.007316
v -0.051534 0.084181 -0.008508
v -0.089730 0.097628 0.035686
v -0.049990 0.097781 0.020403
v -0.024107 0.144350 -0.014117
v -0.092337 0.074821 0.018604
v -0.091101 0.103354 0.022826
v 0.056466 0.020686 0.000823
v -0.091133 0.091044 0.007772
v 0.032225 0.020930 -0.017414
v 0.029560 0.018624 -0.018184
v 0.025323 0.018535 -0.023652
v -0.026325 0.080529 -0.009506
v -0.093669 0.080199 0.013247
v -0.084146 0.070490 0.026439
v -0.076128 0.067960 0.036502
v -0.062331 0.106075 -0.006253
v 0.012415 0.081983 -0.011502
v -0.062326 0.124226 -0.049755
v -0.072504 0.024007 0.016527
v 0.060374 0.025540 0.018307
v 0.060842 0.024543 0.016014
v 0.061045 0.023022 0.010467
v 0.059828 0.022743 0.006145
v 0.058221 0.023467 0.003044
v 0.055042 0.023312 0.000111
v 0.039156 0.019812 -0.005482
v 0.036721 0.021079 -0.011592
v 0.034796 0.020417 -0.013650
v 0.027443 0.020405 -0.022122
v -0.085892 0.069085 0.008539
v -0.061800 0.120392 -0.026763
v 0.043186 0.021348 -0.003287
v -0.092128 0.077508 0.031628
v -0.058369 -0.004837 0.044996
v -0.075925 0.034319 0.031587
v -0.052594 0.104476 0.018900
v -0.061589 0.118155 -0.023028
v -0.081030 0.034934 0.019550
v -0.086874 0.073147 0.029486
v -0.019737 0.082828 -0.007486
v -0.086512 0.067706 0.011506
v -0.088410 0.053226 0.007442
v 0.029427 0.021193 -0.019651
v 0.024276 0.020221 -0.024869
v -0.086080 0.069225 0.010837
v 0.019844 0.080821 -0.007872
v -0.069710 0.113992 -0.049594
v -0.067316 0.122414 -0.056773
v -0.061530 0.106522 -0.004317
v -0.075963 0.028074 0.016768
v -0.079647 0.034241 0.024067
v 0.060798 0.026667 0.012704
v 0.059796 0.028927 0.009927
v 0.057567 0.025838 0.002378
v -0.086694 0.069240 0.013090
v 0.040837 0.024039 -0.004816
v 0.039566 0.024469 -0.008462
v 0.035320 0.023854 -0.013732
v 0.029361 0.023104 -0.019936
v 0.027451 0.024763 -0.021313
v -0.090646 0.099168 0.021213
v 0.019382 0.058726 -0.022569
v -0.077285 0.074689 0.049857
v 0.032422 0.048214 -0.019191
v 0.043764 0.053369 -0.000994
v 0.060359 0.028539 0.014921
v 0.058489 0.028479 0.005656
v 0.037521 0.024562 -0.011719
v 0.032123 0.024402 -0.018468
v -0.082330 0.108074 0.002328
v -0.089749 0.098852 0.023958
v -0.072285 0.141069 -0.055320
v -0.093231 0.079204 0.038821
v 0.013593 0.072036 -0.017996
v -0.035770 -0.001696 0.046724
v -0.078504 0.135832 -0.047663
v -0.084964 0.105204 0.006376
v 0.022201 0.047809 -0.024758
v -0.089830 0.102430 0.029797
v -0.073649 0.104609 -0.010112
v -0.092346 0.086115 0.039838
v 0.041977 0.027347 -0.003578
v 0.041248 0.028522 -0.007151
v 0.034530 0.026922 -0.016038
v 0.028834 0.026435 -0.019989
v 0.024400 0.025355 -0.023692
v -0.036017 0.084610 -0.006534
v -0.070788 0.114773 -0.047231
v -0.091914 0.091274 0.010269
v -0.027649 -0.003662 -0.029738
v -0.068572 0.118559 -0.053834
v -0.045005 0.106253 0.002922
v -0.026304 -0.004165 0.053047
v -0.032960 -0.003385 0.050077
v -0.000561 0.071356 -0.019934
v -0.010760 0.077349 -0.015554
v -0.062546 0.138157 -0.059965
v -0.088932 0.057560 0.008021
v -0.074744 0.110026 -0.029090
v 0.038387 0.027255 -0.012112
v 0.026792 0.027228 -0.022717
v -0.055486 0.085021 -0.006774
v 0.018251 0.063027 -0.021058
v -0.042455 0.086337 -0.006676
v 0.025385 0.080839 -0.002262
v -0.050726 0.122922 -0.003957
v -0.078968 0.126759 -0.036167
v -0.061936 0.020650 0.021585
v -0.063216 -0.003480 0.042924
v -0.069196 0.026048 0.026239
v 0.059081 0.030874 0.014792
v 0.058535 0.030835 0.009607
v 0.057443 0.029899 0.005536
v -0.032673 0.081491 -0.008112
v -0.081738 0.069156 0.028523
v -0.085880 0.066132 0.020926
v 0.043706 0.030843 -0.000267
v 0.038500 0.029355 -0.012262
v 0.033856 0.028664 -0.016901
v 0.030405 0.029227 -0.019570
v -0.009682 0.129834 -0.025381
v -0.031514 0.000287 -0.030254
v -0.038792 0.109875 -0.002297
v -0.088077 0.099136 0.009989
v -0.089729 0.111681 0.017893
v -0.086535 0.067374 0.017340
v 0.042987 0.031976 -0.003733
v 0.042225 0.031572 -0.005997
v 0.039915 0.030981 -0.010282
v 0.036347 0.030064 -0.014212
v 0.032776 0.031773 -0.017955
v 0.028402 0.030172 -0.022526
v -0.027765 0.083031 -0.004891
v -0.085545 0.103073 0.006925
v -0.075555 0.112539 -0.013369
v -0.049594 0.101327 0.006851
v -0.039556 0.081654 -0.011647
v -0.075970 0.068646 0.037797
v -0.071118 0.034329 0.036479
v 0.012115 0.051636 -0.029855
v -0.072663 0.071459 0.046645
v -0.062140 0.123259 -0.040124
v -0.059940 0.032697 0.040170
v -0.030787 0.130064 -0.016789
v -0.063298 0.104322 -0.009737
v 0.045859 0.032030 0.003344
v 0.045310 0.035519 0.001775
v 0.044276 0.036059 -0.001868
v 0.041835 0.034122 -0.006980
v 0.038374 0.035923 -0.011244
v 0.036589 0.035898 -0.012676
v 0.035602 0.034340 -0.014018
v 0.030855 0.035133 -0.020784
v -0.051184 0.015976 0.015408
v 0.043857 0.050109 0.024013
v -0.011976 0.124097 -0.017339
v -0.090798 0.110382 0.019392
v -0.053190 0.097960 -0.000999
v -0.072531 0.104841 -0.015927
v 0.046422 0.033716 0.005490
v 0.041976 0.036554 -0.006326
v 0.033191 0.034885 -0.017312
v 0.028531 0.034250 -0.022705
v -0.035234 0.081109 -0.009631
v -0.079512 0.035713 0.026658
v -0.010640 0.140883 -0.029414
v -0.067989 0.117758 -0.054291
v -0.074485 0.069961 0.042816
v -0.065692 0.028198 0.033629
v -0.058694 -0.002157 0.046524
v 0.046590 0.036127 0.012655
v 0.046509 0.036373 0.010518
v 0.046087 0.038171 0.005157
v 0.044930 0.039299 -0.000649
v 0.032086 0.036873 -0.019577
v 0.042760 0.024680 -0.001684
v -0.003183 0.060120 -0.023907
v -0.091547 0.101317 0.020220
v -0.014170 0.053957 -0.034750
v 0.044030 0.039193 -0.002748
v 0.041235 0.040057 -0.007699
v 0.039019 0.037670 -0.010345
v 0.034165 0.038241 -0.016729
v 0.033489 0.039431 -0.018209
v -0.085389 0.062387 0.000917
v 0.036126 0.048141 -0.016594
v 0.006213 0.052157 -0.032356
v -0.089049 0.085770 0.003393
v -0.075526 0.108969 -0.015593
v 0.046189 0.041084 0.005634
v 0.042932 0.040860 -0.004702
v 0.036859 0.038793 -0.013923
v -0.084335 0.063105 -0.000685
v -0.088825 0.097271 0.027919
v 0.002488 0.082793 -0.011059
v -0.016550 -0.003718 0.051722
v -0.090837 0.096445 0.017651
v 0.046349 0.042179 0.009422
v 0.045448 0.041459 0.001832
v 0.038248 0.042256 -0.014528
v 0.031749 0.039621 -0.019730
v -0.068774 0.133514 -0.055789
v -0.070722 0.117454 -0.045557
v -0.078610 0.125408 -0.034282
v -0.071933 0.123980 -0.043160
v -0.080360 0.071958 -0.001340
v -0.064100 0.127621 -0.037005
v -0.072100 0.070888 0.044499
v -0.049963 0.101761 0.003732
v -0.066826 0.115260 -0.051761
v -0.069181 0.101331 -0.008462
v 0.045680 0.042326 0.020178
v 0.043997 0.042345 -0.001722
v 0.041831 0.043677 -0.008009
v 0.035749 0.042227 -0.017185
v -0.035779 0.006642 -0.024270
v -0.077028 0.106147 -0.004528
v -0.063758 0.127678 -0.040107
v -0.063343 0.103530 -0.008085
v 0.044844 0.044449 0.001830
v 0.044274 0.043434 -0.000141
v -0.056109 0.084222 -0.007302
v -0.089167 0.097487 0.011872
v -0.069510 0.139333 -0.057927
v -0.046484 0.084008 -0.010093
v -0.050622 0.030294 0.038526
v -0.041493 0.089001 0.011215
v -0.084456 0.113718 0.012152
v -0.070705 0.116039 0.008960
v -0.063535 0.139212 -0.060157
v -0.073383 0.106075 -0.014393
v -0.042697 0.089259 0.007187
v -0.064268 0.139883 -0.058226
v -0.065311 0.140584 -0.059314
v -0.049348 0.094321 0.025538
v -0.067672 0.141200 -0.056006
v -0.067459 0.141228 -0.057971
v -0.064658 0.138453 -0.055198
v -0.070035 0.141595 -0.056436
v -0.066959 0.140120 -0.054557
v -0.069284 0.141003 -0.053738
v -0.070527 0.141371 -0.053636
v -0.071404 0.141300 -0.055004
v -0.068658 0.115070 0.029692
v -0.066877 0.136670 -0.050095
v -0.057300 0.114968 0.023530
v -0.077478 0.118597 -0.022536
v -0.072229 0.141079 -0.052431
v -0.074123 0.140645 -0.053682
v -0.064945 0.112856 0.034802
v -0.084150 0.112817 0.008342
v -0.062625 0.116229 0.014009
v -0.071107 0.139084 -0.049565
v -0.074253 0.140114 -0.051261
v 0.018021 0.084841 0.027460
v 0.026144 0.051450 -0.022186
v -0.063764 0.112284 -0.002669
v -0.046157 0.091097 0.021945
v -0.070713 0.112371 0.035562
v -0.011233 0.142728 -0.028262
v -0.003974 0.081353 -0.012039
v -0.070420 0.103989 -0.014817
v -0.067083 0.134897 -0.047323
v -0.070494 0.136964 -0.046935
v -0.073964 0.139738 -0.049194
v -0.049526 0.123671 0.005046
v -0.061594 0.115450 0.026080
v -0.029707 0.085456 0.017386
v -0.012696 0.144590 -0.026417
v -0.020219 0.087633 0.015458
v -0.058512 0.113723 0.030821
v -0.076590 0.138791 -0.049369
v -0.093145 0.082059 0.040566
v -0.092441 0.091762 0.013629
v -0.059606 0.114461 0.029009
v -0.065629 0.114158 0.000318
v -0.031208 0.082201 0.024892
v -0.034630 0.083199 0.025600
v -0.043234 0.084391 0.022817
v -0.076507 0.114410 -0.000253
v -0.072622 0.115696 0.003636
v -0.013762 0.144788 -0.025269
v -0.014192 0.145160 -0.026459
v -0.088929 0.054123 0.011130
v -0.067078 0.132405 -0.042304
v -0.067858 0.134059 -0.044942
v -0.072661 0.137256 -0.045862
v -0.075271 0.138000 -0.046441
v -0.026154 0.086069 0.013576
v 0.024958 0.078172 -0.006841
v 0.044186 0.026922 0.000366
v -0.080601 0.115094 0.021375
v 0.020530 0.082767 0.029995
v -0.056467 0.120095 0.004418
v -0.014748 0.146015 -0.024276
v -0.015368 0.146130 -0.024980
v 0.009731 0.089049 0.026280
v -0.086536 0.069170 0.018036
v -0.087283 0.052579 0.004343
v -0.038300 0.005846 -0.023055
v -0.092456 0.077073 0.010237
v 0.008542 0.090318 0.022964
v -0.089316 0.111479 0.013594
v -0.086035 0.111755 0.009176
v 0.003418 0.090934 0.022092
v -0.089583 0.095169 0.006619
v -0.002451 0.069514 -0.021528
v -0.091293 0.077672 0.028478
v -0.003686 0.090707 0.020875
v -0.015976 0.147174 -0.022641
v -0.071542 0.135607 -0.043391
v -0.074503 0.135925 -0.042545
v -0.077567 0.137586 -0.047582
v -0.062620 0.076608 -0.011115
v -0.092715 0.090184 0.025650
v -0.073431 0.117207 -0.002209
v -0.077714 0.115151 0.008652
v -0.028788 0.082190 0.023411
v -0.086433 0.103544 0.008393
v -0.073919 0.117304 -0.027202
v -0.087896 0.057869 0.004761
v -0.088845 0.061015 0.010452
v -0.016463 0.147004 -0.020548
v -0.069778 0.133404 -0.040282
v -0.017555 0.088489 0.013926
v -0.077490 0.111119 -0.005160
v -0.091354 0.074911 0.009585
v -0.077891 0.052927 -0.011917
v -0.091181 0.108669 0.014646
v -0.071623 0.112764 -0.044658
v -0.077030 0.115148 -0.016383
v -0.080434 0.058899 -0.007442
v -0.079421 0.071514 -0.002188
v -0.044443 0.084718 0.023320
v -0.089695 0.100841 0.013948
v -0.067761 0.131492 -0.038179
v -0.072792 0.134517 -0.039828
v -0.074683 0.133232 -0.037437
v 0.056452 0.031974 0.008114
v -0.085137 0.102101 0.004511
v -0.076136 0.139410 -0.051547
v 0.033613 0.075058 0.000914
v -0.055513 0.082342 -0.008852
v 0.041454 0.022087 -0.003159
v -0.079317 0.128124 -0.037453
v -0.075143 0.070916 -0.007560
v -0.066012 0.130551 -0.040094
v 0.053435 0.032889 0.008023
v -0.045181 0.089917 0.004984
v -0.043669 0.088421 0.017188
v -0.029789 0.085951 0.012649
v 0.028427 0.079817 0.001008
v -0.056093 0.120170 0.001770
v -0.070882 0.133043 -0.038023
v -0.075805 0.115674 0.009453
v 0.057402 0.032183 0.011273
v 0.055064 0.033339 0.011361
v -0.038776 0.086593 0.019580
v -0.012557 0.080035 -0.012936
v -0.071611 0.115781 -0.041876
v -0.084629 0.066075 0.024690
v -0.076963 0.071336 -0.004842
v -0.058952 0.117460 0.004282
v -0.058762 0.115596 0.020996
v -0.021659 0.145377 -0.018343
v -0.066503 0.129395 -0.033092
v -0.072713 0.132617 -0.035387
v 0.052990 0.033776 0.011730
v 0.048474 0.033090 0.010038
v -0.057227 0.116247 0.010941
v -0.053875 0.116004 0.011548
v -0.086919 0.113207 0.017680
v 0.034314 0.075082 0.004692
v 0.030616 0.079025 0.004918
v 0.023684 0.083826 0.002197
v -0.080928 0.055137 -0.008412
v -0.020635 0.145995 -0.014366
v -0.019695 0.146999 -0.017053
v -0.064667 0.126795 -0.030793
v -0.069306 0.131195 -0.033223
v 0.057111 0.032574 0.015089
v 0.047087 0.034100 0.011303
v 0.046947 0.033807 0.008466
v -0.032946 0.087042 0.013648
v 0.038549 0.069600 0.010645
v 0.032638 0.077327 0.006162
v 0.026743 0.082544 0.006348
v 0.020237 0.085382 0.000161
v -0.025431 0.055379 -0.025342
v -0.088241 0.063283 0.018436
v -0.037278 0.084323 -0.007520
v -0.075695 0.131420 -0.033852
v -0.054723 0.115380 0.012750
v 0.019687 0.086374 0.002020
v -0.091464 0.102139 0.015633
v -0.072242 0.117937 -0.037264
v -0.088212 0.064205 0.012442
v 0.022735 0.078170 -0.009265
v -0.021995 0.145772 -0.014349
v -0.067768 0.129220 -0.029448
v -0.073114 0.130753 -0.029275
v 0.056334 0.032511 0.017549
v 0.054001 0.033715 0.016858
v 0.050106 0.033716 0.015775
v 0.048792 0.033598 0.013247
v 0.047450 0.033936 0.014809
v -0.041840 0.087978 0.015683
v -0.042661 0.088839 0.013735
v 0.036075 0.072936 0.012035
v 0.019639 0.087021 0.005507
v 0.014837 0.088618 0.001707
v 0.012316 0.088714 -0.000371
v -0.078407 0.112911 0.000651
v -0.070202 0.130440 -0.029172
v -0.077881 0.130477 -0.035373
v -0.001412 0.061181 0.044440
v 0.057297 0.030904 0.019810
v 0.001266 0.086188 0.031664
v 0.033274 0.076757 0.010672
v 0.030131 0.080023 0.009578
v 0.022505 0.085704 0.008114
v -0.065839 0.126764 -0.026773
v 0.051528 0.033190 0.019211
v 0.047854 0.032761 0.017115
v 0.046473 0.035225 0.016182
v 0.027021 0.082789 0.010003
v 0.013570 0.089797 0.005175
v 0.009726 0.090465 0.002909
v 0.007571 0.089677 -0.000554
v -0.091873 0.076217 0.040350
v -0.086373 0.051706 0.027008
v -0.068889 0.128464 -0.025426
v -0.071415 0.129657 -0.026363
v -0.075427 0.129024 -0.027600
v 0.054814 0.032343 0.020260
v 0.047925 0.032102 0.019251
v 0.046488 0.033212 0.018595
v -0.028216 0.082984 0.022020
v 0.023545 0.085347 0.011243
v -0.029287 0.140704 -0.010341
v -0.064063 0.123229 -0.022537
v -0.067612 0.126673 -0.023095
v -0.072789 0.128972 -0.024623
v 0.028522 0.081517 0.013967
v 0.018608 0.088052 0.011527
v 0.009743 0.090951 0.006225
v 0.002151 0.091035 0.002784
v 0.004738 0.090712 0.001819
v -0.029672 0.066004 -0.021933
v -0.028142 0.141184 -0.008030
v -0.034474 0.137333 -0.009718
v -0.066563 0.125238 -0.021168
v 0.053148 0.031417 0.022616
v 0.049793 0.031325 0.022592
v 0.014492 0.089787 0.008812
v -0.003224 0.090206 0.001450
v -0.047654 0.127904 -0.003850
v -0.078123 0.119285 -0.021622
v -0.031854 0.138997 -0.008622
v -0.022171 0.046627 0.055320
v 0.046461 0.030249 0.022691
v 0.034598 0.074717 0.018318
v -0.007737 0.089489 0.001375
v -0.089693 0.074903 0.005896
v -0.090496 0.105557 0.014316
v 0.014956 0.064942 -0.019582
v -0.070277 0.140823 -0.057264
v -0.081758 0.092932 -0.003394
v -0.071231 0.075820 -0.007923
v -0.076523 0.091307 -0.006989
v -0.042359 0.126009 -0.010508
v -0.051353 0.112891 -0.004165
v -0.018468 0.127831 -0.019736
v -0.053410 0.046126 -0.021525
v -0.062588 -0.005366 0.018112
v -0.064673 -0.004789 0.025597
v -0.065963 -0.004856 0.029298
v -0.067052 -0.004120 0.031929
v -0.066710 -0.004075 0.034342
v -0.066180 -0.003552 0.038203
v -0.064764 -0.003754 0.040906
v -0.077738 0.067690 0.034325
v -0.079005 0.095611 -0.004742
v -0.039853 0.121514 -0.012006
v 0.015906 0.057904 -0.023006
v -0.057609 0.088833 -0.006565
v -0.012887 0.066151 -0.022548
v -0.072729 -0.004597 0.006367
v -0.071708 -0.004425 0.009028
v -0.069884 -0.004689 0.011208
v -0.066754 -0.004167 0.014897
v -0.064355 -0.004180 0.017279
v -0.063270 -0.004046 0.018823
v -0.066346 -0.002979 0.028699
v -0.066975 -0.002467 0.031772
v -0.066717 -0.001987 0.034434
v -0.066188 -0.001560 0.037327
v -0.063561 -0.001609 0.042320
v -0.061594 -0.001676 0.044262
v -0.081279 0.078436 0.048839
v -0.076446 0.116836 -0.008033
v -0.042391 -0.003367 0.043775
v -0.038617 -0.004073 0.043027
v 0.003604 0.048541 -0.033637
v -0.028373 -0.003244 0.053566
v -0.024689 -0.002918 0.054315
v -0.076630 0.124094 -0.019930
v -0.072767 -0.004388 0.001112
v -0.072371 -0.004115 0.003585
v -0.072530 -0.002062 0.005585
v -0.072330 -0.002764 0.008157
v -0.069249 -0.002926 0.011375
v -0.068025 -0.002330 0.013370
v -0.066495 -0.002205 0.014900
v -0.063761 -0.002120 0.016897
v -0.061328 -0.002469 0.020016
v -0.064679 -0.001997 0.024743
v -0.066003 -0.001446 0.028689
v -0.065215 0.000500 0.032271
v -0.064292 0.000089 0.039703
v -0.058405 -0.000198 0.046490
v -0.081222 0.067018 0.029404
v -0.067995 0.044945 0.043206
v -0.090041 0.089837 0.041909
v -0.039273 -0.000540 0.042184
v -0.038953 -0.001890 0.042940
v -0.037338 -0.002994 0.044830
v -0.033335 -0.000789 0.050364
v -0.030949 -0.000484 0.051702
v -0.028852 -0.001052 0.053708
v -0.083856 0.055430 0.030576
v -0.040057 0.049465 -0.023016
v -0.021780 0.032822 0.051870
v -0.079465 0.106130 0.042040
v -0.084131 0.105570 0.038808
v -0.064437 0.021096 0.020729
v -0.071669 -0.001677 0.000678
v -0.071625 -0.001218 0.003451
v -0.072016 -0.000489 0.006677
v -0.071498 -0.000307 0.007890
v -0.062492 0.000394 0.016230
v -0.059681 -0.001402 0.020419
v -0.064036 -0.000756 0.026390
v -0.065569 0.000021 0.029911
v -0.064484 0.002266 0.037757
v -0.062352 0.002050 0.042330
v -0.061242 0.002859 0.043136
v -0.059518 0.002685 0.044240
v -0.057890 0.001510 0.046049
v -0.073036 0.035683 0.035881
v -0.087072 0.098412 0.042315
v -0.086642 0.095350 0.045068
v -0.079308 0.040938 0.033553
v -0.038394 0.001753 0.042462
v -0.036919 0.000440 0.045239
v -0.035495 0.001237 0.046468
v 0.025047 0.047697 -0.023680
v -0.016453 0.058607 0.046118
v -0.087893 0.056052 0.024492
v -0.086368 0.056731 0.027038
v -0.026465 0.037345 0.047556
v -0.071048 -0.001080 0.000935
v -0.070828 -0.000184 0.004184
v -0.065654 0.001274 0.013136
v -0.059592 -0.000145 0.019411
v -0.064900 0.001712 0.029582
v -0.064915 0.003148 0.034382
v -0.062007 0.004427 0.040442
v -0.088155 0.098065 0.040785
v -0.034045 0.001203 0.049161
v -0.031821 0.002123 0.050745
v -0.030019 0.001866 0.051500
v -0.028181 0.001799 0.053116
v -0.026643 0.032832 0.043484
v -0.079475 0.064004 0.032313
v -0.027990 0.037232 0.044785
v -0.091401 0.084364 0.043639
v -0.081879 0.057400 0.032481
v -0.080368 0.056612 0.034236
v -0.082298 0.051263 0.031803
v -0.085424 0.092490 0.048487
v -0.070067 0.002347 0.007099
v -0.067456 0.003266 0.009261
v -0.065545 0.003299 0.010949
v -0.090242 0.105203 0.028024
v -0.089679 0.094013 0.039534
v -0.025238 0.032946 0.045816
v -0.024945 0.039021 0.052624
v -0.036422 0.003102 0.044654
v -0.033376 0.003092 0.048771
v -0.085153 0.085273 0.049281
v -0.077220 0.121842 -0.018061
v -0.073608 0.058042 0.039526
v -0.086965 0.078617 0.047949
v -0.069160 0.003216 0.002331
v -0.068750 0.003198 0.004400
v -0.061792 0.002298 0.014918
v -0.057487 0.001968 0.018520
v -0.087133 0.049081 0.024796
v -0.059605 0.005481 0.042545
v -0.072951 0.108628 -0.030621
v -0.037910 0.003481 0.041837
v -0.034067 0.004267 0.046063
v -0.029856 0.005336 0.049898
v -0.079857 0.044554 0.034820
v -0.086225 0.085030 0.048363
v -0.086627 0.083269 0.048336
v -0.081591 0.041015 0.030828
v -0.082720 0.044991 0.031005
v -0.088107 0.101213 0.038428
v -0.065540 0.077008 -0.009574
v -0.018391 0.058670 0.044711
v -0.067547 0.004451 0.007372
v -0.060224 0.004340 0.013331
v -0.056925 0.005779 0.013361
v 0.027500 0.049480 -0.021981
v -0.090036 0.082440 0.045751
v -0.077699 0.042917 0.036200
v -0.079100 0.130539 -0.038643
v -0.060782 0.006124 0.039992
v -0.084015 0.060402 0.029083
v -0.025134 0.041609 0.053374
v -0.083005 0.040617 0.028188
v -0.088570 0.105110 0.031673
v -0.034757 0.005887 0.044291
v -0.032017 0.005242 0.047907
v -0.084931 0.098276 0.045102
v -0.063710 0.080890 -0.008784
v -0.083582 0.064838 0.027632
v -0.087076 0.102567 0.038761
v -0.024593 0.052971 0.048236
v -0.076146 0.038505 0.034597
v -0.063867 0.005775 0.008670
v -0.053801 0.005642 0.015805
v -0.013219 0.061350 0.043668
v -0.026687 0.040398 0.049924
v -0.087601 0.105239 0.034249
v -0.019858 0.033684 0.053814
v -0.060292 0.007277 0.037165
v -0.025419 0.048150 0.051192
v -0.022918 0.039392 0.054859
v -0.080535 0.052057 0.033982
v -0.031544 0.006932 0.045330
v -0.086457 0.090254 0.048237
v -0.083637 0.043521 0.028895
v -0.084849 0.101766 0.042174
v -0.077080 0.127962 -0.028504
v -0.022314 0.053630 0.050392
v -0.080171 0.067441 0.030678
v -0.070899 0.050768 -0.016291
v -0.059493 0.006524 0.010015
v -0.056557 0.007312 0.011277
v -0.022850 0.036891 0.053228
v -0.053811 0.122379 0.003033
v -0.026748 0.042737 0.050360
v -0.078870 0.046528 0.036396
v -0.014383 0.141449 -0.027933
v -0.033208 0.009624 0.040133
v -0.086119 0.080686 0.048794
v -0.089869 0.079331 0.045810
v -0.084248 0.083418 0.049103
v -0.085293 0.078504 0.048804
v -0.080323 0.078156 0.049077
v -0.049620 0.125270 0.002852
v -0.027466 0.045705 0.048666
v -0.059484 0.007614 0.007376
v -0.051600 0.007490 0.015814
v -0.024664 0.043691 0.054017
v -0.023230 0.066161 -0.022543
v -0.087473 0.110255 0.027611
v -0.080374 0.038995 0.030695
v -0.031562 0.009538 0.042557
v -0.087527 0.108374 0.030347
v -0.023533 0.055902 0.045001
v -0.087928 0.088420 0.046079
v -0.058332 0.008445 0.006959
v -0.055392 0.009112 0.010784
v -0.051428 0.009560 0.014189
v -0.058063 0.048434 -0.021200
v -0.052126 0.010599 0.032411
v -0.022129 0.056163 0.045937
v -0.057500 0.019142 0.021570
v -0.029338 0.010607 0.042616
v -0.057703 0.019290 0.021675
v -0.083815 0.049292 0.029744
v -0.047138 0.128194 0.000318
v -0.084576 0.046745 0.027705
v -0.089206 0.100152 0.036587
v -0.083074 0.082661 0.049323
v -0.021724 0.054631 0.049603
v -0.076839 0.121397 -0.015591
v -0.056342 0.010437 0.008748
v -0.050953 0.011855 0.033144
v -0.017218 0.056596 0.050769
v -0.031006 0.012129 0.037355
v -0.086375 0.061640 0.025254
v -0.027114 0.063663 -0.023409
v -0.085489 0.088543 0.049609
v -0.073157 0.053906 0.040966
v -0.073129 0.111322 -0.037837
v -0.091140 0.103743 0.026275
v -0.091084 0.107547 0.024656
v -0.078798 0.133093 -0.042270
v -0.024046 0.048081 0.052961
v -0.036509 0.124709 -0.014144
v -0.082142 0.096273 0.048885
v -0.054572 0.011875 0.010347
v -0.050142 0.012868 0.015065
v -0.050607 0.014506 0.032468
v -0.048793 0.014017 0.035297
v -0.091881 0.078398 0.042659
v -0.029014 0.012465 0.037412
v -0.026327 0.012445 0.039293
v -0.078570 0.128607 -0.033672
v -0.070687 0.046278 0.041728
v -0.066028 0.070035 -0.012979
v 0.010665 0.049039 -0.031204
v -0.078621 0.126179 -0.030301
v -0.090674 0.101797 0.027027
v -0.028770 0.043157 0.046055
v -0.078318 0.135935 -0.045963
v -0.054115 0.014359 0.010565
v -0.050854 0.014126 0.014190
v -0.075408 0.118838 -0.008395
v -0.026477 0.013932 0.038196
v -0.078521 0.134542 -0.044060
v -0.073656 0.108798 -0.027845
v -0.050209 0.014434 0.016222
v -0.051014 0.014824 0.019407
v -0.052157 0.015863 0.025411
v -0.046414 0.018889 0.037870
v -0.019987 0.017372 0.047895
v -0.084943 0.086035 -0.003335
v -0.038432 0.049652 -0.023518
v -0.084740 0.045478 0.026781
v -0.053741 0.016203 0.011620
v -0.052003 0.016267 0.018655
v -0.052166 0.016852 0.021343
v -0.051899 0.019439 0.029542
v -0.050437 0.019530 0.032769
v -0.049329 0.020405 0.034584
v -0.068009 0.095626 -0.008364
v -0.024010 0.018488 0.041901
v -0.054277 0.017516 0.019837
v -0.052850 0.017711 0.021607
v -0.052735 0.018378 0.024219
v -0.052759 0.019536 0.026771
v -0.018380 0.019324 0.050393
v -0.078292 0.058440 0.035524
v -0.076175 0.057787 0.037400
v -0.089102 0.075011 0.044054
v -0.075957 0.121555 -0.013437
v 0.009455 0.071084 -0.019391
v -0.053184 -0.004882 0.044945
v -0.057965 0.019385 0.020721
v -0.055123 0.019621 0.023247
v -0.053305 0.019629 0.024930
v -0.021481 0.022096 0.046035
v -0.025568 0.056908 -0.024626
v -0.087891 0.092657 0.044390
v -0.077476 0.118998 -0.015368
v -0.074475 0.029382 0.026187
v -0.082792 0.087792 -0.004799
v -0.075377 0.075078 -0.005829
v -0.031195 0.058702 -0.022923
v -0.053998 0.021018 0.027074
v -0.052531 0.021332 0.029409
v -0.047589 0.023026 0.037016
v -0.085226 0.108461 0.034035
v -0.023045 0.023255 0.043775
v -0.019827 0.023482 0.049205
v -0.072178 0.109928 -0.039938
v -0.023417 0.044406 0.055085
v -0.075288 0.065776 0.036192
v -0.052587 0.009396 0.034579
v -0.042632 0.118083 -0.009797
v -0.028760 0.135375 -0.017213
v -0.056995 0.052935 -0.021662
v -0.024861 0.023247 0.041423
v -0.018731 0.023737 0.050752
v -0.064984 0.055623 -0.018082
v -0.073475 0.083560 -0.008133
v 0.001125 0.069226 -0.020282
v -0.089907 0.075445 0.026903
v -0.053246 0.116957 -0.003200
v 0.006644 0.069736 -0.020138
v -0.023367 0.057205 0.044861
v -0.019658 0.057724 0.045391
v -0.046014 0.025261 0.038894
v -0.083016 0.077942 -0.002655
v -0.076743 0.065087 0.034775
v -0.018867 0.054222 0.052781
v -0.067683 0.139941 -0.059285
v -0.049669 0.050616 -0.021715
v -0.065016 0.048429 -0.018824
v -0.062045 0.083765 -0.008773
v -0.046252 0.027282 0.039528
v -0.025413 0.026655 0.042079
v -0.020068 0.028174 0.052077
v -0.017423 0.027667 0.053558
v -0.067881 0.027969 0.031553
v -0.009546 0.069245 -0.022036
v -0.092477 0.080983 0.042523
v -0.085862 0.073709 0.045590
v -0.060451 0.095418 -0.006778
v -0.056651 0.070898 -0.017366
v -0.068911 0.032580 0.036338
v 0.019132 0.055597 -0.023246
v -0.017975 0.048969 -0.037783
v -0.048343 0.028448 0.039171
v -0.083314 0.078084 0.049080
v -0.069866 0.084755 -0.008787
v -0.071778 0.111156 -0.043062
v -0.055742 0.065560 -0.018512
v -0.056209 0.063510 -0.019014
v -0.078485 0.099476 -0.005087
v -0.079360 0.080567 -0.005745
v -0.055264 0.104247 -0.001432
v -0.068640 0.078509 -0.008626
v -0.074578 0.065105 -0.010474
v -0.023361 0.028467 0.046745
v -0.023316 0.041719 0.055202
v -0.077034 0.114368 -0.009655
v -0.054349 0.087379 -0.005522
v -0.046998 0.063524 -0.021102
v -0.049067 0.113855 -0.005562
v -0.079830 0.069504 0.038606
v -0.072268 0.100080 -0.007241
v -0.072078 0.112881 -0.042576
v -0.034152 0.065592 -0.020619
v -0.019622 0.135420 -0.022917
v -0.077992 0.137273 -0.049591
v -0.032452 0.063727 -0.022049
v -0.055724 0.017158 0.011059
v -0.061591 0.099209 -0.006577
v -0.043274 -0.005521 -0.026529
v -0.043978 -0.004712 -0.025261
v -0.045658 -0.004572 -0.021910
v -0.046551 -0.004971 -0.018108
v -0.047340 -0.005445 -0.016506
v -0.047957 -0.004288 -0.013542
v -0.086628 0.087633 -0.001623
v 0.029189 0.077149 -0.003726
v 0.004500 0.061691 -0.021785
v -0.041432 -0.003457 -0.027690
v -0.042740 -0.003864 -0.027345
v -0.043436 -0.002087 -0.025126
v -0.044390 -0.002981 -0.023199
v -0.045703 -0.001982 -0.020747
v -0.046120 -0.002120 -0.018391
v -0.047670 -0.003583 -0.012463
v -0.011010 0.054348 -0.034328
v 0.029967 0.042312 -0.020147
v -0.070247 -0.001471 -0.000998
v 0.025577 0.075281 -0.008951
v -0.015414 0.084312 -0.005574
v -0.067249 0.129603 -0.056786
v -0.069467 0.128364 -0.052035
v -0.072621 0.128275 -0.045637
v -0.091460 0.091807 0.027981
v -0.061763 -0.001121 0.023717
v -0.066740 0.134291 -0.058937
v -0.073522 0.131497 -0.047653
v -0.078651 0.130748 -0.042742
v -0.040237 0.132135 -0.009581
v -0.040393 0.133448 -0.007604
v -0.090658 0.090998 0.034903
v -0.076716 0.137986 -0.051747
v -0.042278 -0.001816 -0.026674
v -0.044928 -0.001451 -0.022280
v -0.046451 -0.000904 -0.016422
v -0.047520 -0.000803 -0.012126
v -0.029562 0.072914 -0.017434
v -0.067165 0.000769 -0.004513
v -0.069394 0.001714 0.000267
v -0.091161 0.089446 0.037979
v -0.078018 0.121159 -0.026295
v -0.075114 0.121386 -0.031431
v -0.059591 -0.000017 0.021009
v -0.062620 0.000445 0.024552
v -0.064514 0.000623 0.027196
v -0.075334 0.125873 -0.038472
v -0.071140 0.118437 -0.043087
v -0.011057 0.081905 -0.010780
v -0.050765 0.125138 0.000063
v -0.067601 0.125493 -0.055683
v -0.077496 0.136550 -0.050449
v -0.073039 0.123092 -0.038942
v -0.041873 0.001500 -0.023285
v -0.045251 -0.000317 -0.019930
v -0.043605 0.003399 -0.016990
v -0.046824 0.000587 -0.012325
v -0.064221 0.001535 -0.006014
v -0.064981 0.003329 -0.003461
v -0.055870 0.117740 -0.000490
v -0.042688 0.074549 -0.015983
v -0.057076 0.001883 0.019721
v -0.058183 0.001799 0.021257
v -0.060682 0.002301 0.024137
v -0.063684 0.001892 0.026830
v -0.039864 0.083490 -0.010148
v -0.020065 0.054896 -0.032128
v -0.072533 0.115383 -0.034785
v -0.077479 0.115619 -0.014967
v -0.083578 0.090100 -0.003479
v -0.041494 0.000263 -0.025707
v -0.041518 0.004204 -0.022237
v -0.043944 0.002043 -0.020136
v -0.045866 0.003240 -0.011500
v -0.047870 0.000960 -0.011628
v -0.065871 0.003594 -0.001325
v -0.073823 0.114358 -0.026683
v -0.060508 0.003847 0.026167
v -0.061387 0.004692 0.028081
v -0.063706 0.003957 0.030620
v -0.080056 0.111143 0.000813
v -0.077123 0.114537 -0.013382
v -0.034132 0.136765 -0.011439
v -0.040130 0.002272 -0.024401
v -0.042215 0.004855 -0.018435
v -0.043908 0.004181 -0.015017
v -0.067101 0.005135 0.004189
v -0.075783 0.111562 -0.008892
v -0.076950 0.112473 -0.007133
v -0.054149 0.003626 0.018579
v -0.053738 0.004196 0.020269
v -0.056001 0.005941 0.025118
v -0.063173 0.005324 0.032912
v -0.063154 0.004755 0.037417
v -0.052052 0.123666 -0.001346
v -0.073953 0.124367 -0.038346
v -0.092627 0.092132 0.020497
v -0.035685 0.003389 -0.028339
v -0.037509 0.004800 -0.025467
v -0.057425 0.006310 -0.004587
v -0.060503 0.004556 -0.004492
v -0.059221 0.006587 -0.002115
v -0.058787 0.008157 0.001440
v -0.066212 0.005078 0.001958
v -0.065266 0.006168 0.005147
v -0.051686 0.005961 0.017927
v -0.060101 0.006379 0.030703
v -0.062104 0.005943 0.037021
v -0.053815 0.122341 0.000048
v -0.034495 -0.003057 -0.030519
v -0.076131 0.108744 -0.011187
v 0.011518 0.074725 -0.016676
v -0.074908 0.119546 -0.028120
v 0.003157 0.077382 -0.017406
v -0.055107 0.005920 -0.006550
v -0.059071 0.008273 0.003202
v -0.090034 0.093034 0.032171
v -0.071982 0.107049 -0.023672
v -0.071879 0.105641 -0.019525
v -0.073478 0.107874 -0.020112
v -0.051449 0.006823 0.019368
v -0.053551 0.006595 0.023440
v -0.054293 0.008310 0.027880
v -0.054184 0.009049 0.030290
v -0.060396 0.007105 0.034176
v -0.069962 0.119253 -0.048410
v -0.074692 0.130787 -0.045565
v -0.078833 0.128769 -0.039728
v -0.039748 0.006215 -0.021148
v -0.040934 0.006569 -0.016873
v -0.042067 0.007439 -0.012284
v -0.090259 0.109633 0.023549
v 0.016487 0.072801 -0.016155
v -0.054946 0.009137 -0.004950
v -0.056800 0.008246 -0.003134
v -0.050361 0.008167 0.017157
v -0.053345 0.008174 0.025277
v -0.057413 0.008237 0.033115
v -0.079159 0.127916 -0.034965
v 0.050141 0.026367 -0.000626
v -0.070555 0.125399 -0.048111
v -0.015695 0.081401 -0.008976
v 0.029048 0.052586 -0.019861
v -0.013450 0.073757 -0.017559
v -0.038225 0.007715 -0.016775
v -0.076272 0.107341 -0.008291
v -0.042894 0.008036 -0.011202
v 0.018759 0.051343 -0.025394
v -0.057295 0.010784 0.000268
v -0.058061 0.009907 0.002981
v -0.057332 0.010594 0.005944
v -0.091199 0.105834 0.016493
v -0.091586 0.105940 0.019282
v -0.050392 0.009077 0.018605
v -0.051759 0.009397 0.021912
v -0.053687 0.009313 0.033068
v -0.074241 0.128094 -0.042700
v -0.077851 0.133428 -0.046786
v -0.072887 0.117383 -0.033344
v -0.031354 0.008026 -0.024126
v -0.034392 0.008482 -0.019028
v -0.036655 0.008825 -0.013423
v -0.018793 0.076051 -0.016135
v -0.054573 0.011833 -0.004849
v -0.056100 0.011957 -0.002194
v -0.091458 0.104479 0.021378
v -0.049811 0.012536 0.016499
v -0.050401 0.012350 0.018895
v -0.052318 0.011279 0.024879
v -0.052749 0.010395 0.028376
v -0.084049 0.070416 0.003160
v 0.022515 0.074120 -0.012776
v 0.034116 0.062042 -0.012528
v -0.028775 0.009688 -0.023341
v -0.030587 0.009649 -0.020521
v -0.030553 0.011004 -0.017715
v -0.031900 0.009816 -0.017322
v -0.034218 0.009872 -0.013442
v 0.027858 0.059686 -0.017526
v 0.045687 0.029742 0.002750
v 0.033291 0.071595 -0.005845
v -0.052711 0.012215 -0.006568
v -0.057063 0.014208 0.002586
v -0.071870 0.029035 0.029215
v -0.072258 0.103333 -0.009755
v -0.051619 0.013865 0.022503
v -0.052177 0.012246 0.028659
v -0.000318 0.086116 -0.006778
v -0.073231 0.119889 -0.034349
v -0.062484 0.132213 -0.061848
v -0.057142 0.073309 -0.015964
v -0.084814 0.093448 -0.000675
v -0.035558 0.069079 -0.019768
v -0.026843 0.009799 -0.025247
v -0.028898 0.011053 -0.022451
v -0.029651 0.011151 -0.020462
v -0.029758 0.011019 -0.019289
v -0.031737 0.011362 -0.013234
v -0.053893 0.014853 -0.005915
v -0.055078 0.015559 -0.003980
v -0.056678 0.015772 -0.000141
v -0.055784 0.014238 0.008067
v -0.086068 0.107989 0.007120
v -0.077300 0.112826 -0.002307
v -0.045529 0.076694 -0.015647
v -0.026663 0.138702 -0.017553
v -0.029493 0.012378 -0.020687
v -0.030321 0.012834 -0.017002
v -0.030603 0.012763 -0.015212
v -0.031463 0.012795 -0.013431
v 0.035082 0.054660 -0.013442
v -0.052916 0.086265 -0.005890
v -0.014600 0.071117 -0.019426
v -0.056916 0.015506 0.003967
v -0.051860 0.015117 0.028495
v 0.014066 0.052713 -0.027753
v -0.049885 0.125159 -0.003367
v -0.078559 0.123815 -0.031000
v -0.020708 0.140580 -0.022279
v -0.026129 0.014850 -0.027289
v -0.028457 0.015726 -0.023501
v -0.029794 0.014351 -0.020994
v -0.015000 0.068682 -0.020541
v -0.056944 0.016443 0.005117
v -0.056045 0.016459 0.008403
v -0.052461 0.016094 0.013193
v -0.088891 0.093163 0.003509
v -0.090259 0.093423 0.006666
v -0.089728 0.107511 0.010888
v -0.074326 0.109983 -0.031431
v -0.046446 0.124542 -0.007475
v -0.027255 0.016992 -0.026484
v -0.030235 0.016213 -0.019380
v -0.031118 0.018468 -0.017426
v -0.030722 0.015708 -0.015550
v -0.032285 0.016595 -0.011842
v 0.032127 0.056405 -0.015152
v -0.017979 0.070345 -0.020182
v -0.053327 0.017716 -0.007554
v -0.056473 0.021053 -0.004145
v -0.056600 0.018638 -0.001360
v -0.057326 0.018594 0.000539
v -0.057609 0.017557 0.004902
v -0.058370 0.018247 0.006981
v -0.057030 0.017749 0.009325
v -0.089944 0.096653 0.013518
v -0.054596 0.017713 0.019613
v -0.069153 0.122754 -0.051470
v -0.091410 0.093032 0.025090
v -0.078311 0.131890 -0.044633
v -0.022904 0.139399 -0.020601
v -0.014078 0.143134 -0.027942
v -0.031461 0.017161 -0.014515
v -0.059162 0.019760 0.002168
v -0.090071 0.096541 0.022655
v -0.070813 0.112422 -0.045942
v -0.078975 0.132280 -0.043670
v -0.078811 0.133664 -0.045535
v -0.080391 0.109947 0.000622
v -0.017128 0.144242 -0.025005
v -0.025480 0.018490 -0.030206
v -0.028917 0.017929 -0.022920
v -0.030243 0.019955 -0.020243
v -0.032082 0.019131 -0.013983
v -0.021735 0.069322 -0.021192
v 0.015729 0.049968 -0.028272
v 0.007892 0.054655 -0.029436
v -0.057527 0.020063 -0.001704
v -0.058191 0.020221 -0.000628
v -0.039608 0.057738 -0.022055
v -0.090144 0.092509 0.036956
v -0.054462 0.120711 -0.000753
v -0.077801 0.110949 -0.003345
v -0.042673 0.069839 -0.018738
v 0.029267 0.072472 -0.009360
v -0.026030 0.020480 -0.030676
v -0.027679 0.021033 -0.028768
v -0.028678 0.021987 -0.027022
v -0.038500 -0.003515 -0.029410
v -0.012709 0.071000 -0.019555
v -0.005940 0.070132 -0.022147
v 0.000713 0.073920 -0.019591
v 0.002695 0.052953 -0.032637
v 0.010365 0.059092 -0.022671
v -0.066148 0.022592 -0.001146
v -0.071960 0.101386 -0.007761
v -0.021662 -0.003646 0.053565
v -0.065688 0.118054 -0.055021
v -0.089497 0.103851 0.013059
v -0.046307 0.128623 -0.005370
v -0.077969 0.122070 -0.022289
v -0.083972 0.111528 0.005422
v 0.052244 0.026502 -0.000200
v 0.030051 0.070551 -0.010311
v -0.029359 0.022786 -0.024848
v -0.030542 0.022118 -0.021549
v -0.032713 0.022680 -0.015614
v -0.033207 0.021115 -0.014594
v 0.020442 0.061070 -0.021537
v -0.018455 0.067538 -0.022214
v 0.006605 0.057267 -0.026387
v -0.001134 0.054750 -0.032901
v 0.053065 0.028963 0.001906
v -0.065727 0.023005 -0.003061
v -0.069441 0.024226 0.000472
v -0.080060 0.031526 0.017337
v -0.068003 0.120243 -0.055426
v -0.066488 0.121250 -0.057418
v -0.074769 0.115473 -0.021006
v -0.078382 0.122445 -0.028364
v -0.028951 0.081234 -0.008571
v -0.032281 0.022998 -0.017725
v -0.033295 0.022781 -0.014082
v -0.019785 -0.005129 -0.027643
v 0.004492 0.059433 -0.023139
v -0.068917 0.028070 -0.005303
v -0.071109 0.026108 -0.000508
v -0.066602 0.106723 -0.024431
v -0.074955 0.026393 0.008292
v -0.061960 0.135886 -0.061449
v -0.079256 0.130953 -0.041578
v -0.084046 0.109988 0.004259
v 0.015738 0.081457 -0.010150
v -0.024100 0.024222 -0.033492
v -0.026054 0.025528 -0.032180
v -0.030404 0.024399 -0.023057
v 0.010625 0.064049 -0.020290
v 0.007466 0.059727 -0.022122
v -0.074039 0.027440 0.001280
v -0.075408 0.028007 0.003521
v -0.076094 0.027749 0.006526
v -0.073558 0.092396 -0.007768
v -0.062218 0.134366 -0.061857
v -0.044641 0.079405 -0.014124
v -0.023497 0.080593 -0.010351
v -0.029902 0.025345 -0.027684
v -0.030831 0.025898 -0.024922
v -0.031512 0.026415 -0.021977
v -0.032427 0.025562 -0.018933
v 0.013416 0.061672 -0.022483
v -0.002452 0.073215 -0.018992
v -0.072378 0.029537 -0.003023
v -0.075678 0.030578 -0.000750
v -0.077299 0.029418 0.007402
v -0.075509 0.096381 -0.006380
v -0.063084 0.027150 0.033751
v -0.072882 0.112804 -0.037275
v 0.019116 0.046111 -0.027236
v -0.072300 0.107799 -0.025879
v -0.028756 0.027694 -0.029835
v -0.032922 0.027578 -0.018747
v -0.034635 0.026700 -0.015328
v 0.014501 0.063347 -0.021316
v -0.071052 0.029527 -0.005507
v -0.077169 0.030595 0.003435
v -0.091652 0.108439 0.018051
v -0.086796 0.109835 0.008350
v -0.075013 0.111458 -0.026736
v -0.019090 0.144529 -0.022741
v -0.027046 0.030204 -0.034323
v -0.027988 0.028523 -0.031945
v -0.030074 0.028692 -0.028488
v -0.031561 0.029510 -0.024928
v -0.032616 0.031006 -0.023447
v -0.033563 0.031419 -0.020898
v -0.034592 0.028381 -0.016993
v 0.003037 0.063826 -0.021923
v -0.072784 0.031004 -0.006672
v -0.076081 0.032232 -0.005207
v -0.077848 0.032834 -0.003530
v -0.077581 0.032180 0.000297
v -0.080709 0.033618 0.002902
v -0.079742 0.031538 0.006251
v -0.080998 0.032295 0.010069
v -0.081110 0.032581 0.014736
v -0.091492 0.108507 0.021143
v -0.075313 0.114065 -0.017292
v -0.090742 0.095235 0.015972
v -0.020281 0.067399 -0.022286
v -0.074845 0.033594 -0.007993
v -0.079225 0.033932 -0.002339
v -0.082364 0.035073 0.004305
v -0.081896 0.033900 0.007537
v 0.013419 0.048662 -0.030471
v -0.057587 0.029228 0.037926
v -0.079016 0.125343 -0.032243
v -0.030524 0.033569 -0.031537
v -0.032312 0.032959 -0.026912
v -0.033741 0.033895 -0.023001
v -0.034851 0.031420 -0.018378
v -0.046590 0.070850 -0.017780
v 0.005437 0.083685 -0.010233
v 0.003950 0.057204 -0.027841
v -0.079057 0.034531 -0.004210
v -0.081016 0.036273 -0.000288
v -0.082201 0.035725 0.002238
v -0.082537 0.036160 0.011712
v -0.082010 0.035076 0.013947
v -0.017645 0.137640 -0.024764
v 0.022575 0.064229 -0.017984
v -0.029043 0.077886 -0.013045
v -0.048343 0.070881 -0.018135
v 0.005271 0.076929 -0.017640
v -0.003281 0.085403 -0.008478
v -0.000416 0.058413 -0.027361
v -0.078591 0.036396 -0.006181
v -0.080911 0.036844 -0.002760
v -0.083686 0.036710 0.006164
v -0.085024 0.038384 0.008003
v -0.047123 0.047151 -0.021979
v -0.022180 0.055426 -0.029284
v 0.000070 0.059910 -0.023628
v -0.090759 0.110348 0.015279
v -0.028858 0.035068 -0.034789
v -0.030749 0.036737 -0.033359
v -0.031810 0.034991 -0.029095
v -0.034039 0.035608 -0.024773
v 0.023504 0.060804 -0.020034
v -0.051060 0.070586 -0.018460
v 0.017712 0.076602 -0.013714
v -0.082611 0.038455 0.000441
v -0.083902 0.037672 0.003788
v -0.085244 0.038982 0.009996
v -0.085659 0.039235 0.013002
v -0.084697 0.037968 0.016862
v -0.083098 0.037718 0.021231
v -0.082973 0.039036 0.023368
v -0.075820 0.111511 -0.020145
v 0.007761 0.073441 -0.019118
v -0.032220 0.037692 -0.031193
v -0.033393 0.036315 -0.027458
v -0.034901 0.035972 -0.020788
v -0.016367 0.075592 -0.016563
v -0.075390 0.039236 -0.010418
v -0.080917 0.040606 -0.005052
v -0.082079 0.040162 -0.002068
v -0.084703 0.039223 0.004838
v -0.086337 0.040460 0.014606
v -0.086040 0.039942 0.016600
v -0.085314 0.040526 0.020121
v -0.022943 0.052891 -0.033931
v -0.076154 0.103922 -0.005426
v -0.023356 0.056230 -0.025546
v -0.032534 0.036570 -0.028854
v -0.034495 0.037269 -0.023359
v -0.009114 0.055441 -0.033054
v 0.012637 0.077134 -0.015580
v 0.010349 0.072663 -0.018806
v -0.073073 0.040471 -0.014174
v -0.083785 0.041508 0.001936
v -0.085996 0.040720 0.007443
v -0.086093 0.041204 0.007865
v -0.086722 0.041250 0.013957
v -0.079413 0.104127 -0.002873
v -0.077211 0.116589 -0.019552
v -0.076686 0.113186 -0.009771
v -0.032396 0.039681 -0.030126
v -0.032981 0.039077 -0.027679
v -0.033931 0.038507 -0.026199
v -0.034673 0.038273 -0.022133
v -0.080543 0.043547 -0.007060
v -0.082367 0.044151 -0.005330
v -0.082817 0.041539 -0.002059
v -0.085089 0.041979 0.004897
v -0.086297 0.043500 0.019114
v -0.085663 0.043705 0.021425
v -0.084524 0.042634 0.022812
v -0.075753 0.110160 -0.019251
v 0.054091 0.024995 -0.000112
v -0.034676 0.040034 -0.023532
v -0.035849 0.040852 -0.022094
v -0.028069 0.075677 -0.015076
v -0.040272 0.076405 -0.014897
v -0.076843 0.044076 -0.012200
v -0.078866 0.042538 -0.009499
v -0.083975 0.043250 -0.002807
v -0.085077 0.044449 -0.000890
v -0.085772 0.044375 0.001697
v -0.086161 0.043303 0.006706
v -0.086841 0.044338 0.012093
v -0.086644 0.044428 0.017609
v -0.084848 0.044384 0.024762
v -0.074659 0.114217 -0.019743
v 0.031740 0.072255 -0.007275
v -0.050652 0.074638 -0.016258
v -0.031313 0.040526 -0.032094
v -0.032655 0.043103 -0.029212
v -0.033759 0.043280 -0.025239
v -0.079540 0.044586 -0.009410
v -0.084494 0.044967 -0.003008
v -0.087272 0.045303 0.003810
v -0.088190 0.046620 0.005495
v -0.086799 0.044902 0.008968
v -0.086936 0.045269 0.014511
v -0.086516 0.045829 0.023153
v -0.087987 0.103123 0.010920
v -0.074956 0.112977 -0.016478
v -0.029621 0.043272 -0.033969
v 0.012570 0.055173 -0.026392
v -0.059307 0.079641 -0.010259
v -0.075558 0.044938 -0.014135
v -0.084969 0.047835 -0.002629
v -0.085801 0.046049 -0.000257
v -0.088269 0.047204 0.008494
v -0.088681 0.046865 0.011891
v -0.088505 0.047384 0.017427
v -0.088327 0.048114 0.020776
v -0.074822 0.117229 -0.023846
v -0.028039 0.044453 -0.035810
v -0.030907 0.044535 -0.030973
v -0.033097 0.043624 -0.027008
v -0.077814 0.047909 -0.011829
v -0.080639 0.047935 -0.007893
v -0.087148 0.047398 0.002089
v -0.019360 0.147099 -0.019432
v -0.028854 0.046171 -0.034181
v -0.032047 0.046553 -0.026708
v -0.032817 0.046140 -0.025597
v -0.035079 0.045754 -0.024308
v -0.001154 0.081864 -0.011355
v -0.078881 0.050173 -0.010027
v -0.082741 0.049384 -0.006225
v -0.085617 0.048806 -0.000904
v -0.087652 0.049431 0.003218
v -0.088664 0.049471 0.006406
v -0.089410 0.049421 0.011098
v -0.089508 0.050057 0.014679
v -0.089403 0.049924 0.018627
v -0.062197 -0.004258 -0.008690
v -0.029804 0.048089 -0.030975
v -0.052232 -0.004480 -0.012384
v -0.083657 0.050749 -0.005726
v -0.084872 0.050909 -0.003883
v -0.086011 0.051183 0.001273
v -0.089833 0.051682 0.015164
v -0.088417 0.050654 0.022983
v -0.059891 0.075597 -0.013473
v -0.075863 0.111452 -0.015475
v -0.085583 0.053023 -0.001821
v -0.074653 0.101563 -0.006589
v 0.000436 0.077104 -0.017279
v -0.054651 0.078504 -0.013216
v -0.004093 0.058473 -0.027892
v -0.026952 0.077284 -0.013883
v 0.005077 0.055537 -0.030301
v 0.024699 0.058476 -0.020443
v 0.028445 0.067251 -0.013468
v -0.030725 0.074304 -0.016698
v -0.036633 0.075042 -0.016239
v 0.027310 0.056697 -0.019615
v 0.005839 0.081821 -0.013077
v 0.047929 0.021990 -0.003616
v -0.049236 -0.003777 -0.012478
v 0.007774 0.048694 -0.032665
v -0.012171 0.057873 -0.028926
v -0.034734 0.060910 -0.022347
v -0.011747 0.051966 -0.036225
v -0.032755 0.005664 -0.027272
v 0.029394 0.054812 -0.018848
v 0.057225 0.027919 0.003158
v 0.017315 0.066058 -0.017949
v -0.026492 0.072387 -0.017157
v -0.003992 0.071980 -0.020563
v -0.017631 0.073350 -0.018869
v 0.003383 0.085118 -0.008709
v 0.045161 0.025393 -0.000647
v 0.022166 0.051875 -0.023413
v 0.034765 0.052622 -0.015604
v 0.005015 0.071120 -0.020315
v -0.007481 0.076372 -0.016119
v -0.016591 0.061993 -0.023655
v 0.009854 0.080107 -0.014320
v 0.032911 0.068724 -0.008781
v -0.035681 0.005779 -0.025777
v -0.030551 0.005399 -0.027928
v 0.035556 0.050965 -0.015986
v 0.037037 0.050186 -0.014579
v -0.018878 0.074410 -0.018027
v -0.056956 -0.005693 -0.011153
v -0.008706 0.051518 -0.036096
v 0.016098 0.077934 -0.013410
v 0.003809 0.073839 -0.019843
v 0.025603 0.068558 -0.014214
v -0.009809 0.058139 -0.028555
v -0.032731 -0.004478 -0.030901
v 0.056048 0.027315 0.001879
v -0.003726 0.077546 -0.015407
v -0.050426 0.079076 -0.013838
v -0.060936 -0.000071 -0.008173
v 0.025179 0.065054 -0.016561
v -0.031981 0.075642 -0.015456
v 0.046534 0.027986 0.001277
v -0.018489 0.146884 -0.021295
v 0.013627 0.079389 -0.013497
v -0.014192 0.077194 -0.015671
v -0.008229 0.061910 -0.023969
v 0.023027 0.044180 -0.025711
v 0.053406 0.018614 -0.002885
v 0.053794 0.020873 -0.002583
v -0.032361 0.070269 -0.018374
v -0.037774 0.082250 -0.010469
v 0.047157 0.031799 0.005033
v 0.048314 0.031811 0.005814
v -0.016942 0.146608 -0.023288
v -0.006740 0.072851 -0.020083
v -0.034086 0.073093 -0.017358
v -0.008818 0.072726 -0.019908
v 0.050669 0.031179 0.004322
v 0.053767 0.031439 0.005115
v 0.026083 0.062662 -0.017524
v 0.023378 0.023454 -0.024783
v -0.044447 0.072379 -0.016701
v -0.017116 -0.004460 -0.026716
v 0.024773 0.070924 -0.012782
v -0.031167 -0.004819 -0.030545
v -0.004882 0.055379 -0.032984
v 0.025103 0.043873 -0.024438
v -0.005789 0.084662 -0.009823
v -0.028378 0.118599 -0.012177
v -0.027297 -0.005470 -0.029328
v 0.010166 0.053109 -0.029677
v 0.017046 0.049434 -0.027407
v -0.050896 0.086438 -0.006002
v -0.039133 0.078623 -0.013188
v 0.023641 0.075675 -0.011048
v -0.038858 0.071423 -0.018434
v -0.012589 0.062874 -0.024045
v -0.031365 0.003618 -0.029178
v -0.058633 0.116582 0.001999
v 0.003071 0.080395 -0.013822
v -0.007043 0.085257 -0.009068
v -0.012668 0.143562 -0.028195
v 0.000868 0.066174 -0.021388
v -0.013112 0.050923 -0.036903
v 0.033573 0.066608 -0.010027
v -0.000384 0.084399 -0.008824
v -0.021108 0.071986 -0.019032
v -0.023258 0.058974 -0.024183
v -0.017902 0.051792 -0.036229
v -0.064369 0.114026 0.001679
v -0.060289 0.113129 0.000531
v -0.058394 0.114676 0.000392
v -0.047888 0.121596 -0.006961
v -0.020045 0.058689 -0.024350
v -0.011122 0.139153 -0.029839
v -0.011340 0.141537 -0.029269
v -0.056138 -0.002795 -0.010706
v -0.016215 0.058681 -0.024385
v -0.013998 0.058965 -0.024685
v 0.009509 0.055964 -0.027029
v -0.020814 0.062400 -0.023702
v -0.061857 0.112570 0.000225
v 0.014192 0.069903 -0.018164
v -0.026180 0.067826 -0.021541
v -0.007686 0.059657 -0.025137
v -0.060607 -0.005156 -0.009676
v -0.062529 -0.006048 -0.009104
v 0.034563 0.064081 -0.011087
v -0.035997 0.078229 -0.012627
v -0.062889 0.111921 -0.001067
v -0.056398 0.112691 -0.001453
v 0.017427 0.068895 -0.017054
v -0.058044 0.083774 -0.007813
v -0.032165 0.001657 -0.030009
v 0.022173 0.068543 -0.015266
v -0.058026 0.110440 -0.001177
v 0.008144 0.062121 -0.020958
v 0.017709 0.061695 -0.022109
v -0.010382 0.048157 -0.037076
v 0.012768 0.058026 -0.023170
v -0.005007 0.061305 -0.023233
v 0.004808 0.058531 -0.024309
v -0.035019 0.001856 -0.029392
v -0.039228 0.008204 -0.013052
v 0.030278 0.065808 -0.013496
v 0.009735 0.076293 -0.016445
v -0.053550 0.080886 -0.011296
v 0.008383 0.057961 -0.024049
v -0.059592 0.107597 -0.002031
v -0.058760 0.107563 -0.001914
v 0.021364 0.081587 -0.005433
v -0.002388 0.063112 -0.022831
v -0.009229 0.074587 -0.017178
v -0.003778 0.075102 -0.017270
v 0.011794 0.057538 -0.023658
v -0.061570 0.108257 -0.003066
v -0.057584 0.107537 -0.001808
v 0.001119 0.061047 -0.022796
v -0.048738 0.075588 -0.015551
v 0.001114 0.055706 -0.031176
v 0.051191 0.022281 -0.003225
v -0.060100 0.001492 -0.007762
v -0.017721 0.057854 -0.025415
v -0.013159 0.047791 -0.038339
v -0.005767 0.058695 -0.027667
v 0.022543 0.055694 -0.021839
v 0.025944 0.054987 -0.020745
v -0.058453 0.003910 -0.006536
v -0.059353 0.103697 -0.002758
v 0.032146 0.051713 -0.018461
v -0.055872 0.001090 -0.009388
v 0.022099 0.022676 -0.025855
v -0.037488 0.000957 -0.028602
v 0.017242 0.083851 -0.005692
v -0.024544 0.073503 -0.016855
v -0.052471 0.076316 -0.015160
v -0.022511 0.051053 -0.035722
v 0.012134 -0.004119 -0.021568
v 0.008673 0.051790 -0.031082
v -0.055505 0.101633 -0.002335
v 0.016167 0.060529 -0.022438
v -0.005398 0.052327 -0.035264
v -0.016498 0.053582 -0.034606
v -0.058376 0.100640 -0.004784
v 0.055736 0.029909 0.003806
v -0.011319 0.046439 -0.038524
v 0.017226 0.081822 -0.008224
v 0.028040 0.038896 -0.022510
v 0.025403 0.039950 -0.024634
v 0.016433 0.046747 -0.028955
v -0.056574 0.098911 -0.004490
v 0.051263 0.019280 -0.004112
v 0.049216 0.020132 -0.004525
v -0.022882 0.062333 -0.023908
v -0.052852 -0.000157 -0.011176
v -0.054933 -0.005281 -0.011935
v -0.050042 0.092676 -0.001133
v -0.048370 0.091395 0.000672
v -0.046436 0.089917 0.002185
v 0.045238 0.019458 -0.004799
v 0.005480 0.054008 -0.031581
v 0.039519 0.018419 -0.004864
v -0.015362 -0.003002 -0.026671
v -0.058225 0.097348 -0.005765
v -0.055349 0.095713 -0.003674
v -0.052819 0.093557 -0.003773
v 0.033563 0.045077 -0.018722
v -0.022419 0.056999 -0.024727
v -0.058747 -0.006167 -0.010648
v -0.047032 0.089283 0.000413
v 0.010168 0.060803 -0.022271
v -0.001510 0.089590 -0.000816
v 0.003662 0.089963 -0.000545
v -0.068329 0.141055 -0.058272
v 0.014898 0.055978 -0.023955
v -0.049895 -0.002695 -0.011954
v -0.053025 0.092037 -0.004448
v -0.050258 0.089876 -0.002502
v -0.048197 0.089239 -0.001190
v -0.011458 0.087479 -0.002537
v -0.037794 0.060900 -0.021827
v -0.010752 0.060443 -0.024258
v -0.057152 0.092083 -0.006110
v -0.043097 0.087218 -0.004512
v -0.017781 0.085296 -0.003107
v -0.007039 0.088045 -0.003797
v 0.000380 0.088304 -0.003238
v 0.005672 0.086935 -0.006516
v 0.016002 0.086549 -0.001653
v 0.030664 0.006276 -0.006484
v 0.010540 -0.003725 -0.022579
v -0.065716 0.139859 -0.060239
v -0.052382 0.088316 -0.004480
v -0.051217 0.087985 -0.004281
v -0.049538 0.088114 -0.003693
v -0.046916 0.088210 -0.003113
v -0.015410 0.085771 -0.003207
v -0.006622 0.087279 -0.005863
v -0.003632 0.087059 -0.006421
v 0.008737 0.087559 -0.004589
v -0.063393 0.138381 -0.060712
v 0.012300 0.086242 -0.004855
v 0.007973 -0.005544 -0.020724
v 0.003267 -0.005064 -0.022917
v -0.000039 -0.004984 -0.023640
v -0.003209 -0.004999 -0.023913
v -0.007592 -0.005136 -0.024433
v -0.044493 0.058683 -0.021540
v -0.013048 -0.004952 -0.025643
v -0.049260 0.060249 -0.021904
v -0.025924 -0.004802 -0.028961
v 0.005302 -0.003734 -0.023620
v 0.000754 -0.003743 -0.024421
v -0.003487 -0.003546 -0.024835
v -0.053452 0.058927 -0.021902
v -0.020578 -0.002443 -0.028239
v -0.024374 -0.003224 -0.029003
v -0.012819 0.128986 -0.023380
v -0.027842 0.129805 -0.018077
v -0.055174 0.057413 -0.021432
v -0.057120 0.060299 -0.019553
v -0.059967 0.058950 -0.018809
v -0.063288 -0.006131 -0.007924
v -0.066346 -0.005997 -0.007050
v -0.067501 -0.006066 -0.005885
v 0.011570 -0.002389 -0.022774
v 0.004552 -0.002314 -0.024213
v -0.001373 -0.001304 -0.025192
v -0.006735 -0.000577 -0.025823
v -0.012042 0.000144 -0.026482
v -0.063513 0.058113 -0.017461
v -0.077644 0.083364 -0.006866
v -0.068563 0.059982 -0.015288
v -0.074571 0.057753 -0.013576
v -0.016920 0.133016 -0.023574
v -0.025890 0.132799 -0.019289
v -0.042949 0.120058 -0.010162
v 0.001981 0.071894 -0.020235
v -0.032368 0.117536 -0.011510
v -0.064839 -0.003377 -0.007732
v -0.066300 -0.003659 -0.007181
v -0.068280 -0.004404 -0.005937
v 0.025123 -0.003742 0.000169
v 0.022787 -0.003081 -0.002066
v 0.011298 -0.000966 -0.022954
v 0.007904 0.000614 -0.023456
v 0.004359 -0.001206 -0.024283
v -0.015187 0.000626 -0.027327
v -0.020094 0.000983 -0.028626
v -0.023201 0.001660 -0.029047
v -0.073370 0.098073 -0.006953
v -0.067545 -0.002492 -0.006210
v -0.069532 -0.003168 -0.004054
v -0.070767 -0.003523 -0.001056
v 0.032211 -0.001469 -0.000766
v 0.026034 -0.001667 -0.002548
v -0.015692 0.127307 -0.020440
v 0.012389 0.000478 -0.023103
v 0.003492 0.001808 -0.024133
v 0.000925 0.001997 -0.024576
v -0.005977 0.000838 -0.025840
v -0.028882 0.002137 -0.029597
v -0.065792 0.100336 -0.007763
v -0.022161 0.133554 -0.021089
v -0.066424 -0.000031 -0.005964
v 0.036194 -0.000117 -0.001010
v 0.032871 -0.000137 -0.002095
v 0.027628 0.001175 -0.004499
v -0.079752 0.091350 -0.004856
v -0.057833 0.066730 -0.018063
v 0.014145 0.003569 -0.024247
v 0.007662 0.001884 -0.023789
v -0.003974 0.002151 -0.025485
v -0.009602 0.002293 -0.025962
v -0.012413 0.003628 -0.026353
v -0.016093 0.003780 -0.027304
v -0.018644 0.003707 -0.028002
v -0.075924 0.093415 -0.007078
v -0.049965 0.003169 -0.010498
v -0.067653 0.001256 -0.001772
v 0.035111 0.001487 -0.003148
v 0.031599 0.004315 -0.005521
v -0.062689 -0.004704 0.019836
v 0.017824 0.004082 -0.022912
v 0.011072 0.004084 -0.024962
v 0.005544 0.003642 -0.024623
v -0.000775 0.003574 -0.025024
v -0.004514 0.003549 -0.025937
v -0.009112 0.003596 -0.026189
v -0.021945 0.006106 -0.027823
v -0.025612 0.004500 -0.028446
v -0.065005 0.066967 -0.014556
v -0.039449 0.118606 -0.011285
v -0.045850 0.118053 -0.008421
v 0.038264 0.003957 -0.004080
v 0.035729 0.006090 -0.005959
v 0.010203 0.006390 -0.025543
v 0.004038 0.005169 -0.025984
v -0.000502 0.004997 -0.026355
v -0.001754 0.006754 -0.028907
v -0.005080 0.005970 -0.029147
v -0.008117 0.005382 -0.028722
v -0.009990 0.006218 -0.029182
v -0.014345 0.005254 -0.028037
v -0.017453 0.005275 -0.027817
v -0.020935 0.005693 -0.027833
v -0.046411 0.115391 -0.007383
v -0.034576 -0.003863 0.047810
v -0.027205 0.060019 -0.023737
v -0.047163 0.119273 -0.007674
v -0.024367 0.136095 -0.020080
v 0.041390 0.005460 -0.003744
v -0.040631 0.061021 -0.021387
v 0.015170 0.007644 -0.024676
v 0.013336 0.006821 -0.025120
v 0.007104 0.006367 -0.025982
v 0.003749 0.006730 -0.027964
v -0.007668 0.006991 -0.029991
v -0.014381 0.006927 -0.029605
v -0.019835 0.006989 -0.028331
v -0.021006 0.006734 -0.027845
v -0.025822 0.006672 -0.026988
v -0.011051 0.134570 -0.028555
v -0.043917 0.006353 -0.011033
v -0.047378 0.006527 -0.009895
v 0.044629 0.006126 -0.002743
v 0.039907 0.008743 -0.006046
v 0.033359 0.006255 -0.005976
v -0.054672 0.061046 -0.020835
v 0.019372 0.007762 -0.021990
v 0.017119 0.008662 -0.023869
v 0.009988 0.009265 -0.028006
v 0.007067 0.008561 -0.027687
v 0.003366 0.008281 -0.029247
v -0.000201 0.008393 -0.030088
v -0.002875 0.008563 -0.030246
v -0.011447 0.010202 -0.031260
v -0.023137 0.008062 -0.027423
v -0.025885 0.007832 -0.026222
v -0.027865 0.007951 -0.025497
v -0.021627 0.131580 -0.020733
v -0.049938 0.006508 -0.009087
v -0.054249 0.100450 -0.001546
v -0.036601 0.123656 -0.014015
v -0.063505 0.061685 -0.018028
v 0.043681 0.007576 -0.004664
v 0.038861 0.009656 -0.006507
v 0.032727 0.008853 -0.006394
v -0.065204 0.059468 -0.016841
v 0.018852 0.009202 -0.023271
v 0.014230 0.009583 -0.026865
v 0.005379 0.010441 -0.028962
v 0.002638 0.010087 -0.030100
v 0.000020 0.010105 -0.030726
v -0.004331 0.011181 -0.031247
v -0.009758 0.009490 -0.030917
v -0.015463 0.011152 -0.031765
v -0.017634 0.011061 -0.031135
v -0.020617 0.011061 -0.029889
v -0.025440 0.009425 -0.026428
v -0.028098 0.009021 -0.024136
v -0.075431 0.079586 -0.007561
v -0.084303 0.070498 0.037908
v -0.047974 0.011413 -0.009022
v -0.053235 0.008452 -0.006635
v -0.070848 0.062225 -0.013859
v -0.073322 0.068932 0.038270
v 0.042234 0.010792 -0.006790
v 0.033793 0.010704 -0.006730
v 0.022275 0.010905 -0.023407
v 0.020195 0.012049 -0.025708
v 0.016138 0.011721 -0.026553
v 0.014049 0.012714 -0.027712
v 0.006821 0.013116 -0.030164
v -0.002583 0.012109 -0.031199
v -0.006839 0.012817 -0.032626
v -0.013341 0.012047 -0.032120
v -0.072464 0.086737 -0.008736
v -0.039641 0.068388 -0.019732
v -0.038933 0.009279 -0.011694
v -0.045802 0.011570 -0.010061
v -0.050189 0.011942 -0.008256
v 0.045071 0.013025 -0.006240
v -0.090953 0.075436 0.024067
v 0.023863 0.012366 -0.022765
v 0.004473 0.012703 -0.029692
v 0.001504 0.013012 -0.030239
v -0.010980 0.012895 -0.033332
v -0.019315 0.014158 -0.031873
v -0.023978 0.013912 -0.028701
v -0.033001 0.010746 -0.011046
v -0.034878 0.010735 -0.010832
v -0.036900 0.010740 -0.010795
v -0.040293 0.010502 -0.011154
v -0.043931 0.011870 -0.010789
v 0.037998 0.011946 -0.006707
v -0.054109 0.027430 0.037148
v 0.022034 0.014430 -0.026120
v 0.018268 0.013911 -0.027663
v 0.013193 0.015180 -0.029160
v 0.008842 0.014433 -0.030353
v 0.000068 0.014312 -0.030781
v -0.003242 0.014697 -0.032317
v -0.009410 0.014391 -0.033633
v -0.012167 0.015694 -0.033965
v -0.013450 0.015819 -0.033984
v -0.060918 0.088586 -0.007795
v -0.022969 -0.004608 0.052282
v -0.010798 0.131891 -0.027062
v -0.032587 0.013173 -0.010478
v -0.033826 0.012052 -0.010223
v -0.036134 0.012988 -0.010330
v -0.039786 0.012589 -0.010878
v -0.042229 0.013735 -0.011245
v -0.066855 0.119700 -0.056386
v 0.042695 0.013439 -0.006820
v 0.039096 0.013833 -0.006591
v 0.036966 0.013864 -0.006483
v 0.018520 0.015178 -0.027977
v 0.007871 0.016115 -0.030714
v 0.004663 0.016001 -0.030633
v 0.001834 0.016492 -0.031931
v -0.000946 0.016811 -0.032174
v -0.003971 0.017425 -0.033062
v -0.006622 0.017020 -0.033211
v -0.033804 0.014335 -0.010279
v -0.048018 0.015940 -0.010493
v -0.089526 0.073118 0.039314
v 0.049632 0.015743 -0.004930
v 0.044078 0.015729 -0.006207
v 0.042144 0.015315 -0.006421
v 0.021879 0.017779 -0.026479
v 0.016836 0.016913 -0.028540
v 0.012752 0.016997 -0.029458
v 0.003272 0.018428 -0.032151
v -0.010120 0.018807 -0.034179
v -0.016071 0.018676 -0.035413
v -0.022843 0.019377 -0.032610
v -0.070581 0.030960 0.033499
v -0.035750 0.017254 -0.010901
v -0.037569 0.018485 -0.011274
v -0.044712 0.015852 -0.011251
v -0.049060 0.015193 -0.009962
v -0.019168 -0.003928 0.052603
v 0.047446 0.017561 -0.005611
v 0.038610 0.016158 -0.005729
v 0.038022 0.017198 -0.005787
v 0.009581 0.020562 -0.030029
v 0.005389 0.018933 -0.030811
v 0.001752 0.020717 -0.033211
v -0.000662 0.020561 -0.033571
v -0.005596 0.020429 -0.034875
v -0.008376 0.018675 -0.033924
v -0.019763 0.020207 -0.034698
v -0.053528 0.104143 -0.000780
v -0.036841 0.119255 -0.012287
v -0.033556 0.017118 -0.010955
v -0.038998 0.017881 -0.011203
v -0.042081 0.016960 -0.011616
v 0.041334 0.018833 -0.004611
v 0.019711 0.020911 -0.026947
v 0.016723 0.019582 -0.028052
v 0.012855 0.020655 -0.029090
v -0.002955 0.022737 -0.034922
v -0.013229 0.020853 -0.036206
v -0.064374 0.094133 -0.007967
v -0.027250 0.122190 -0.015002
v -0.015362 0.138663 -0.026837
v -0.032647 0.019687 -0.012730
v -0.035666 0.019610 -0.011567
v -0.046889 0.019344 -0.011994
v -0.070936 0.092015 -0.008354
v -0.077029 0.078453 -0.006662
v 0.015471 0.020927 -0.028566
v 0.005784 0.021223 -0.031104
v -0.009546 0.022798 -0.035663
v -0.014786 0.022119 -0.036432
v -0.017289 0.023412 -0.036261
v -0.020319 0.024474 -0.036078
v -0.022201 0.025231 -0.035465
v -0.038736 0.020702 -0.011879
v -0.040553 0.021107 -0.012231
v -0.042836 0.022124 -0.013038
v -0.045065 0.024328 -0.013867
v -0.049250 0.020822 -0.011601
v -0.052136 0.068551 -0.018900
v 0.014561 0.023335 -0.029747
v 0.012892 0.023507 -0.030117
v 0.009542 0.023726 -0.031481
v 0.004985 0.024467 -0.032917
v 0.001168 0.025047 -0.034449
v -0.000910 0.024115 -0.034335
v -0.005940 0.022949 -0.035467
v -0.012842 0.023475 -0.036788
v -0.033783 0.020916 -0.012727
v -0.045968 0.021386 -0.012742
v -0.053304 0.021999 -0.009217
v -0.055406 0.021848 -0.006440
v -0.054224 0.107118 -0.001569
v -0.043213 0.062826 -0.021324
v -0.051486 0.061792 -0.021421
v 0.018651 0.024524 -0.028327
v -0.003963 0.024182 -0.035185
v -0.009509 0.024252 -0.035832
v -0.014460 0.024572 -0.037313
v -0.016660 0.026439 -0.037931
v -0.034888 0.024894 -0.014381
v -0.037162 0.023870 -0.013826
v -0.048660 0.023530 -0.012408
v -0.057855 0.020882 -0.002948
v -0.060384 0.021284 -0.002239
v -0.063415 0.021698 -0.001788
v -0.059498 0.062349 -0.018783
v -0.080938 0.072869 0.045942
v 0.022016 0.026663 -0.027111
v 0.015087 0.026974 -0.030045
v 0.012254 0.026237 -0.030562
v 0.008523 0.025515 -0.031999
v 0.005797 0.025958 -0.032705
v -0.001877 0.028246 -0.034385
v -0.004543 0.025888 -0.034925
v -0.008757 0.026774 -0.035606
v -0.010424 0.028417 -0.036314
v -0.018868 0.026367 -0.037445
v -0.067024 0.062059 -0.015796
v -0.039998 0.025098 -0.014116
v -0.050862 0.024966 -0.011270
v -0.055001 0.023288 -0.007200
v -0.056928 0.022865 -0.006092
v -0.062241 0.022964 -0.004497
v -0.061698 0.067112 -0.016810
v -0.041669 0.115605 -0.009005
v -0.025165 0.124636 -0.016358
v 0.023801 0.028268 -0.025504
v 0.020297 0.028576 -0.028455
v 0.017599 0.029398 -0.029376
v 0.011109 0.026828 -0.030712
v 0.000366 0.028412 -0.033855
v -0.005360 0.026817 -0.035121
v -0.013729 0.027330 -0.037532
v -0.073811 0.062362 -0.012384
v -0.042397 0.027505 -0.015764
v -0.045495 0.027021 -0.015300
v -0.048628 0.026110 -0.013532
v -0.055070 0.024903 -0.008705
v -0.062960 0.026705 -0.008583
v -0.064713 0.024771 -0.005401
v -0.064778 0.122523 -0.058630
v 0.013233 0.029080 -0.031258
v 0.011336 0.028323 -0.030884
v 0.009389 0.028463 -0.031185
v 0.006426 0.028567 -0.032542
v 0.003117 0.028386 -0.033113
v -0.005380 0.029177 -0.035981
v -0.008217 0.030356 -0.036484
v -0.011828 0.030700 -0.038076
v -0.015263 0.032594 -0.038805
v -0.022338 0.031313 -0.038124
v -0.025228 0.030728 -0.036050
v -0.067621 0.099426 -0.007877
v -0.035764 0.028345 -0.016046
v -0.038242 0.028505 -0.015539
v -0.051788 0.026917 -0.012087
v -0.054846 0.026033 -0.010049
v -0.058500 0.026391 -0.009458
v -0.051994 0.105386 -0.000855
v -0.031271 0.116457 -0.010249
v -0.079275 0.071302 0.045298
v 0.026002 0.031459 -0.024249
v 0.022069 0.031237 -0.027069
v 0.014081 0.030630 -0.031288
v 0.005715 0.031554 -0.034106
v 0.002264 0.029924 -0.033746
v -0.001734 0.030484 -0.034885
v -0.019030 0.030320 -0.038229
v -0.080886 0.069896 0.033875
v -0.039764 0.031325 -0.017087
v -0.044635 0.029269 -0.016408
v -0.050176 0.028173 -0.013545
v -0.055113 0.028736 -0.013560
v -0.060275 0.029772 -0.014433
v -0.062830 0.029115 -0.012229
v 0.019370 0.031244 -0.028718
v 0.016513 0.032637 -0.029723
v 0.012124 0.031136 -0.031777
v 0.008428 0.031297 -0.033004
v 0.002688 0.032392 -0.034724
v 0.000357 0.031850 -0.035127
v -0.003182 0.032683 -0.035684
v -0.006436 0.032934 -0.036407
v -0.008897 0.033574 -0.037747
v -0.010612 0.032637 -0.037698
v -0.012833 0.032974 -0.038388
v -0.019998 0.033643 -0.038999
v -0.042550 0.031242 -0.017756
v -0.048810 0.032366 -0.015569
v -0.052310 0.031164 -0.015420
v -0.055345 0.029764 -0.014772
v -0.067524 0.029889 -0.009423
v -0.074970 0.071410 0.046185
v 0.010336 0.032846 -0.032197
v -0.023285 0.034921 -0.038463
v -0.025293 0.034758 -0.037250
v -0.064297 0.121055 -0.057668
v -0.037833 0.032160 -0.017311
v -0.044071 0.031819 -0.017741
v -0.047321 0.032276 -0.015994
v -0.057897 0.032146 -0.016488
v -0.062199 0.032437 -0.015696
v -0.065706 0.033679 -0.015179
v -0.069623 0.030370 -0.007315
v -0.053794 0.032527 0.040351
v 0.026303 0.034128 -0.024546
v 0.023601 0.034147 -0.026113
v 0.017734 0.036303 -0.028360
v 0.015194 0.035377 -0.029710
v 0.011988 0.035800 -0.030871
v 0.008595 0.035956 -0.033772
v 0.006411 0.035326 -0.034353
v 0.000911 0.035462 -0.035636
v -0.002490 0.035425 -0.036117
v -0.007121 0.036367 -0.037449
v -0.012863 0.035772 -0.038487
v -0.017340 0.035690 -0.038973
v -0.035749 0.032530 -0.018189
v -0.051872 0.033196 -0.016202
v -0.054833 0.033714 -0.017259
v -0.069961 0.032491 -0.010679
v -0.072845 0.033359 -0.008836
v -0.050521 0.107807 -0.002619
v 0.020609 0.036568 -0.026908
v -0.004903 0.037382 -0.037414
v -0.020543 0.036629 -0.039072
v -0.022036 0.038504 -0.038838
v -0.035799 0.034891 -0.018990
v -0.038232 0.035383 -0.018047
v -0.041650 0.036949 -0.018832
v -0.044115 0.036532 -0.018604
v -0.046255 0.035678 -0.017608
v -0.047694 0.034914 -0.017272
v -0.063617 0.036310 -0.017671
v -0.068943 0.034043 -0.013343
v -0.071199 0.033928 -0.011422
v -0.074891 0.072879 0.049006
v 0.023415 0.039976 -0.025490
v 0.022414 0.038509 -0.026292
v 0.003570 0.036912 -0.034992
v -0.001541 0.039064 -0.036051
v -0.009219 0.038316 -0.037780
v -0.013416 0.037645 -0.038321
v -0.024846 0.037417 -0.037554
v -0.028729 0.039840 -0.035449
v -0.037347 0.037982 -0.019295
v -0.053663 0.036129 -0.018836
v -0.057596 0.036023 -0.018852
v -0.060825 0.035618 -0.017727
v -0.065965 0.036310 -0.016893
v -0.068510 0.035510 -0.015096
v -0.073814 0.036087 -0.010521
v 0.017372 0.039827 -0.028829
v 0.014684 0.038856 -0.030421
v 0.010928 0.037859 -0.031871
v 0.009288 0.040105 -0.032722
v 0.004391 0.040712 -0.034113
v 0.000915 0.039825 -0.035376
v -0.007002 0.039154 -0.037981
v -0.014847 0.038470 -0.038568
v -0.017669 0.038736 -0.038672
v -0.035738 0.038230 -0.019503
v -0.049872 0.038273 -0.019038
v -0.071150 0.038286 -0.014566
v -0.072756 0.037396 -0.012967
v 0.019649 0.039943 -0.027427
v 0.012291 0.039942 -0.031445
v 0.007732 0.040058 -0.033751
v -0.004015 0.040910 -0.037174
v -0.014369 0.040955 -0.039318
v -0.018410 0.041044 -0.039067
v -0.024538 0.042567 -0.037906
v -0.027191 0.040565 -0.036839
v -0.068183 0.115427 -0.051731
v -0.039502 0.039406 -0.019413
v -0.043200 0.038207 -0.019402
v -0.047188 0.038878 -0.019317
v -0.053645 0.038367 -0.019655
v -0.056670 0.038755 -0.019865
v -0.059581 0.039712 -0.019455
v -0.063675 0.041475 -0.018984
v -0.069182 0.039483 -0.016382
v 0.018819 0.043640 -0.027824
v -0.000644 0.042475 -0.036595
v -0.006721 0.042014 -0.037704
v -0.009767 0.041798 -0.037992
v -0.016363 0.042102 -0.039472
v -0.021365 0.042068 -0.039006
v -0.038975 0.042110 -0.020743
v -0.042337 0.040171 -0.019954
v -0.045263 0.041656 -0.020093
v -0.049338 0.040117 -0.020231
v -0.054735 0.041019 -0.021342
v -0.078571 0.039112 -0.007374
v -0.069832 0.102842 -0.011268
v 0.013895 0.042113 -0.030272
v 0.011552 0.043830 -0.030869
v 0.007380 0.044561 -0.032840
v 0.005680 0.043154 -0.033862
v 0.002395 0.043471 -0.034828
v -0.004222 0.043841 -0.037744
v -0.019325 0.043952 -0.038889
v -0.037683 0.043053 -0.022127
v -0.040606 0.043426 -0.021101
v -0.052472 0.041785 -0.021412
v -0.061095 0.041863 -0.019426
v -0.062877 0.123435 -0.059218
v 0.013639 0.045214 -0.030431
v -0.000738 0.044576 -0.036574
v -0.008528 0.045254 -0.038014
v -0.014960 0.045377 -0.038934
v -0.017208 0.046525 -0.038842
v -0.021309 0.045822 -0.038181
v -0.024049 0.046761 -0.037325
v -0.026515 0.045746 -0.036534
v -0.052034 0.102944 0.000118
v -0.044051 0.044541 -0.021326
v -0.048310 0.043932 -0.021560
v -0.054553 0.043299 -0.021585
v -0.057931 0.043922 -0.021201
v -0.069217 0.042880 -0.017387
v -0.073514 0.042394 -0.015193
v 0.030054 0.047554 -0.020354
v 0.003154 0.046865 -0.033792
v -0.000142 0.047178 -0.035256
v -0.003323 0.045555 -0.037165
v -0.066162 0.032969 0.037874
v -0.036305 0.045143 -0.022411
v -0.050152 0.044317 -0.021691
v -0.062222 0.045804 -0.019200
v -0.064692 0.045236 -0.019123
v -0.074242 0.045739 -0.015241
v -0.007404 0.047539 -0.036940
v -0.040410 0.047148 -0.021611
v -0.042231 0.047305 -0.021522
v -0.044579 0.046977 -0.021898
v -0.065724 0.036826 0.040402
v -0.036203 -0.006120 -0.030447
v -0.033947 -0.006292 -0.029792
v -0.031595 -0.006295 -0.029342
v -0.040029 -0.005849 -0.029546
v -0.027373 -0.006351 -0.026550
v -0.019410 -0.006329 -0.025089
v -0.014946 -0.006157 -0.024315
v -0.009560 -0.006092 -0.023292
v -0.004464 -0.006024 -0.022432
v -0.000779 -0.005906 -0.021823
v 0.004382 -0.005815 -0.020879
v 0.012542 -0.005274 -0.019345
v -0.041535 -0.005956 -0.028070
v -0.039600 -0.006282 -0.025496
v -0.034270 -0.006183 -0.021547
v -0.023834 -0.006137 -0.022173
v -0.019232 -0.006119 -0.021510
v -0.009071 -0.005792 -0.019749
v -0.003999 -0.005715 -0.018670
v -0.000777 -0.005727 -0.018233
v 0.003961 -0.005683 -0.017580
v 0.007535 -0.005713 -0.016457
v 0.010094 -0.005674 -0.015442
v 0.014360 -0.005363 -0.017371
v -0.036725 -0.006333 -0.024712
v -0.031786 -0.006176 -0.022099
v -0.028783 -0.006109 -0.022013
v -0.014878 -0.005952 -0.020752
v -0.086747 0.071287 0.037556
v -0.044237 -0.006326 -0.021899
v -0.040000 -0.006131 -0.018141
v -0.025249 -0.005826 -0.021053
v -0.019401 -0.005648 -0.020096
v -0.015164 -0.005506 -0.019345
v -0.008990 -0.005369 -0.018221
v -0.002970 -0.005233 -0.017147
v 0.002734 -0.005192 -0.016112
v 0.008463 -0.005448 -0.014459
v 0.012791 -0.005597 -0.013443
v 0.015889 -0.005097 -0.013775
v -0.045178 -0.005678 -0.022402
v -0.037131 -0.006041 -0.019561
v -0.033002 -0.005511 -0.020309
v -0.027911 -0.005135 -0.020308
v -0.025664 -0.004670 -0.019880
v -0.019904 -0.004468 -0.019109
v -0.016215 -0.004415 -0.018455
v -0.012391 -0.004283 -0.017773
v -0.008668 -0.003982 -0.016943
v -0.004812 -0.004169 -0.016432
v 0.000379 -0.004271 -0.015688
v 0.003425 -0.004221 -0.014974
v 0.008024 -0.004928 -0.013746
v 0.010901 -0.005444 -0.012193
v 0.014361 -0.005426 -0.008609
v -0.030050 -0.004159 -0.019343
v -0.024448 -0.002483 -0.018515
v -0.017875 -0.002158 -0.017411
v -0.004192 -0.001780 -0.014872
v -0.000643 -0.002013 -0.014764
v 0.002018 -0.001955 -0.013964
v 0.005640 -0.002104 -0.012717
v 0.007511 -0.002364 -0.011472
v 0.009537 -0.004634 -0.011698
v 0.010374 -0.005107 -0.009403
v 0.011710 -0.005469 -0.007605
v -0.046059 -0.006136 -0.017180
v -0.036530 -0.005493 -0.017907
v -0.035073 -0.004635 -0.017698
v -0.031679 -0.001663 -0.016835
v -0.028808 -0.001732 -0.017876
v -0.021243 -0.002217 -0.018020
v -0.011079 -0.001926 -0.016230
v 0.018449 -0.004825 -0.004091
v -0.039669 -0.005781 -0.015077
v -0.022820 -0.001428 -0.017207
v -0.017657 -0.001279 -0.016246
v -0.011918 -0.001183 -0.015225
v -0.007309 -0.001033 -0.014413
v -0.002495 -0.000850 -0.013553
v 0.002334 -0.000969 -0.012327
v 0.004717 -0.001284 -0.011832
v 0.009139 -0.004826 -0.006717
v 0.015925 -0.005557 -0.001148
v -0.044203 -0.006250 -0.012850
v -0.042007 -0.005937 -0.009292
v -0.035087 -0.002212 -0.014807
v -0.032706 -0.001390 -0.015682
v -0.028394 -0.001141 -0.016694
v -0.022472 -0.001139 -0.015485
v -0.017025 -0.000961 -0.013561
v -0.013660 -0.000909 -0.013576
v -0.007253 -0.000779 -0.012932
v -0.000370 -0.000602 -0.011628
v 0.005747 -0.000973 -0.008322
v 0.007289 -0.001886 -0.008185
v 0.006965 -0.005273 -0.002511
v 0.011354 -0.005513 -0.003719
v -0.048325 -0.005930 -0.014391
v -0.046664 -0.006305 -0.012169
v -0.039276 -0.004598 -0.011815
v -0.030380 -0.001148 -0.014200
v -0.023682 -0.001181 -0.012295
v -0.020552 -0.001221 -0.009721
v -0.009630 -0.000903 -0.009099
v -0.008675 -0.001077 -0.002188
v -0.004650 -0.000867 -0.004355
v -0.002126 -0.000741 -0.009635
v 0.003323 -0.000607 -0.006517
v 0.005782 -0.002302 -0.005024
v 0.013954 -0.005711 0.001518
v 0.018916 -0.005174 0.000020
v 0.020633 -0.004998 -0.001491
v -0.051087 -0.006159 -0.012945
v -0.049793 -0.006113 -0.012782
v -0.036175 -0.001553 -0.012422
v -0.034796 -0.001454 -0.012948
v -0.033411 -0.001276 -0.011027
v -0.026112 -0.001317 -0.010534
v -0.014764 -0.001174 -0.004533
v -0.000229 -0.000716 -0.003981
v 0.004524 -0.001208 -0.005114
v 0.003539 -0.004850 0.000671
v 0.008414 -0.005727 0.000499
v 0.022712 -0.004917 0.000697
v -0.054755 -0.005965 -0.011913
v -0.052611 -0.006014 -0.011543
v -0.047007 -0.006292 -0.007409
v -0.016983 -0.001313 -0.002254
v 0.000639 -0.001034 -0.001152
v 0.005546 -0.005847 0.003046
v 0.017584 -0.005447 0.001960
v 0.019307 -0.005539 0.003085
v 0.022670 -0.005314 0.003860
v 0.025302 -0.004939 0.003243
v 0.030734 -0.003478 0.002874
v -0.057202 -0.006193 -0.010424
v -0.051110 -0.006387 -0.008221
v -0.044018 -0.006146 -0.004480
v -0.041864 -0.005834 -0.005803
v -0.037394 -0.001510 -0.008997
v -0.028706 -0.001532 -0.006442
v -0.021722 -0.001336 -0.005804
v -0.003374 -0.000985 -0.000403
v 0.009256 -0.005320 0.002892
v 0.013490 -0.005302 0.002953
v 0.016195 -0.004642 0.002842
v 0.021383 -0.005365 0.005486
v 0.023147 -0.005574 0.008332
v 0.026696 -0.004975 0.005293
v 0.030179 -0.004580 0.006151
v -0.060649 -0.006226 -0.009238
v -0.056915 -0.006443 -0.007767
v -0.053532 -0.006407 -0.008700
v -0.039670 -0.003663 -0.007340
v -0.011770 -0.001336 0.003001
v 0.001171 -0.005099 0.005020
v 0.010669 -0.004680 0.003709
v 0.015270 -0.003704 0.003747
v 0.018036 -0.004235 0.004805
v 0.033065 -0.004275 0.009086
v 0.039415 -0.001698 0.008953
v -0.064226 -0.006063 -0.008033
v -0.060294 -0.006437 -0.005685
v -0.052991 -0.006408 -0.003582
v -0.045831 -0.006145 0.000223
v -0.041504 -0.005785 -0.003939
v -0.038067 -0.001318 -0.007308
v -0.037246 -0.001682 -0.006810
v -0.035796 -0.001515 -0.004839
v -0.032408 -0.001420 -0.003968
v -0.020158 -0.001552 0.000894
v 0.000233 -0.001915 0.001896
v 0.002998 -0.005725 0.006843
v 0.004857 -0.005619 0.004600
v 0.007677 -0.005154 0.005410
v 0.009429 -0.003807 0.004528
v 0.018764 -0.003480 0.006112
v 0.020432 -0.004151 0.007051
v 0.025130 -0.005482 0.009338
v 0.026394 -0.005375 0.011976
v 0.031490 -0.004708 0.011738
v -0.056821 -0.006488 -0.003017
v -0.048896 -0.006223 0.000909
v -0.041270 -0.005992 -0.001880
v -0.039967 -0.005446 -0.002104
v -0.036796 -0.001466 -0.005075
v -0.032076 -0.001461 -0.000419
v -0.025628 -0.001523 -0.003037
v -0.014501 -0.001409 -0.000376
v -0.006204 -0.001182 0.002307
v -0.002261 -0.001226 0.003883
v 0.006219 -0.004703 0.006549
v 0.007882 -0.003510 0.005802
v 0.020898 -0.003900 0.008785
v 0.021677 -0.004346 0.009351
v 0.023793 -0.004953 0.010333
v 0.034901 -0.003827 0.012491
v 0.044467 0.000900 0.013409
v -0.081819 0.070067 0.036704
v -0.066027 -0.006311 -0.003545
v -0.063493 -0.006497 -0.001203
v -0.059623 -0.006360 0.001813
v -0.054364 -0.006307 0.000957
v -0.039911 -0.005972 0.000216
v -0.038828 -0.005845 0.000319
v -0.035481 -0.001532 -0.002909
v -0.034479 -0.001568 -0.002672
v -0.030810 -0.001564 0.001802
v -0.023290 -0.001498 0.001072
v -0.002445 -0.002114 0.007677
v 0.000296 -0.005102 0.008756
v 0.004461 -0.005562 0.010383
v 0.004917 -0.005840 0.009167
v 0.022300 -0.003793 0.010830
v 0.024129 -0.005011 0.012272
v 0.029965 -0.004746 0.014564
v -0.070172 -0.005603 -0.003699
v -0.041622 -0.006292 0.002773
v -0.038678 -0.006220 0.002494
v -0.037640 -0.006165 0.002661
v -0.034117 -0.001523 -0.000825
v -0.033163 -0.001642 -0.000525
v -0.029434 -0.001687 0.003875
v -0.025734 -0.001654 0.005943
v -0.017581 -0.001506 0.006381
v -0.015044 -0.001432 0.005388
v -0.008697 -0.001305 0.006443
v 0.000632 -0.005273 0.012019
v 0.003284 -0.005818 0.013309
v 0.005210 -0.005983 0.011318
v 0.022621 -0.003828 0.012754
v 0.022186 -0.003311 0.014045
v 0.024982 -0.005114 0.014059
v 0.026546 -0.004779 0.018472
v 0.030904 -0.004354 0.015577
v 0.037593 -0.002115 0.015188
v 0.040495 -0.000760 0.016263
v -0.069260 -0.006105 -0.002218
v -0.066989 -0.006444 0.000473
v -0.049929 -0.006417 0.004317
v -0.046346 -0.006356 0.004429
v -0.037314 -0.006195 0.004571
v -0.035232 -0.006112 0.004914
v -0.031799 -0.001633 0.001558
v -0.021762 -0.001624 0.008600
v -0.004562 -0.001427 0.010948
v -0.000632 -0.004602 0.010559
v 0.005719 -0.006008 0.014258
v 0.024040 -0.005169 0.017103
v -0.082365 0.075688 0.048191
v -0.070877 -0.005208 -0.001001
v -0.071338 -0.005647 0.000197
v -0.050669 -0.006305 0.007308
v -0.040354 -0.006141 0.007319
v -0.034908 -0.006136 0.006824
v -0.033822 -0.006023 0.006925
v -0.030478 -0.001707 0.003707
v -0.011369 -0.001395 0.008845
v -0.002774 -0.002295 0.012379
v 0.020698 -0.003698 0.017612
v 0.021662 -0.004249 0.018352
v 0.029191 -0.003841 0.019947
v 0.035337 -0.002010 0.020325
v 0.047785 0.002991 0.017791
v -0.056293 0.025434 0.034169
v -0.070581 -0.005994 0.003485
v -0.066418 -0.006199 0.005766
v -0.057094 -0.006321 0.007043
v -0.053069 -0.006366 0.007359
v -0.047634 -0.006224 0.006105
v -0.042983 -0.005960 0.006844
v -0.037124 -0.006147 0.009065
v -0.033500 -0.006018 0.008837
v -0.032499 -0.006098 0.009074
v -0.029158 -0.001782 0.005854
v -0.028156 -0.001817 0.006089
v -0.017105 -0.001596 0.009900
v -0.000701 -0.004418 0.014561
v 0.000970 -0.005195 0.016152
v 0.002529 -0.005280 0.018936
v 0.004905 -0.005712 0.017795
v 0.006515 -0.005414 0.016379
v 0.007468 -0.005531 0.016676
v 0.021114 -0.005089 0.020170
v 0.033016 -0.002618 0.020493
v 0.040304 0.000193 0.020929
v 0.045234 0.002065 0.018797
v -0.071870 -0.005303 0.003561
v -0.069550 -0.006068 0.006379
v -0.062617 -0.006137 0.010369
v -0.059616 -0.006337 0.007514
v -0.048983 -0.005719 0.007714
v -0.047098 -0.004291 0.008083
v -0.044152 -0.003922 0.008359
v -0.038213 -0.005821 0.009177
v -0.035082 -0.006116 0.011944
v -0.032129 -0.006055 0.010916
v -0.031002 -0.005845 0.010953
v -0.027778 -0.001825 0.008190
v -0.014487 -0.001524 0.012288
v -0.012363 -0.001600 0.014797
v -0.009946 -0.001471 0.013638
v -0.003644 -0.001586 0.015062
v -0.002720 -0.002034 0.015023
v 0.000237 -0.004439 0.017631
v 0.004318 -0.005323 0.019859
v 0.007006 -0.005548 0.019620
v 0.008104 -0.004994 0.018135
v 0.010083 -0.004999 0.018610
v 0.018960 -0.003711 0.019186
v 0.017530 -0.005130 0.022041
v 0.025949 -0.004402 0.021192
v -0.071632 0.108783 -0.035820
v -0.054656 -0.006264 0.014120
v -0.052393 -0.006021 0.009319
v -0.040030 -0.004375 0.009599
v -0.039206 -0.003480 0.010761
v -0.037534 -0.004158 0.011717
v -0.033465 -0.006108 0.012786
v -0.030312 -0.005800 0.014719
v -0.030589 -0.005720 0.012731
v -0.024589 -0.001940 0.012269
v -0.019865 -0.001709 0.014258
v -0.002087 -0.002153 0.016884
v 0.010506 -0.004939 0.020389
v 0.012420 -0.005155 0.020996
v 0.013275 -0.005356 0.021408
v 0.016573 -0.005201 0.021947
v 0.021453 -0.004821 0.024286
v 0.022933 -0.004446 0.024653
v 0.029026 -0.001986 0.024871
v 0.031423 -0.001567 0.024559
v 0.039183 0.000963 0.024618
v 0.044273 0.002994 0.023344
v 0.049636 0.004925 0.020722
v -0.053759 0.022855 0.030721
v -0.081272 0.070434 0.041681
v -0.050134 -0.004897 0.009826
v -0.048597 -0.003927 0.009255
v -0.036048 -0.003954 0.013641
v -0.034654 -0.005710 0.013899
v -0.032590 -0.006019 0.018528
v -0.026564 -0.002059 0.015682
v -0.001018 -0.001921 0.019815
v 0.002044 -0.003990 0.021158
v 0.009161 -0.005302 0.022807
v 0.025227 -0.003030 0.025290
v 0.027024 -0.001284 0.028085
v -0.070688 -0.005374 0.008901
v -0.067621 -0.005764 0.011068
v -0.064319 -0.005791 0.014166
v -0.057480 -0.006221 0.013015
v -0.052554 -0.006246 0.012355
v -0.036902 -0.003623 0.013167
v -0.034104 -0.006061 0.016393
v -0.029803 -0.005555 0.016351
v -0.024346 -0.001803 0.016740
v -0.021829 -0.001816 0.018497
v -0.014417 -0.001595 0.020362
v -0.008428 -0.001447 0.019188
v -0.005552 -0.001381 0.019790
v -0.002727 -0.001445 0.018263
v 0.006281 -0.005004 0.023348
v 0.012754 -0.004999 0.028649
v 0.016342 -0.005029 0.027551
v 0.050957 0.007267 0.023319
v -0.035712 -0.003945 0.015503
v -0.036073 -0.004684 0.021479
v -0.028862 -0.004440 0.017350
v -0.002088 -0.001383 0.020043
v 0.000130 -0.001415 0.022230
v 0.004889 -0.003751 0.024076
v 0.007036 -0.004663 0.024647
v 0.010276 -0.005097 0.025949
v 0.020701 -0.004579 0.028298
v 0.035575 0.001151 0.026941
v -0.057199 -0.006261 0.017712
v -0.054019 -0.006527 0.015848
v -0.035782 -0.004727 0.017993
v -0.034279 -0.005803 0.021407
v -0.030332 -0.005056 0.020129
v -0.017916 -0.001612 0.019996
v 0.002392 -0.001591 0.024234
v 0.009537 -0.004565 0.026892
v 0.015051 -0.005013 0.031411
v 0.025019 -0.001756 0.029263
v 0.031096 0.000036 0.026882
v 0.032379 0.001775 0.028032
v 0.041036 0.003642 0.027564
v 0.046049 0.005159 0.025587
v -0.069851 0.107262 -0.027439
v -0.071641 0.073145 0.049502
v -0.072084 0.026597 0.022855
v -0.068732 -0.004500 0.012770
v -0.065438 -0.005214 0.015232
v -0.061401 -0.005821 0.018011
v -0.059880 -0.005955 0.019120
v -0.055005 -0.006216 0.018920
v -0.053835 -0.006850 0.017951
v -0.036190 -0.004238 0.019269
v -0.032654 -0.005801 0.022826
v -0.028534 -0.002068 0.020548
v -0.026766 -0.002195 0.020927
v -0.025727 -0.001888 0.022089
v -0.008195 -0.001251 0.026236
v -0.003607 -0.001170 0.025475
v 0.001538 -0.001189 0.024477
v 0.004331 -0.001169 0.026357
v 0.010963 -0.003888 0.029552
v 0.033180 0.002879 0.028589
v 0.035955 0.002952 0.028828
v 0.038502 0.003201 0.028593
v -0.078334 0.031800 0.022081
v -0.073859 0.032417 0.032086
v -0.053894 -0.005981 0.020064
v -0.052855 -0.006394 0.021415
v -0.031582 -0.005084 0.024195
v -0.028394 -0.002163 0.022591
v -0.019773 -0.001648 0.023503
v -0.015251 -0.001494 0.023817
v -0.012704 -0.001359 0.025838
v 0.000392 -0.000739 0.029074
v 0.008464 -0.001605 0.029306
v 0.012047 -0.004585 0.031451
v 0.013416 -0.005203 0.035314
v 0.019652 -0.004554 0.032858
v 0.026880 0.000355 0.031138
v 0.041254 0.005841 0.030298
v -0.049550 0.031280 0.039542
v -0.036693 -0.004562 0.023055
v -0.035008 -0.005839 0.024268
v -0.033926 -0.005226 0.028758
v -0.025314 -0.001536 0.029360
v -0.022053 -0.001631 0.025615
v -0.015486 -0.001309 0.027108
v 0.005679 -0.000717 0.028288
v 0.010056 -0.002939 0.032484
v 0.016591 -0.005040 0.035827
v -0.088876 0.072786 0.034063
v -0.060277 0.027268 0.035084
v -0.074504 0.067309 0.037178
v -0.062542 -0.005179 0.021793
v -0.055162 -0.006024 0.023008
v -0.052633 -0.005536 0.027419
v -0.038280 -0.004408 0.024381
v -0.037288 -0.004454 0.024626
v -0.038244 -0.005657 0.027104
v -0.019715 -0.001390 0.027183
v -0.009776 -0.001057 0.030193
v -0.007362 -0.001000 0.029242
v -0.002310 -0.000964 0.029013
v 0.005252 -0.000358 0.033275
v 0.007084 -0.000601 0.030405
v 0.008729 -0.001268 0.031385
v 0.010489 -0.004748 0.034652
v 0.018120 -0.004475 0.038349
v -0.036283 -0.003982 0.045578
v -0.078014 0.029968 0.018741
v -0.063831 0.029632 0.036038
v -0.052058 -0.006205 0.024841
v -0.051032 -0.006192 0.025035
v -0.043838 -0.006004 0.026390
v -0.042804 -0.005969 0.026576
v -0.041896 -0.006169 0.026940
v -0.040701 -0.005834 0.026890
v -0.033129 -0.004021 0.031149
v -0.022919 -0.001423 0.029188
v -0.017155 -0.001158 0.031255
v 0.006220 -0.000447 0.033514
v 0.007691 -0.000808 0.032395
v 0.008423 -0.001336 0.033018
v 0.008981 -0.002198 0.033901
v 0.008528 -0.004950 0.036266
v 0.010387 -0.005221 0.037702
v 0.015280 -0.004743 0.041241
v -0.081769 0.038836 0.028213
v -0.060850 0.020113 0.001682
v -0.058594 0.023047 0.029140
v -0.064602 -0.004643 0.023921
v -0.062761 -0.005551 0.024779
v -0.057396 -0.005688 0.027310
v -0.054302 -0.005652 0.026486
v -0.050551 -0.005952 0.026703
v -0.048418 -0.006009 0.027214
v -0.045533 -0.006055 0.027837
v -0.041997 -0.005445 0.029552
v -0.037187 -0.005464 0.031800
v -0.030752 -0.002245 0.028654
v -0.028966 -0.001730 0.029990
v -0.020260 -0.001266 0.030874
v -0.013428 -0.001040 0.031882
v -0.005528 -0.000763 0.033026
v 0.003583 -0.000406 0.034720
v 0.004818 -0.004944 0.037289
v 0.006728 -0.005120 0.037890
v 0.008034 -0.005316 0.039534
v -0.081728 0.070314 0.031310
v -0.065613 0.022283 0.001001
v -0.065148 0.021040 0.003667
v -0.063717 0.020701 0.003580
v -0.049355 -0.005421 0.029591
v -0.046034 -0.005307 0.030763
v -0.044165 -0.005459 0.029784
v -0.040296 -0.005428 0.033142
v -0.035658 -0.005297 0.032852
v -0.007573 -0.000417 0.037844
v -0.002248 -0.000502 0.035453
v 0.001499 -0.000425 0.034364
v 0.002068 -0.005028 0.038609
v 0.003107 -0.004982 0.038781
v 0.011117 -0.005158 0.041922
v 0.017341 -0.003789 0.041626
v -0.065188 0.020301 0.008177
v -0.060262 0.018922 0.007428
v -0.065092 -0.005137 0.028040
v -0.061955 -0.005552 0.030319
v -0.050021 -0.005326 0.032863
v -0.032529 -0.002580 0.032906
v -0.030984 -0.001632 0.032386
v -0.023354 -0.001074 0.034518
v -0.009665 -0.000430 0.037483
v -0.005960 -0.000454 0.036468
v -0.004964 -0.000520 0.036708
v -0.000149 -0.000315 0.035748
v -0.001502 -0.004824 0.039430
v -0.000627 -0.005102 0.039870
v 0.000358 -0.005090 0.040100
v 0.003654 -0.005274 0.041782
v 0.008158 -0.005103 0.043068
v -0.069430 0.021934 0.007139
v -0.054595 -0.005378 0.034382
v -0.051844 -0.005281 0.035819
v -0.044728 -0.005214 0.035875
v -0.034602 -0.005399 0.036614
v -0.034835 -0.005116 0.034578
v -0.029522 -0.001507 0.034333
v -0.027995 -0.001232 0.033073
v -0.026899 -0.001022 0.036255
v -0.019408 -0.000924 0.035570
v -0.017532 -0.000442 0.039509
v -0.015639 -0.000745 0.036883
v -0.003880 -0.000343 0.036810
v -0.005252 -0.004815 0.040519
v -0.003344 -0.005120 0.041114
v 0.003422 -0.005033 0.044212
v 0.010485 -0.004681 0.043600
v 0.014268 -0.003801 0.043617
v -0.069146 0.108062 -0.031808
v -0.073124 0.025802 0.003560
v -0.070499 0.023628 0.003825
v -0.062656 0.019015 0.011263
v -0.060866 0.018430 0.013356
v -0.056444 0.017316 0.013066
v -0.064578 -0.005441 0.031958
v -0.059076 -0.005490 0.031742
v -0.041714 -0.005327 0.038403
v -0.033656 -0.005493 0.036914
v -0.030565 -0.001512 0.034140
v -0.026539 -0.000776 0.038061
v -0.023308 -0.000688 0.038477
v -0.022162 -0.000701 0.038740
v -0.013420 -0.000468 0.038560
v -0.011269 -0.000350 0.038833
v -0.008916 -0.004813 0.041463
v -0.008096 -0.005093 0.041960
v -0.007009 -0.004964 0.042072
v -0.005480 -0.005236 0.044548
v -0.001665 -0.005228 0.044370
v 0.006629 -0.004647 0.044615
v 0.010005 -0.004004 0.044826
v -0.047690 -0.005261 0.037883
v -0.037429 -0.005223 0.041031
v -0.033222 -0.005346 0.038645
v -0.032272 -0.005477 0.038952
v -0.029058 -0.001255 0.036007
v -0.028064 -0.001296 0.036256
v -0.012651 -0.004781 0.042526
v -0.011781 -0.005060 0.042952
v -0.010748 -0.005032 0.043136
v -0.009537 -0.005165 0.046931
v 0.000793 -0.004808 0.045383
v 0.005455 -0.004032 0.045675
v 0.009155 -0.003125 0.045242
v -0.071992 0.023619 0.008143
v -0.070014 0.021889 0.010792
v -0.068241 0.020872 0.011936
v -0.064616 0.019564 0.013883
v -0.057724 0.018005 0.016612
v -0.065915 -0.004888 0.033292
v -0.040742 -0.004945 0.041247
v -0.031827 -0.005286 0.040682
v -0.029822 -0.005290 0.041093
v -0.024747 -0.000770 0.038304
v -0.014986 -0.000251 0.039834
v -0.016471 -0.005024 0.043685
v -0.014476 -0.005036 0.044141
v -0.012662 -0.005156 0.046813
v -0.005762 -0.005085 0.046171
v -0.002594 -0.004572 0.046792
v 0.000604 -0.003929 0.046643
v 0.003087 -0.003404 0.046302
v -0.065915 -0.004841 0.035474
v -0.064013 -0.005170 0.037903
v -0.061436 -0.005471 0.036942
v -0.057800 -0.005384 0.041033
v -0.045426 -0.005271 0.040164
v -0.033662 -0.004878 0.046708
v -0.029335 -0.005112 0.042793
v -0.027811 -0.005132 0.043137
v -0.026323 -0.005179 0.043474
v -0.024270 -0.004973 0.043636
v -0.023178 -0.005066 0.043983
v -0.021169 -0.005009 0.044484
v -0.019149 -0.005010 0.044850
v -0.018147 -0.005095 0.045099
v -0.015969 -0.005115 0.047891
v -0.006798 -0.004596 0.047907
v -0.002195 -0.003465 0.047730
v -0.073110 0.024492 0.010651
v -0.067789 0.020822 0.014990
v -0.065230 0.020251 0.016909
v -0.062534 0.019778 0.018182
v -0.057202 0.018275 0.018220
v -0.056684 -0.005256 0.044035
v -0.043735 -0.004965 0.042155
v -0.038597 -0.004721 0.042250
v -0.035076 -0.005030 0.044624
v -0.027650 -0.004960 0.046615
v -0.010657 -0.004861 0.048112
v -0.005467 -0.003805 0.048534
v -0.070901 0.022720 0.014023
v -0.065402 -0.004375 0.038983
v -0.051634 -0.005280 0.043248
v -0.046762 -0.004942 0.043203
v -0.040232 -0.003922 0.042821
v -0.032073 -0.004850 0.048503
v -0.026098 -0.004855 0.051379
v -0.022228 -0.004992 0.050405
v -0.018884 -0.005028 0.050240
v -0.013608 -0.004696 0.049423
v -0.009173 -0.003695 0.049597
v -0.075943 0.027720 0.011878
v -0.072533 0.024687 0.013101
v -0.063561 -0.004776 0.041596
v -0.060977 -0.005192 0.042488
v -0.015247 -0.004398 0.050598
v -0.070858 0.023274 0.018985
v -0.019133 -0.004628 0.051541
v -0.047493 0.107921 -0.002988
v -0.068450 0.110595 -0.042541
v -0.021853 0.118794 -0.010573
v -0.065544 0.115913 -0.051075
v -0.042717 0.110540 -0.005383
v -0.029447 0.115256 -0.007652
v -0.065580 0.108771 -0.029692
v -0.025367 0.118309 -0.011119
v -0.027902 0.115378 -0.006855
v -0.049392 0.105628 -0.000603
v -0.064420 0.103601 -0.011033
v -0.063621 0.105067 -0.012635
v -0.066768 0.107950 -0.029176
v -0.066422 0.109648 -0.034247
v -0.063265 0.121103 -0.057051
v -0.061680 0.126319 -0.060287
v -0.066487 0.104324 -0.015029
v -0.064332 0.109966 -0.029784
v -0.064778 0.104974 -0.014778
v -0.064450 0.119069 -0.055740
v -0.066757 0.112133 -0.044767
v -0.065926 0.103454 -0.012054
v -0.032915 0.114133 -0.007370
v -0.068981 0.112838 -0.047817
v -0.044803 0.107722 -0.002761
v -0.039275 0.112108 -0.006705
v -0.066505 0.105095 -0.017996
v -0.070008 0.110230 -0.042527
v -0.033594 0.113060 -0.005577
v -0.071052 0.104480 -0.015590
v -0.066573 0.113295 -0.048027
v -0.011362 0.127119 -0.022195
v -0.066269 0.111321 -0.038306
v -0.035615 0.116364 -0.010482
v -0.015174 0.124618 -0.017910
v -0.068690 0.109878 -0.039777
v -0.021015 0.121234 -0.014049
v -0.066492 0.112980 -0.046425
v -0.044145 0.107031 -0.000187
v -0.050366 0.103134 0.001884
v -0.061057 0.128774 -0.060724
v -0.067903 0.111941 -0.045480
v -0.041282 0.109396 -0.003783
v -0.063959 0.112004 -0.033604
v -0.068671 0.105396 -0.021008
v -0.065827 0.106146 -0.020780
v -0.049895 0.104367 0.001091
v -0.047248 0.105659 -0.000212
v -0.063930 0.108350 -0.023442
v -0.016783 0.121127 -0.013392
v -0.064124 0.101632 -0.007526
v -0.064106 0.106628 -0.017774
v -0.070161 0.109207 -0.038627
v -0.064063 0.118934 -0.054528
v -0.009741 0.133702 -0.028245
v -0.023513 0.121403 -0.014236
v -0.021358 0.118154 -0.008622
v -0.066945 0.101931 -0.009117
v -0.035380 0.113871 -0.007975
v -0.064869 0.108217 -0.026493
v -0.018811 0.122599 -0.015484
v -0.067442 0.108616 -0.032825
v -0.048171 0.104426 0.003399
v -0.069120 0.106330 -0.024719
v -0.067640 0.110874 -0.041347
v -0.065209 0.117010 -0.053240
v -0.062960 0.103310 -0.007139
v -0.065591 0.113569 -0.042164
v -0.064550 0.102964 -0.009154
v -0.030909 0.113917 -0.003832
v -0.066538 0.114207 -0.050169
vn 0.2616 0.9295 -0.2598
vn 0.0997 0.7746 0.6246
vn -0.0525 0.9580 0.2819
vn -0.1702 0.9741 -0.1487
vn 0.6997 0.5540 0.4511
vn -0.3062 0.6278 0.7156
vn 0.5415 0.2541 0.8014
vn 0.1594 0.1520 0.9754
vn 0.1218 0.9916 0.0445
vn 0.7874 0.1943 -0.5850
vn -0.9499 -0.2747 0.1489
vn -0.8781 -0.2494 0.4083
vn 0.0299 0.7704 0.6369
vn 0.2131 0.9592 -0.1860
vn -0.1483 0.8343 0.5311
vn -0.3168 0.5748 0.7545
vn -0.7316 -0.0133 -0.6816
vn 0.5376 0.7985 0.2708
vn -0.8997 0.0674 -0.4313
vn 0.8622 0.3001 -0.4082
vn -0.6412 -0.4356 -0.6317
vn -0.2076 0.6909 0.6925
vn 0.4318 0.8782 0.2058
vn -0.5849 -0.0001 -0.8111
vn -0.5282 0.1996 -0.8253
vn 0.2811 0.9597 0.0003
vn 0.2619 0.8661 0.4259
vn 0.8550 0.5063 0.1125
vn 0.3129 0.7407 0.5945
vn 0.3876 0.1755 0.9049
vn -0.8600 0.0979 -0.5008
vn 0.4603 -0.8308 0.3128
vn 0.3650 0.5435 0.7559
vn 0.2868 0.5233 0.8024
vn 0.1320 -0.0325 0.9907
vn 0.8023 0.5068 0.3153
vn 0.3926 0.8893 -0.2347
vn 0.8164 0.5766 0.0324
vn -0.8550 -0.5181 0.0240
vn -0.1292 0.6547 0.7448
vn -0.1562 0.7584 0.6328
vn 0.5592 0.2206 0.7991
vn 0.6734 0.1546 0.7230
vn 0.0058 0.4935 0.8697
vn -0.3013 0.7794 0.5493
vn -0.1839 0.5222 0.8327
vn -0.9044 0.3911 0.1706
vn 0.9360 0.2052 0.2861
vn 0.5768 0.3319 0.7465
vn 0.0444 0.5843 0.8103
vn -0.9443 0.0489 -0.3254
vn 0.4099 0.8772 0.2500
vn -0.2348 0.9383 -0.2539
vn 0.2119 0.4111 0.8866
vn -0.9590 0.2751 0.0687
vn -0.4759 0.8669 0.1487
vn 0.8460 0.5262 -0.0862
vn -0.9613 0.2753 0.0097
vn -0.1886 0.7589 0.6233
vn 0.4811 0.3626 0.7982
vn -0.0447 -0.0803 0.9958
vn -0.0032 0.6861 0.7275
vn 0.5490 0.4475 0.7059
vn 0.8952 0.1929 0.4017
vn 0.0617 0.9978 -0.0237
vn -0.2195 0.8643 0.4525
vn 0.0621 0.9494 0.3079
vn -0.0209 0.9584 0.2846
vn 0.2225 0.7414 0.6331
vn -0.6258 0.7746 -0.0916
vn -0.0760 0.3526 0.9327
vn 0.7946 -0.5245 0.3057
vn 0.2829 0.2804 0.9172
vn 0.2247 0.8918 0.3927
vn -0.7778 0.3604 0.5150
vn 0.3082 0.9434 -0.1223
vn -0.9831 0.0864 -0.1616
vn 0.2978 0.9416 -0.1575
vn 0.7548 0.5554 0.3491
vn 0.5100 0.3814 0.7710
vn -0.6558 0.6652 0.3569
vn -0.8269 0.4908 0.2746
vn 0.9002 0.3547 0.2525
vn 0.0737 -0.6129 0.7867
vn 0.1438 0.4216 0.8953
vn -0.6473 -0.7062 0.2868
vn -0.2026 0.4491 0.8702
vn 0.4538 0.2477 0.8560
vn 0.0551 0.5901 0.8054
vn -0.9836 0.0520 0.1726
vn -0.3610 0.5953 0.7178
vn -0.8499 0.0634 -0.5232
vn 0.6096 0.6640 0.4329
vn 0.5086 0.3184 -0.8000
vn 0.9351 0.3322 -0.1236
vn 0.1258 0.4568 0.8806
vn -0.2364 0.9685 -0.0783
vn -0.0081 0.9998 -0.0205
vn 0.2679 0.5991 0.7545
vn 0.7778 0.5964 0.1983
vn 0.6431 -0.4142 0.6441
vn 0.5903 0.3529 0.7260
vn 0.1351 0.2758 -0.9517
vn 0.2632 0.9343 0.2403
vn -0.1026 0.9919 0.0749
vn -0.0103 0.8960 0.4438
vn -0.1586 0.9828 -0.0945
vn 0.8295 0.5233 0.1950
vn -0.4672 0.8478 0.2508
vn -0.3771 0.8394 0.3915
vn 0.1154 0.4906 0.8637
vn 0.5205 0.0434 0.8527
vn -0.1087 0.9930 -0.0471
vn -0.0664 0.6659 -0.7431
vn 0.2599 0.3590 0.8964
vn 0.2138 0.4316 0.8764
vn 0.3135 0.2769 0.9083
vn 0.1897 0.9118 0.3642
vn -0.4027 0.7673 0.4990
vn -0.0064 0.9875 -0.1577
vn -0.0384 0.8314 0.5544
vn 0.4743 0.6075 0.6371
vn -0.8662 0.2536 -0.4306
vn 0.8480 0.3132 0.4275
vn 0.8946 0.4314 0.1164
vn 0.0604 0.5818 0.8111
vn 0.3509 0.3107 0.8834
vn -0.1344 0.7120 0.6892
vn 0.9758 0.1117 0.1880
vn 0.5424 -0.6351 0.5499
vn -0.0723 0.6561 0.7512
vn -0.2666 0.6354 0.7247
vn -0.1690 -0.5658 0.8070
vn 0.2242 0.1088 0.9685
vn 0.1333 0.0489 0.9899
vn 0.2580 0.3058 0.9165
vn 0.1482 0.9857 0.0804
vn 0.7041 0.6990 0.1248
vn -0.3795 -0.1054 0.9192
vn -0.2932 0.1831 -0.9383
vn -0.5787 0.0886 -0.8107
vn 0.4147 0.3177 0.8527
vn 0.7052 -0.1121 0.7001
vn -0.4284 0.8790 0.2092
vn -0.1568 0.9033 -0.3992
vn -0.2093 0.9775 -0.0277
vn -0.0694 0.7894 0.6100
vn -0.2609 0.8495 0.4585
vn -0.6747 0.1197 0.7283
vn 0.8386 0.3023 -0.4532
vn 0.1367 0.3469 0.9279
vn 0.1834 0.3183 0.9301
vn 0.5941 0.6935 0.4077
vn 0.3623 0.8938 -0.2643
vn -0.4752 -0.5199 0.7098
vn -0.3792 0.4984 0.7796
vn -0.2039 0.5178 0.8308
vn 0.1631 0.9755 0.1479
vn 0.2383 0.3002 0.9237
vn 0.3998 0.8421 0.3619
vn 0.3344 0.1740 0.9262
vn 0.2998 0.2395 0.9235
vn 0.1410 0.0817 0.9866
vn 0.1384 -0.0127 0.9903
vn 0.2781 -0.1788 0.9438
vn 0.9438 0.2182 0.2485
vn -0.5868 0.3709 -0.7198
vn 0.2911 0.3349 0.8961
vn -0.9501 -0.1636 0.2656
vn 0.9823 -0.0321 -0.1846
vn 0.0064 0.4504 0.8928
vn -0.0967 0.5065 0.8568
vn -0.6145 -0.1398 -0.7765
vn -0.5149 0.0102 -0.8572
vn -0.2334 -0.5804 0.7802
vn -0.5089 0.7727 0.3796
vn 0.7538 0.5479 0.3628
vn 0.0339 0.8726 0.4872
vn -0.0094 0.9204 0.3909
vn -0.2439 0.6929 0.6785
vn -0.0984 0.6316 0.7690
vn 0.1569 0.6131 0.7743
vn 0.1143 0.6083 0.7855
vn -0.1104 0.6241 0.7735
vn -0.2870 0.9475 0.1413
vn -0.1069 0.9576 -0.2676
vn 0.1276 0.9858 -0.1094
vn -0.3786 0.5603 0.7367
vn 0.2015 0.3377 0.9194
vn 0.3269 0.4454 0.8335
vn 0.2732 0.4061 0.8720
vn 0.1134 -0.1673 0.9794
vn 0.1912 0.0304 0.9811
vn 0.0424 -0.4381 0.8979
vn 0.2103 -0.5016 0.8391
vn 0.2198 0.3858 0.8960
vn -0.2437 0.7925 0.5591
vn 0.8915 0.3602 0.2746
vn -0.2684 0.3336 0.9037
vn 0.5175 0.4284 0.7408
vn 0.2000 0.2365 -0.9508
vn -0.5499 0.0442 -0.8341
vn 0.5715 0.6782 0.4619
vn 0.6414 -0.0644 0.7645
vn 0.2379 0.4389 0.8665
vn -0.4708 0.4920 0.7323
vn 0.1780 0.9684 -0.1749
vn -0.0203 0.7799 0.6256
vn -0.3233 0.8420 0.4319
vn 0.2139 0.7691 0.6023
vn -0.0235 0.4554 0.8900
vn -0.0196 0.4289 0.9031
vn 0.1150 0.3129 0.9428
vn -0.1651 0.9792 0.1181
vn -0.0251 0.9192 0.3931
vn -0.7914 -0.5833 -0.1831
vn -0.1599 0.7031 0.6928
vn 0.1555 0.5890 0.7931
vn 0.2905 0.6315 0.7189
vn 0.2558 0.5465 0.7974
vn 0.1930 0.2868 0.9384
vn -0.0124 -0.6354 0.7721
vn -0.0775 -0.7396 0.6686
vn 0.1832 -0.7177 0.6719
vn 0.4989 -0.6139 0.6117
vn 0.1650 0.6207 0.7664
vn 0.9291 -0.0437 -0.3673
vn -0.0468 0.5261 0.8491
vn 0.0168 0.3832 0.9235
vn -0.2832 0.8997 0.3323
vn -0.5650 0.3895 -0.7274
vn 0.8733 0.3893 0.2928
vn 0.2665 0.6490 0.7126
vn 0.0575 0.8980 0.4361
vn 0.6506 0.5626 0.5102
vn 0.0698 0.9964 -0.0489
vn -0.1560 0.6753 0.7209
vn 0.9230 0.3377 0.1847
vn -0.6467 0.4866 0.5873
vn -0.0442 0.8593 0.5095
vn 0.1764 0.7631 0.6217
vn -0.0267 0.7873 0.6160
vn -0.1257 0.5620 0.8175
vn 0.0813 0.3398 0.9370
vn -0.3869 0.5701 0.7248
vn -0.5061 0.7543 -0.4183
vn 0.3811 0.8743 -0.3006
vn 0.2035 0.7545 0.6239
vn 0.0259 0.3943 0.9186
vn 0.0826 0.2583 0.9625
vn 0.0475 -0.1767 0.9831
vn -0.0022 -0.4945 0.8692
vn -0.0842 -0.7179 0.6910
vn 0.0297 -0.6356 0.7715
vn -0.1014 0.6062 0.7888
vn 0.2303 0.6060 0.7614
vn 0.5296 0.3522 0.7717
vn 0.0698 -0.4055 0.9114
vn 0.0166 -0.5548 0.8318
vn 0.0178 0.5608 0.8278
vn 0.5446 0.0777 0.8351
vn -0.0180 0.5782 0.8157
vn -0.3884 0.8806 0.2714
vn -0.0169 0.7170 0.6969
vn -0.2006 0.9794 -0.0218
vn -0.0054 0.8965 0.4431
vn 0.3532 0.8260 0.4393
vn 0.8337 0.5319 0.1485
vn 0.5944 0.6983 0.3988
vn 0.4075 0.7946 0.4501
vn -0.3033 0.8850 0.3532
vn -0.0660 0.9037 0.4230
vn -0.2314 0.5948 0.7699
vn 0.2277 0.4807 0.8468
vn -0.3858 0.6302 0.6738
vn 0.6215 0.6796 0.3898
vn 0.7877 0.5273 0.3187
vn -0.3412 0.7989 0.4954
vn -0.0398 0.8810 0.4714
vn -0.1793 0.4401 0.8799
vn 0.0764 0.6573 0.7498
vn -0.3086 -0.2483 0.9182
vn -0.1855 -0.4771 0.8591
vn -0.1437 -0.6478 0.7482
vn -0.1348 -0.6462 0.7512
vn -0.0945 -0.7204 0.6871
vn 0.1082 -0.6165 0.7798
vn 0.3285 -0.5447 0.7716
vn -0.6200 -0.7768 0.1105
vn -0.0483 0.1054 0.9933
vn 0.1799 0.9738 0.1391
vn 0.4202 0.2784 0.8637
vn 0.4655 0.1851 0.8655
vn -0.0917 -0.2734 0.9575
vn 0.2323 -0.4741 0.8493
vn -0.9765 0.1632 0.1409
vn 0.0041 0.1968 0.9804
vn -0.1227 0.9923 0.0196
vn 0.9775 0.1403 0.1578
vn 0.2954 0.2266 0.9281
vn 0.4135 0.3834 0.8258
vn 0.6268 0.1412 0.7663
vn 0.2149 0.9744 -0.0656
vn -0.3420 0.8227 0.4542
vn -0.2660 0.9627 0.0505
vn -0.1203 0.9731 0.1967
vn -0.0812 0.7368 0.6712
vn -0.1129 0.2050 0.9722
vn 0.1527 0.1082 0.9823
vn 0.1068 0.3162 0.9427
vn 0.0921 0.8210 0.5635
vn 0.7152 0.6761 0.1770
vn -0.3073 0.8698 0.3860
vn -0.1049 0.8193 0.5637
vn -0.2981 -0.1405 0.9441
vn -0.3383 -0.4822 0.8081
vn -0.1879 -0.4778 0.8581
vn 0.0566 -0.6807 0.7303
vn 0.1681 -0.4380 0.8831
vn 0.1358 -0.3620 0.9223
vn 0.4924 -0.5002 0.7122
vn 0.9940 -0.1001 -0.0441
vn 0.8873 0.4154 0.2003
vn -0.6425 0.6132 -0.4596
vn 0.7060 0.0871 -0.7029
vn 0.6627 0.6944 -0.2805
vn -0.9914 -0.1068 0.0761
vn 0.4220 -0.4509 0.7865
vn -0.1638 -0.0908 0.9823
vn 0.0998 0.5981 0.7952
vn -0.8906 0.1010 -0.4434
vn 0.4705 0.4983 0.7282
vn -0.7301 -0.3418 -0.5917
vn -0.6196 0.7598 -0.1971
vn 0.9433 0.3121 -0.1130
vn -0.6635 0.1672 0.7293
vn 0.4077 0.8986 0.1623
vn -0.0019 0.8949 0.4462
vn -0.5157 0.6669 0.5379
vn -0.3746 0.2500 0.8928
vn -0.1080 0.5808 0.8069
vn -0.1725 0.9086 0.3804
vn -0.2692 0.8158 0.5119
vn -0.4276 0.6012 0.6750
vn -0.6311 0.0861 0.7709
vn -0.6470 -0.2775 0.7102
vn -0.3383 -0.3822 0.8599
vn -0.3525 -0.2917 0.8892
vn -0.2542 -0.4187 0.8718
vn 0.0819 -0.4830 0.8718
vn 0.3289 -0.3648 0.8710
vn 0.3560 0.3143 0.8800
vn -0.1121 -0.0985 0.9888
vn -0.1983 -0.6417 0.7409
vn -0.9019 -0.1527 -0.4041
vn -0.0212 0.4694 0.8827
vn 0.2849 -0.2741 0.9185
vn -0.1514 -0.0032 0.9885
vn 0.1423 -0.1764 0.9740
vn 0.3344 -0.4504 0.8278
vn -0.4234 0.5943 0.6838
vn 0.6691 -0.6705 0.3205
vn -0.9517 -0.1358 -0.2754
vn -0.7942 -0.1263 -0.5944
vn 0.7439 0.5996 0.2950
vn -0.0980 0.9867 0.1295
vn -0.1349 0.7965 0.5894
vn -0.7413 0.6176 0.2627
vn -0.5959 0.1188 0.7942
vn -0.3322 0.0033 0.9432
vn -0.0657 -0.0319 0.9973
vn 0.1011 -0.0923 0.9906
vn 0.2809 0.0893 0.9556
vn 0.1850 0.2611 0.9474
vn 0.1107 0.6667 0.7370
vn -0.6375 0.4548 0.6219
vn -0.7183 0.0598 0.6932
vn -0.4625 -0.3959 0.7933
vn -0.3097 -0.3072 0.8999
vn -0.2706 -0.1844 0.9449
vn 0.1170 -0.2269 0.9669
vn 0.2939 -0.1995 0.9348
vn 0.2687 -0.0928 0.9587
vn 0.4146 -0.3633 0.8344
vn -0.2892 0.7793 0.5559
vn 0.8030 0.4672 -0.3699
vn -0.2595 0.0821 0.9623
vn -0.7060 0.4923 -0.5092
vn -0.3185 0.4725 0.8218
vn 0.1026 0.0115 0.9947
vn -0.0699 0.0480 0.9964
vn 0.5481 0.6378 0.5411
vn 0.5339 0.4489 0.7165
vn 0.8950 0.4460 0.0040
vn 0.2639 0.8858 0.3818
vn 0.3848 0.7996 0.4611
vn -0.0953 0.7548 0.6490
vn 0.3251 0.7321 0.5986
vn -0.1201 0.8734 0.4720
vn -0.0025 0.9998 -0.0205
vn 0.2832 -0.0899 0.9548
vn 0.3527 -0.1467 0.9242
vn 0.1244 0.0698 0.9898
vn -0.5383 0.7874 -0.3003
vn 0.8728 0.4017 0.2773
vn 0.0360 0.9776 0.2073
vn -0.7911 0.0416 0.6103
vn -0.7920 -0.1212 0.5983
vn -0.2647 -0.2868 0.9207
vn -0.3343 -0.3163 0.8878
vn -0.1917 -0.3019 0.9339
vn -0.1651 0.0764 0.9833
vn 0.2436 -0.3511 0.9041
vn 0.1309 -0.1732 0.9761
vn 0.1240 -0.1873 0.9744
vn -0.3617 -0.3774 0.8525
vn -0.1709 -0.1557 0.9729
vn -0.1116 0.7008 0.7046
vn 0.2413 0.5865 0.7731
vn -0.5128 0.1084 0.8516
vn 0.9844 0.0854 0.1537
vn 0.9030 0.3794 0.2015
vn 0.4393 0.2579 0.8605
vn -0.9969 0.0225 -0.0749
vn 0.4587 0.4570 0.7621
vn -0.9312 0.2172 -0.2929
vn -0.2498 0.9658 -0.0696
vn -0.2888 0.9461 -0.1464
vn -0.4602 -0.1005 0.8821
vn -0.2128 -0.1920 0.9580
vn -0.2009 0.3844 0.9010
vn -0.1881 0.9674 0.1698
vn -0.0789 0.9776 0.1953
vn -0.0953 0.9203 0.3793
vn -0.9695 -0.1912 -0.1533
vn -0.6432 0.2680 -0.7172
vn 0.3019 0.9533 -0.0061
vn 0.0773 -0.2309 0.9699
vn -0.0725 -0.0289 0.9969
vn 0.0185 -0.1836 0.9828
vn 0.4304 -0.0906 0.8981
vn 0.8703 -0.1427 -0.4713
vn 0.2873 0.9568 0.0445
vn 0.0500 0.5671 0.8221
vn 0.9864 0.1527 0.0603
vn 0.6908 0.7120 0.1255
vn -0.3868 0.8632 0.3245
vn 0.0331 0.8410 0.5401
vn -0.2227 0.5733 0.7885
vn 0.0471 0.1691 0.9845
vn -0.1752 0.2016 0.9637
vn 0.1855 0.0228 0.9824
vn -0.5862 0.5582 -0.5873
vn -0.0193 0.7953 -0.6060
vn 0.3957 0.8640 0.3112
vn -0.5638 0.7099 0.4221
vn 0.6209 0.3210 -0.7152
vn -0.2176 0.9204 0.3248
vn -0.0820 0.9923 0.0932
vn 0.1988 0.9651 0.1706
vn -0.2497 0.9563 -0.1522
vn -0.2227 0.9412 -0.2542
vn 0.1162 -0.2538 0.9603
vn -0.2212 -0.1446 0.9644
vn -0.5973 -0.0136 0.8019
vn -0.3014 0.8766 0.3752
vn -0.3617 0.8929 0.2681
vn -0.9671 0.2355 0.0961
vn 0.4469 0.8928 0.0561
vn -0.3436 -0.3870 0.8557
vn -0.3403 -0.4901 0.8025
vn -0.2297 -0.3968 0.8887
vn 0.2418 -0.2656 0.9333
vn 0.3127 -0.1375 0.9399
vn -0.3233 0.7537 0.5722
vn -0.2640 0.9226 0.2814
vn 0.1032 0.6604 0.7438
vn 0.8314 -0.5057 -0.2303
vn 0.7887 0.5230 -0.3232
vn 0.9770 0.0714 0.2007
vn -0.9828 0.1058 0.1513
vn 0.5623 -0.1392 0.8151
vn -0.0771 0.3296 0.9410
vn -0.5697 0.7397 0.3581
vn 0.2395 0.2971 0.9243
vn -0.0183 0.8418 0.5395
vn -0.5641 -0.1733 0.8073
vn -0.1011 0.8108 0.5765
vn 0.0260 0.9328 0.3595
vn 0.2463 0.7427 0.6226
vn -0.2597 0.9657 -0.0008
vn 0.2475 -0.1857 0.9509
vn -0.1857 0.9298 -0.3178
vn -0.6153 0.7021 -0.3585
vn -0.7177 0.2170 -0.6617
vn -0.2147 0.9614 -0.1719
vn -0.5013 -0.2557 0.8266
vn -0.4285 -0.3741 0.8224
vn 0.1251 -0.3033 0.9447
vn -0.0316 -0.3969 0.9173
vn -0.2087 -0.4687 0.8584
vn 0.0932 -0.4682 0.8787
vn 0.3202 -0.3596 0.8765
vn 0.5280 -0.2759 0.8032
vn 0.5647 -0.1632 0.8090
vn -0.1854 0.6475 0.7392
vn -0.3029 0.6316 0.7137
vn -0.3456 0.8244 0.4483
vn 0.1748 0.9736 0.1469
vn 0.0562 0.9866 0.1531
vn -0.2384 0.4013 0.8844
vn 0.5647 0.0351 0.8246
vn 0.9527 0.2933 0.0795
vn -0.5097 0.3370 0.7916
vn -0.4292 -0.3443 0.8350
vn -0.8251 -0.4363 -0.3589
vn -0.6771 0.0281 0.7354
vn -0.2091 0.8600 0.4655
vn 0.8315 0.5141 0.2105
vn 0.2690 0.9584 0.0954
vn 0.3746 -0.2570 0.8908
vn -0.7891 -0.0570 0.6116
vn -0.1663 0.9838 -0.0669
vn -0.4085 -0.3803 0.8297
vn -0.0285 -0.2733 0.9615
vn -0.2953 -0.5111 0.8072
vn -0.1801 -0.4671 0.8657
vn 0.1305 0.5753 0.8075
vn -0.9941 -0.1087 -0.0052
vn -0.3113 0.7797 0.5432
vn 0.0105 0.6726 0.7399
vn 0.2263 0.6135 0.7565
vn 0.9483 0.1159 0.2956
vn -0.2702 0.9613 -0.0546
vn 0.9699 -0.2064 -0.1292
vn 0.0241 0.7959 -0.6049
vn -0.1540 0.1258 -0.9800
vn -0.5926 -0.4329 -0.6792
vn 0.5524 0.0407 0.8326
vn 0.2508 0.1559 0.9554
vn -0.7804 0.4187 -0.4644
vn 0.8570 0.4113 0.3105
vn -0.0776 0.9959 -0.0458
vn -0.2419 -0.9005 0.3614
vn -0.8106 -0.5051 0.2962
vn -0.3926 -0.8258 0.4049
vn 0.9302 0.1432 0.3379
vn -0.2815 -0.1371 0.9497
vn -0.0046 -0.2006 0.9797
vn 0.3502 -0.2140 0.9119
vn 0.4140 -0.1754 0.8932
vn -0.5910 -0.1560 0.7914
vn -0.0799 0.9892 -0.1226
vn 0.1780 0.9834 -0.0343
vn -0.1276 0.9317 0.3401
vn -0.4872 -0.1757 0.8554
vn -0.4237 -0.0733 0.9029
vn -0.2031 -0.0931 0.9747
vn -0.0962 -0.1805 0.9789
vn 0.0428 -0.1551 0.9870
vn 0.3445 -0.1721 0.9229
vn -0.0068 0.5271 0.8498
vn -0.1124 0.5560 0.8236
vn -0.1077 0.5982 0.7941
vn -0.3373 -0.8879 0.3129
vn 0.8451 0.4816 0.2323
vn 0.8941 0.3291 0.3039
vn -0.1629 0.4798 0.8621
vn 0.3124 0.1896 0.9308
vn 0.8451 0.3111 -0.4347
vn 0.8010 0.2951 -0.5208
vn 0.2674 0.9551 0.1277
vn 0.0922 0.4287 0.8987
vn -0.3060 -0.8605 0.4073
vn -0.2414 -0.8936 0.3784
vn 0.2620 0.4720 0.8417
vn 0.3322 0.6116 0.7180
vn 0.1203 0.7850 0.6077
vn 0.6165 0.7747 0.1407
vn -0.4731 -0.0890 0.8765
vn -0.0744 -0.2105 0.9748
vn -0.4879 -0.2228 0.8440
vn -0.5739 0.8189 -0.0064
vn -0.0767 -0.0560 0.9955
vn 0.2431 0.4579 0.8551
vn 0.0275 0.6840 0.7289
vn 0.9317 0.2590 -0.2548
vn 0.3780 0.1539 0.9129
vn 0.3265 0.3374 0.8829
vn -0.1761 0.5281 0.8307
vn 0.0909 0.4111 0.9070
vn 0.4440 0.0051 0.8960
vn 0.8201 0.4646 -0.3340
vn 0.8452 0.5291 0.0754
vn -0.3788 -0.3383 -0.8614
vn -0.5498 -0.6351 0.5426
vn -0.7833 -0.2764 0.5568
vn -0.3085 0.9286 0.2062
vn 0.1412 -0.0650 0.9878
vn 0.2739 -0.1960 0.9416
vn 0.5736 0.8139 0.0926
vn -0.1540 -0.1970 0.9682
vn -0.2935 0.0385 0.9552
vn -0.2977 0.0052 0.9546
vn -0.1731 -0.0158 0.9848
vn -0.0190 -0.0335 0.9993
vn 0.0981 0.0613 0.9933
vn 0.1662 0.0479 0.9849
vn 0.3464 0.0074 0.9381
vn 0.1113 0.4333 0.8944
vn -0.9591 0.2767 0.0602
vn -0.9802 -0.1086 -0.1658
vn -0.8922 0.1272 -0.4334
vn -0.7594 -0.4425 -0.4769
vn 0.0592 0.6068 0.7927
vn 0.0842 0.5067 0.8580
vn 0.2590 0.9303 0.2595
vn 0.1989 0.6716 0.7137
vn -0.1634 0.6891 -0.7060
vn 0.2763 0.4136 -0.8675
vn 0.8147 -0.0169 0.5796
vn 0.1028 0.4394 0.8924
vn 0.3355 0.3075 0.8904
vn 0.7704 0.4979 0.3983
vn -0.9370 -0.0767 -0.3408
vn -0.9941 0.0394 0.1012
vn -0.8168 -0.3572 0.4531
vn -0.2536 0.2310 -0.9393
vn -0.6522 0.2071 -0.7292
vn -0.1826 -0.7435 0.6433
vn -0.5091 -0.5495 0.6624
vn -0.1402 -0.0572 0.9885
vn 0.3811 0.9244 0.0181
vn 0.8764 0.4777 -0.0601
vn 0.2513 0.5870 0.7696
vn 0.1858 0.0061 0.9826
vn 0.1564 -0.0110 0.9876
vn 0.2006 0.5111 0.8358
vn 0.2168 0.9484 -0.2312
vn -0.0483 0.9960 0.0753
vn -0.3884 0.6438 0.6593
vn 0.1870 0.5138 0.8373
vn -0.9874 -0.0749 0.1391
vn 0.6736 0.0971 0.7327
vn 0.0478 0.5398 0.8404
vn 0.8276 0.5245 -0.2001
vn 0.9991 -0.0322 -0.0266
vn 0.3730 0.8951 0.2443
vn -0.2319 0.9710 0.0574
vn -0.4560 0.3538 -0.8166
vn -0.4626 0.3007 -0.8340
vn -0.2056 -0.5143 -0.8326
vn -0.0780 -0.0657 -0.9948
vn -0.2069 -0.3135 -0.9268
vn -0.5491 -0.3758 0.7464
vn 0.7411 0.6635 -0.1029
vn -0.3901 -0.2132 0.8957
vn 0.1756 -0.0714 0.9819
vn 0.4529 -0.1396 0.8805
vn -0.1747 -0.2643 0.9485
vn -0.6338 -0.2566 0.7297
vn 0.8468 0.5128 0.1415
vn -0.0037 -0.2507 0.9681
vn -0.1355 -0.1735 0.9755
vn 0.2920 -0.1051 0.9506
vn 0.3104 0.4677 0.8276
vn -0.9915 -0.0890 -0.0950
vn 0.5531 0.7910 0.2616
vn -0.2610 0.9477 0.1837
vn -0.2026 0.7799 0.5923
vn 0.9282 0.0051 0.3721
vn -0.5126 -0.7524 0.4136
vn -0.9786 -0.2043 -0.0237
vn -0.7352 -0.6574 0.1649
vn 0.0870 0.5277 0.8449
vn -0.1546 0.6290 0.7619
vn 0.3221 0.4628 0.8259
vn 0.9218 0.2847 -0.2631
vn 0.9356 0.1108 0.3353
vn -0.9890 0.0540 0.1375
vn -0.0698 0.9858 0.1528
vn 0.1209 0.2215 -0.9676
vn -0.3669 0.0891 -0.9260
vn -0.4725 0.0591 -0.8793
vn -0.4387 0.3715 -0.8183
vn 0.0749 0.0555 -0.9956
vn -0.1163 -0.1822 0.9764
vn 0.0344 -0.0613 0.9975
vn 0.3468 -0.1264 0.9294
vn -0.3306 0.8836 0.3315
vn 0.6340 0.6932 0.3427
vn -0.3049 -0.2122 0.9285
vn -0.3539 -0.2764 0.8935
vn -0.1667 -0.3099 0.9360
vn 0.0375 -0.2188 0.9751
vn 0.2814 -0.1222 0.9518
vn 0.0269 -0.1560 0.9874
vn 0.7827 0.5068 -0.3612
vn 0.2219 0.5137 0.8288
vn -0.4677 0.8628 0.1921
vn -0.8853 0.2204 -0.4095
vn -0.7439 0.6138 0.2641
vn -0.9545 0.2604 0.1452
vn 0.3495 0.1596 0.9232
vn 0.7099 0.1139 0.6950
vn 0.5397 0.3302 0.7744
vn -0.8967 0.4228 -0.1311
vn 0.4361 0.8424 0.3164
vn 0.0044 0.7802 0.6255
vn -0.2586 0.9184 0.2995
vn -0.0744 0.3623 -0.9291
vn -0.2468 0.0331 -0.9685
vn -0.4133 -0.4852 0.7705
vn 0.0420 0.2816 -0.9586
vn 0.1948 0.2851 -0.9385
vn 0.0567 0.1460 -0.9877
vn -0.0756 -0.2734 0.9589
vn 0.0907 -0.0620 0.9939
vn 0.1233 -0.2109 0.9697
vn -0.6912 -0.3270 0.6445
vn 0.7246 0.6872 0.0516
vn -0.0161 0.9066 0.4216
vn -0.1012 -0.3305 0.9384
vn -0.3261 -0.3026 0.8956
vn -0.1756 -0.3650 0.9143
vn 0.0630 -0.2376 0.9693
vn -0.0258 -0.1079 0.9938
vn 0.1254 -0.1633 0.9786
vn 0.2607 0.4202 0.8692
vn 0.1650 0.4375 0.8840
vn -0.6460 0.2475 -0.7221
vn 0.0487 0.7176 0.6948
vn -0.9279 0.2574 0.2697
vn -0.2665 0.5341 0.8023
vn 0.9721 0.0508 0.2291
vn -0.9609 0.2719 0.0531
vn 0.0768 0.0792 -0.9939
vn 0.0876 0.6454 0.7588
vn 0.3286 0.6071 0.7235
vn -0.8793 0.4344 -0.1955
vn 0.5290 0.3713 0.7631
vn -0.9934 0.0651 0.0945
vn -0.0510 0.2487 -0.9672
vn -0.4784 -0.3448 -0.8076
vn 0.0259 0.2796 -0.9598
vn -0.4680 -0.0390 -0.8828
vn -0.4606 0.3621 -0.8104
vn 0.0592 0.1714 -0.9834
vn 0.2683 0.2903 -0.9185
vn 0.0191 0.1211 -0.9925
vn -0.1691 -0.2719 0.9474
vn 0.0871 -0.1295 0.9877
vn -0.4223 -0.3431 0.8390
vn 0.1885 0.9818 0.0241
vn 0.6751 0.4777 0.5623
vn 0.4284 0.8853 0.1807
vn -0.1298 -0.3257 0.9365
vn -0.3385 -0.3308 0.8809
vn 0.3814 -0.2397 0.8928
vn -0.1252 0.4584 0.8799
vn -0.2498 0.6636 0.7051
vn 0.0082 -0.3209 0.9471
vn -0.0883 0.6780 0.7297
vn 0.0435 0.5853 0.8096
vn -0.0539 0.9049 0.4222
vn -0.9761 0.2079 -0.0635
vn 0.6530 0.4737 0.5910
vn 0.8779 0.2035 0.4335
vn -0.0725 0.7636 0.6416
vn 0.9194 0.3702 0.1327
vn -0.2199 0.7701 0.5988
vn 0.2229 0.1413 -0.9646
vn -0.5200 -0.1234 -0.8452
vn -0.2808 0.1471 -0.9484
vn -0.6781 -0.6908 0.2508
vn 0.0164 -0.5404 0.8412
vn -0.1166 -0.0556 -0.9916
vn -0.0467 0.2608 -0.9643
vn -0.4891 -0.0753 -0.8690
vn -0.1461 -0.4408 0.8856
vn 0.2310 -0.0243 0.9726
vn 0.3660 0.8405 0.3996
vn -0.2280 -0.2438 0.9426
vn -0.2728 -0.1824 0.9446
vn -0.3102 -0.0645 0.9485
vn -0.1534 -0.0841 0.9846
vn -0.0769 0.0001 0.9970
vn -0.3066 0.6507 0.6947
vn -0.1518 0.5665 0.8099
vn -0.7127 -0.4186 -0.5629
vn -0.2813 0.5357 0.7962
vn 0.3683 0.9217 0.1219
vn -0.1531 0.5339 0.8316
vn -0.8528 -0.4480 0.2685
vn -0.9034 0.0943 0.4183
vn -0.9878 -0.0144 -0.1552
vn 0.9371 0.3256 0.1256
vn -0.9950 0.0959 -0.0265
vn -0.0272 0.9564 0.2907
vn -0.1366 0.9609 0.2409
vn 0.4012 -0.1008 -0.9104
vn -0.0013 -0.0516 -0.9987
vn -0.0775 -0.5786 0.8119
vn -0.0761 -0.5196 0.8510
vn -0.1368 -0.1480 0.9795
vn -0.1971 -0.0588 0.9786
vn -0.3621 -0.3211 0.8751
vn -0.2182 -0.2364 0.9468
vn -0.2244 -0.1374 0.9648
vn 0.3664 -0.0343 0.9298
vn 0.3284 -0.0699 0.9419
vn 0.3272 -0.0182 0.9448
vn -0.1187 0.6598 0.7420
vn 0.2941 -0.1127 0.9491
vn 0.4034 -0.8738 0.2715
vn 0.9850 -0.1666 -0.0448
vn -0.8477 0.1266 -0.5151
vn 0.9193 0.1325 -0.3707
vn 0.2652 0.4968 0.8264
vn -0.6613 -0.4512 -0.5992
vn 0.9420 0.3323 0.0476
vn -0.0071 0.9385 0.3451
vn 0.6954 0.7088 0.1184
vn 0.1288 0.8151 0.5648
vn 0.0410 0.6165 0.7863
vn -0.1395 0.9150 0.3785
vn -0.6820 -0.7294 0.0537
vn -0.3120 -0.4899 0.8141
vn -0.1787 -0.4187 0.8904
vn -0.0217 -0.4242 0.9053
vn -0.0505 -0.4564 0.8883
vn 0.1610 -0.3183 0.9342
vn -0.1333 0.0808 0.9878
vn 0.1207 -0.1218 0.9852
vn 0.1550 -0.0472 0.9868
vn -0.6125 -0.2919 0.7346
vn 0.0102 0.9991 0.0407
vn -0.0793 0.8226 0.5631
vn -0.1995 -0.2980 0.9335
vn -0.1847 -0.1769 0.9667
vn -0.1795 -0.0461 0.9827
vn -0.1013 0.1076 0.9890
vn 0.0577 0.1421 0.9882
vn 0.2601 0.1448 0.9547
vn -0.0286 0.6667 0.7448
vn -0.0271 0.5009 0.8651
vn 0.7544 0.5114 0.4115
vn 0.7249 0.3144 -0.6129
vn -0.4683 -0.6632 0.5838
vn -0.9440 0.1479 0.2950
vn -0.7000 0.3221 -0.6374
vn -0.6682 -0.6275 -0.3997
vn -0.9772 0.1709 -0.1262
vn 0.9706 0.2266 0.0815
vn -0.6900 0.7231 -0.0310
vn -0.2576 -0.3613 0.8962
vn -0.0178 -0.3548 0.9348
vn -0.0275 -0.2864 0.9577
vn 0.1803 -0.1991 0.9632
vn 0.0566 -0.1342 0.9893
vn -0.5286 -0.2166 0.8208
vn -0.3656 0.8310 0.4192
vn -0.2794 0.8250 0.4912
vn -0.1952 -0.1333 0.9717
vn -0.0348 -0.0902 0.9953
vn 0.1358 0.1751 0.9751
vn 0.0666 0.0805 0.9945
vn 0.8351 0.4641 -0.2952
vn 0.8110 0.3508 0.4682
vn -0.7173 -0.3195 -0.6192
vn -0.3099 -0.2341 0.9215
vn 0.0333 0.6903 0.7227
vn -0.3875 -0.9151 -0.1113
vn -0.8712 -0.1946 -0.4508
vn -0.0405 0.9864 0.1595
vn -0.9465 -0.0850 -0.3113
vn 0.9974 -0.0003 -0.0715
vn -0.6107 0.6201 -0.4924
vn -0.6334 -0.7428 0.2168
vn 0.5689 0.7544 0.3275
vn -0.0975 0.9941 0.0472
vn -0.2453 0.8650 0.4377
vn -0.2543 -0.2470 0.9351
vn 0.2916 -0.0964 0.9517
vn -0.0075 0.0274 0.9996
vn 0.2352 -0.0668 0.9696
vn -0.9036 0.4225 -0.0707
vn -0.2234 -0.2098 0.9519
vn 0.0888 -0.1422 0.9858
vn 0.2289 -0.0308 0.9730
vn -0.0181 0.1417 0.9897
vn 0.1485 0.0899 0.9848
vn 0.3076 -0.0871 0.9475
vn 0.2451 -0.0868 0.9656
vn 0.8194 0.5557 -0.1406
vn 0.4455 0.5154 0.7321
vn 0.9240 0.3256 0.2003
vn -0.6165 -0.3229 -0.7181
vn 0.0797 0.9909 0.1081
vn -0.9123 -0.4042 0.0657
vn 0.4275 0.9024 0.0539
vn -0.5709 0.5038 -0.6483
vn -0.0374 -0.2252 0.9736
vn -0.2134 -0.2548 0.9432
vn 0.0567 -0.2448 0.9679
vn 0.2380 -0.1909 0.9523
vn 0.3410 -0.2319 0.9110
vn 0.0109 -0.1110 0.9938
vn 0.2551 -0.2740 0.9273
vn 0.2465 -0.1159 0.9622
vn -0.7591 -0.3356 0.5578
vn -0.0571 0.6064 0.7931
vn -0.0578 0.0420 0.9974
vn -0.0361 0.1434 0.9890
vn 0.3034 -0.0152 0.9527
vn 0.9423 0.1583 -0.2950
vn 0.4339 0.7547 0.4921
vn 0.1043 0.8923 0.4393
vn -0.7411 0.3851 -0.5500
vn -0.5077 -0.3480 -0.7881
vn -0.3709 -0.4138 0.8314
vn -0.0745 -0.3317 0.9404
vn -0.2075 -0.0816 0.9748
vn 0.0925 -0.2249 0.9700
vn -0.1641 0.1120 0.9801
vn -0.3010 -0.1605 0.9400
vn -0.5334 0.8189 0.2119
vn -0.1046 0.9045 -0.4134
vn -0.1132 0.0110 0.9935
vn 0.1247 0.0885 0.9882
vn 0.0730 0.0627 0.9954
vn 0.2422 -0.1154 0.9633
vn -0.6316 0.3746 -0.6788
vn 0.8172 0.0520 0.5741
vn -0.9968 0.0751 -0.0260
vn -0.3501 -0.6963 0.6265
vn -0.9681 0.0141 -0.2503
vn 0.3161 0.8900 -0.3287
vn -0.8308 -0.4888 -0.2663
vn -0.2572 -0.2662 0.9290
vn -0.1442 -0.1739 0.9741
vn -0.2706 -0.0725 0.9600
vn 0.1253 -0.2415 0.9623
vn 0.1202 -0.2262 0.9666
vn 0.2776 -0.1506 0.9488
vn -0.1063 0.0026 0.9943
vn -0.3470 -0.1042 0.9321
vn -0.1939 -0.1733 0.9656
vn 0.2336 -0.1582 0.9594
vn -0.9230 0.2295 -0.3088
vn -0.7412 -0.6599 -0.1232
vn -0.9076 0.2182 -0.3586
vn -0.3607 0.0612 0.9307
vn 0.0265 0.1185 0.9926
vn -0.0801 0.0728 0.9941
vn -0.0246 0.0834 0.9962
vn 0.0903 0.0025 0.9959
vn 0.4636 0.2438 0.8518
vn -0.7404 0.1605 -0.6528
vn -0.8374 0.1292 -0.5312
vn 0.9969 -0.0708 0.0328
vn 0.1497 0.8131 -0.5625
vn 0.9515 0.3041 -0.0466
vn 0.0231 0.6254 0.7800
vn 0.2936 0.3066 0.9054
vn 0.0848 0.9943 0.0643
vn 0.1115 0.9533 0.2808
vn 0.1444 0.8936 0.4251
vn -0.0613 0.9819 0.1793
vn -0.0177 0.6321 0.7747
vn -0.1179 0.0117 0.9930
vn 0.3281 -0.2093 0.9211
vn 0.4849 -0.2768 0.8296
vn -0.3435 0.0050 0.9391
vn 0.2119 -0.1466 0.9662
vn -0.6349 -0.2074 0.7442
vn 0.0169 0.0937 0.9955
vn -0.0850 0.1279 0.9881
vn -0.0851 0.1569 0.9839
vn -0.7954 0.1382 -0.5901
vn -0.3317 0.8640 0.3788
vn -0.5893 -0.2697 0.7616
vn 0.0479 -0.2473 0.9678
vn -0.2295 -0.0589 0.9715
vn 0.0318 -0.2592 0.9653
vn 0.1053 0.1057 0.9888
vn 0.3639 0.0033 0.9314
vn 0.2636 -0.1422 0.9541
vn -0.8223 0.0645 0.5653
vn -0.3990 0.0584 -0.9151
vn -0.9671 0.1739 -0.1859
vn -0.2652 0.2751 0.9241
vn 0.0034 0.2211 0.9752
vn 0.1619 0.2259 0.9606
vn 0.3662 -0.0075 0.9305
vn 0.7201 0.6221 0.3073
vn -0.3396 -0.3143 0.8865
vn 0.3272 0.3212 0.8887
vn 0.5205 0.6189 -0.5882
vn -0.3052 -0.3290 0.8936
vn 0.5418 0.3648 0.7572
vn 0.2530 0.8981 0.3598
vn -0.4305 0.0008 0.9026
vn -0.1760 -0.1349 0.9751
vn 0.1425 -0.1597 0.9768
vn -0.1204 -0.0588 0.9910
vn 0.0853 -0.0367 0.9957
vn 0.2848 0.0742 0.9557
vn 0.2628 -0.0332 0.9643
vn -0.1575 0.0624 0.9856
vn 0.3068 0.0602 0.9499
vn -0.2334 -0.3671 0.9004
vn -0.1717 0.9765 -0.1302
vn -0.1491 0.2437 0.9583
vn -0.0189 0.1556 0.9876
vn -0.0800 0.1786 0.9807
vn 0.0854 0.0958 0.9917
vn 0.0390 0.2264 0.9733
vn -0.1299 0.7748 0.6187
vn 0.6330 0.7347 0.2438
vn 0.5454 0.2049 0.8128
vn 0.4290 0.2885 0.8560
vn 0.2072 0.2885 0.9348
vn -0.5235 -0.3335 0.7841
vn -0.3123 0.7783 -0.5447
vn -0.8397 0.4557 -0.2953
vn 0.4075 0.2296 0.8839
vn -0.9495 -0.0204 -0.3131
vn 0.5222 0.7070 0.4769
vn -0.7162 -0.6875 -0.1200
vn 0.0175 -0.1114 0.9936
vn 0.0478 -0.1646 0.9852
vn -0.0082 0.2152 0.9765
vn 0.4416 0.1753 0.8799
vn 0.2390 0.0732 0.9682
vn -0.1122 0.0358 0.9930
vn -0.0176 -0.3248 0.9456
vn -0.1665 -0.3467 0.9231
vn -0.4909 -0.0368 0.8704
vn 0.0628 0.9912 -0.1168
vn -0.3614 0.3848 0.8493
vn 0.1068 0.2553 0.9610
vn 0.1101 0.3026 0.9467
vn 0.2399 0.3667 0.8989
vn 0.2860 0.4060 0.8680
vn 0.7687 0.3001 -0.5649
vn 0.9918 -0.1271 -0.0108
vn 0.0148 0.9972 -0.0739
vn -0.0996 0.4835 -0.8697
vn -0.3542 0.0376 0.9344
vn -0.2473 0.0971 0.9641
vn 0.1058 -0.1098 0.9883
vn 0.0769 0.1820 0.9803
vn 0.1882 0.2679 0.9449
vn 0.0945 0.0008 0.9955
vn -0.1025 -0.2293 0.9680
vn -0.1146 -0.2154 0.9698
vn -0.2045 -0.0166 0.9787
vn -0.8155 0.2244 0.5336
vn -0.2248 0.3710 0.9010
vn -0.0474 0.1784 0.9828
vn -0.0098 0.1578 0.9874
vn 0.0687 0.2865 0.9556
vn 0.2070 0.3541 0.9120
vn 0.3752 0.3371 0.8635
vn 0.3620 0.2358 -0.9019
vn -0.0471 0.3151 0.9479
vn 0.9530 0.2612 -0.1534
vn -0.9284 -0.3639 -0.0748
vn 0.5635 0.7704 0.2984
vn -0.4455 -0.0601 0.8933
vn -0.3518 0.0455 0.9350
vn -0.8338 0.3530 -0.4245
vn -0.4149 0.2282 0.8808
vn -0.0677 0.1335 0.9887
vn 0.0451 -0.1736 0.9838
vn 0.2862 0.0605 0.9563
vn 0.3155 0.1170 0.9417
vn -0.2519 0.0957 0.9630
vn -0.2770 -0.0329 0.9603
vn -0.6385 0.2535 0.7267
vn -0.0733 0.3504 0.9337
vn 0.2429 0.4552 0.8566
vn 0.2072 0.2230 0.9525
vn -0.0996 0.7213 -0.6854
vn -0.7464 -0.1327 -0.6521
vn 0.7565 0.4776 -0.4467
vn 0.9506 0.2836 -0.1264
vn 0.9050 -0.4087 0.1182
vn -0.0403 0.9989 0.0221
vn 0.6491 0.7454 0.1516
vn -0.2946 0.1744 0.9396
vn -0.3871 0.3105 0.8682
vn 0.1531 0.1100 0.9821
vn 0.0885 0.2220 0.9710
vn 0.0003 0.1054 0.9944
vn 0.2142 -0.0067 0.9768
vn -0.1963 -0.0627 0.9785
vn -0.0895 -0.1459 0.9852
vn -0.2297 0.5273 0.8180
vn -0.0092 0.4480 0.8940
vn 0.1145 0.3707 0.9217
vn 0.2312 0.4195 0.8778
vn -0.9995 0.0299 -0.0089
vn 0.2902 0.2387 0.9267
vn 0.6494 0.3284 0.6859
vn -0.0494 0.7585 0.6498
vn -0.3985 0.7554 0.5202
vn -0.9646 0.0634 0.2561
vn -0.4082 0.9124 0.0281
vn -0.2320 0.3371 0.9124
vn 0.0532 0.3577 0.9323
vn 0.1392 0.2634 0.9546
vn -0.0899 0.1319 0.9872
vn -0.1748 0.1487 0.9733
vn 0.3030 0.0555 0.9514
vn 0.0648 0.0616 0.9960
vn -0.3134 0.1343 0.9401
vn -0.0335 -0.0220 0.9992
vn -0.1440 0.0755 0.9867
vn -0.2358 -0.0220 0.9716
vn -0.5538 0.4803 0.6802
vn -0.1790 0.6603 0.7293
vn -0.1607 0.5986 0.7847
vn 0.2812 0.5563 0.7820
vn 0.8954 0.3398 0.2875
vn 0.9870 -0.0794 0.1397
vn 0.6717 -0.0598 0.7384
vn 0.7944 0.0335 0.6065
vn 0.1922 0.7388 0.6459
vn -0.0888 0.3835 -0.9192
vn -0.2449 0.1465 0.9584
vn 0.0304 -0.0526 0.9982
vn -0.0875 -0.0291 0.9957
vn 0.1947 0.0714 0.9783
vn 0.3144 0.3378 0.8871
vn 0.1305 0.9752 -0.1788
vn 0.2514 0.9392 0.2337
vn -0.1972 0.7407 0.6422
vn -0.2135 0.7918 0.5723
vn -0.1548 0.7015 0.6957
vn -0.0296 0.6333 0.7733
vn 0.1104 0.6184 0.7781
vn 0.2977 0.6271 0.7198
vn 0.3492 0.5500 0.7586
vn 0.3633 0.2436 0.8993
vn 0.1503 0.1811 0.9719
vn 0.4170 0.2965 0.8592
vn -0.9753 0.2208 0.0046
vn -0.7378 0.2905 -0.6093
vn -0.1795 0.1530 0.9718
vn -0.2345 0.2468 0.9403
vn -0.0067 0.2433 0.9699
vn 0.2177 0.2472 0.9442
vn 0.1736 0.1512 0.9731
vn -0.2583 0.2236 0.9398
vn -0.0993 0.2890 0.9522
vn 0.2225 0.8249 0.5197
vn -0.9348 0.3531 0.0390
vn 0.2409 0.6441 0.7260
vn -0.6429 -0.7337 0.2200
vn 0.2335 0.8259 -0.5132
vn 0.9066 0.3985 -0.1391
vn -0.1320 0.0176 -0.9911
vn 0.0279 0.9994 -0.0214
vn -0.3413 0.8663 0.3647
vn -0.3999 0.3110 0.8622
vn -0.0678 0.3806 0.9222
vn 0.0185 0.2123 0.9770
vn -0.1164 0.3239 0.9389
vn -0.1729 0.3366 0.9256
vn 0.1095 0.2983 0.9482
vn 0.1295 0.1398 0.9817
vn -0.1446 0.2214 0.9644
vn -0.1706 0.3531 0.9199
vn -0.2866 0.0066 0.9580
vn 0.6156 0.6746 0.4073
vn 0.9980 0.0506 0.0384
vn -0.1091 0.8380 0.5346
vn 0.9461 -0.2981 -0.1268
vn 0.9888 -0.1415 -0.0478
vn 0.3060 0.7570 0.5773
vn 0.0898 0.7359 0.6711
vn 0.0134 0.5031 0.8641
vn 0.1312 0.2745 0.9526
vn 0.2222 0.2580 0.9403
vn 0.1255 0.7964 0.5916
vn -0.9608 -0.1099 -0.2544
vn -0.2126 0.6958 0.6860
vn 0.8170 0.4604 -0.3472
vn -0.6363 0.7532 0.1666
vn -0.0148 0.9540 0.2995
vn 0.1053 0.9695 0.2215
vn -0.4767 0.8108 -0.3396
vn 0.4911 0.8660 -0.0945
vn -0.1944 0.9806 0.0236
vn -0.9805 0.0934 -0.1731
vn -0.2136 0.1280 0.9685
vn -0.1244 0.1587 0.9795
vn -0.1604 0.1839 0.9698
vn -0.2072 0.3989 0.8933
vn -0.1207 0.3837 0.9155
vn 0.0134 0.2978 0.9545
vn -0.2632 0.1219 0.9570
vn -0.0191 0.1482 0.9888
vn -0.0926 0.3686 0.9250
vn -0.5621 -0.8204 0.1050
vn -0.4113 -0.1474 -0.8995
vn -0.9932 0.0553 0.1022
vn 0.4131 -0.8377 -0.3571
vn 0.9379 0.2761 0.2098
vn 0.4247 -0.4528 -0.7840
vn 0.9316 -0.0165 0.3632
vn 0.2342 0.3911 0.8901
vn 0.3700 0.4204 0.8285
vn -0.2119 -0.8349 0.5080
vn 0.0262 -0.0603 -0.9978
vn 0.4112 0.8280 -0.3813
vn -0.1951 0.2203 0.9557
vn -0.0647 0.2164 0.9742
vn 0.1473 0.2675 0.9522
vn 0.1981 0.3466 0.9169
vn 0.0906 0.4769 0.8743
vn 0.1816 0.1964 0.9635
vn 0.1572 0.2759 0.9482
vn -0.1390 0.4068 0.9029
vn 0.0176 0.4241 0.9055
vn -0.1489 0.4684 0.8709
vn -0.1562 0.7084 0.6883
vn -0.3710 0.7719 0.5163
vn -0.4805 -0.4066 0.7771
vn -0.8642 -0.1329 -0.4853
vn 0.0266 0.8752 0.4830
vn -0.2177 0.6917 0.6886
vn -0.3905 0.6158 0.6843
vn -0.2565 0.6031 0.7553
vn 0.0325 0.4260 0.9041
vn -0.9708 0.2339 -0.0528
vn -0.3262 -0.1986 -0.9242
vn -0.3324 0.9364 0.1122
vn -0.4140 0.3185 0.8527
vn -0.1250 0.2763 0.9529
vn -0.0698 0.4266 0.9018
vn -0.1956 0.4841 0.8529
vn -0.1188 0.4690 0.8751
vn -0.2603 0.3377 0.9045
vn 0.0396 0.3251 0.9448
vn 0.0735 0.2940 0.9530
vn 0.0350 0.2943 0.9551
vn -0.0059 0.2842 0.9587
vn -0.1737 0.5419 0.8223
vn -0.0117 0.4629 0.8863
vn -0.1199 0.6147 0.7796
vn -0.0283 0.6272 0.7783
vn 0.9997 -0.0151 -0.0184
vn 0.2672 0.6356 0.7243
vn 0.0297 0.7293 0.6836
vn 0.9489 0.2182 0.2279
vn 0.2185 0.3966 0.8916
vn -0.5119 0.2387 0.8252
vn -0.2786 0.3710 0.8859
vn -0.1313 0.4507 0.8829
vn -0.0073 0.4426 0.8967
vn 0.0922 0.4348 0.8958
vn 0.0989 0.3145 0.9441
vn 0.2407 0.3983 0.8851
vn -0.2275 0.4702 0.8528
vn -0.2402 0.4306 0.8700
vn 0.0044 0.1622 0.9867
vn 0.0087 0.1089 0.9940
vn -0.9862 -0.1653 -0.0115
vn 0.0886 0.2122 0.9732
vn -0.0164 0.4191 0.9078
vn -0.1584 0.6151 0.7724
vn -0.0706 0.6674 0.7414
vn 0.1332 0.6257 0.7686
vn 0.2521 0.6107 0.7506
vn 0.9509 0.2435 0.1910
vn 0.1197 0.7129 0.6909
vn 0.1462 0.4547 0.8785
vn 0.0437 0.3987 0.9160
vn -0.0517 0.4306 0.9011
vn -0.1481 0.3670 0.9183
vn 0.2397 0.4317 0.8696
vn 0.0466 0.4449 0.8944
vn -0.2559 0.4812 0.8384
vn -0.1257 0.4132 0.9019
vn -0.1517 0.1115 0.9821
vn -0.1655 0.0173 0.9861
vn -0.1020 0.0997 0.9898
vn 0.0845 0.1167 0.9896
vn -0.8928 -0.0340 -0.4491
vn 0.8356 0.0460 -0.5473
vn -0.2142 0.8744 0.4355
vn -0.3694 0.0598 -0.9273
vn -0.1656 -0.0417 0.9853
vn -0.1809 0.2223 0.9581
vn -0.3076 0.3936 0.8663
vn -0.0663 0.5597 0.8260
vn -0.2996 0.3533 0.8862
vn -0.1439 0.5464 0.8251
vn -0.2909 0.5170 0.8050
vn -0.1594 0.2367 0.9584
vn -0.2171 0.2617 0.9404
vn -0.1682 0.2466 0.9544
vn -0.1712 0.2186 0.9607
vn 0.0209 0.1592 0.9870
vn 0.1730 0.2678 0.9478
vn -0.0878 0.5821 0.8084
vn -0.0700 0.5904 0.8041
vn -0.1382 0.7290 0.6704
vn 0.3747 0.6030 0.7043
vn 0.4367 0.5037 0.7453
vn -0.9948 0.0634 -0.0793
vn 0.2483 -0.0768 0.9656
vn -0.4454 -0.2645 -0.8554
vn -0.0566 0.3658 -0.9290
vn -0.1700 0.4240 0.8895
vn 0.0629 0.4374 0.8970
vn 0.0176 0.5773 0.8164
vn -0.1728 0.5206 0.8361
vn 0.2285 0.4941 0.8388
vn -0.1790 0.4462 0.8768
vn -0.0231 0.3613 0.9322
vn 0.1594 0.1678 0.9728
vn 0.1878 0.1828 0.9650
vn 0.2655 0.5586 0.7858
vn 0.2973 0.3749 0.8781
vn 0.1439 0.3463 0.9270
vn 0.4429 0.2132 -0.8708
vn -0.0993 -0.5848 -0.8051
vn 0.3351 0.3140 -0.8883
vn 0.0426 -0.2574 0.9654
vn -0.0347 -0.1997 0.9792
vn -0.1204 0.1583 0.9800
vn 0.0345 0.5272 0.8491
vn 0.0653 0.5107 0.8573
vn -0.1899 0.5573 0.8083
vn -0.1891 0.4375 0.8791
vn -0.0220 0.3709 0.9284
vn 0.0564 0.2917 0.9548
vn 0.2704 0.1777 0.9462
vn 0.2279 0.2923 0.9288
vn -0.0599 0.5368 0.8416
vn 0.0313 0.6154 0.7876
vn 0.1969 0.5601 0.8047
vn 0.0194 0.5320 0.8465
vn 0.0591 0.6496 0.7580
vn 0.1846 0.2008 -0.9621
vn 0.1669 0.0764 -0.9830
vn -0.5443 0.0692 -0.8360
vn 0.0031 -0.0077 -1.0000
vn 0.2459 0.2687 -0.9313
vn 0.0178 0.2401 -0.9706
vn -0.1697 -0.3747 -0.9115
vn -0.2860 0.1806 -0.9411
vn 0.1763 -0.7456 0.6427
vn 0.2208 -0.0518 0.9739
vn -0.0039 0.5600 0.8285
vn -0.0439 0.5996 0.7991
vn 0.1455 0.6042 0.7834
vn -0.0706 0.5767 0.8139
vn -0.1469 0.3833 0.9119
vn 0.1090 0.2817 0.9533
vn 0.2272 0.1101 0.9676
vn -0.8022 0.1949 -0.5644
vn 0.2645 0.5044 0.8220
vn -0.7309 0.5651 0.3825
vn 0.3409 0.6551 0.6743
vn 0.7610 0.4237 0.4912
vn -0.2876 0.3244 -0.9011
vn -0.2427 -0.0244 -0.9698
vn -0.1664 -0.3797 -0.9100
vn -0.2987 -0.2123 -0.9305
vn -0.0891 0.0519 -0.9947
vn -0.5469 -0.2931 -0.7842
vn 0.1135 0.3197 0.9407
vn -0.1137 0.6017 0.7906
vn -0.9429 0.2878 0.1677
vn 0.1302 0.1977 -0.9716
vn 0.7222 -0.0912 0.6856
vn 0.3521 0.3644 0.8621
vn -0.5166 -0.1606 0.8410
vn 0.2948 -0.1535 0.9432
vn 0.0801 0.3025 0.9498
vn -0.0643 0.0652 -0.9958
vn 0.0166 -0.0553 -0.9983
vn -0.1080 -0.0430 -0.9932
vn -0.0572 0.0205 -0.9982
vn 0.5049 0.6073 0.6135
vn -0.6479 0.1591 -0.7450
vn -0.1436 0.1780 -0.9735
vn 0.3035 0.1263 -0.9444
vn 0.2055 0.1241 -0.9708
vn -0.1153 -0.0650 -0.9912
vn -0.1459 -0.6104 -0.7785
vn 0.7359 -0.4529 0.5034
vn 0.5134 0.6548 0.5546
vn -0.1803 0.2047 -0.9621
vn -0.4488 -0.1805 -0.8752
vn -0.3768 -0.4660 -0.8006
vn -0.2042 0.0173 -0.9788
vn 0.2675 -0.2449 0.9319
vn 0.4324 -0.5177 0.7382
vn -0.9186 0.3109 -0.2438
vn -0.5627 -0.5682 -0.6005
vn -0.4314 0.4382 -0.7886
vn 0.1241 -0.8978 0.4226
vn 0.6564 0.5106 0.5553
vn 0.1590 -0.2076 0.9652
vn 0.3355 -0.1115 0.9354
vn 0.2964 -0.3000 0.9067
vn 0.2657 -0.3661 0.8919
vn 0.2863 0.0381 0.9574
vn 0.2663 -0.1202 0.9564
vn 0.2852 0.0616 0.9565
vn 0.8971 -0.1897 0.3991
vn 0.4423 0.5037 0.7420
vn 0.1695 0.0111 0.9855
vn 0.1579 -0.0469 0.9863
vn 0.4421 -0.0959 0.8918
vn 0.7180 0.1942 0.6684
vn 0.7706 -0.0308 0.6365
vn 0.7279 -0.0975 0.6787
vn -0.5830 0.0425 -0.8113
vn 0.6118 0.1521 0.7762
vn -0.4644 0.1674 -0.8696
vn -0.0773 -0.9262 0.3691
vn -0.0698 0.0861 -0.9938
vn -0.4217 0.1800 -0.8887
vn 0.7574 0.2308 0.6108
vn 0.8030 0.2493 0.5413
vn 0.5683 0.2583 0.7812
vn 0.1185 -0.5615 0.8190
vn 0.2551 -0.3172 0.9134
vn 0.3189 -0.4731 0.8213
vn 0.6396 0.7607 0.1109
vn 0.1295 0.8017 -0.5835
vn 0.2007 0.0138 0.9795
vn 0.3385 0.0317 0.9404
vn 0.2881 0.0161 0.9575
vn 0.2441 0.1069 0.9638
vn 0.6526 -0.2068 0.7289
vn 0.7582 -0.5339 0.3742
vn 0.5031 0.3531 0.7888
vn -0.8655 0.4318 -0.2539
vn -0.4161 0.0330 -0.9087
vn 0.3203 -0.9431 -0.0891
vn 0.0033 -0.2781 -0.9605
vn 0.6149 0.4441 0.6517
vn -0.9983 -0.0252 -0.0534
vn 0.7878 0.0980 0.6081
vn 0.6628 -0.1112 0.7405
vn 0.7610 0.3705 0.5325
vn -0.0448 -0.5192 0.8535
vn 0.0935 0.0461 0.9946
vn 0.2832 0.0326 0.9585
vn 0.2621 0.1701 0.9499
vn 0.3463 0.1109 0.9316
vn -0.2009 0.2584 0.9449
vn 0.2957 0.1417 0.9447
vn 0.7773 0.0793 0.6241
vn 0.4216 0.4377 0.7941
vn 0.6675 -0.0466 0.7432
vn 0.3452 0.5363 0.7702
vn 0.7600 0.0983 -0.6424
vn 0.1336 0.0797 0.9878
vn 0.7547 -0.3225 0.5713
vn 0.4936 -0.6393 0.5896
vn 0.6373 -0.3479 0.6876
vn -0.1437 0.1284 -0.9813
vn -0.1669 0.1178 -0.9789
vn -0.3012 0.1801 -0.9364
vn -0.3532 0.0942 -0.9308
vn -0.2981 -0.2137 -0.9303
vn 0.4411 -0.3229 0.8374
vn 0.6250 -0.4663 0.6261
vn 0.5855 0.1108 0.8031
vn 0.6259 0.3253 0.7088
vn 0.5006 0.3558 0.7891
vn 0.7729 -0.2848 0.5670
vn 0.1812 0.8979 0.4012
vn 0.0993 0.1836 0.9780
vn 0.5807 -0.4087 0.7041
vn 0.5857 -0.0165 0.8104
vn 0.7240 -0.1091 0.6812
vn 0.7708 -0.2602 0.5815
vn 0.4604 0.1478 0.8753
vn 0.6693 -0.0556 0.7409
vn 0.7197 -0.2923 0.6298
vn 0.7708 -0.4543 0.4466
vn 0.7105 -0.5032 0.4920
vn 0.5187 -0.6744 0.5255
vn -0.2665 -0.2137 -0.9399
vn -0.1091 0.1357 -0.9847
vn 0.0866 0.0241 -0.9960
vn 0.5557 0.2322 0.7983
vn 0.8001 -0.0789 0.5946
vn 0.7623 0.2295 0.6052
vn 0.3352 0.3168 0.8873
vn 0.3892 0.5081 0.7684
vn 0.5722 0.0878 0.8154
vn 0.1837 0.5659 0.8037
vn 0.3354 0.1914 0.9224
vn 0.8583 0.3353 0.3885
vn 0.8794 0.3205 0.3521
vn 0.5355 0.2161 0.8164
vn 0.7741 0.3746 0.5104
vn 0.5256 0.2684 0.8073
vn 0.7569 -0.1940 0.6241
vn 0.7263 0.3742 0.5766
vn 0.7326 -0.2139 0.6462
vn 0.6496 -0.0096 0.7602
vn 0.2026 0.0115 0.9792
vn 0.3172 0.1043 0.9426
vn 0.5882 -0.1195 0.7998
vn 0.6033 -0.4770 0.6391
vn 0.6894 0.3239 0.6479
vn 0.4713 0.3911 0.7906
vn -0.4643 0.3472 -0.8148
vn -0.7048 -0.7038 0.0888
vn -0.3893 0.0916 -0.9166
vn 0.6854 0.3034 0.6620
vn 0.7326 0.3845 0.5616
vn 0.6266 0.2749 0.7292
vn 0.5024 0.3293 0.7995
vn 0.8052 0.3521 0.4772
vn 0.4997 -0.3047 0.8109
vn 0.8592 0.1320 0.4944
vn 0.8186 0.3452 0.4591
vn 0.7335 -0.0547 0.6774
vn 0.1820 0.4428 0.8779
vn 0.5341 -0.2033 0.8206
vn -0.7099 -0.7010 -0.0681
vn 0.4988 -0.5189 0.6942
vn 0.2972 0.2914 0.9093
vn 0.8948 0.2589 -0.3638
vn 0.4618 0.3419 0.8184
vn 0.8200 0.0642 0.5687
vn 0.5180 -0.1742 0.8375
vn 0.7221 0.1048 0.6838
vn 0.5381 -0.4776 0.6946
vn 0.3876 -0.2621 0.8838
vn 0.4563 -0.0392 0.8890
vn 0.5044 0.0517 0.8619
vn 0.6818 -0.4501 0.5767
vn 0.6819 0.0208 0.7311
vn 0.5556 -0.6100 0.5649
vn 0.3354 0.5708 0.7495
vn 0.7925 -0.1781 0.5833
vn 0.3817 0.4997 0.7776
vn 0.4873 -0.2353 0.8410
vn 0.8452 0.3203 0.4278
vn 0.9811 -0.1487 -0.1241
vn 0.6079 0.1211 0.7847
vn 0.5282 0.0531 0.8475
vn 0.8664 -0.1080 0.4875
vn 0.4303 0.5494 0.7163
vn 0.7700 0.3409 0.5394
vn 0.6638 0.3847 0.6414
vn 0.4079 -0.4080 0.8168
vn 0.6336 -0.3731 0.6777
vn 0.7006 0.3663 0.6123
vn 0.7200 0.3899 0.5741
vn 0.5331 -0.5106 0.6746
vn 0.7347 -0.5745 0.3608
vn 0.8118 0.2812 0.5119
vn 0.8352 0.0251 0.5493
vn 0.6003 0.0741 0.7963
vn 0.4857 0.4674 0.7387
vn 0.7017 0.4108 0.5821
vn 0.4878 0.4659 0.7382
vn 0.5385 0.2614 0.8010
vn 0.6032 0.1303 0.7869
vn 0.4896 0.5636 0.6653
vn 0.7851 0.1852 0.5910
vn 0.9368 0.1167 0.3298
vn 0.4701 -0.0363 0.8819
vn 0.3687 -0.8512 0.3734
vn 0.5569 0.3131 0.7693
vn 0.5612 0.2813 0.7784
vn 0.7833 -0.1833 0.5940
vn 0.5465 -0.5473 0.6339
vn 0.3769 -0.5656 0.7335
vn 0.4570 -0.5432 0.7044
vn 0.5080 -0.4049 0.7603
vn 0.4987 -0.2105 0.8408
vn 0.4380 -0.3785 0.8154
vn 0.4902 0.3880 0.7805
vn 0.4174 -0.3534 0.8372
vn 0.4070 -0.9073 0.1053
vn 0.5791 0.4387 0.6872
vn 0.6749 0.1329 0.7259
vn 0.9118 0.4023 0.0824
vn 0.5196 0.2385 0.8204
vn 0.9182 0.1647 -0.3601
vn 0.5501 0.3769 0.7452
vn 0.5938 0.2114 0.7764
vn 0.2608 0.6887 0.6765
vn 0.7319 -0.0753 0.6772
vn 0.2771 0.2918 0.9154
vn 0.1983 0.6724 0.7131
vn 0.3775 0.3631 0.8518
vn 0.2878 0.6298 0.7215
vn 0.9534 0.1361 -0.2691
vn 0.1670 0.7729 0.6122
vn 0.4745 -0.4130 0.7773
vn 0.5428 -0.3917 0.7429
vn 0.6725 -0.4067 0.6183
vn 0.8219 0.2164 0.5269
vn 0.4207 0.4863 0.7659
vn 0.5895 -0.4878 0.6439
vn 0.6876 -0.5990 0.4104
vn -0.4271 -0.8847 0.1866
vn 0.4304 -0.5992 0.6751
vn 0.7046 -0.1723 0.6884
vn -0.5109 -0.0384 -0.8588
vn 0.6414 -0.6557 0.3983
vn 0.7024 -0.0732 0.7080
vn 0.6855 0.3540 0.6362
vn 0.6603 0.3728 0.6519
vn 0.6359 0.2225 0.7390
vn 0.6445 0.2957 0.7051
vn 0.7371 -0.1741 0.6530
vn 0.4488 -0.6902 0.5676
vn 0.7338 -0.0216 0.6790
vn 0.7126 0.1889 0.6756
vn 0.4790 0.4115 0.7754
vn 0.7274 0.2738 0.6292
vn 0.6032 -0.6172 0.5051
vn -0.9330 -0.3502 0.0825
vn 0.5110 0.3342 0.7919
vn 0.3403 0.5105 -0.7897
vn 0.5370 -0.4727 0.6988
vn 0.4475 -0.5830 0.6781
vn 0.4848 -0.4795 0.7315
vn 0.5939 -0.3123 0.7415
vn 0.8589 0.0386 0.5107
vn 0.5894 -0.3695 0.7184
vn 0.4785 -0.2580 0.8393
vn 0.5333 -0.2470 0.8091
vn 0.6052 -0.4573 0.6515
vn 0.8050 -0.3846 0.4518
vn 0.8615 -0.4961 -0.1086
vn 0.5800 -0.7761 0.2475
vn 0.8270 0.1056 0.5522
vn 0.4625 -0.7267 0.5079
vn -0.9264 0.2808 -0.2507
vn 0.5217 0.2899 0.8023
vn 0.7017 -0.0061 0.7125
vn 0.3950 0.6309 0.6678
vn 0.5737 -0.1294 0.8088
vn 0.3442 -0.9194 -0.1906
vn -0.9996 -0.0053 -0.0289
vn -0.6789 0.5519 -0.4843
vn 0.4554 -0.3895 0.8006
vn 0.3746 -0.4022 0.8354
vn 0.6389 -0.4541 0.6210
vn 0.5487 -0.4933 0.6750
vn 0.4862 -0.4075 0.7730
vn 0.7582 -0.3634 0.5414
vn 0.5351 0.4027 0.7427
vn 0.9818 0.0479 -0.1838
vn 0.7241 -0.2845 0.6283
vn 0.1232 0.8107 0.5724
vn -0.8825 -0.3065 0.3566
vn 0.6324 0.3962 0.6656
vn 0.4301 0.5900 0.6833
vn 0.3170 0.6054 0.7301
vn 0.6405 0.4598 0.6151
vn 0.8603 0.2979 0.4138
vn -0.9523 -0.0989 -0.2887
vn 0.7419 -0.2138 0.6355
vn 0.2853 -0.2196 0.9329
vn 0.6048 -0.3370 0.7216
vn 0.6169 -0.3808 0.6888
vn 0.9920 0.1016 0.0745
vn 0.4944 0.5434 0.6784
vn 0.5852 -0.2028 0.7851
vn 0.8047 -0.2070 0.5565
vn 0.2140 0.5679 0.7948
vn -0.9359 0.3468 -0.0609
vn 0.9945 0.0820 0.0649
vn -0.7369 -0.6722 0.0707
vn -0.0627 -0.4929 -0.8678
vn 0.7229 0.4347 0.5370
vn 0.8660 0.1825 0.4655
vn 0.8721 0.0683 0.4845
vn 0.6737 0.0122 0.7389
vn 0.8592 0.2262 0.4589
vn -0.8585 0.1675 -0.4847
vn 0.7701 0.0911 0.6314
vn 0.8243 -0.0912 0.5588
vn 0.7529 0.0652 0.6549
vn 0.5570 -0.1083 0.8234
vn 0.3088 -0.1906 0.9318
vn 0.6091 -0.2335 0.7579
vn 0.5560 -0.3612 0.7486
vn 0.5707 -0.3243 0.7544
vn 0.7986 0.1970 0.5687
vn -0.4378 -0.4513 0.7776
vn 0.8891 -0.0099 0.4576
vn 0.5022 -0.4932 0.7103
vn 0.8785 -0.0038 0.4777
vn 0.9899 -0.1038 0.0967
vn 0.8357 -0.0287 0.5484
vn 0.6439 0.0414 0.7640
vn 0.7453 0.3931 0.5384
vn 0.5855 -0.1484 0.7970
vn 0.6700 0.3595 0.6495
vn 0.4860 0.3472 0.8020
vn 0.5277 0.5123 0.6775
vn 0.5793 -0.2105 0.7875
vn 0.7796 -0.3049 0.5470
vn 0.8097 0.1653 0.5631
vn 0.7130 0.0935 0.6949
vn 0.5317 -0.5188 0.6695
vn 0.5480 0.0639 0.8340
vn 0.8507 -0.1367 0.5076
vn 0.7490 0.3611 0.5556
vn 0.6074 0.4359 0.6642
vn 0.3239 0.2735 0.9057
vn 0.6974 0.3294 0.6365
vn 0.7918 0.3521 0.4991
vn 0.3512 0.5577 0.7521
vn 0.5728 -0.6816 0.4554
vn 0.4840 -0.1131 0.8677
vn 0.3106 -0.0731 0.9477
vn 0.3323 -0.0125 0.9431
vn 0.5417 0.0223 0.8403
vn 0.5739 -0.1448 0.8060
vn 0.5620 -0.1870 0.8057
vn 0.5578 -0.1851 0.8091
vn 0.8156 -0.1942 0.5451
vn 0.7300 -0.0118 0.6834
vn 0.9272 -0.1264 0.3525
vn 0.8355 0.2283 0.4997
vn 0.7334 -0.0804 0.6751
vn -0.9728 -0.0383 -0.2286
vn 0.1526 0.6765 0.7204
vn 0.7749 -0.0025 0.6320
vn -0.9761 -0.1218 0.1800
vn -0.9790 0.1347 -0.1530
vn 0.3519 -0.3874 0.8521
vn 0.8725 -0.1433 0.4672
vn 0.6358 -0.5601 0.5311
vn 0.3850 -0.4733 0.7923
vn 0.8366 0.0185 0.5475
vn 0.6065 0.4797 0.6341
vn 0.2868 0.6436 0.7096
vn 0.1656 0.0935 -0.9818
vn -0.3638 0.8968 -0.2519
vn 0.9907 -0.0188 0.1348
vn 0.6087 -0.6971 0.3790
vn 0.3830 -0.5040 0.7741
vn 0.9891 0.1032 -0.1054
vn 0.5385 -0.2173 0.8142
vn 0.5238 -0.3003 0.7971
vn 0.3790 -0.3204 0.8682
vn 0.5066 -0.1615 0.8469
vn 0.4425 0.0540 0.8951
vn 0.5176 0.0413 0.8546
vn 0.5108 0.0056 0.8597
vn 0.8175 0.0188 0.5757
vn 0.9055 0.0614 0.4198
vn 0.6328 -0.6221 0.4611
vn 0.6530 -0.3692 0.6613
vn 0.7424 -0.5894 0.3185
vn 0.8414 -0.0469 0.5383
vn 0.6147 -0.1996 0.7631
vn -0.9151 -0.0000 -0.4032
vn 0.5270 -0.2864 0.8002
vn 0.4891 -0.2919 0.8219
vn 0.6288 -0.0661 0.7748
vn 0.5172 0.0378 0.8550
vn 0.5418 -0.0756 0.8371
vn 0.5479 -0.0518 0.8349
vn 0.7677 -0.1278 0.6280
vn 0.7393 0.3311 0.5863
vn 0.5938 0.2459 0.7661
vn 0.7746 0.3268 0.5415
vn -0.7546 0.5652 -0.3332
vn 0.5073 0.4013 0.7626
vn 0.3136 0.5335 0.7855
vn 0.7631 -0.2490 0.5963
vn 0.7398 -0.0901 0.6667
vn -0.8543 0.1042 -0.5092
vn -0.7066 0.3054 -0.6383
vn 0.6188 -0.2648 0.7396
vn 0.6352 -0.1940 0.7476
vn 0.4743 0.3977 0.7854
vn 0.7855 0.2585 0.5623
vn -0.6761 0.1908 -0.7117
vn 0.3791 0.4540 0.8064
vn 0.3986 -0.1464 0.9054
vn 0.4349 -0.2247 0.8720
vn 0.5788 -0.2338 0.7812
vn 0.5284 0.0135 0.8489
vn 0.5404 0.0134 0.8413
vn 0.6610 0.0249 0.7499
vn 0.6197 0.4026 0.6738
vn 0.8853 0.2888 0.3645
vn 0.4196 0.6220 0.6611
vn 0.1730 0.9093 -0.3784
vn 0.6465 -0.3540 0.6758
vn 0.5129 0.0732 0.8553
vn 0.8294 -0.0418 0.5571
vn 0.8836 -0.0804 0.4612
vn 0.6280 0.2493 0.7372
vn 0.8701 0.0318 -0.4918
vn 0.4358 -0.0928 0.8953
vn 0.7677 0.1955 0.6103
vn 0.2093 0.8109 0.5464
vn 0.4224 0.3590 0.8323
vn 0.3870 -0.1089 0.9156
vn 0.4428 -0.0823 0.8928
vn 0.5318 -0.1494 0.8336
vn 0.4480 -0.2372 0.8620
vn 0.6260 -0.1516 0.7650
vn 0.4504 0.0209 0.8926
vn 0.6159 -0.0782 0.7839
vn 0.7247 -0.0377 0.6880
vn 0.7792 0.5462 -0.3074
vn 0.7064 -0.1447 0.6929
vn 0.5234 0.6087 0.5963
vn 0.7818 0.4824 0.3951
vn 0.5180 0.5666 0.6408
vn 0.4236 0.2747 0.8632
vn 0.6511 -0.0504 0.7573
vn 0.9501 -0.0401 -0.3093
vn 0.4714 -0.3250 0.8198
vn 0.7161 0.0546 0.6958
vn 0.1905 -0.7114 0.6765
vn -0.2976 -0.8651 0.4038
vn 0.7867 -0.3518 0.5073
vn 0.3869 -0.0967 0.9170
vn 0.4300 -0.1505 0.8902
vn 0.5539 -0.2515 0.7937
vn 0.7092 -0.3208 0.6278
vn 0.6412 -0.2664 0.7196
vn 0.4746 -0.0037 0.8802
vn 0.5009 -0.0385 0.8646
vn 0.8871 -0.0960 0.4516
vn 0.8500 0.0484 0.5245
vn -0.9856 0.0102 0.1690
vn -0.8903 -0.4469 -0.0877
vn 0.5634 0.0035 -0.8262
vn 0.1987 0.7987 0.5679
vn -0.6026 0.4816 -0.6363
vn 0.6600 0.2934 0.6916
vn 0.4395 -0.2036 0.8749
vn 0.4901 -0.1982 0.8488
vn 0.8064 -0.0514 0.5891
vn 0.8506 -0.0314 0.5248
vn 0.8925 0.2704 -0.3611
vn 0.4559 0.4907 0.7425
vn 0.5678 -0.8216 0.0514
vn 0.8449 0.0570 0.5319
vn 0.3000 -0.9539 -0.0013
vn -0.7991 0.1690 -0.5770
vn 0.8334 -0.4224 0.3564
vn 0.7404 0.5148 0.4323
vn 0.5262 -0.3550 0.7727
vn 0.5733 -0.1834 0.7986
vn 0.6929 -0.1050 0.7134
vn 0.9270 0.1023 0.3609
vn -0.3705 -0.8964 0.2435
vn -0.1250 0.5775 -0.8068
vn 0.8274 -0.2360 0.5096
vn -0.8879 -0.4270 0.1710
vn -0.8577 0.1283 -0.4979
vn 0.4543 -0.5563 0.6958
vn 0.5816 -0.7584 0.2942
vn 0.3911 0.6403 -0.6611
vn 0.2801 -0.1334 0.9507
vn 0.4497 -0.2746 0.8499
vn 0.4668 -0.2198 0.8566
vn 0.5866 -0.1449 0.7968
vn 0.7243 -0.2369 0.6475
vn 0.6647 -0.2731 0.6954
vn 0.7978 -0.0524 0.6006
vn 0.8884 -0.0257 0.4584
vn 0.9312 -0.0162 0.3641
vn -0.9815 -0.1604 0.1046
vn 0.9190 -0.3552 -0.1709
vn 0.9713 -0.0818 0.2234
vn 0.4638 -0.2334 0.8547
vn 0.9021 -0.1836 0.3905
vn 0.7503 0.1845 0.6348
vn 0.7747 0.2955 0.5590
vn 0.5284 -0.7847 0.3240
vn 0.0930 0.6198 -0.7792
vn 0.3732 -0.2710 0.8873
vn 0.6453 -0.1682 0.7452
vn 0.6360 -0.2278 0.7373
vn 0.9022 0.3356 0.2710
vn 0.5668 0.2082 0.7971
vn 0.4489 -0.1162 0.8860
vn 0.7207 0.2059 0.6620
vn 0.8375 0.3560 0.4145
vn 0.2795 0.0372 0.9594
vn 0.1803 0.0700 0.9811
vn 0.4506 -0.0337 0.8921
vn 0.5702 0.0321 0.8209
vn 0.6001 -0.1469 0.7864
vn 0.6063 -0.0358 0.7944
vn 0.7068 -0.1106 0.6987
vn 0.8695 -0.0153 0.4938
vn -0.0419 0.2825 -0.9584
vn -0.9957 0.0519 0.0766
vn 0.1928 0.6705 0.7164
vn -0.9414 -0.3173 -0.1143
vn 0.2489 0.2206 0.9431
vn 0.6289 -0.0022 0.7775
vn 0.7932 -0.0223 0.6086
vn 0.8678 -0.0269 0.4963
vn 0.9071 -0.0394 0.4190
vn 0.9816 0.0286 0.1890
vn 0.6852 0.4201 0.5950
vn 0.5913 -0.0924 0.8011
vn -0.9659 0.1168 0.2311
vn 0.9378 0.1143 0.3279
vn -0.7708 -0.4057 -0.4912
vn 0.9695 0.2448 0.0161
vn 0.2457 0.2352 0.9404
vn 0.4139 0.2079 0.8863
vn 0.6293 0.0165 0.7770
vn 0.7469 0.0139 0.6647
vn 0.9958 0.0767 0.0508
vn 0.6115 -0.2773 0.7410
vn 0.8161 -0.0621 0.5745
vn -0.6900 -0.7193 -0.0801
vn 0.4563 0.1442 0.8781
vn 0.4365 0.1596 0.8855
vn 0.6735 0.0159 0.7390
vn 0.6786 0.1164 0.7252
vn 0.6071 -0.0198 0.7943
vn 0.6293 0.0661 0.7743
vn 0.7881 0.0401 0.6142
vn 0.9482 0.0248 0.3166
vn 0.7937 0.3741 0.4796
vn 0.2298 0.7412 0.6307
vn -0.2773 -0.5006 0.8201
vn 0.9145 0.3982 0.0711
vn 0.5571 0.3971 0.7293
vn 0.4121 0.0979 0.9059
vn 0.7853 -0.0291 0.6184
vn 0.7958 0.0175 0.6053
vn 0.9026 0.0379 0.4288
vn -0.8078 0.3731 -0.4563
vn 0.9090 -0.4142 -0.0466
vn -0.6511 0.6088 -0.4533
vn 0.5308 -0.0483 0.8461
vn 0.4509 0.1211 0.8843
vn 0.4210 0.2003 0.8847
vn 0.5453 0.0869 0.8337
vn 0.6670 0.0725 0.7415
vn 0.5997 0.1925 0.7767
vn 0.4211 -0.1304 0.8976
vn 0.8845 0.1459 0.4432
vn -0.3456 -0.4865 0.8024
vn 0.8210 0.4539 -0.3463
vn 0.3316 -0.5492 0.7671
vn -0.2074 -0.4386 -0.8744
vn 0.4178 0.1572 0.8948
vn 0.5696 0.0130 0.8218
vn 0.7951 0.0176 0.6062
vn 0.8678 0.0763 0.4910
vn -0.6663 -0.7097 0.2288
vn 0.3775 -0.8717 0.3125
vn -0.4538 0.3542 -0.8177
vn 0.6004 0.0508 0.7981
vn 0.4521 0.1264 0.8830
vn 0.6472 0.0903 0.7570
vn 0.6324 -0.0279 0.7742
vn 0.8646 0.4506 0.2224
vn 0.4057 0.1475 0.9020
vn 0.6092 0.0479 0.7916
vn 0.4878 0.0513 0.8715
vn 0.7924 0.0705 0.6060
vn 0.8388 0.0986 0.5355
vn 0.8905 0.1552 0.4278
vn -0.8032 -0.1977 -0.5619
vn -0.0093 0.8466 -0.5322
vn 0.7823 0.1793 0.5965
vn 0.6717 -0.7136 0.1988
vn 0.4413 0.0951 0.8923
vn 0.8795 0.1445 0.4535
vn 0.8370 0.2029 0.5082
vn -0.8306 0.3396 -0.4412
vn 0.7546 0.5633 0.3365
vn -0.9195 0.3142 0.2362
vn -0.8549 0.5086 0.1020
vn 0.9891 0.1461 -0.0154
vn -0.1100 0.6875 -0.7178
vn 0.9438 -0.3107 -0.1124
vn -0.3341 -0.8286 0.4492
vn 0.9757 0.1970 0.0958
vn 0.5787 0.5038 0.6413
vn 0.4850 0.2769 0.8295
vn 0.6385 0.2204 0.7374
vn -0.9479 0.1674 -0.2712
vn -0.7351 -0.6225 -0.2686
vn -0.5595 -0.0560 -0.8269
vn 0.4861 -0.8726 0.0480
vn 0.9400 -0.3322 -0.0776
vn -0.4677 -0.2371 -0.8515
vn 0.8376 -0.5340 -0.1152
vn 0.6407 -0.1615 0.7506
vn -0.9561 -0.0269 -0.2919
vn 0.3748 -0.9199 -0.1151
vn 0.8413 -0.4981 0.2101
vn -0.7400 -0.6064 0.2912
vn 0.7820 -0.3868 -0.4887
vn -0.8278 0.2467 -0.5038
vn 0.4589 -0.4409 -0.7713
vn 0.5650 -0.7871 -0.2476
vn 0.4497 -0.8814 -0.1445
vn 0.5809 -0.8112 -0.0672
vn 0.5684 -0.8035 -0.1769
vn 0.5486 -0.7861 -0.2849
vn 0.5908 -0.7266 0.3508
vn 0.6298 -0.7459 0.2167
vn 0.8712 -0.4345 -0.2285
vn -0.3225 -0.9404 -0.1079
vn 0.8587 0.1516 -0.4896
vn -0.3563 -0.8805 0.3127
vn -0.2281 -0.3762 -0.8980
vn -0.3844 0.1505 -0.9108
vn 0.4328 -0.8689 -0.2403
vn 0.4068 -0.8822 -0.2371
vn 0.3462 -0.8680 -0.3560
vn 0.4911 -0.8148 -0.3081
vn 0.4965 -0.8049 -0.3250
vn 0.7049 -0.5979 -0.3815
vn 0.8212 -0.5459 -0.1666
vn 0.8214 -0.5245 -0.2239
vn 0.7102 -0.5938 -0.3783
vn 0.5520 -0.5715 -0.6072
vn 0.1314 0.8098 -0.5718
vn 0.7093 -0.6370 0.3017
vn 0.6927 -0.1369 -0.7081
vn 0.9970 -0.0478 0.0605
vn -0.9833 -0.1286 -0.1289
vn -0.4580 -0.0166 -0.8888
vn -0.1095 -0.0572 -0.9923
vn -0.1138 0.2126 -0.9705
vn 0.5392 -0.8231 -0.1784
vn 0.4832 -0.7925 -0.3721
vn 0.4136 -0.7090 -0.5712
vn 0.9369 0.3353 -0.0984
vn 0.4015 -0.6432 -0.6520
vn 0.6836 -0.5871 -0.4337
vn 0.8344 -0.5187 -0.1864
vn 0.5211 -0.4457 -0.7279
vn -0.0113 0.8417 -0.5398
vn -0.6704 -0.7411 -0.0363
vn -0.2358 0.2654 -0.9349
vn -0.9406 -0.3283 0.0864
vn -0.6893 -0.6891 -0.2238
vn -0.5633 -0.7550 -0.3356
vn 0.7927 0.5501 0.2628
vn 0.9414 0.3107 -0.1316
vn 0.9472 -0.3133 -0.0685
vn -0.1882 0.3522 -0.9168
vn 0.5653 -0.8249 -0.0008
vn 0.5331 -0.7243 -0.4371
vn 0.4450 -0.7172 -0.5363
vn -0.8361 0.1388 -0.5308
vn 0.7215 -0.3310 -0.6082
vn -0.8714 -0.0130 -0.4904
vn 0.9406 0.2967 0.1648
vn 0.8843 0.4548 0.1058
vn -0.8138 -0.3296 0.4787
vn 0.6409 -0.7615 -0.0969
vn 0.6090 -0.7547 -0.2441
vn 0.6531 0.1377 -0.7446
vn 0.0730 0.7062 -0.7042
vn 0.6260 -0.5850 -0.5157
vn 0.7354 -0.6260 -0.2595
vn 0.7712 -0.5706 -0.2823
vn 0.8199 -0.4316 -0.3762
vn -0.1655 0.8747 -0.4556
vn 0.9178 -0.3744 -0.1323
vn -0.7038 -0.6610 0.2604
vn 0.9379 0.0565 0.3423
vn -0.8144 -0.3577 -0.4570
vn -0.6207 0.3005 -0.7241
vn 0.9371 -0.1135 -0.3300
vn 0.9864 -0.1620 -0.0283
vn 0.9435 0.2928 -0.1549
vn 0.5308 -0.7392 0.4145
vn 0.3718 -0.1288 -0.9193
vn 0.6676 -0.7143 0.2099
vn 0.6766 -0.7358 0.0290
vn 0.9304 -0.3107 -0.1942
vn 0.5126 -0.6326 -0.5805
vn 0.6235 -0.7285 -0.2837
vn -0.1799 -0.0220 -0.9834
vn -0.4316 -0.8069 0.4032
vn -0.9438 0.3275 -0.0448
vn -0.7380 0.2694 -0.6187
vn -0.9949 0.0859 -0.0530
vn 0.5992 -0.6937 -0.3998
vn 0.9343 0.3485 0.0746
vn 0.4985 -0.8485 -0.1777
vn 0.9581 -0.2849 -0.0304
vn 0.9794 0.1580 0.1260
vn -0.2923 -0.9317 0.2158
vn 0.8636 0.4145 -0.2870
vn 0.9426 0.1634 0.2912
vn -0.9081 0.1176 -0.4018
vn -0.3619 -0.8449 0.3939
vn 0.9264 -0.3564 0.1215
vn 0.8619 -0.4778 -0.1697
vn 0.7804 -0.6189 -0.0894
vn 0.7631 -0.6032 -0.2318
vn 0.6838 -0.6553 -0.3210
vn 0.4338 -0.4922 -0.7547
vn 0.3764 0.2177 -0.9005
vn 0.6543 -0.7218 -0.2259
vn 0.6464 -0.6453 -0.4071
vn 0.4987 -0.7508 -0.4330
vn 0.8178 -0.3642 -0.4457
vn 0.6048 -0.1218 -0.7870
vn -0.9996 0.0120 -0.0236
vn 0.9993 -0.0338 0.0171
vn 0.9051 -0.4138 -0.0981
vn 0.9662 0.0213 0.2571
vn 0.8487 0.4899 -0.1992
vn 0.9302 -0.2976 0.2150
vn -0.2624 0.5556 -0.7890
vn -0.1707 -0.8453 0.5063
vn 0.9575 -0.2520 -0.1402
vn 0.4880 -0.8704 0.0654
vn 0.9962 0.0853 0.0166
vn 0.9980 -0.0568 0.0274
vn 0.9805 0.1437 0.1339
vn 0.7884 -0.6022 0.1257
vn 0.8054 -0.5920 0.0312
vn 0.6828 -0.5194 -0.5138
vn 0.5650 -0.5323 -0.6305
vn 0.4620 -0.5637 -0.6847
vn 0.7161 -0.6435 -0.2705
vn 0.6207 -0.6882 -0.3756
vn 0.7175 -0.1008 -0.6892
vn -0.0593 0.3459 -0.9364
vn -0.1928 0.6281 -0.7539
vn -0.6394 -0.1392 -0.7561
vn -0.9720 -0.2173 -0.0896
vn 0.8007 -0.4209 -0.4263
vn 0.8040 -0.5273 -0.2748
vn 0.4986 -0.5960 -0.6295
vn 0.7078 0.2225 -0.6704
vn -0.0123 0.6538 -0.7566
vn 0.9948 -0.0111 0.1017
vn 0.9992 0.0140 -0.0377
vn 0.7941 0.3508 -0.4964
vn 0.8807 -0.4351 0.1872
vn 0.8968 -0.4419 -0.0194
vn 0.8949 -0.4301 -0.1192
vn 0.8851 -0.3924 -0.2502
vn 0.4846 -0.3298 -0.8102
vn 0.4907 0.7405 -0.4592
vn -0.2263 -0.7549 -0.6155
vn 0.6296 -0.5048 -0.5906
vn 0.8174 -0.5067 -0.2739
vn 0.7599 -0.4604 -0.4589
vn 0.5000 -0.6280 -0.5963
vn -0.0014 0.7468 -0.6651
vn -0.0560 0.7649 -0.6417
vn 0.4854 0.5284 -0.6966
vn 0.1386 -0.3817 -0.9138
vn 0.9942 0.0802 0.0713
vn 0.9688 0.0223 -0.2470
vn -0.6672 -0.6711 0.3233
vn 0.9474 0.1961 0.2528
vn -0.7757 -0.1699 -0.6078
vn 0.9387 0.3020 0.1662
vn -0.9851 0.0794 -0.1523
vn 0.9365 -0.3384 0.0915
vn 0.7248 -0.3226 -0.6088
vn 0.6128 -0.2798 -0.7390
vn -0.0089 0.7322 -0.6810
vn 0.8694 -0.3303 -0.3676
vn 0.6141 -0.3926 -0.6846
vn 0.0978 0.6700 -0.7359
vn -0.1003 0.5299 -0.8421
vn 0.9563 0.2892 0.0419
vn 0.5233 -0.8323 0.1827
vn 0.7974 0.5244 0.2985
vn -0.7034 -0.5412 0.4608
vn 0.8841 -0.2875 -0.3683
vn 0.9184 -0.2561 0.3016
vn 0.9524 -0.2582 0.1621
vn 0.9094 -0.3030 -0.2849
vn 0.8742 -0.1415 -0.4646
vn -0.1374 0.6131 -0.7780
vn 0.4936 -0.3879 -0.7784
vn 0.7325 -0.5092 -0.4519
vn 0.7786 -0.3999 -0.4837
vn 0.7684 -0.1298 -0.6266
vn -0.1292 0.7184 -0.6836
vn 0.2750 0.8138 -0.5119
vn -0.3281 0.7235 -0.6074
vn -0.7140 -0.5966 0.3664
vn -0.9146 0.2416 -0.3243
vn 0.9904 0.1075 0.0868
vn 0.9550 -0.2878 -0.0718
vn 0.8036 -0.1331 -0.5801
vn 0.4019 0.3475 -0.8472
vn 0.6078 -0.3237 -0.7251
vn 0.8364 -0.1570 -0.5252
vn 0.0324 0.7848 -0.6189
vn -0.1446 0.8828 -0.4469
vn 0.1051 0.6209 -0.7768
vn 0.6387 0.0569 -0.7673
vn 0.1277 0.7000 -0.7026
vn -0.9708 0.1032 -0.2165
vn 0.8764 0.4593 0.1450
vn -0.9584 -0.1192 -0.2592
vn 0.9964 0.0694 0.0494
vn -0.4057 -0.7833 0.4710
vn -0.6773 -0.5872 -0.4433
vn 0.1660 0.0620 -0.9842
vn 0.0015 0.8764 -0.4815
vn 0.7360 -0.4288 -0.5239
vn 0.7143 -0.3288 -0.6178
vn 0.7698 -0.1048 -0.6296
vn 0.7369 -0.1659 -0.6553
vn 0.1885 0.3401 -0.9213
vn -0.6530 0.2716 -0.7070
vn 0.0653 0.4855 -0.8718
vn -0.1187 0.7495 -0.6513
vn -0.4745 -0.8079 0.3495
vn -0.9987 -0.0327 -0.0401
vn -0.1273 -0.9507 0.2828
vn -0.7910 0.1461 -0.5941
vn 0.9764 -0.1584 0.1466
vn 0.9869 -0.1559 -0.0421
vn 0.9523 -0.1532 -0.2639
vn -0.1375 0.3099 -0.9408
vn 0.8372 -0.3041 -0.4546
vn 0.7068 -0.1691 -0.6869
vn 0.0912 0.2226 -0.9706
vn 0.0033 0.4829 -0.8757
vn -0.8353 -0.0226 -0.5493
vn 0.2338 0.7593 -0.6073
vn -0.2397 0.7264 -0.6442
vn -0.9928 0.1013 0.0635
vn 0.8405 0.4598 0.2866
vn -0.6194 0.7792 -0.0959
vn -0.7956 -0.5950 0.1138
vn -0.9699 -0.2080 0.1265
vn 0.7666 0.0881 -0.6360
vn -0.9187 0.1217 -0.3757
vn 0.6876 -0.2991 -0.6616
vn 0.6929 -0.3424 -0.6346
vn 0.7333 -0.2034 -0.6488
vn -0.0800 0.8343 -0.5455
vn -0.9713 -0.1172 -0.2069
vn -0.6986 -0.6228 0.3522
vn -0.5318 -0.6319 0.5639
vn 0.9549 0.0245 -0.2959
vn 0.2782 0.7506 -0.5993
vn 0.9943 -0.1058 0.0088
vn -0.6780 -0.7328 0.0572
vn 0.9617 0.1017 0.2547
vn 0.9916 0.0233 0.1269
vn 0.9899 0.0309 -0.1384
vn 0.9327 0.0681 -0.3542
vn 0.8242 0.0762 -0.5612
vn 0.6828 0.2225 -0.6959
vn 0.8291 -0.2359 -0.5068
vn 0.7562 -0.2598 -0.6006
vn 0.7696 -0.2530 -0.5862
vn 0.7360 -0.0989 -0.6697
vn -0.9784 -0.0955 -0.1833
vn 0.9683 0.2394 0.0708
vn -0.0047 0.4893 -0.8721
vn -0.9178 -0.3406 -0.2042
vn -0.1301 -0.8785 0.4597
vn -0.6925 -0.5108 0.5094
vn 0.9593 0.1378 0.2465
vn 0.9845 0.1500 0.0912
vn -0.8034 -0.5641 0.1908
vn -0.5219 -0.8402 -0.1473
vn -0.0710 0.8392 -0.5392
vn -0.9541 0.2608 -0.1473
vn -0.9581 0.0336 -0.2846
vn 0.6726 -0.1832 -0.7170
vn 0.6040 0.0498 -0.7954
vn -0.9646 -0.2041 -0.1669
vn 0.3964 0.7306 -0.5559
vn -0.5741 -0.6015 -0.5555
vn -0.8511 -0.0407 -0.5234
vn 0.8108 0.2501 -0.5293
vn -0.6333 -0.7621 0.1346
vn -0.7828 -0.5659 0.2586
vn 0.9817 0.1819 -0.0556
vn 0.9058 0.3714 -0.2039
vn 0.7463 0.1888 -0.6382
vn -0.9622 -0.2572 -0.0896
vn 0.8795 -0.2202 -0.4219
vn 0.8753 -0.2516 -0.4129
vn 0.7731 -0.2032 -0.6009
vn 0.5173 -0.0491 -0.8544
vn 0.6707 -0.0117 -0.7416
vn -0.9577 -0.1367 0.2530
vn 0.2206 0.2105 -0.9524
vn -0.4523 -0.5878 0.6707
vn 0.4821 0.1330 -0.8659
vn 0.8958 0.2861 -0.3402
vn 0.9330 0.3485 0.0899
vn 0.8467 0.3647 -0.3875
vn 0.7560 -0.2617 -0.5999
vn 0.6359 -0.0940 -0.7661
vn -0.7852 0.1949 -0.5878
vn -0.9624 -0.1112 0.2478
vn -0.5259 0.6927 -0.4936
vn -0.9780 -0.1855 0.0953
vn 0.3553 0.3682 -0.8592
vn -0.7906 -0.0324 0.6115
vn -0.9895 0.0919 -0.1115
vn -0.8264 -0.0255 -0.5624
vn 0.4408 0.2778 -0.8536
vn -0.9504 0.0453 0.3078
vn -0.7340 -0.6245 -0.2670
vn -0.9377 0.2991 0.1770
vn 0.9229 -0.1513 -0.3540
vn 0.9086 -0.1854 -0.3742
vn 0.7431 -0.1310 -0.6562
vn 0.6081 -0.1184 -0.7850
vn 0.6964 -0.1037 -0.7101
vn 0.3817 0.7848 -0.4883
vn -0.9562 -0.0156 -0.2922
vn -0.9352 0.2651 -0.2348
vn 0.2402 -0.0167 -0.9706
vn -0.8915 -0.1277 -0.4347
vn 0.5692 -0.8208 0.0471
vn -0.0865 -0.8098 0.5804
vn -0.6226 -0.4299 0.6539
vn 0.0512 0.3391 -0.9394
vn 0.0103 0.5335 -0.8458
vn 0.6983 0.7024 -0.1380
vn -0.9731 0.0521 -0.2245
vn -0.8913 -0.3664 -0.2669
vn 0.7852 -0.1999 -0.5861
vn 0.5994 -0.2551 -0.7587
vn 0.1359 0.4462 -0.8846
vn 0.2217 0.6364 -0.7388
vn 0.1420 0.8929 -0.4272
vn 0.5518 0.7578 -0.3482
vn -0.7067 0.3224 -0.6298
vn -0.8144 -0.5309 -0.2342
vn -0.2513 -0.9029 0.3487
vn -0.7044 -0.1866 0.6848
vn -0.4932 -0.7849 0.3752
vn 0.7805 0.6197 0.0823
vn 0.7374 0.6394 -0.2175
vn 0.6304 0.6431 -0.4348
vn 0.1941 0.7977 -0.5710
vn -0.8169 -0.2781 0.5053
vn -0.8805 0.3769 0.2875
vn 0.9092 -0.0977 -0.4047
vn 0.7643 0.0024 -0.6448
vn 0.6870 -0.0124 -0.7266
vn 0.6638 -0.1504 -0.7327
vn 0.3038 -0.6554 -0.6915
vn 0.0840 0.1321 -0.9877
vn 0.4130 -0.8973 -0.1555
vn -0.9049 0.2542 -0.3413
vn -0.6256 0.7797 0.0249
vn -0.9637 0.1903 0.1872
vn 0.9402 -0.1384 -0.3113
vn 0.9282 -0.0941 -0.3598
vn 0.8344 0.0059 -0.5511
vn 0.7026 0.1295 -0.6997
vn 0.7339 -0.0449 -0.6778
vn 0.6561 -0.2067 -0.7259
vn 0.0596 0.9821 -0.1789
vn -0.8719 0.2428 -0.4253
vn -0.9334 -0.3354 -0.1271
vn 0.9943 0.0048 -0.1061
vn 0.2296 0.5677 -0.7905
vn -0.1907 -0.8959 0.4013
vn -0.4759 -0.5241 0.7063
vn 0.3665 0.4547 -0.8117
vn 0.0831 -0.9220 0.3781
vn 0.9897 0.1111 -0.0900
vn -0.2234 -0.6089 0.7611
vn -0.4333 0.0263 -0.9009
vn 0.8502 -0.4906 -0.1911
vn 0.8647 0.0768 -0.4963
vn 0.9541 -0.0553 -0.2943
vn 0.9242 -0.1009 -0.3685
vn 0.8862 0.0448 -0.4611
vn 0.6977 0.1302 -0.7045
vn 0.7831 -0.0714 -0.6177
vn 0.7706 0.0190 -0.6370
vn 0.6949 -0.0482 -0.7175
vn -0.8503 -0.4896 0.1932
vn 0.9351 0.1355 0.3274
vn 0.3500 -0.8585 -0.3748
vn -0.7995 0.5900 0.1128
vn 0.6815 0.2764 -0.6776
vn -0.5531 -0.8317 -0.0477
vn 0.9472 0.2168 -0.2362
vn 0.8699 0.0128 -0.4930
vn 0.8389 -0.0625 -0.5407
vn 0.6348 0.0104 -0.7726
vn 0.3431 0.6639 -0.6645
vn -0.7588 -0.5587 0.3348
vn 0.5989 0.4713 -0.6475
vn -0.5078 -0.5462 -0.6662
vn 0.1141 -0.9459 0.3036
vn -0.3639 -0.7306 0.5778
vn -0.3757 -0.0608 0.9247
vn 0.9892 0.1440 0.0257
vn 0.9908 0.1292 -0.0407
vn 0.9882 0.0108 -0.1528
vn 0.9495 0.0344 -0.3119
vn 0.7538 -0.0421 -0.6558
vn 0.6932 0.1811 -0.6976
vn 0.0859 0.7747 -0.6265
vn -0.9636 -0.1894 0.1886
vn -0.0918 0.6837 -0.7240
vn 0.8987 0.0225 -0.4380
vn 0.8624 -0.1442 -0.4852
vn 0.7992 -0.1334 -0.5860
vn 0.7726 -0.2314 -0.5912
vn 0.7143 -0.1877 -0.6743
vn -0.8936 0.2300 -0.3854
vn 0.6483 0.2073 -0.7326
vn 0.3291 0.3805 -0.8642
vn -0.8952 0.0731 -0.4397
vn -0.8368 -0.5308 -0.1343
vn 0.9913 0.0349 -0.1272
vn 0.9070 -0.0333 -0.4198
vn 0.7412 -0.3233 -0.5883
vn -0.9127 0.2192 -0.3449
vn -0.9987 -0.0081 -0.0511
vn -0.1159 0.7425 -0.6598
vn 0.3082 -0.4410 0.8429
vn -0.9953 0.0025 -0.0968
vn 0.9984 0.0564 -0.0012
vn 0.9622 0.0929 -0.2559
vn 0.7778 -0.2061 -0.5938
vn 0.5728 0.0537 -0.8179
vn -0.7730 -0.2930 -0.5627
vn -0.9749 0.1177 -0.1889
vn -0.7663 -0.5620 -0.3113
vn -0.9218 -0.2518 -0.2949
vn -0.6158 -0.1645 -0.7706
vn 0.8239 0.5546 0.1171
vn 0.1966 -0.9343 0.2972
vn 0.9329 -0.1992 -0.2999
vn 0.1993 -0.7908 -0.5787
vn -0.1158 -0.6484 -0.7524
vn 0.9843 0.0850 0.1547
vn 0.9507 0.0402 -0.3075
vn 0.9063 -0.1244 -0.4038
vn 0.6782 -0.1935 -0.7090
vn -0.3403 0.8508 -0.4004
vn -0.8154 -0.0924 -0.5715
vn 0.8486 0.5047 0.1588
vn 0.8408 -0.4089 -0.3547
vn 0.9645 0.0146 -0.2635
vn 0.9284 0.1776 -0.3265
vn 0.0155 0.5726 -0.8197
vn -0.9097 0.2975 -0.2898
vn -0.6366 -0.1141 -0.7627
vn -0.0638 0.7298 -0.6807
vn -0.2126 -0.5115 0.8326
vn 0.2739 0.9590 0.0732
vn -0.3934 0.9014 -0.1811
vn 0.0052 0.9957 -0.0928
vn 0.6367 0.5726 -0.5165
vn -0.7656 -0.6317 -0.1216
vn 0.2782 0.9575 -0.0764
vn 0.6332 0.7530 0.1787
vn 0.2453 0.9139 -0.3233
vn 0.7848 0.5252 0.3290
vn 0.3326 0.9196 0.2093
vn 0.1159 0.9486 -0.2946
vn 0.7315 0.5069 0.4560
vn -0.2315 0.9466 -0.2245
vn 0.5238 0.7321 0.4354
vn 0.3486 0.8563 0.3811
vn 0.1176 0.9602 0.2533
vn -0.2150 0.9730 -0.0840
vn 0.0868 0.9245 0.3713
vn 0.5897 0.6473 0.4830
vn 0.3385 0.9312 0.1352
vn -0.7185 -0.6131 -0.3283
vn -0.0787 0.9626 0.2594
vn -0.6309 0.7123 -0.3076
vn 0.0721 0.8462 0.5280
vn -0.4721 0.8302 -0.2965
vn 0.0510 0.9984 -0.0234
vn 0.3372 0.7903 0.5116
vn -0.3893 0.9114 0.1333
vn 0.3799 0.8048 0.4561
vn 0.4219 0.3031 -0.8545
vn 0.7819 0.6195 -0.0705
vn 0.8626 0.4151 0.2891
vn -0.0316 0.8670 0.4973
vn 0.7845 0.5278 -0.3256
vn 0.0749 0.6656 -0.7425
vn -0.1825 -0.9415 -0.2833
vn 0.5940 0.6676 0.4489
vn 0.4319 0.7622 0.4822
vn -0.0689 0.9079 0.4134
vn -0.3116 0.6918 0.6514
vn 0.1378 0.9732 0.1844
vn 0.1723 0.9507 0.2579
vn 0.6479 0.7567 0.0877
vn -0.2921 0.9467 0.1357
vn 0.3443 0.8652 0.3647
vn -0.5393 0.8180 0.1999
vn -0.9747 0.0867 0.2060
vn -0.9229 0.3661 -0.1190
vn 0.1989 0.9505 0.2386
vn 0.4655 0.8764 -0.1234
vn 0.3138 0.8114 0.4931
vn 0.2397 0.8289 0.5055
vn 0.0906 0.8447 0.5276
vn -0.6942 0.7195 0.0187
vn -0.1832 0.9830 0.0104
vn 0.7504 0.5873 0.3033
vn 0.0162 0.8514 -0.5242
vn -0.9881 0.0072 -0.1538
vn 0.5839 0.7578 0.2913
vn 0.5552 0.7430 0.3737
vn 0.2407 0.8475 0.4732
vn -0.1553 0.8656 0.4760
vn -0.1796 0.9784 0.1023
vn 0.5618 0.6335 -0.5321
vn 0.5328 0.3416 -0.7742
vn -0.2639 0.9584 0.1089
vn 0.3060 0.8034 0.5108
vn -0.6310 0.7582 0.1645
vn 0.7423 0.6679 0.0542
vn -0.0787 0.8267 -0.5571
vn 0.1758 0.9020 0.3943
vn -0.9346 -0.2840 0.2141
vn -0.9329 0.0898 -0.3487
vn -0.5229 0.6685 -0.5289
vn -0.9298 -0.2638 -0.2566
vn 0.1355 0.9572 0.2558
vn -0.6319 0.7294 -0.2622
vn -0.6283 0.6739 -0.3886
vn -0.0012 0.9736 0.2282
vn -0.8557 0.4374 -0.2765
vn 0.2657 0.3594 -0.8946
vn -0.8926 -0.4495 -0.0333
vn -0.0913 0.9815 0.1681
vn 0.3394 0.9356 -0.0973
vn 0.4189 0.8212 0.3875
vn 0.0549 0.8931 0.4464
vn -0.6491 0.7125 0.2664
vn -0.3624 0.5444 -0.7565
vn -0.9228 0.3337 0.1925
vn -0.3695 0.8678 0.3323
vn -0.2484 0.9596 -0.1324
vn 0.0254 0.8706 0.4914
vn -0.8036 -0.0959 -0.5875
vn -0.9272 -0.3164 -0.2004
vn -0.9361 0.1107 -0.3340
vn -0.9660 0.2150 -0.1439
vn 0.7197 0.5920 0.3627
vn 0.4476 0.8363 0.3167
vn -0.2650 0.9638 0.0302
vn -0.9676 0.0949 -0.2341
vn -0.8205 -0.4953 -0.2854
vn -0.7308 -0.0076 -0.6825
vn -0.9621 0.0946 -0.2559
vn -0.9404 -0.1021 -0.3244
vn -0.7850 -0.5799 -0.2178
vn -0.6923 0.1864 -0.6971
vn -0.6854 0.2092 -0.6975
vn 0.6355 0.5492 0.5427
vn -0.8582 -0.0602 -0.5098
vn 0.5400 0.8106 0.2266
vn 0.1734 0.8941 0.4129
vn -0.2648 0.8772 0.4006
vn 0.4500 0.8315 -0.3257
vn -0.7565 0.5489 -0.3555
vn -0.6366 0.7277 -0.2553
vn 0.7533 0.6075 -0.2520
vn -0.1697 0.6609 -0.7310
vn 0.5346 0.1384 -0.8337
vn -0.9704 -0.2136 -0.1127
vn -0.6006 0.3829 -0.7019
vn 0.7063 0.6708 0.2264
vn 0.1142 0.9384 -0.3261
vn 0.5460 0.8088 -0.2184
vn 0.7241 0.6293 0.2821
vn 0.1685 0.9844 0.0500
vn 0.5867 0.7692 -0.2532
vn -0.7560 0.5966 -0.2692
vn 0.3615 0.8804 0.3068
vn -0.1573 0.9824 -0.1004
vn 0.5695 0.8135 -0.1181
vn 0.3053 0.9435 -0.1291
vn 0.0167 0.9385 0.3449
vn -0.1968 0.7804 -0.5935
vn -0.9772 0.1540 -0.1465
vn -0.8789 0.3001 0.3707
vn -0.7129 0.2980 -0.6348
vn -0.7405 0.6683 -0.0713
vn 0.2518 0.9650 0.0726
vn -0.6924 0.6441 -0.3250
vn 0.6329 0.7488 0.1971
vn 0.0807 0.9487 0.3058
vn 0.0557 0.9915 -0.1176
vn 0.1709 0.9581 -0.2297
vn -0.1107 0.9425 0.3153
vn 0.1961 0.7239 0.6614
vn -0.4210 0.9071 -0.0030
vn 0.7860 0.6112 -0.0930
vn 0.6577 0.7386 -0.1479
vn 0.5706 0.7873 -0.2335
vn -0.7456 0.1974 -0.6365
vn 0.2793 0.7339 0.6192
vn -0.0698 0.9677 0.2424
vn 0.7744 0.6068 0.1792
vn 0.4289 0.8737 0.2297
vn 0.5363 0.8402 0.0801
vn 0.8246 0.5634 -0.0511
vn 0.8634 0.4798 -0.1562
vn 0.2908 0.9523 0.0926
vn 0.8340 0.5517 0.0029
vn 0.7318 0.6761 -0.0859
vn 0.6018 0.7849 -0.1474
vn 0.4682 0.8091 -0.3552
vn -0.3672 0.6531 -0.6623
vn -0.9074 0.3635 0.2109
vn 0.3460 0.7091 -0.6144
vn -0.4684 0.8257 0.3144
vn 0.2851 0.8541 0.4350
vn 0.4700 0.8520 -0.2307
vn -0.9008 -0.1116 -0.4196
vn -0.9730 -0.1249 -0.1939
vn -0.9374 0.3372 -0.0871
vn 0.4758 0.6667 -0.5737
vn -0.3134 0.9099 0.2719
vn 0.5332 0.8039 0.2634
vn -0.1524 0.9299 0.3347
vn 0.5193 0.8206 0.2385
vn 0.1902 0.9700 0.1513
vn -0.1599 0.9801 0.1175
vn 0.0039 0.9986 -0.0529
vn 0.6706 0.7293 0.1359
vn 0.2557 0.9221 0.2906
vn 0.4004 0.8822 0.2478
vn 0.8073 0.5901 0.0054
vn 0.4690 0.8741 -0.1269
vn 0.3643 0.8911 -0.2707
vn 0.2752 0.8828 -0.3806
vn -0.6543 0.6930 -0.3027
vn 0.2812 0.9127 0.2965
vn -0.6920 0.6507 0.3126
vn -0.1842 0.7760 0.6033
vn 0.6328 0.6716 0.3853
vn 0.0166 0.7835 0.6211
vn 0.7682 0.6402 -0.0026
vn 0.6851 0.7274 -0.0390
vn 0.5196 0.8481 -0.1033
vn 0.6567 0.7093 0.2563
vn -0.0775 0.9414 0.3282
vn 0.1955 0.9287 0.3151
vn 0.9667 0.2102 0.1463
vn 0.6169 0.7857 -0.0461
vn 0.3330 0.9332 -0.1353
vn 0.1871 0.9554 -0.2285
vn 0.1273 0.9204 -0.3696
vn -0.8457 -0.4750 0.2433
vn -0.8311 -0.1015 0.5468
vn 0.4328 0.8375 0.3337
vn 0.1336 0.9238 0.3588
vn -0.5101 0.7877 0.3454
vn 0.3310 0.8457 0.4185
vn -0.1418 0.9332 0.3302
vn 0.6555 0.7322 0.1851
vn -0.0313 0.9028 0.4288
vn 0.5404 0.8411 -0.0243
vn -0.5634 0.8257 -0.0285
vn 0.7666 0.5938 0.2444
vn 0.4930 0.8059 0.3279
vn -0.1885 0.8997 0.3938
vn 0.6548 0.7552 0.0306
vn 0.4387 0.8985 -0.0179
vn 0.2039 0.9725 -0.1124
vn -0.0228 0.9743 -0.2240
vn 0.0627 0.9701 -0.2345
vn -0.2299 0.4904 -0.8406
vn -0.2861 0.8564 0.4298
vn -0.5693 0.8019 -0.1813
vn 0.5783 0.7539 0.3118
vn 0.1603 0.8115 0.5620
vn -0.1618 0.8657 0.4737
vn 0.3594 0.9313 -0.0587
vn -0.1135 0.9626 -0.2460
vn -0.7347 0.6113 -0.2942
vn -0.9621 -0.2581 -0.0879
vn -0.5184 0.8521 0.0726
vn -0.5124 0.3062 0.8023
vn 0.0554 0.8120 0.5810
vn 0.7943 0.6036 0.0691
vn -0.1811 0.9535 -0.2410
vn -0.7397 -0.4894 -0.4619
vn -0.9203 -0.1029 -0.3774
vn 0.0989 0.6278 -0.7721
vn -0.6021 0.3937 -0.6946
vn -0.5501 0.2599 -0.7936
vn -0.3361 0.0817 -0.9383
vn -0.4445 0.1634 -0.8807
vn -0.5799 0.1488 -0.8010
vn -0.3912 -0.2534 -0.8847
vn -0.2698 -0.5065 -0.8189
vn -0.0167 -0.0871 -0.9961
vn -0.4784 -0.8102 0.3387
vn -0.6370 -0.7564 -0.1486
vn -0.7033 -0.6733 -0.2284
vn -0.8958 -0.4429 -0.0364
vn -0.9135 -0.3893 0.1182
vn -0.9302 -0.1851 0.3170
vn -0.8343 -0.2056 0.5116
vn -0.6976 -0.5382 0.4730
vn -0.5316 0.0970 -0.8414
vn -0.4155 -0.1417 -0.8985
vn 0.0982 0.2731 -0.9570
vn 0.3457 0.1352 -0.9286
vn -0.1635 0.4132 -0.8958
vn -0.8912 -0.4505 0.0532
vn -0.7893 -0.3628 0.4953
vn -0.6852 -0.4107 0.6016
vn -0.6850 -0.2269 0.6923
vn -0.7274 -0.1562 0.6682
vn -0.8352 -0.0088 0.5499
vn -0.9463 -0.0381 -0.3211
vn -0.9681 0.2432 -0.0598
vn -0.9751 0.2116 0.0661
vn -0.9296 0.2359 0.2831
vn -0.7886 0.1874 0.5857
vn -0.6411 0.1201 0.7580
vn -0.0791 -0.2143 0.9736
vn -0.9200 0.3298 0.2118
vn 0.3460 -0.3623 0.8655
vn -0.4392 -0.4951 0.7496
vn 0.1845 0.1227 -0.9751
vn -0.3590 -0.4513 0.8170
vn -0.0231 -0.3389 0.9405
vn -0.8105 0.5222 0.2654
vn -0.9483 -0.1940 -0.2511
vn -0.9766 -0.1411 0.1624
vn -0.9622 0.2469 -0.1152
vn -0.8923 0.1385 0.4296
vn -0.7510 0.3090 0.5836
vn -0.7784 0.3203 0.5400
vn -0.6436 0.3088 0.7003
vn -0.6070 0.4217 0.6736
vn -0.7585 0.6218 0.1951
vn -0.6871 0.4378 -0.5798
vn -0.8624 0.3906 -0.3219
vn -0.9099 0.4015 -0.1041
vn -0.8396 0.3274 0.4334
vn -0.4078 0.1956 0.8919
vn -0.7741 0.1681 0.6104
vn -0.4562 -0.2109 0.8645
vn -0.8755 0.2974 0.3809
vn -0.2206 0.2088 0.9528
vn -0.6564 0.1429 0.7408
vn -0.7403 -0.1274 0.6600
vn -0.6627 -0.0127 0.7488
vn -0.5621 0.0771 0.8235
vn -0.4830 0.0284 0.8752
vn -0.7709 0.0338 0.6360
vn -0.2789 -0.3258 -0.9034
vn -0.7047 -0.3107 0.6379
vn -0.3874 0.6859 0.6160
vn -0.5404 0.6380 0.5485
vn -0.3127 -0.8953 0.3171
vn -0.7958 0.4984 -0.3439
vn -0.8831 0.4621 -0.0817
vn -0.8953 0.4452 0.0139
vn -0.7598 0.4237 0.4931
vn -0.5489 0.5477 0.6314
vn -0.8202 0.5721 0.0023
vn -0.7569 0.4226 -0.4986
vn -0.8996 0.4126 -0.1434
vn -0.8520 0.4012 0.3365
vn -0.7692 0.3524 0.5330
vn -0.6223 0.4110 0.6661
vn -0.4954 0.4014 0.7704
vn -0.3777 0.4160 0.8272
vn -0.5926 -0.4588 0.6621
vn -0.7500 0.4066 0.5218
vn -0.7759 0.3406 0.5311
vn -0.6549 -0.4254 0.6246
vn -0.6859 0.2519 0.6827
vn -0.7615 0.1640 0.6271
vn -0.7682 0.2652 0.5827
vn 0.4504 0.1762 -0.8753
vn -0.3112 0.8531 0.4187
vn -0.8947 0.0704 0.4412
vn -0.8319 0.1012 0.5456
vn -0.8341 -0.3688 0.4101
vn -0.7583 0.5935 -0.2696
vn -0.8354 0.5457 -0.0654
vn -0.6138 0.5560 0.5604
vn -0.6992 0.6166 0.3617
vn -0.8936 0.4366 -0.1046
vn -0.8861 0.4634 -0.0036
vn -0.7456 0.5169 0.4206
vn -0.8512 0.3098 0.4236
vn -0.7702 0.2381 0.5917
vn -0.4851 0.3398 0.8058
vn -0.4416 0.3864 0.8097
vn -0.4785 0.4349 0.7628
vn -0.8084 -0.3319 0.4861
vn -0.7048 0.2029 0.6797
vn -0.8326 -0.3079 0.4604
vn -0.8314 0.2226 0.5092
vn -0.7185 0.1818 0.6713
vn -0.6699 0.1043 0.7351
vn -0.7757 -0.0528 0.6289
vn -0.6773 0.3303 0.6574
vn -0.7547 0.6275 0.1917
vn -0.5621 0.5963 0.5731
vn -0.5168 0.6501 0.5570
vn -0.8840 0.2124 0.4165
vn -0.9505 0.2193 0.2200
vn -0.8239 -0.3227 0.4659
vn -0.7727 -0.3333 0.5402
vn -0.7150 0.3914 0.5793
vn -0.6862 0.4787 0.5477
vn -0.5644 -0.1803 0.8055
vn -0.9100 0.3608 0.2046
vn -0.5453 0.2801 0.7901
vn -0.5521 -0.2303 0.8014
vn -0.7461 0.6504 -0.1427
vn -0.7967 0.6037 -0.0283
vn -0.4299 0.6873 0.5855
vn -0.4691 0.7777 0.4185
vn -0.8547 -0.2694 0.4437
vn -0.4568 0.6589 0.5976
vn -0.6192 -0.7741 -0.1317
vn -0.5492 0.5591 0.6212
vn -0.6411 0.5325 0.5527
vn -0.4220 0.5417 0.7269
vn -0.7415 -0.2109 0.6369
vn -0.6968 0.0682 0.7140
vn -0.5198 0.0520 0.8527
vn -0.7620 -0.3693 0.5320
vn -0.8348 -0.1352 0.5337
vn -0.8177 0.3982 0.4157
vn -0.3207 0.3903 -0.8631
vn -0.1919 0.7076 0.6801
vn -0.5492 0.7833 0.2912
vn -0.3489 0.7582 0.5509
vn -0.3608 0.7733 0.5214
vn 0.5443 0.1658 -0.8224
vn -0.7078 0.0718 0.7028
vn -0.6039 -0.3411 0.7204
vn -0.9081 0.3668 0.2019
vn -0.5779 0.7370 0.3504
vn -0.7547 0.2263 0.6158
vn -0.8048 -0.1106 0.5831
vn -0.8378 -0.4030 0.3684
vn -0.8870 0.3381 0.3144
vn -0.5875 0.5912 0.5525
vn -0.5955 0.6574 0.4617
vn -0.6217 0.4800 0.6190
vn -0.0358 0.0873 -0.9955
vn -0.7733 0.3170 0.5491
vn -0.7043 0.5201 0.4832
vn -0.6663 0.5511 0.5024
vn -0.6210 -0.4602 0.6345
vn -0.3639 0.8469 0.3878
vn -0.4840 0.7100 0.5115
vn -0.0996 0.4112 0.9061
vn -0.8842 -0.2257 0.4090
vn -0.7954 0.4850 0.3635
vn -0.6028 -0.1773 0.7779
vn -0.4671 0.8784 0.1013
vn -0.7929 0.3095 0.5249
vn -0.5386 -0.3403 0.7708
vn -0.7450 0.0258 0.6666
vn -0.5034 0.6964 0.5115
vn -0.7872 0.1624 0.5949
vn -0.8934 -0.2038 0.4003
vn -0.5850 0.5587 0.5879
vn -0.7456 0.5909 0.3082
vn -0.5918 0.6106 0.5263
vn -0.8322 0.0322 0.5535
vn -0.3029 0.0962 -0.9482
vn -0.3402 0.8463 0.4099
vn -0.5115 0.7008 0.4974
vn -0.5369 -0.4252 0.7286
vn -0.6137 0.7781 0.1338
vn -0.8895 0.0003 0.4570
vn -0.7129 -0.1061 0.6932
vn -0.5845 0.0221 -0.8111
vn -0.5273 0.7378 0.4214
vn -0.3977 -0.0186 0.9173
vn -0.7028 -0.1874 0.6862
vn -0.3853 -0.2843 0.8779
vn -0.2854 -0.2363 0.9288
vn -0.5269 -0.2846 0.8009
vn -0.4900 0.7755 0.3981
vn -0.8687 0.1220 0.4800
vn -0.3697 0.8352 0.4072
vn -0.6563 0.5631 0.5021
vn -0.7734 0.0972 0.6264
vn -0.0374 0.3838 -0.9227
vn -0.6385 0.6748 0.3702
vn -0.6657 -0.5558 0.4980
vn -0.4470 0.7430 0.4982
vn -0.7360 0.5419 0.4057
vn -0.5403 0.4480 0.7123
vn -0.8035 0.1733 0.5695
vn -0.6403 0.7022 0.3113
vn -0.6810 0.4365 0.5880
vn -0.7405 0.3208 0.5905
vn -0.3800 -0.0267 -0.9246
vn -0.7111 0.6635 0.2326
vn -0.3943 0.7242 0.5658
vn -0.2959 -0.8192 0.4913
vn -0.3343 0.8434 0.4205
vn -0.4695 -0.8028 0.3676
vn -0.8059 -0.1007 0.5834
vn -0.5220 0.7949 0.3093
vn -0.8697 -0.2082 0.4476
vn -0.9348 0.2675 0.2335
vn -0.2770 -0.3063 0.9108
vn -0.5070 0.7393 0.4432
vn -0.8782 0.3947 0.2701
vn -0.8178 0.2956 0.4938
vn -0.8223 0.4013 0.4034
vn -0.3529 0.8192 0.4521
vn -0.1604 0.6755 0.7197
vn -0.8476 0.2842 0.4481
vn -0.1323 0.2499 -0.9592
vn -0.7077 0.0303 0.7059
vn -0.5252 0.1273 0.8414
vn -0.9803 -0.0313 -0.1952
vn -0.9767 -0.0516 0.2082
vn -0.8783 0.3554 0.3200
vn -0.8757 0.4317 0.2161
vn -0.6762 0.3459 0.6505
vn -0.4536 -0.0143 -0.8911
vn -0.4969 0.4853 0.7194
vn -0.7482 0.1933 0.6347
vn -0.8969 -0.0116 0.4420
vn -0.8997 0.0912 0.4269
vn -0.7826 0.1408 0.6064
vn -0.8475 -0.2932 0.4424
vn -0.2344 0.7358 0.6353
vn -0.5055 0.6748 0.5377
vn -0.8553 0.4572 0.2437
vn -0.4985 -0.1344 0.8564
vn -0.4665 0.3234 -0.8233
vn 0.3524 0.1823 -0.9179
vn -0.9499 0.2314 0.2101
vn -0.9575 -0.2537 0.1372
vn -0.8941 -0.0481 0.4452
vn -0.8393 0.4895 0.2365
vn -0.7919 -0.0503 0.6086
vn -0.8219 -0.1835 0.5393
vn -0.6634 0.6433 0.3821
vn -0.7032 0.2457 0.6672
vn -0.8578 0.4566 0.2360
vn -0.7629 -0.6270 0.1577
vn -0.9276 -0.3723 0.0304
vn -0.9155 -0.3663 -0.1661
vn -0.9944 -0.1052 -0.0080
vn -0.6756 -0.0400 0.7362
vn -0.7729 -0.1264 0.6218
vn -0.5884 0.0286 -0.8081
vn -0.2821 -0.1605 -0.9459
vn -0.9842 -0.0465 0.1709
vn -0.7428 -0.3481 0.5719
vn -0.7552 -0.6548 0.0312
vn -0.8834 -0.4685 0.0030
vn -0.9063 -0.1926 0.3761
vn -0.8675 -0.0842 0.4902
vn -0.7900 -0.0646 0.6097
vn 0.0042 0.0847 -0.9964
vn -0.8266 -0.0510 0.5605
vn -0.3890 -0.8963 0.2131
vn -0.5714 -0.7747 0.2708
vn -0.8483 -0.4911 0.1980
vn -0.8756 -0.4436 0.1913
vn -0.7142 -0.1870 0.6745
vn -0.6367 0.1989 0.7450
vn -0.6357 0.2179 0.7406
vn -0.6507 -0.5393 0.5346
vn -0.7016 0.6095 0.3692
vn 0.2225 0.1842 -0.9574
vn 0.0301 -0.9057 0.4228
vn -0.3158 -0.8952 0.3144
vn -0.3150 -0.8418 0.4383
vn -0.6315 -0.6733 0.3845
vn -0.8402 -0.0970 0.5336
vn -0.1637 0.3369 -0.9272
vn -0.8488 0.2447 0.4686
vn -0.9649 0.1978 0.1729
vn -0.5933 -0.7380 0.3214
vn -0.4708 0.1071 -0.8757
vn -0.4466 -0.1781 -0.8769
vn -0.1397 0.1870 -0.9724
vn -0.4844 -0.7873 0.3815
vn -0.7136 -0.4955 0.4952
vn -0.7055 -0.1530 0.6919
vn -0.5923 0.6606 0.4613
vn -0.8157 -0.1820 0.5491
vn -0.8115 -0.2423 0.5317
vn -0.6368 -0.7181 -0.2807
vn -0.6028 0.1468 0.7843
vn -0.5788 -0.1279 0.8054
vn -0.3606 0.9129 0.1912
vn -0.3641 -0.3212 -0.8742
vn -0.5663 0.2227 -0.7935
vn -0.3515 0.0678 -0.9337
vn -0.7995 -0.1505 0.5815
vn -0.6973 -0.2461 0.6732
vn -0.3224 0.2520 -0.9124
vn -0.2289 -0.0610 -0.9715
vn 0.1655 0.1934 -0.9670
vn -0.6945 -0.7041 0.1482
vn -0.6207 0.1166 -0.7753
vn 0.1262 0.0572 -0.9904
vn -0.2910 0.1673 0.9420
vn -0.2957 0.7510 0.5903
vn -0.5843 -0.1904 0.7889
vn -0.5082 -0.3379 -0.7922
vn -0.6891 0.0467 0.7232
vn -0.4341 0.6313 0.6427
vn -0.4300 0.3504 -0.8321
vn 0.0264 0.0089 -0.9996
vn -0.3256 0.0913 -0.9411
vn 0.0732 0.0856 -0.9936
vn -0.4176 -0.3727 0.8287
vn -0.8276 -0.2660 0.4942
vn -0.6674 -0.3112 0.6765
vn -0.4524 -0.2903 0.8432
vn -0.4302 -0.7698 0.4716
vn -0.2046 0.4327 -0.8780
vn -0.8972 -0.0434 0.4395
vn -0.4253 -0.6732 0.6050
vn 0.3063 0.1437 -0.9410
vn -0.2402 0.3574 -0.9025
vn -0.3858 -0.6036 0.6978
vn 0.2694 0.3099 -0.9118
vn -0.1260 0.4020 -0.9069
vn -0.4334 -0.4040 0.8056
vn -0.0473 -0.2343 0.9710
vn -0.0754 -0.0320 -0.9966
vn -0.7285 -0.5640 -0.3890
vn -0.1902 0.2156 -0.9578
vn -0.3405 0.2686 -0.9011
vn -0.5281 0.0917 -0.8442
vn -0.4934 -0.1473 -0.8572
vn 0.2989 0.0752 -0.9513
vn -0.1179 -0.0866 -0.9892
vn -0.5427 0.3454 -0.7656
vn -0.8239 -0.3036 0.4785
vn -0.5820 -0.1136 0.8052
vn -0.9971 -0.0648 0.0394
vn 0.2991 0.2939 -0.9078
vn -0.0696 0.3380 -0.9386
vn -0.3663 -0.3389 -0.8666
vn -0.2473 -0.9570 0.1516
vn -0.2735 -0.1152 -0.9550
vn -0.9764 0.0682 -0.2049
vn -0.1401 0.3598 -0.9224
vn -0.5033 -0.1869 -0.8436
vn -0.9293 0.3036 -0.2102
vn -0.2595 0.3056 -0.9161
vn -0.4621 -0.8775 0.1284
vn 0.3736 0.1981 -0.9062
vn -0.7326 -0.4756 -0.4870
vn -0.8992 0.0514 -0.4344
vn -0.9310 -0.0214 -0.3644
vn -0.9185 -0.2212 -0.3277
vn -0.8594 -0.2695 -0.4346
vn -0.7582 0.4505 -0.4715
vn -0.7583 0.1898 -0.6237
vn 0.5895 0.6824 -0.4323
vn 0.2077 0.2782 -0.9378
vn -0.4232 0.2375 -0.8743
vn -0.6396 0.1703 -0.7496
vn -0.8447 0.3820 -0.3750
vn -0.8365 0.2769 -0.4728
vn -0.9290 0.2250 -0.2937
vn -0.9379 0.2611 -0.2285
vn -0.7134 0.4104 -0.5680
vn 0.0389 0.6764 -0.7355
vn 0.5304 0.0789 -0.8440
vn -0.6283 0.2846 -0.7241
vn 0.6180 0.5360 -0.5751
vn -0.2141 0.8019 -0.5577
vn -0.8904 -0.1165 -0.4400
vn -0.8767 -0.1973 -0.4387
vn -0.7950 -0.4401 -0.4174
vn -0.8897 0.4125 0.1958
vn -0.7795 0.2624 -0.5688
vn -0.7478 -0.1670 -0.6426
vn -0.6197 -0.5850 -0.5233
vn -0.6542 -0.5942 -0.4679
vn -0.6348 0.4915 -0.5962
vn -0.6384 0.7122 -0.2919
vn -0.9452 0.3257 0.0207
vn -0.7546 0.0485 -0.6545
vn -0.6367 0.4041 -0.6568
vn -0.7874 0.2519 -0.5627
vn -0.8795 0.3545 -0.3176
vn -0.6355 0.2801 -0.7195
vn 0.0757 0.4696 -0.8796
vn -0.6901 0.5620 -0.4559
vn -0.7219 0.5274 -0.4480
vn -0.9378 0.3350 0.0915
vn -0.7851 -0.5532 -0.2786
vn -0.6613 -0.6639 -0.3491
vn -0.8027 0.4506 -0.3908
vn -0.7402 0.2318 -0.6312
vn -0.8800 0.1865 -0.4369
vn -0.5448 -0.6969 -0.4664
vn -0.9810 0.0092 -0.1937
vn -0.2755 0.7586 -0.5904
vn -0.6655 0.7434 0.0677
vn -0.9200 0.0046 -0.3920
vn -0.6972 -0.3664 -0.6162
vn -0.8866 -0.3379 -0.3158
vn -0.6284 0.4801 -0.6120
vn -0.8903 0.4198 -0.1766
vn -0.7943 0.5465 -0.2654
vn -0.7581 0.3708 -0.5364
vn -0.3804 0.5874 -0.7143
vn -0.4771 0.7545 -0.4507
vn -0.6998 0.3428 -0.6267
vn 0.0323 0.4181 -0.9078
vn -0.5486 0.8327 -0.0757
vn -0.5636 0.6950 -0.4464
vn -0.5503 0.6203 -0.5589
vn -0.7039 0.5298 -0.4732
vn 0.2194 0.7258 -0.6520
vn -0.2348 0.8648 -0.4439
vn -0.9845 0.0968 -0.1463
vn -0.9612 -0.2757 -0.0029
vn -0.5739 0.3079 -0.7589
vn -0.6555 0.5575 -0.5094
vn -0.6105 0.5583 -0.5617
vn -0.8404 0.5128 -0.1755
vn -0.5782 0.4411 -0.6864
vn -0.2891 0.2674 -0.9192
vn -0.5331 0.7548 -0.3822
vn -0.9643 0.2351 -0.1221
vn -0.4737 0.7214 -0.5052
vn -0.5087 0.7583 -0.4077
vn -0.7464 0.6195 -0.2430
vn -0.6894 0.4699 -0.5512
vn -0.9218 -0.3838 -0.0553
vn -0.5966 0.6585 -0.4586
vn -0.6679 0.6128 -0.4224
vn -0.7399 0.6474 -0.1828
vn -0.7559 0.5690 -0.3237
vn -0.5687 0.8199 -0.0658
vn -0.9569 -0.2132 -0.1970
vn -0.9713 -0.1144 -0.2086
vn -0.5549 0.8095 0.1916
vn -0.6383 0.7082 -0.3017
vn -0.5022 0.7576 -0.4170
vn -0.6546 0.7446 -0.1305
vn -0.7693 0.5943 0.2346
vn -0.7279 0.6031 -0.3264
vn -0.7539 -0.5270 -0.3923
vn -0.8868 0.4591 0.0538
vn -0.3857 0.5512 -0.7399
vn -0.5664 0.6287 -0.5328
vn -0.4687 0.6680 -0.5780
vn -0.3660 0.7590 -0.5385
vn -0.4950 0.7833 -0.3762
vn -0.6769 0.6955 -0.2409
vn -0.4500 0.8385 -0.3072
vn -0.4077 0.9123 0.0379
vn -0.7502 0.6483 0.1300
vn -0.4477 0.8488 -0.2812
vn -0.6485 0.7502 0.1291
vn -0.7333 0.6391 -0.2318
vn -0.1533 0.2602 -0.9533
vn -0.9460 -0.2877 -0.1493
vn 0.2863 0.4726 -0.8335
vn -0.7193 -0.6155 -0.3221
vn -0.0305 0.6725 -0.7395
vn -0.4524 0.4782 -0.7527
vn -0.6227 0.7806 -0.0530
vn -0.9558 0.2874 0.0618
vn -0.5374 -0.8149 -0.2169
vn -0.4900 -0.8329 -0.2573
vn -0.7530 -0.6318 -0.1841
vn -0.8483 0.4453 -0.2867
vn -0.6433 0.6257 -0.4413
vn -0.6137 0.7395 -0.2766
vn -0.5460 0.8316 -0.1012
vn -0.4538 0.8861 -0.0940
vn -0.9719 0.0418 -0.2315
vn -0.5188 -0.6663 -0.5356
vn -0.6436 -0.6366 -0.4249
vn -0.4801 0.8191 -0.3140
vn -0.5418 0.8053 -0.2408
vn -0.5051 0.7139 -0.4851
vn -0.7499 0.5978 0.2833
vn 0.3438 0.3838 -0.8570
vn -0.7151 0.2523 -0.6519
vn -0.7271 0.4672 -0.5031
vn -0.9186 0.3691 0.1416
vn -0.7908 0.5263 -0.3126
vn -0.3623 0.9252 -0.1132
vn -0.9837 0.1324 0.1213
vn 0.0065 0.6267 -0.7792
vn -0.9166 -0.1981 -0.3472
vn -0.1193 0.7953 -0.5943
vn 0.4954 0.2741 -0.8243
vn -0.0024 0.5397 -0.8418
vn -0.3349 0.9100 -0.2443
vn -0.8706 -0.4082 -0.2748
vn -0.3605 0.2648 -0.8944
vn 0.3785 0.4770 -0.7932
vn -0.9303 0.2462 -0.2718
vn -0.9166 0.3996 -0.0161
vn -0.9018 0.3664 0.2292
vn -0.9771 0.0102 -0.2126
vn -0.9997 0.0192 -0.0160
vn -0.9484 0.1708 -0.2673
vn -0.9258 0.1679 -0.3386
vn -0.3908 0.9180 0.0674
vn -0.5924 -0.6425 -0.4860
vn -0.5986 -0.5837 -0.5487
vn -0.9775 -0.1202 -0.1731
vn -0.2884 0.8501 -0.4407
vn -0.3515 0.9074 -0.2302
vn -0.2922 0.8874 -0.3565
vn -0.1362 0.7481 -0.6495
vn -0.7879 0.0486 -0.6139
vn -0.8890 0.1317 -0.4386
vn -0.9937 -0.0622 0.0930
vn -0.9991 -0.0419 0.0023
vn -0.9580 -0.0630 -0.2798
vn -0.9756 0.1609 -0.1492
vn -0.8828 0.4681 -0.0401
vn -0.8571 -0.1647 -0.4881
vn 0.4732 0.4323 -0.7676
vn 0.6403 0.2793 -0.7155
vn -0.5859 0.5401 -0.6041
vn -0.5625 0.7530 -0.3413
vn -0.7729 0.5594 -0.2996
vn -0.5587 0.8281 -0.0462
vn -0.3815 0.8877 -0.2576
vn 0.5581 0.3060 -0.7713
vn 0.4866 0.4329 -0.7588
vn 0.7333 0.5291 -0.4271
vn -0.6291 -0.0470 -0.7759
vn -0.9961 0.0803 0.0357
vn -0.5146 -0.7506 0.4145
vn -0.4928 -0.7895 -0.3659
vn -0.9734 -0.0691 -0.2186
vn -0.9680 0.2102 0.1372
vn 0.0512 0.8051 -0.5909
vn -0.9204 -0.3208 -0.2234
vn -0.1998 -0.0690 -0.9774
vn -0.2582 0.4798 -0.8385
vn -0.6740 0.2986 -0.6757
vn 0.0719 0.3667 -0.9275
vn -0.6981 0.0878 -0.7106
vn -0.8870 0.0894 -0.4531
vn -0.9306 0.2835 -0.2313
vn -0.8972 0.3701 -0.2409
vn -0.7958 0.5124 -0.3227
vn -0.7990 -0.1465 -0.5833
vn -0.8971 -0.1042 -0.4293
vn -0.9543 -0.0512 -0.2945
vn -0.9107 0.0248 0.4123
vn -0.7648 -0.0109 -0.6441
vn -0.9008 0.4100 -0.1429
vn 0.0149 0.3716 -0.9283
vn -0.6355 0.4109 -0.6536
vn -0.9565 -0.0461 -0.2880
vn -0.9795 0.0022 -0.2016
vn -0.9552 0.0874 -0.2827
vn -0.9182 0.0233 -0.3954
vn 0.6565 0.4351 -0.6162
vn -0.0250 0.6037 -0.7968
vn 0.0722 0.4669 -0.8814
vn -0.9739 -0.1752 0.1439
vn -0.9769 0.0075 0.2135
vn 0.7011 0.5834 -0.4100
vn -0.7146 0.5072 -0.4818
vn -0.8622 -0.4758 -0.1736
vn -0.6534 0.1031 -0.7500
vn -0.7114 -0.2450 -0.6587
vn -0.8880 -0.0829 -0.4524
vn -0.9227 -0.1140 -0.3684
vn -0.0216 0.4966 -0.8677
vn -0.8561 -0.4679 0.2195
vn -0.8006 -0.4981 0.3330
vn -0.7624 -0.3454 0.5472
vn -0.8174 0.2017 -0.5397
vn -0.9108 0.2567 -0.3233
vn -0.8598 0.0170 -0.5104
vn -0.9055 -0.4244 0.0063
vn -0.6492 0.2416 -0.7212
vn -0.8604 -0.2329 -0.4533
vn -0.9562 -0.0778 -0.2823
vn -0.9418 -0.1998 -0.2704
vn -0.9822 -0.1122 -0.1508
vn -0.8086 -0.1769 -0.5612
vn 0.6212 0.2958 -0.7257
vn 0.0732 0.4910 -0.8681
vn -0.6749 -0.2308 -0.7009
vn -0.6742 -0.5364 -0.5077
vn -0.8744 -0.3345 -0.3516
vn -0.8550 -0.4380 -0.2776
vn -0.7969 -0.5947 -0.1058
vn -0.4643 -0.8772 0.1225
vn -0.4943 -0.8651 0.0856
vn -0.9381 0.2743 -0.2117
vn -0.4897 -0.8693 -0.0671
vn -0.9495 -0.0216 -0.3131
vn -0.8615 0.4868 0.1444
vn -0.6084 -0.6125 -0.5046
vn -0.6427 0.2156 -0.7351
vn -0.4615 0.3090 -0.8316
vn -0.9321 -0.2008 -0.3013
vn -0.4291 -0.8756 -0.2217
vn -0.9671 0.0539 0.2487
vn -0.5717 -0.6502 -0.5003
vn -0.9696 -0.1356 -0.2036
vn -0.9602 -0.1334 -0.2453
vn -0.7273 0.3035 -0.6155
vn -0.6322 0.3311 -0.7005
vn -0.6578 -0.3712 -0.6554
vn -0.9186 -0.1442 -0.3679
vn -0.9158 -0.2193 -0.3364
vn -0.9119 -0.3083 -0.2709
vn -0.0692 0.5490 -0.8330
vn 0.5545 0.3955 -0.7321
vn 0.3768 0.6673 -0.6424
vn -0.6501 -0.6533 -0.3880
vn -0.4898 -0.8087 -0.3257
vn -0.1105 0.2201 -0.9692
vn -0.9726 0.2320 0.0139
vn -0.7586 0.3950 -0.5182
vn -0.9548 0.2178 -0.2026
vn -0.1189 0.4851 -0.8663
vn 0.4625 0.6078 -0.6455
vn -0.6864 -0.2835 -0.6696
vn -0.8164 -0.2923 -0.4981
vn -0.9053 -0.3235 -0.2752
vn -0.4125 0.2215 -0.8836
vn -0.1865 0.5657 -0.8032
vn 0.0580 0.4521 -0.8901
vn -0.1566 0.4194 -0.8942
vn 0.2322 0.3376 -0.9122
vn -0.0310 0.4699 -0.8822
vn -0.4349 -0.8847 -0.1682
vn -0.3570 -0.4581 -0.8141
vn 0.1837 -0.5915 0.7851
vn 0.1698 -0.7488 -0.6407
vn -0.8373 -0.1868 -0.5138
vn -0.7023 0.5348 -0.4699
vn -0.9494 0.2484 0.1921
vn -0.6269 0.6159 -0.4772
vn 0.2453 0.5419 -0.8038
vn 0.5283 0.4817 -0.6992
vn -0.9251 -0.3014 -0.2309
vn -0.9027 -0.2534 -0.3478
vn -0.8734 -0.3240 -0.3636
vn -0.7553 -0.3303 -0.5661
vn 0.3468 0.4179 -0.8397
vn 0.1075 0.4215 -0.9004
vn 0.2388 0.8582 -0.4545
vn 0.1922 0.6170 -0.7632
vn 0.1528 0.6783 -0.7187
vn -0.4237 -0.7658 -0.4838
vn -0.5349 -0.7856 -0.3109
vn -0.7974 -0.5646 0.2132
vn -0.8540 -0.1129 -0.5078
vn -0.4781 -0.3607 -0.8008
vn -0.7798 -0.5089 -0.3646
vn -0.8417 -0.5040 -0.1936
vn -0.0114 0.8124 -0.5830
vn -0.9321 -0.2237 -0.2847
vn -0.7851 -0.3460 -0.5137
vn 0.2554 -0.5859 -0.7691
vn 0.1648 0.6796 -0.7149
vn -0.5282 -0.6646 -0.5286
vn -0.5926 -0.6719 -0.4443
vn 0.3625 -0.9033 -0.2294
vn -0.7211 -0.6908 -0.0531
vn 0.4794 0.3612 -0.7998
vn -0.9818 -0.1138 -0.1523
vn -0.7486 0.2258 -0.6234
vn 0.4098 0.7076 -0.5756
vn -0.6123 -0.3141 -0.7255
vn -0.7100 -0.3241 -0.6252
vn -0.9037 -0.3149 -0.2901
vn 0.0747 0.3446 -0.9358
vn 0.0928 0.5913 -0.8011
vn -0.6517 -0.6678 -0.3596
vn -0.7475 -0.6128 -0.2565
vn -0.7712 -0.6219 -0.1357
vn -0.2306 0.1443 -0.9623
vn 0.1424 0.1166 -0.9829
vn 0.0523 0.5413 -0.8392
vn -0.1021 0.8252 -0.5555
vn -0.8700 -0.2499 -0.4250
vn -0.9319 -0.2928 -0.2142
vn -0.9124 -0.2818 -0.2968
vn -0.8981 -0.2401 -0.3686
vn -0.0403 0.4154 -0.9087
vn -0.0396 0.5971 -0.8012
vn -0.5418 -0.7378 -0.4027
vn -0.6324 -0.7131 -0.3026
vn -0.7060 -0.6951 -0.1360
vn -0.3625 0.1341 -0.9223
vn -0.2960 -0.7594 0.5793
vn -0.9749 0.2015 -0.0950
vn 0.5085 0.2277 -0.8304
vn -0.5125 -0.8511 -0.1141
vn -0.7762 -0.3108 -0.5485
vn -0.8973 -0.2724 -0.3475
vn -0.5522 -0.3931 -0.7352
vn -0.2010 0.6939 -0.6915
vn -0.4399 -0.7879 -0.4309
vn -0.6925 -0.6707 -0.2656
vn -0.9868 0.1557 -0.0448
vn -0.7524 0.3255 -0.5727
vn -0.9749 0.1889 -0.1181
vn -0.6991 0.3836 -0.6034
vn -0.6720 -0.3585 -0.6480
vn -0.7642 -0.3996 -0.5062
vn -0.8596 -0.2721 -0.4324
vn -0.9100 -0.2928 -0.2934
vn -0.9018 -0.3281 -0.2813
vn -0.8712 -0.3345 -0.3593
vn -0.6629 -0.4356 -0.6089
vn 0.1709 0.2099 -0.9627
vn -0.3194 -0.7466 -0.5837
vn -0.5499 -0.7290 -0.4077
vn -0.6322 -0.7262 -0.2703
vn -0.6796 -0.7053 -0.2016
vn -0.6771 -0.6640 -0.3170
vn -0.6671 -0.7197 -0.1925
vn -0.8154 -0.5772 -0.0433
vn -0.8867 -0.4530 0.0924
vn -0.9540 0.2776 0.1137
vn -0.7235 -0.6013 -0.3391
vn -0.9408 0.3238 -0.1003
vn -0.0184 0.3543 -0.9349
vn -0.5186 -0.5597 -0.6463
vn -0.7688 -0.6285 -0.1184
vn -0.7918 -0.5855 -0.1735
vn -0.8190 -0.5725 -0.0381
vn 0.4059 0.1895 -0.8941
vn -0.1573 -0.6210 0.7679
vn -0.9849 -0.1733 0.0066
vn -0.8400 -0.3353 -0.4265
vn -0.8708 -0.3302 -0.3641
vn -0.9254 -0.2893 -0.2448
vn -0.7216 -0.4273 -0.5447
vn 0.0623 0.4600 -0.8857
vn 0.0121 0.7918 -0.6107
vn 0.1969 0.8692 -0.4536
vn -0.7472 -0.5079 -0.4286
vn -0.7878 -0.5534 -0.2704
vn -0.7666 -0.5274 -0.3662
vn -0.8345 -0.5489 0.0476
vn -0.9002 -0.4335 0.0408
vn -0.6001 -0.1561 -0.7845
vn 0.2879 0.5946 -0.7507
vn -0.0078 0.7558 -0.6547
vn 0.1301 0.4229 -0.8968
vn 0.1522 0.6108 -0.7770
vn 0.1466 0.7280 -0.6697
vn 0.1413 0.8880 -0.4376
vn -0.7139 -0.3580 -0.6018
vn -0.8573 -0.3907 -0.3352
vn -0.8454 -0.5208 -0.1187
vn -0.8648 -0.5013 -0.0305
vn -0.0268 -0.0556 -0.9981
vn -0.3140 0.8866 -0.3396
vn 0.1389 0.7389 -0.6593
vn -0.8463 0.5089 -0.1578
vn -0.6587 -0.2211 -0.7192
vn -0.7847 -0.1474 -0.6020
vn -0.8646 -0.3216 -0.3861
vn -0.9524 -0.2280 -0.2023
vn 0.4539 0.3993 -0.7965
vn -0.0457 0.3664 -0.9293
vn 0.3339 0.5204 -0.7860
vn -0.8810 -0.3010 -0.3649
vn -0.8856 -0.3784 -0.2691
vn -0.8400 -0.5426 -0.0031
vn -0.8188 -0.5726 -0.0415
vn -0.7550 -0.6484 0.0980
vn -0.7786 -0.5678 0.2672
vn -0.8330 -0.4885 0.2598
vn -0.9730 0.2203 -0.0688
vn 0.2303 0.4079 -0.8835
vn -0.9215 -0.0892 -0.3780
vn -0.8911 -0.1489 -0.4286
vn -0.9190 -0.0851 -0.3850
vn 0.0771 0.6436 -0.7615
vn -0.6799 -0.3721 -0.6319
vn -0.7832 -0.3360 -0.5232
vn -0.8769 -0.3568 -0.3222
vn -0.9155 -0.2724 -0.2961
vn -0.8825 -0.4702 0.0103
vn -0.9026 -0.4096 0.1324
vn -0.8723 -0.3644 0.3261
vn -0.3591 0.7241 -0.5889
vn -0.6505 0.0352 -0.7587
vn -0.2415 0.8258 -0.5096
vn -0.9035 -0.1754 -0.3911
vn -0.9783 -0.1059 -0.1779
vn 0.0223 0.7915 -0.6108
vn 0.2572 0.4584 -0.8507
vn 0.2743 0.3938 -0.8773
vn -0.6804 -0.4168 -0.6027
vn -0.8764 -0.3693 -0.3091
vn -0.9666 -0.1928 -0.1687
vn -0.9757 -0.1766 -0.1301
vn -0.9705 -0.2411 0.0017
vn -0.7026 0.1892 -0.6860
vn -0.7557 -0.5883 -0.2877
vn -0.8984 -0.4221 -0.1211
vn -0.9453 0.0353 -0.3242
vn -0.9246 0.0349 -0.3793
vn -0.9277 0.0280 -0.3722
vn -0.9492 -0.1740 -0.2622
vn -0.7898 -0.2445 -0.5625
vn -0.7352 -0.2265 -0.6389
vn -0.8647 -0.5020 0.0167
vn -0.9024 -0.3025 -0.3068
vn -0.9677 -0.0937 0.2340
vn -0.8760 -0.3966 0.2745
vn -0.8849 -0.3696 0.2836
vn -0.9220 -0.3738 -0.1010
vn 0.4860 0.3604 -0.7962
vn -0.9117 -0.1053 -0.3972
vn -0.7286 -0.3434 -0.5927
vn 0.0739 0.6206 -0.7806
vn 0.0454 0.5327 -0.8451
vn -0.7212 -0.2757 -0.6355
vn -0.7332 -0.3407 -0.5885
vn -0.8210 -0.4468 -0.3556
vn -0.8823 -0.3805 -0.2769
vn -0.8127 -0.5138 -0.2749
vn -0.9190 -0.3696 -0.1371
vn -0.9481 -0.3175 -0.0139
vn -0.9448 -0.3141 0.0931
vn -0.8917 -0.3648 0.2681
vn -0.9478 -0.2360 -0.2142
vn 0.6195 0.5778 -0.5314
vn 0.0074 0.4789 -0.8778
vn -0.8371 0.1233 -0.5329
vn -0.9025 0.1879 -0.3875
vn -0.8621 0.0418 -0.5051
vn -0.8172 -0.1404 -0.5590
vn -0.8602 -0.1957 -0.4709
vn -0.8505 -0.4669 -0.2422
vn -0.9459 -0.3024 -0.1179
vn -0.8919 -0.4508 -0.0356
vn -0.9162 -0.3961 0.0605
vn -0.8383 -0.4449 0.3150
vn -0.8478 -0.1479 -0.5093
vn -0.9792 -0.0449 -0.1978
vn -0.8241 0.1509 -0.5460
vn 0.3975 0.6720 -0.6249
vn -0.2508 0.5880 -0.7690
vn -0.7002 -0.1516 -0.6977
vn -0.8964 -0.1024 -0.4312
vn -0.8949 -0.2061 -0.3959
vn -0.9143 -0.3989 -0.0703
vn -0.8891 -0.4565 0.0326
vn -0.8887 -0.4579 0.0238
vn -0.8961 -0.3821 0.2259
vn -0.7640 -0.5574 -0.3250
vn -0.6641 0.1789 -0.7259
vn -0.8124 0.2436 -0.5297
vn -0.8977 0.3368 -0.2840
vn -0.7696 -0.0262 -0.6379
vn -0.7562 -0.1046 -0.6459
vn -0.9140 -0.1079 -0.3912
vn -0.4610 0.8636 -0.2041
vn -0.7764 0.3155 -0.5456
vn -0.8327 0.3669 -0.4148
vn -0.7296 0.2119 -0.6502
vn -0.6041 -0.1464 -0.7833
vn -0.0429 0.7218 -0.6907
vn -0.7850 -0.0621 -0.6164
vn -0.7205 -0.1947 -0.6656
vn -0.9386 -0.0035 -0.3449
vn -0.9184 0.1125 -0.3792
vn -0.9759 -0.0059 -0.2180
vn -0.9813 -0.1662 -0.0968
vn -0.9565 -0.2908 0.0252
vn -0.9627 -0.2412 0.1228
vn -0.4248 0.1656 -0.8900
vn -0.8171 0.3976 -0.4174
vn -0.2213 0.0877 -0.9713
vn -0.7797 -0.1372 -0.6110
vn -0.8894 -0.0802 -0.4501
vn -0.9315 0.1685 -0.3224
vn -0.9995 -0.0310 -0.0082
vn -0.9134 -0.1731 0.3685
vn -0.3457 0.5469 -0.7625
vn -0.9484 0.3162 -0.0216
vn -0.9631 0.0281 -0.2677
vn -0.4503 -0.0467 -0.8917
vn -0.1692 0.6541 -0.7372
vn -0.2382 0.6087 -0.7568
vn 0.0675 0.8956 -0.4398
vn -0.0523 0.6885 -0.7234
vn 0.2728 0.7527 -0.5992
vn 0.4515 0.3095 -0.8369
vn 0.4415 0.5131 -0.7361
vn 0.0379 0.5969 -0.8014
vn 0.0625 0.6276 -0.7761
vn 0.5326 0.3095 -0.7877
vn -0.0425 0.7317 -0.6803
vn -0.0380 0.5252 -0.8502
vn -0.2270 0.3674 -0.9019
vn 0.3941 0.1300 -0.9098
vn -0.1043 0.9249 -0.3656
vn -0.1621 0.2493 -0.9548
vn 0.0857 0.4822 -0.8718
vn -0.2057 0.7264 -0.6558
vn 0.5540 0.3701 -0.7458
vn 0.6533 0.4585 -0.6025
vn 0.2606 0.5626 -0.7846
vn -0.0604 0.6154 -0.7859
vn 0.1683 0.6065 -0.7770
vn 0.0414 0.5330 -0.8451
vn -0.0702 0.7757 -0.6272
vn -0.0560 0.5880 -0.8069
vn 0.3726 0.3315 -0.8667
vn 0.6410 0.4767 -0.6015
vn 0.0931 0.0984 -0.9908
vn -0.0323 0.5694 -0.8214
vn 0.0900 0.2377 -0.9672
vn 0.1581 0.6236 -0.7656
vn 0.6583 0.4886 -0.5726
vn -0.3584 0.7567 -0.5468
vn -0.0728 0.6535 -0.7534
vn 0.6679 0.3674 -0.6472
vn 0.7252 0.3487 -0.5937
vn -0.1012 0.6560 -0.7479
vn -0.2354 -0.3450 -0.9086
vn 0.1106 0.4014 -0.9092
vn 0.3563 0.5764 -0.7354
vn 0.0574 0.3936 -0.9175
vn 0.3381 0.5249 -0.7811
vn -0.0371 0.9101 -0.4128
vn 0.0978 -0.2022 -0.9745
vn 0.4535 0.4429 -0.7734
vn -0.0993 0.6382 -0.7634
vn -0.1325 0.5597 -0.8181
vn -0.2961 0.3350 -0.8945
vn 0.3226 0.4938 -0.8075
vn -0.0577 0.6820 -0.7291
vn -0.0564 0.6528 -0.7554
vn -0.4873 0.7805 -0.3917
vn 0.3470 0.6249 -0.6993
vn -0.0920 0.5781 -0.8108
vn 0.1230 0.2201 -0.9677
vn 0.4884 0.1714 -0.8556
vn 0.6480 -0.0855 -0.7568
vn 0.6116 0.1972 -0.7662
vn 0.0938 0.3883 -0.9168
vn 0.3842 0.6451 -0.6605
vn 0.6425 0.4909 -0.5884
vn 0.1389 0.8787 -0.4567
vn -0.4479 0.7244 -0.5241
vn -0.0259 0.7101 -0.7037
vn 0.0378 0.5312 -0.8464
vn -0.1924 0.6781 -0.7093
vn -0.0014 0.8273 -0.5617
vn 0.1788 0.8432 -0.5071
vn 0.4299 0.4122 -0.8033
vn 0.6656 0.0284 -0.7457
vn -0.0653 0.4557 -0.8877
vn 0.2466 -0.5148 -0.8211
vn 0.4010 0.4778 -0.7816
vn 0.1639 -0.3289 -0.9301
vn 0.0801 0.6979 -0.7117
vn 0.5731 0.1484 -0.8059
vn 0.0364 0.6873 -0.7254
vn 0.0937 -0.7159 -0.6919
vn 0.3307 -0.6571 -0.6774
vn 0.3463 0.5534 -0.7575
vn 0.5653 0.2894 -0.7724
vn -0.0596 0.7570 -0.6507
vn 0.2265 0.5328 -0.8154
vn 0.5482 0.5294 -0.6474
vn -0.0789 0.4938 -0.8660
vn -0.0954 0.2066 -0.9738
vn -0.0626 0.4965 -0.8658
vn -0.6947 0.5302 -0.4861
vn -0.1074 0.7258 -0.6795
vn -0.1464 0.7617 -0.6312
vn 0.0621 0.6296 -0.7744
vn 0.2085 0.3530 -0.9121
vn 0.0816 0.4655 -0.8813
vn 0.6129 0.5198 -0.5951
vn 0.0078 0.7328 -0.6804
vn -0.1421 0.5851 -0.7984
vn -0.0500 0.1759 -0.9831
vn -0.0890 0.5829 -0.8076
vn 0.2229 0.8904 -0.3969
vn -0.2967 0.5459 -0.7836
vn -0.5390 0.3966 -0.7431
vn -0.6013 0.1328 -0.7879
vn -0.0763 0.3339 -0.9395
vn -0.0962 0.0115 -0.9953
vn 0.1919 0.4887 -0.8511
vn -0.3518 0.2711 -0.8960
vn -0.0729 0.6690 -0.7397
vn -0.1654 0.8108 -0.5615
vn 0.2788 0.7671 -0.5777
vn 0.0606 0.2704 -0.9608
vn 0.1319 0.7032 -0.6987
vn 0.3596 0.2050 -0.9103
vn -0.1161 0.5450 -0.8304
vn -0.0554 0.8756 -0.4799
vn -0.3865 0.0363 -0.9216
vn -0.5386 -0.4882 -0.6867
vn 0.6716 0.3995 -0.6240
vn 0.1885 0.6808 -0.7078
vn 0.5636 0.6871 -0.4586
vn -0.4604 0.1084 -0.8811
vn 0.3577 0.2361 -0.9035
vn 0.1602 0.3644 -0.9174
vn -0.0656 0.2968 -0.9527
vn 0.3131 0.4080 -0.8576
vn -0.3033 0.2155 -0.9282
vn 0.0477 0.2867 -0.9568
vn 0.1554 0.4005 -0.9030
vn 0.2432 0.3692 -0.8970
vn 0.0632 0.3812 -0.9223
vn 0.1179 0.3148 -0.9418
vn 0.1716 0.8565 -0.4868
vn -0.2778 0.3354 -0.9002
vn -0.3155 0.8670 -0.3858
vn 0.4924 0.4949 -0.7160
vn 0.2314 0.5003 -0.8343
vn -0.2561 0.6843 -0.6827
vn 0.1616 0.8048 -0.5711
vn 0.3684 0.3756 -0.8504
vn 0.1150 0.2303 -0.9663
vn 0.4390 0.7615 -0.4768
vn 0.1526 0.1239 -0.9805
vn -0.0631 0.6615 -0.7473
vn -0.1138 0.6290 -0.7691
vn 0.1977 0.6848 -0.7014
vn 0.7179 0.4719 -0.5118
vn 0.0360 0.0322 -0.9988
vn 0.1500 0.3576 -0.9217
vn -0.0028 0.4067 -0.9136
vn 0.1891 0.7733 -0.6051
vn 0.2506 0.4373 -0.8637
vn -0.2974 0.4754 -0.8280
vn -0.1793 0.8588 -0.4799
vn 0.0899 0.3386 -0.9366
vn 0.0111 0.8991 -0.4377
vn 0.3550 0.2444 -0.9023
vn 0.4184 0.2850 -0.8624
vn -0.3386 0.6230 -0.7052
vn 0.4800 0.3277 -0.8137
vn 0.5398 0.3031 -0.7853
vn -0.3056 0.4385 -0.8452
vn 0.5637 -0.0521 -0.8243
vn -0.4703 0.3677 -0.8022
vn 0.3738 0.7893 -0.4871
vn -0.1894 0.5979 -0.7789
vn -0.1455 0.5025 -0.8522
vn -0.2944 0.5291 -0.7959
vn 0.3454 -0.6726 -0.6544
vn 0.4248 0.4107 -0.8068
vn 0.5501 0.3043 -0.7777
vn 0.0837 0.1873 -0.9787
vn 0.1245 0.4545 -0.8820
vn -0.0570 0.7170 -0.6948
vn 0.3936 0.4395 -0.8074
vn 0.3804 0.7043 -0.5993
vn 0.2302 0.2669 -0.9358
vn 0.4474 0.6966 -0.5609
vn 0.6281 0.1124 -0.7700
vn 0.5325 0.0620 -0.8441
vn 0.5252 0.1548 -0.8368
vn 0.5887 0.2176 -0.7785
vn 0.3960 0.1282 -0.9092
vn 0.1492 0.3451 -0.9266
vn 0.0034 0.2168 -0.9762
vn -0.2537 0.3269 -0.9104
vn -0.3164 0.0571 -0.9469
vn 0.7484 0.3298 -0.5754
vn 0.7574 0.4525 -0.4707
vn 0.6162 0.7000 -0.3611
vn -0.0919 0.4483 -0.8892
vn 0.3200 0.5493 -0.7720
vn 0.3836 0.1314 -0.9141
vn 0.2424 -0.2153 -0.9460
vn 0.4500 0.1493 -0.8805
vn 0.5398 0.3112 -0.7822
vn 0.5600 0.3677 -0.7424
vn 0.4474 0.0680 -0.8917
vn -0.1277 0.5892 -0.7978
vn -0.2731 -0.5790 -0.7683
vn 0.5111 0.7642 -0.3934
vn -0.2805 0.3114 -0.9079
vn -0.0429 0.9267 -0.3734
vn 0.0016 0.9208 -0.3900
vn -0.1990 0.7360 -0.6471
vn 0.2721 0.5230 -0.8077
vn -0.1642 0.2652 -0.9501
vn 0.5132 0.2156 -0.8308
vn 0.5937 0.4190 -0.6870
vn 0.4567 0.7482 -0.4813
vn -0.2510 0.9022 -0.3508
vn -0.1550 0.2681 -0.9508
vn -0.0611 0.3254 -0.9436
vn 0.3807 0.1614 -0.9105
vn 0.1412 0.9412 -0.3068
vn -0.1857 0.8989 -0.3968
vn -0.1625 0.9227 -0.3497
vn -0.0027 0.8765 -0.4813
vn 0.0408 0.8302 -0.5559
vn 0.3647 0.8281 -0.4257
vn 0.2440 -0.3172 -0.9164
vn 0.2263 -0.5681 -0.7912
vn -0.1233 0.5065 -0.8534
vn 0.3635 0.3921 -0.8451
vn 0.2544 0.6770 -0.6906
vn 0.1560 0.7871 -0.5968
vn 0.1293 0.9315 -0.3399
vn -0.2235 0.7662 -0.6025
vn -0.1347 0.8872 -0.4412
vn 0.0647 0.8520 -0.5195
vn 0.1894 0.8573 -0.4787
vn 0.2597 0.5856 -0.7678
vn 0.3036 0.8038 -0.5116
vn 0.1054 -0.9342 -0.3409
vn 0.1802 -0.7936 -0.5811
vn 0.0811 -0.7528 -0.6532
vn 0.0938 -0.7157 -0.6921
vn 0.0559 -0.6704 -0.7399
vn 0.0149 0.1301 -0.9914
vn 0.1854 -0.5577 -0.8091
vn 0.0065 0.1554 -0.9878
vn 0.3365 -0.6459 -0.6853
vn 0.1837 -0.5538 -0.8121
vn 0.1208 -0.4121 -0.9031
vn 0.0897 -0.3747 -0.9228
vn -0.2332 0.1679 -0.9578
vn 0.2270 -0.1408 -0.9637
vn 0.2061 -0.1318 -0.9696
vn -0.3630 -0.6062 -0.7076
vn -0.3558 -0.1768 -0.9177
vn -0.2928 0.1621 -0.9423
vn -0.4119 0.2882 -0.8644
vn -0.3660 0.1290 -0.9216
vn -0.2555 -0.7967 -0.5477
vn -0.4387 -0.6341 -0.6367
vn -0.3994 -0.7655 -0.5045
vn 0.3369 -0.2377 -0.9111
vn 0.1797 -0.1577 -0.9710
vn 0.1291 -0.0914 -0.9874
vn 0.1003 -0.1486 -0.9838
vn 0.1848 -0.0701 -0.9803
vn -0.3187 0.1064 -0.9419
vn -0.4170 -0.0692 -0.9062
vn -0.3498 0.2029 -0.9146
vn -0.5131 0.2465 -0.8221
vn -0.4781 -0.3948 -0.7846
vn -0.4521 -0.0236 -0.8916
vn -0.4468 -0.1431 -0.8831
vn -0.0646 0.1317 -0.9892
vn 0.0076 -0.6486 -0.7611
vn -0.3427 0.1371 -0.9294
vn -0.4509 0.0776 -0.8892
vn -0.6441 -0.0509 -0.7632
vn 0.2416 -0.8609 -0.4477
vn 0.2898 -0.7475 -0.5978
vn 0.2292 -0.1289 -0.9648
vn 0.1253 -0.0931 -0.9877
vn 0.1870 0.0243 -0.9821
vn 0.2544 -0.0474 -0.9659
vn 0.1878 -0.0146 -0.9821
vn 0.1178 0.0929 -0.9887
vn -0.2695 0.0129 -0.9629
vn -0.6166 0.2654 -0.7412
vn -0.8481 0.2783 -0.4508
vn -0.8418 0.1568 -0.5166
vn 0.2247 -0.8183 -0.5291
vn 0.1337 -0.7552 -0.6417
vn -0.3082 -0.6071 -0.7325
vn 0.2034 -0.3797 -0.9025
vn 0.1481 -0.1503 -0.9775
vn 0.1350 -0.0689 -0.9884
vn 0.1076 0.0335 -0.9936
vn 0.1143 0.2106 -0.9709
vn 0.2215 -0.1856 -0.9573
vn -0.4315 -0.1991 -0.8799
vn -0.5178 0.4468 -0.7296
vn 0.2889 -0.7953 -0.5329
vn 0.1666 -0.6887 -0.7056
vn 0.2471 -0.5626 -0.7889
vn -0.4724 0.2063 -0.8569
vn -0.1941 0.2220 -0.9555
vn 0.2713 -0.3279 -0.9049
vn 0.0386 -0.3458 -0.9375
vn 0.1603 -0.0835 -0.9835
vn 0.0871 -0.0243 -0.9959
vn 0.1352 -0.3595 -0.9233
vn 0.1765 -0.1577 -0.9716
vn 0.1675 0.0961 -0.9812
vn -0.3853 0.1475 -0.9109
vn -0.2852 0.3674 -0.8852
vn -0.7155 0.5405 -0.4426
vn 0.1845 -0.6324 -0.7524
vn 0.1484 -0.4621 -0.8743
vn -0.9473 -0.2067 0.2446
vn 0.4612 -0.2719 -0.8446
vn 0.0710 -0.3232 -0.9437
vn 0.0887 -0.4416 -0.8928
vn 0.1558 -0.4386 -0.8851
vn 0.1365 -0.5473 -0.8257
vn 0.0200 -0.5205 -0.8536
vn -0.0358 0.1852 -0.9820
vn 0.0324 0.4176 -0.9080
vn -0.4513 0.3734 -0.8105
vn -0.2836 -0.3822 -0.8795
vn -0.4425 -0.1676 -0.8810
vn 0.2833 -0.5513 -0.7847
vn 0.1131 -0.3530 -0.9288
vn 0.1084 -0.4567 -0.8830
vn 0.1566 -0.6687 -0.7268
vn 0.1998 -0.7202 -0.6643
vn 0.1431 -0.6721 -0.7265
vn 0.1256 -0.6500 -0.7495
vn -0.0516 -0.7289 -0.6826
vn -0.0672 -0.6174 -0.7838
vn 0.0096 -0.6445 -0.7646
vn -0.0159 -0.3099 -0.9506
vn -0.0354 0.0105 -0.9993
vn -0.3521 -0.3519 -0.8673
vn -0.6576 -0.5284 0.5370
vn -0.1709 0.1310 -0.9765
vn -0.5600 0.0103 -0.8284
vn -0.5294 0.0429 -0.8473
vn 0.3403 -0.6089 -0.7166
vn -0.0300 0.1999 -0.9794
vn 0.4453 -0.3564 -0.8214
vn 0.2757 -0.3885 -0.8793
vn 0.1987 -0.5759 -0.7930
vn 0.2270 -0.6697 -0.7071
vn -0.0131 -0.4743 -0.8803
vn -0.0871 -0.5573 -0.8257
vn -0.2083 -0.3758 -0.9030
vn -0.2622 -0.1343 -0.9556
vn -0.1600 0.5343 -0.8300
vn -0.2626 -0.3807 -0.8866
vn -0.5422 0.3886 -0.7450
vn -0.2848 0.2370 -0.9288
vn 0.4015 -0.7138 -0.5738
vn 0.1624 -0.4224 -0.8917
vn 0.0572 -0.2051 -0.9771
vn -0.3757 0.3098 -0.8734
vn 0.5119 -0.3449 -0.7867
vn 0.4770 -0.4017 -0.7817
vn 0.1736 -0.4961 -0.8508
vn 0.2011 -0.5231 -0.8282
vn 0.2818 -0.4510 -0.8469
vn 0.1127 -0.5069 -0.8546
vn 0.0656 -0.4257 -0.9025
vn -0.0115 -0.4958 -0.8683
vn -0.3716 -0.0907 -0.9239
vn -0.3884 0.3276 -0.8613
vn -0.2865 0.6400 -0.7130
vn -0.3042 -0.3206 -0.8970
vn -0.3916 0.2592 -0.8829
vn 0.6124 0.0700 -0.7875
vn -0.3659 -0.1776 -0.9135
vn -0.3901 0.0411 -0.9198
vn 0.2774 -0.5587 -0.7816
vn 0.0445 -0.2079 -0.9771
vn 0.2502 -0.2718 -0.9293
vn -0.4093 0.0278 -0.9120
vn 0.2673 -0.6437 -0.7170
vn 0.3949 -0.4160 -0.8191
vn 0.2513 -0.3184 -0.9140
vn 0.2780 -0.1692 -0.9456
vn 0.1610 -0.1807 -0.9703
vn 0.1232 -0.3495 -0.9288
vn -0.0053 -0.4410 -0.8975
vn -0.1263 -0.4445 -0.8868
vn -0.2739 -0.4152 -0.8675
vn -0.4317 -0.3364 -0.8369
vn -0.5623 -0.1085 -0.8198
vn -0.5288 0.4899 -0.6931
vn -0.3192 -0.1466 -0.9363
vn -0.2689 -0.9627 0.0295
vn -0.3608 -0.0853 -0.9287
vn -0.5609 0.2214 -0.7977
vn -0.4058 0.3051 -0.8615
vn 0.1125 -0.7713 0.6265
vn 0.1526 -0.2344 -0.9601
vn 0.2338 -0.2069 -0.9500
vn 0.4811 -0.5405 -0.6903
vn 0.3580 -0.5637 -0.7443
vn 0.3172 -0.4953 -0.8087
vn 0.2872 -0.3689 -0.8840
vn 0.0083 -0.3224 -0.9466
vn 0.2104 -0.1933 -0.9583
vn 0.1724 -0.3734 -0.9115
vn -0.0764 -0.4631 -0.8830
vn -0.1815 -0.0832 -0.9799
vn -0.0386 0.3161 -0.9479
vn -0.1982 0.6296 -0.7512
vn -0.3688 -0.1044 -0.9236
vn -0.4814 -0.0839 -0.8725
vn 0.3105 -0.1128 -0.9439
vn -0.6804 -0.6814 0.2699
vn 0.6581 -0.2638 -0.7052
vn 0.0751 -0.2237 -0.9718
vn 0.1874 -0.1589 -0.9693
vn -0.0376 -0.4507 -0.8919
vn -0.3967 -0.4004 -0.8260
vn -0.5537 -0.3241 -0.7671
vn -0.4880 0.6758 -0.5525
vn -0.0499 0.6567 -0.7525
vn -0.0090 0.4736 -0.8807
vn -0.0246 0.1580 -0.9871
vn -0.2365 -0.0709 -0.9690
vn -0.0138 0.0142 -0.9998
vn -0.0619 -0.6272 0.7764
vn 0.5623 -0.2885 -0.7750
vn 0.2350 -0.4048 -0.8837
vn 0.2648 -0.2407 -0.9338
vn 0.1990 -0.2061 -0.9581
vn 0.1703 -0.3266 -0.9297
vn 0.2699 -0.2715 -0.9238
vn 0.1522 -0.2027 -0.9673
vn 0.0172 -0.1482 -0.9888
vn 0.0250 -0.3589 -0.9330
vn 0.2750 0.1118 -0.9549
vn 0.0338 -0.9137 0.4050
vn -0.2639 -0.5722 -0.7765
vn -0.6516 0.0130 -0.7585
vn -0.1226 0.2296 -0.9655
vn 0.1078 0.0244 -0.9939
vn 0.1349 0.0204 -0.9907
vn -0.0114 -0.0933 -0.9956
vn -0.3901 -0.5081 -0.7679
vn 0.0910 0.0741 -0.9931
vn -0.0511 0.1894 -0.9806
vn 0.1603 0.0536 -0.9856
vn 0.3180 -0.1553 -0.9353
vn 0.1526 -0.0493 -0.9871
vn 0.1658 -0.2479 -0.9545
vn 0.1764 -0.3913 -0.9032
vn 0.1685 -0.3521 -0.9207
vn 0.1846 -0.3057 -0.9341
vn 0.1251 -0.2507 -0.9599
vn -0.1706 -0.1647 -0.9715
vn -0.2658 -0.2813 -0.9221
vn -0.6327 -0.7618 0.1391
vn 0.4281 -0.1137 -0.8965
vn 0.0897 0.2226 -0.9708
vn -0.0291 0.3166 -0.9481
vn 0.4731 0.0161 -0.8809
vn 0.2819 0.0439 -0.9584
vn 0.2353 -0.0005 -0.9719
vn 0.4014 -0.2287 -0.8869
vn 0.1851 -0.2807 -0.9418
vn -0.1497 -0.3698 -0.9170
vn -0.5106 -0.3674 -0.7773
vn -0.4746 -0.6807 0.5581
vn 0.0428 -0.2033 -0.9782
vn 0.0304 -0.2419 -0.9698
vn -0.1489 -0.2223 -0.9635
vn -0.4164 -0.2721 -0.8675
vn 0.2525 -0.6015 0.7580
vn 0.1558 0.1957 -0.9682
vn 0.1223 0.2664 -0.9561
vn 0.6653 -0.1459 -0.7321
vn 0.2432 -0.1698 -0.9550
vn 0.3482 -0.1161 -0.9302
vn 0.2840 -0.2463 -0.9267
vn 0.1801 -0.2942 -0.9386
vn 0.1215 -0.3497 -0.9290
vn 0.0470 -0.3563 -0.9332
vn -0.3813 -0.3672 -0.8484
vn 0.3372 -0.1150 -0.9344
vn -0.1816 -0.4758 -0.8606
vn -0.3580 -0.2770 -0.8917
vn 0.0806 -0.1475 -0.9858
vn 0.0762 -0.1860 -0.9796
vn 0.0177 0.4263 -0.9044
vn 0.3769 -0.0498 -0.9249
vn 0.3240 0.0770 -0.9429
vn 0.2521 -0.1307 -0.9588
vn 0.2609 -0.1641 -0.9513
vn 0.1432 -0.3136 -0.9387
vn 0.1878 0.1286 -0.9737
vn -0.0316 -0.5127 -0.8580
vn -0.6192 -0.1561 -0.7696
vn -0.7140 -0.4453 -0.5403
vn -0.0811 -0.4047 -0.9108
vn -0.2377 -0.2769 -0.9310
vn -0.1600 0.1635 -0.9735
vn -0.4049 -0.2550 -0.8781
vn 0.2839 -0.2240 -0.9323
vn 0.3389 -0.2880 -0.8957
vn 0.1400 -0.2233 -0.9646
vn -0.0910 -0.2810 -0.9554
vn -0.2211 -0.3578 -0.9073
vn -0.3295 -0.3577 -0.8738
vn -0.4939 -0.3558 -0.7934
vn -0.0639 -0.3603 -0.9307
vn 0.1505 -0.3269 -0.9330
vn 0.0847 -0.3542 -0.9313
vn -0.1833 -0.4037 -0.8963
vn -0.4356 -0.2257 -0.8714
vn -0.1255 0.2015 -0.9714
vn 0.2725 -0.2327 -0.9336
vn 0.2587 -0.2231 -0.9398
vn 0.3009 -0.2506 -0.9202
vn 0.3355 -0.1988 -0.9208
vn 0.1953 -0.0198 -0.9805
vn 0.1398 -0.0779 -0.9871
vn 0.1147 -0.1017 -0.9882
vn 0.2167 -0.1891 -0.9577
vn -0.4928 -0.4522 -0.7434
vn -0.2353 -0.2763 -0.9318
vn -0.6483 -0.2434 -0.7214
vn -0.7015 -0.3248 -0.6344
vn -0.0244 -0.2436 -0.9696
vn 0.0569 0.1746 -0.9830
vn -0.1482 0.3459 -0.9265
vn 0.3862 -0.1938 -0.9018
vn 0.2009 0.0989 -0.9746
vn 0.1961 -0.0407 -0.9797
vn 0.1342 -0.2268 -0.9646
vn -0.0433 -0.2466 -0.9681
vn -0.4212 -0.4321 -0.7974
vn -0.0847 -0.4159 -0.9054
vn -0.4556 -0.2659 -0.8495
vn -0.3234 -0.8205 -0.4714
vn -0.2045 -0.8912 -0.4048
vn -0.2704 -0.9044 -0.3299
vn -0.1242 0.0927 -0.9879
vn 0.0278 -0.3853 0.9224
vn 0.6145 -0.1449 -0.7755
vn 0.3241 -0.1717 -0.9303
vn 0.2257 -0.1152 -0.9674
vn 0.3044 0.1004 -0.9472
vn 0.2876 0.0413 -0.9569
vn 0.2181 -0.0921 -0.9716
vn 0.1796 0.0733 -0.9810
vn 0.1978 -0.1137 -0.9736
vn 0.3135 -0.2324 -0.9207
vn -0.2428 -0.3372 -0.9096
vn -0.4751 0.1644 -0.8645
vn 0.0522 -0.4306 -0.9010
vn -0.4900 -0.3283 -0.8075
vn -0.5993 -0.4296 -0.6755
vn -0.3195 -0.6937 -0.6455
vn -0.2209 -0.7924 -0.5686
vn -0.3901 0.3587 -0.8480
vn -0.2417 -0.4624 -0.8531
vn -0.0920 -0.5046 -0.8584
vn 0.6994 -0.1388 -0.7011
vn 0.4516 -0.0552 -0.8905
vn 0.3709 -0.0597 -0.9268
vn 0.1762 0.0635 -0.9823
vn 0.2493 -0.0166 -0.9683
vn 0.1991 -0.1762 -0.9640
vn 0.2762 -0.1960 -0.9409
vn -0.5155 0.3296 -0.7910
vn 0.0536 -0.4466 -0.8931
vn -0.2492 -0.3948 -0.8843
vn -0.4359 -0.3577 -0.8258
vn -0.3920 -0.6074 -0.6910
vn -0.3189 -0.7507 -0.5785
vn -0.3951 -0.6585 -0.6406
vn -0.2127 -0.4360 -0.8744
vn 0.1553 -0.2299 -0.9608
vn 0.0030 -0.1971 -0.9804
vn 0.2929 -0.2009 -0.9348
vn 0.3021 -0.2265 -0.9260
vn 0.2053 -0.1174 -0.9716
vn 0.2294 -0.2180 -0.9486
vn 0.1900 -0.2376 -0.9526
vn 0.3085 -0.1945 -0.9311
vn 0.0950 -0.1036 -0.9901
vn -0.3375 -0.2626 -0.9040
vn -0.5547 -0.3201 -0.7680
vn 0.0107 -0.0361 -0.9993
vn -0.3498 -0.4771 -0.8063
vn -0.0410 -0.4228 -0.9053
vn -0.2537 -0.5955 -0.7622
vn -0.2496 -0.7274 -0.6392
vn -0.1574 -0.7759 -0.6109
vn 0.1668 -0.4838 -0.8592
vn 0.1564 -0.7739 -0.6136
vn -0.2082 -0.7712 0.6017
vn 0.5598 -0.1650 -0.8120
vn 0.5363 0.0478 -0.8427
vn 0.3558 0.0042 -0.9345
vn 0.2242 -0.2646 -0.9379
vn 0.1715 -0.3319 -0.9276
vn 0.2303 -0.2595 -0.9379
vn -0.0829 -0.1948 -0.9773
vn -0.4577 -0.8887 -0.0255
vn 0.1375 -0.3551 -0.9246
vn -0.2772 -0.3740 -0.8850
vn -0.2943 -0.4611 -0.8371
vn -0.0918 -0.7430 -0.6629
vn -0.2013 -0.7036 -0.6815
vn -0.3639 -0.7293 -0.5794
vn 0.4347 0.1179 -0.8928
vn 0.4095 0.1529 -0.8994
vn 0.2439 -0.0566 -0.9681
vn 0.3583 -0.2673 -0.8945
vn 0.1866 -0.2499 -0.9501
vn 0.1712 -0.2961 -0.9397
vn 0.1943 -0.1654 -0.9669
vn 0.2793 -0.1799 -0.9432
vn 0.2514 -0.1754 -0.9519
vn 0.2294 -0.1811 -0.9563
vn 0.2134 -0.0673 -0.9747
vn -0.0814 -0.1251 -0.9888
vn 0.0445 -0.3424 -0.9385
vn -0.1226 -0.4249 -0.8969
vn 0.0265 -0.4641 -0.8854
vn 0.0512 -0.6850 -0.7267
vn -0.4883 -0.7107 -0.5065
vn -0.0703 -0.8812 0.4675
vn 0.4556 0.0341 -0.8895
vn -0.3694 -0.0842 -0.9255
vn -0.5330 -0.1414 -0.8342
vn 0.1424 -0.6369 -0.7577
vn -0.1512 -0.3365 -0.9295
vn -0.2799 -0.2827 -0.9175
vn -0.3392 -0.3143 -0.8867
vn -0.0691 -0.5428 -0.8370
vn -0.2723 -0.5665 -0.7778
vn -0.3750 -0.6112 -0.6970
vn -0.4084 -0.7524 -0.5168
vn -0.0319 -0.5998 0.7995
vn 0.5714 -0.0034 -0.8207
vn 0.4405 0.0754 -0.8946
vn 0.4705 0.0557 -0.8806
vn 0.3982 0.0532 -0.9158
vn 0.4660 -0.0131 -0.8847
vn 0.4484 -0.0144 -0.8937
vn 0.2410 -0.0283 -0.9701
vn 0.1856 -0.0742 -0.9798
vn 0.2232 -0.1597 -0.9616
vn 0.1573 -0.1579 -0.9748
vn 0.1452 0.0323 -0.9889
vn 0.0643 0.0338 -0.9974
vn -0.5665 -0.3484 -0.7468
vn 0.0957 -0.5262 -0.8449
vn 0.1092 -0.5540 -0.8253
vn -0.4723 -0.7057 -0.5281
vn -0.4612 -0.6380 -0.6166
vn -0.1136 -0.5061 -0.8549
vn 0.3835 0.0533 -0.9220
vn 0.2618 -0.1483 -0.9537
vn -0.0864 -0.0248 -0.9959
vn -0.2765 -0.0131 -0.9609
vn -0.6656 -0.2293 -0.7102
vn -0.1459 -0.2899 -0.9459
vn 0.0583 -0.2864 -0.9563
vn -0.1403 -0.3234 -0.9358
vn -0.1883 -0.3787 -0.9062
vn 0.0231 -0.4767 -0.8787
vn -0.2115 -0.3590 -0.9091
vn -0.4768 -0.6274 -0.6156
vn -0.5475 -0.6135 -0.5691
vn -0.1809 -0.7965 0.5770
vn 0.4397 0.0490 -0.8968
vn 0.4330 0.0862 -0.8973
vn 0.2598 0.0850 -0.9619
vn 0.2953 -0.0897 -0.9512
vn 0.0745 -0.0488 -0.9960
vn 0.1409 -0.0189 -0.9898
vn -0.4585 -0.0372 -0.8879
vn -0.6840 -0.0204 -0.7292
vn -0.1699 -0.3186 -0.9325
vn 0.0845 -0.4647 -0.8814
vn -0.1169 -0.4168 -0.9015
vn -0.1809 -0.3862 -0.9045
vn -0.3514 -0.3872 -0.8524
vn -0.5088 -0.4924 -0.7062
vn -0.6488 -0.4522 -0.6120
vn 0.4951 0.0159 -0.8687
vn 0.4419 -0.0114 -0.8970
vn 0.5058 -0.0457 -0.8614
vn 0.4900 0.1332 -0.8615
vn 0.2392 0.0559 -0.9694
vn 0.3325 -0.0053 -0.9431
vn 0.0973 -0.0519 -0.9939
vn 0.0441 -0.1382 -0.9894
vn 0.0902 -0.0412 -0.9951
vn -0.5743 -0.2985 -0.7623
vn 0.0983 -0.4745 -0.8748
vn -0.5279 -0.4045 -0.7468
vn -0.6378 -0.4201 -0.6455
vn 0.4703 0.0046 -0.8825
vn 0.3978 0.0779 -0.9141
vn 0.3576 0.1300 -0.9248
vn 0.2546 -0.0987 -0.9620
vn 0.1094 -0.1322 -0.9852
vn -0.0297 -0.0650 -0.9974
vn -0.3628 0.0890 -0.9276
vn -0.5419 -0.0518 -0.8389
vn -0.3444 -0.6699 -0.6577
vn -0.0692 -0.3751 -0.9244
vn -0.0097 -0.3297 -0.9440
vn 0.0137 -0.4158 -0.9093
vn 0.0683 -0.4378 -0.8965
vn -0.1287 -0.3763 -0.9175
vn -0.2512 -0.2617 -0.9319
vn -0.2365 -0.1711 -0.9564
vn -0.4463 -0.3105 -0.8393
vn 0.4662 0.0668 -0.8822
vn 0.3823 -0.0898 -0.9197
vn 0.1110 -0.0198 -0.9936
vn 0.1736 -0.0674 -0.9825
vn -0.0300 -0.0343 -0.9990
vn -0.1728 0.0853 -0.9813
vn -0.2349 -0.4875 -0.8409
vn 0.0030 -0.3102 -0.9507
vn 0.0392 -0.3626 -0.9311
vn 0.1194 -0.4548 -0.8825
vn -0.0672 -0.3243 -0.9436
vn -0.7118 -0.3260 -0.6222
vn -0.1577 -0.9282 -0.3370
vn 0.4046 0.0973 -0.9093
vn 0.3480 0.0771 -0.9343
vn 0.3846 0.1175 -0.9156
vn 0.2941 0.1453 -0.9446
vn 0.4007 0.0907 -0.9117
vn 0.1774 0.0247 -0.9838
vn -0.1278 0.1518 -0.9801
vn -0.2857 -0.2718 -0.9190
vn -0.1423 -0.2770 -0.9503
vn 0.0681 -0.2469 -0.9666
vn -0.2586 -0.1129 -0.9593
vn 0.4125 -0.5212 -0.7471
vn 0.3404 -0.0033 -0.9403
vn 0.4127 0.1856 -0.8918
vn 0.1707 0.1740 -0.9698
vn 0.0657 0.1492 -0.9866
vn -0.1203 0.2623 -0.9575
vn -0.1789 0.2747 -0.9448
vn -0.3097 0.3283 -0.8924
vn -0.4982 0.2798 -0.8207
vn 0.6021 -0.2062 -0.7714
vn 0.0555 -0.2490 -0.9669
vn 0.0774 -0.2448 -0.9665
vn -0.0349 -0.0380 -0.9987
vn -0.2848 -0.0916 -0.9542
vn -0.3786 -0.1320 -0.9161
vn -0.5870 -0.3033 -0.7506
vn 0.5164 0.0669 -0.8537
vn 0.3010 0.1192 -0.9461
vn 0.3883 0.2430 -0.8889
vn 0.2393 0.3029 -0.9225
vn -0.3380 -0.5568 0.7587
vn -0.5213 -0.2302 -0.8217
vn -0.0188 -0.0772 -0.9968
vn -0.2148 0.0328 -0.9761
vn -0.2152 -0.0024 -0.9766
vn -0.5153 -0.0252 -0.8566
vn 0.1319 0.3214 -0.9377
vn -0.2249 -0.2867 -0.9313
vn 0.0057 -0.2017 -0.9794
vn 0.1067 -0.1202 -0.9870
vn -0.3431 -0.4576 0.8203
vn -0.0921 -0.7767 -0.6231
vn 0.0512 -0.8939 -0.4454
vn 0.0730 -0.9058 -0.4174
vn -0.4560 -0.4144 -0.7876
vn 0.0845 -0.9850 -0.1502
vn 0.0973 -0.9663 -0.2383
vn 0.0632 -0.9519 -0.2999
vn 0.0515 -0.9435 -0.3274
vn 0.0546 -0.9726 -0.2258
vn 0.0395 -0.9791 -0.1997
vn 0.0903 -0.9668 -0.2392
vn 0.2392 -0.9214 -0.3063
vn -0.4485 -0.6322 -0.6318
vn -0.0308 -0.9988 -0.0387
vn 0.0691 -0.9840 0.1641
vn -0.0086 -0.9880 0.1541
vn -0.0086 -0.9828 0.1844
vn -0.0145 -0.9842 0.1765
vn -0.0200 -0.9794 0.2007
vn -0.0264 -0.9820 0.1873
vn -0.0407 -0.9895 0.1386
vn -0.0111 -0.9978 0.0661
vn 0.0072 -0.9997 0.0213
vn 0.2969 -0.9287 -0.2222
vn 0.0328 -0.9995 -0.0046
vn 0.0321 -0.9778 0.2071
vn -0.0035 -0.9597 0.2811
vn -0.0025 -0.9833 0.1818
vn -0.4073 -0.9133 0.0027
vn -0.2476 -0.9635 -0.1021
vn 0.0557 -0.9969 0.0559
vn -0.0307 -0.8749 0.4833
vn -0.0671 -0.8405 0.5377
vn -0.0661 -0.8476 0.5265
vn -0.0804 -0.8455 0.5280
vn -0.0841 -0.8369 0.5408
vn -0.1210 -0.8552 0.5041
vn -0.1753 -0.9438 0.2802
vn 0.0555 -0.9984 0.0100
vn 0.1712 -0.9831 -0.0654
vn -0.7574 -0.5733 -0.3125
vn 0.1064 -0.9835 0.1462
vn 0.1847 -0.8482 0.4964
vn -0.0008 -0.7394 0.6733
vn -0.0338 -0.6262 0.7789
vn -0.1123 -0.5813 0.8059
vn -0.1226 -0.5948 0.7944
vn -0.1293 -0.5845 0.8010
vn -0.1401 -0.5717 0.8084
vn -0.1178 -0.5972 0.7934
vn -0.1533 -0.5659 0.8101
vn -0.2410 -0.6043 0.7595
vn -0.3816 -0.7613 0.5243
vn -0.1688 -0.9750 0.1443
vn 0.0988 -0.9951 -0.0084
vn 0.1039 -0.6272 0.7719
vn -0.0436 -0.6250 0.7794
vn -0.1173 -0.6544 0.7470
vn -0.0912 -0.6595 0.7461
vn -0.1490 -0.6454 0.7491
vn -0.2190 -0.6927 0.6872
vn -0.3473 -0.7142 0.6077
vn -0.5665 -0.7598 0.3190
vn -0.5748 -0.7742 0.2651
vn -0.4597 -0.8877 -0.0231
vn -0.1051 -0.9941 -0.0279
vn -0.3851 -0.9043 -0.1842
vn 0.3436 -0.8656 0.3642
vn 0.3894 -0.7172 0.5780
vn 0.2348 -0.8402 0.4888
vn 0.1030 -0.7534 0.6495
vn -0.0975 -0.6497 0.7539
vn -0.1168 -0.6722 0.7311
vn 0.1423 -0.9878 -0.0632
vn 0.3070 -0.9358 0.1735
vn -0.0395 -0.9011 0.4319
vn -0.0407 -0.9260 0.3754
vn -0.0409 -0.9301 0.3649
vn -0.0474 -0.9163 0.3976
vn -0.0574 -0.9172 0.3942
vn -0.1555 -0.9319 0.3277
vn -0.2548 -0.9116 0.3225
vn -0.5205 -0.8014 -0.2946
vn 0.1083 -0.9931 -0.0439
vn 0.0671 -0.9977 -0.0002
vn 0.2819 -0.9589 0.0308
vn 0.4942 -0.7520 0.4361
vn 0.2508 -0.9086 0.3339
vn 0.0434 -0.9726 0.2282
vn -0.0093 -0.9966 0.0814
vn 0.0207 -0.9991 0.0370
vn 0.0098 -0.9978 0.0648
vn 0.0137 -0.9972 0.0738
vn -0.0336 -0.9955 0.0890
vn -0.3442 -0.9387 -0.0189
vn -0.6309 -0.7608 -0.1517
vn -0.2398 -0.9505 -0.1977
vn -0.0310 -0.9989 -0.0351
vn -0.6983 -0.5349 -0.4756
vn -0.0276 -0.9993 -0.0263
vn 0.6266 -0.7371 0.2533
vn 0.0361 -0.9989 0.0295
vn 0.0132 -0.9996 -0.0240
vn 0.0364 -0.9992 -0.0190
vn 0.0200 -0.9995 -0.0253
vn 0.0311 -0.9990 -0.0322
vn 0.0338 -0.9991 -0.0262
vn 0.0384 -0.9990 -0.0215
vn -0.1341 -0.9885 -0.0706
vn -0.6179 -0.6391 -0.4580
vn 0.0616 -0.9836 0.1697
vn 0.0950 -0.9919 -0.0849
vn 0.3252 -0.9112 -0.2530
vn -0.1865 -0.5860 -0.7886
vn -0.1745 -0.7518 -0.6359
vn 0.4264 -0.8628 0.2717
vn 0.1605 -0.9750 0.1533
vn 0.0544 -0.9985 -0.0051
vn 0.0187 -0.9991 -0.0372
vn 0.0314 -0.9990 -0.0331
vn -0.0001 -0.9986 -0.0527
vn -0.4401 -0.8352 -0.3298
vn -0.5259 -0.7679 -0.3656
vn -0.0086 -0.9999 -0.0093
vn 0.2909 -0.9269 -0.2373
vn -0.1796 -0.6605 -0.7290
vn -0.1340 -0.8812 -0.4533
vn 0.0253 -0.9997 0.0002
vn 0.0200 -0.9992 -0.0360
vn -0.2210 -0.9553 -0.1964
vn -0.0412 -0.9992 0.0010
vn -0.0516 -0.9841 0.1701
vn -0.0992 -0.9857 0.1365
vn 0.0286 -0.9909 -0.1314
vn 0.1422 -0.9583 -0.2477
vn 0.2523 -0.9134 -0.3195
vn 0.0021 -0.9511 -0.3090
vn 0.0143 -0.9993 -0.0335
vn 0.0792 -0.9969 0.0008
vn 0.2887 -0.9564 0.0433
vn 0.4036 -0.9040 0.1411
vn -0.0023 -0.9997 -0.0243
vn 0.0262 -0.9992 -0.0285
vn 0.0233 -0.9986 -0.0470
vn 0.1354 -0.9320 0.3362
vn 0.1086 -0.8089 0.5778
vn -0.1024 -0.8105 0.5768
vn -0.2171 -0.9650 0.1468
vn -0.2143 -0.9640 0.1573
vn 0.1561 -0.9795 -0.1271
vn 0.2052 -0.9630 -0.1748
vn -0.2025 -0.8517 -0.4833
vn -0.0073 -0.9986 -0.0530
vn 0.0069 -0.9971 -0.0756
vn 0.7560 -0.6154 0.2230
vn 0.0292 -0.9994 -0.0187
vn -0.5193 -0.8215 -0.2355
vn -0.0117 -0.7389 0.6737
vn -0.0218 -0.6882 0.7252
vn -0.3647 -0.8114 0.4567
vn 0.2780 -0.9549 -0.1043
vn 0.4253 -0.9031 -0.0586
vn -0.1170 -0.5872 -0.8009
vn -0.0323 -0.9990 -0.0323
vn 0.0243 -0.9996 0.0122
vn 0.0181 -0.9996 -0.0217
vn 0.1573 -0.9849 -0.0728
vn 0.2492 -0.9460 0.2074
vn 0.0537 -0.9968 -0.0597
vn 0.0297 -0.9995 0.0055
vn 0.0004 -0.9998 -0.0203
vn 0.0178 -0.9996 -0.0215
vn -0.5821 -0.7300 -0.3581
vn -0.1018 -0.9943 -0.0327
vn 0.2927 -0.9283 0.2294
vn 0.4068 -0.7260 0.5544
vn 0.4771 -0.5855 0.6554
vn -0.5677 -0.5352 0.6255
vn -0.4983 -0.7892 0.3589
vn 0.0169 -0.9991 0.0383
vn 0.0206 -0.9991 0.0364
vn 0.1870 -0.9821 0.0207
vn 0.0034 -0.9999 0.0125
vn 0.0212 -0.9997 -0.0126
vn 0.1370 -0.9865 -0.0899
vn 0.3457 -0.9133 -0.2154
vn -0.0824 -0.9861 0.1441
vn 0.0305 -0.9992 -0.0260
vn 0.0223 -0.9996 -0.0169
vn 0.0414 -0.9983 -0.0400
vn 0.0270 -0.9991 -0.0326
vn -0.2387 -0.9608 -0.1413
vn 0.4506 -0.8317 0.3244
vn 0.5677 -0.2573 0.7820
vn -0.6198 -0.7356 0.2734
vn -0.4979 -0.8019 0.3301
vn -0.3966 -0.8931 0.2123
vn 0.3480 -0.9334 0.0872
vn 0.4543 -0.8895 0.0493
vn -0.2607 -0.9653 -0.0131
vn -0.0490 -0.9971 -0.0583
vn -0.0065 -0.9999 -0.0095
vn 0.0065 -0.9998 0.0174
vn 0.0102 -0.9999 0.0113
vn 0.1195 -0.9859 -0.1172
vn 0.1312 -0.9754 -0.1772
vn 0.0206 -0.9987 -0.0456
vn 0.0313 -0.9975 -0.0636
vn 0.0004 -0.9989 -0.0460
vn 0.0109 -0.9998 -0.0175
vn -0.6303 -0.7517 -0.1941
vn -0.4878 -0.8681 -0.0922
vn -0.1833 -0.9822 -0.0410
vn -0.4325 -0.9011 -0.0303
vn -0.5340 -0.8019 0.2681
vn -0.4047 -0.9089 0.1010
vn 0.1770 -0.9770 0.1192
vn -0.8935 -0.2322 -0.3843
vn 0.0231 -0.9994 -0.0266
vn 0.0387 -0.9990 0.0231
vn 0.0100 -0.9996 0.0256
vn -0.0390 -0.9978 -0.0538
vn 0.0336 -0.9978 -0.0568
vn 0.0101 -0.9989 -0.0453
vn 0.0350 -0.9989 -0.0314
vn 0.0212 -0.9996 -0.0164
vn 0.0250 -0.9996 -0.0104
vn 0.0126 -0.9997 -0.0199
vn -0.3506 -0.9364 0.0174
vn -0.1430 -0.9896 0.0153
vn -0.2676 -0.9583 -0.1002
vn -0.5919 -0.7990 0.1060
vn -0.5304 -0.8431 -0.0886
vn -0.2379 -0.9708 0.0317
vn 0.1383 -0.9806 0.1392
vn 0.2502 -0.9500 0.1868
vn 0.3842 -0.9125 0.1406
vn 0.4038 -0.9046 0.1369
vn -0.2751 -0.9587 -0.0719
vn -0.0657 -0.9978 0.0024
vn 0.0370 -0.9991 0.0230
vn -0.0129 -0.9994 0.0314
vn -0.1284 -0.9916 0.0161
vn 0.0246 -0.9997 0.0026
vn 0.0932 -0.9907 -0.0991
vn 0.0277 -0.9994 -0.0229
vn -0.1964 -0.9801 -0.0294
vn -0.6318 -0.7739 -0.0433
vn -0.0216 -0.9980 0.0599
vn -0.1283 -0.9905 -0.0505
vn -0.0216 -0.4576 0.8889
vn -0.8805 -0.2712 -0.3888
vn -0.6305 -0.7137 -0.3051
vn 0.1570 -0.9747 0.1591
vn -0.0575 -0.9849 0.1632
vn 0.0296 -0.9995 -0.0071
vn 0.1051 -0.9943 -0.0155
vn 0.0313 -0.9963 -0.0801
vn 0.0218 -0.9996 -0.0177
vn -0.6101 -0.7921 0.0206
vn -0.2976 -0.8896 -0.3466
vn -0.3879 -0.8372 -0.3856
vn 0.2529 -0.9315 0.2613
vn 0.3148 -0.9136 0.2573
vn 0.4931 -0.8543 0.1646
vn -0.1745 -0.7932 0.5834
vn -0.2918 -0.9557 0.0400
vn -0.0500 -0.9974 0.0514
vn -0.0050 -0.9999 0.0108
vn 0.0324 -0.9988 0.0374
vn 0.0449 -0.9455 0.3226
vn -0.1556 -0.8416 0.5172
vn -0.1496 -0.9623 0.2273
vn 0.0336 -0.9994 0.0031
vn -0.0886 -0.9952 0.0410
vn -0.0245 -0.9987 -0.0442
vn 0.0467 -0.9972 -0.0579
vn 0.0218 -0.9996 -0.0187
vn -0.6281 -0.7713 0.1027
vn -0.3670 -0.9231 0.1152
vn -0.2940 -0.9280 0.2288
vn -0.0590 -0.9948 0.0833
vn 0.1473 -0.9879 0.0492
vn 0.0656 -0.9978 0.0043
vn -0.1204 -0.9742 -0.1909
vn 0.2593 -0.9242 0.2805
vn 0.3975 -0.8826 0.2510
vn 0.4278 -0.8783 0.2132
vn -0.7201 -0.6916 0.0559
vn -0.2089 -0.9753 0.0716
vn -0.0423 -0.9981 0.0447
vn -0.0117 -0.9991 0.0414
vn 0.3188 -0.8394 0.4402
vn 0.2137 -0.7081 0.6730
vn -0.1448 -0.6675 0.7304
vn -0.2763 -0.7909 0.5460
vn -0.3127 -0.9231 0.2238
vn 0.0599 -0.9982 -0.0050
vn 0.2085 -0.9776 -0.0267
vn 0.0403 -0.9985 -0.0372
vn 0.0171 -0.9997 -0.0147
vn 0.0127 -0.9999 -0.0117
vn 0.0248 -0.9996 -0.0141
vn -0.2830 -0.9576 0.0539
vn -0.5809 -0.8052 0.1187
vn -0.5943 -0.7551 0.2768
vn -0.0938 -0.9863 0.1356
vn 0.0644 -0.9976 0.0269
vn 0.3153 -0.9415 -0.1186
vn 0.1534 -0.9823 -0.1075
vn -0.5154 -0.6361 -0.5743
vn 0.0048 -0.9979 -0.0639
vn 0.2345 -0.9438 0.2327
vn -0.3190 -0.9325 -0.1696
vn -0.0523 -0.9979 -0.0371
vn 0.2597 -0.9578 0.1230
vn -0.3215 -0.6294 0.7074
vn -0.4719 -0.6225 0.6243
vn -0.5454 -0.6714 0.5017
vn -0.0248 -0.9989 0.0408
vn 0.1474 -0.9889 0.0206
vn 0.7604 -0.6359 -0.1319
vn 0.0733 -0.9972 -0.0110
vn 0.0254 -0.9996 -0.0100
vn -0.6164 -0.7562 0.2197
vn 0.1085 -0.9901 -0.0886
vn -0.0878 -0.9676 -0.2366
vn -0.0112 -0.9996 -0.0243
vn 0.0562 -0.9978 0.0363
vn 0.1205 -0.9885 0.0910
vn 0.3280 -0.9179 0.2232
vn 0.2739 -0.8728 0.4038
vn 0.2374 -0.8542 0.4626
vn 0.3523 -0.8431 0.4064
vn 0.4387 -0.8251 0.3560
vn 0.5503 -0.7854 0.2835
vn -0.2734 -0.8199 0.5030
vn -0.2438 -0.9449 0.2186
vn 0.4426 -0.8086 0.3876
vn 0.4809 -0.6287 0.6111
vn -0.6866 -0.6342 0.3556
vn -0.5782 -0.8105 0.0939
vn 0.1229 -0.9901 0.0678
vn 0.2259 -0.9724 0.0584
vn -0.5338 -0.7749 0.3386
vn -0.5156 -0.7290 0.4502
vn -0.0115 -0.9993 0.0365
vn 0.3816 -0.8633 0.3302
vn 0.3996 -0.8215 0.4068
vn -0.4528 -0.8538 0.2568
vn -0.2349 -0.9478 0.2158
vn -0.1656 -0.9755 0.1447
vn -0.0342 -0.9993 0.0167
vn 0.0477 -0.9959 -0.0768
vn -0.5588 -0.6565 0.5067
vn -0.2894 -0.9571 0.0119
vn 0.3606 -0.9238 0.1287
vn 0.0693 -0.9976 -0.0059
vn 0.0279 -0.9996 0.0008
vn 0.0130 -0.9998 0.0160
vn 0.0240 -0.9996 0.0147
vn 0.0050 -0.9997 0.0260
vn -0.2349 -0.9635 0.1284
vn -0.2694 -0.9118 0.3098
vn -0.1723 -0.9806 0.0934
vn 0.0554 -0.9980 0.0318
vn 0.6123 -0.6566 0.4403
vn -0.8769 -0.4778 -0.0528
vn -0.5674 -0.8199 -0.0757
vn 0.7381 -0.6261 0.2515
vn -0.1795 -0.9741 0.1376
vn -0.3541 -0.8812 0.3133
vn -0.4749 -0.6947 0.5402
vn -0.3729 -0.8074 0.4572
vn -0.1373 -0.9741 0.1796
vn 0.2909 -0.9500 0.1135
vn 0.1759 -0.7755 0.6063
vn -0.0508 -0.9978 0.0437
vn -0.3191 -0.9466 -0.0458
vn -0.7974 -0.5992 -0.0717
vn -0.2730 -0.9620 -0.0079
vn 0.6082 -0.7684 0.1993
vn 0.0296 -0.9995 0.0073
vn -0.4267 -0.7592 0.4915
vn -0.3944 -0.8104 0.4333
vn 0.0553 -0.9984 -0.0062
vn 0.5018 -0.8166 0.2854
vn 0.4060 -0.7359 0.5419
vn 0.2858 -0.6129 0.7366
vn 0.3996 -0.7589 0.5141
vn 0.4637 -0.7358 0.4934
vn -0.1027 -0.9725 -0.2091
vn 0.1167 -0.8037 0.5834
vn -0.5975 -0.7324 0.3264
vn -0.7263 -0.3895 0.5664
vn -0.4522 -0.7795 0.4336
vn -0.2161 -0.9701 0.1106
vn -0.1131 -0.9926 0.0436
vn -0.1072 -0.9877 0.1136
vn -0.4757 -0.8766 0.0727
vn -0.8418 -0.5360 -0.0637
vn 0.2264 -0.9702 0.0866
vn 0.4568 -0.8829 0.1091
vn 0.0883 -0.9959 0.0190
vn 0.1227 -0.9909 0.0557
vn 0.0242 -0.9986 0.0475
vn 0.0355 -0.9983 0.0468
vn -0.1431 -0.9653 0.2184
vn -0.3836 -0.7788 0.4964
vn -0.5737 -0.7884 0.2220
vn 0.0697 -0.5367 0.8409
vn 0.0079 -0.6376 0.7703
vn 0.2426 -0.7415 0.6256
vn -0.7687 -0.5866 0.2550
vn -0.5901 -0.6237 0.5126
vn -0.2740 -0.9484 0.1594
vn -0.2678 -0.9623 0.0468
vn 0.5825 -0.7893 0.1943
vn 0.3433 -0.9384 0.0395
vn 0.0324 -0.9988 0.0371
vn 0.0203 -0.9990 0.0408
vn 0.0163 -0.9987 0.0477
vn 0.0380 -0.9969 0.0685
vn -0.5390 -0.7540 0.3755
vn -0.5070 -0.8606 -0.0484
vn 0.0247 -0.9993 -0.0279
vn 0.3441 -0.9348 0.0879
vn 0.5964 -0.6731 0.4373
vn 0.3353 -0.6704 0.6620
vn -0.2939 -0.5270 0.7974
vn -0.4801 -0.8480 -0.2243
vn -0.1542 -0.9857 -0.0674
vn 0.3492 -0.9219 0.1677
vn 0.0505 -0.9961 0.0722
vn 0.0291 -0.9985 0.0474
vn 0.0150 -0.9985 0.0525
vn -0.2205 -0.9347 0.2788
vn -0.7297 -0.6408 -0.2387
vn 0.0687 -0.9969 0.0391
vn -0.5390 -0.8228 -0.1799
vn -0.2437 -0.7229 0.6466
vn -0.3138 -0.4544 0.8337
vn -0.7165 -0.6292 -0.3013
vn -0.0465 -0.9967 0.0669
vn -0.0327 -0.9938 0.1058
vn 0.0341 -0.9600 -0.2777
vn -0.5974 -0.7193 -0.3545
vn -0.0363 -0.9909 -0.1299
vn 0.0365 -0.9977 0.0567
vn 0.0283 -0.9975 0.0648
vn -0.0223 -0.9964 0.0817
vn 0.0505 -0.9974 0.0523
vn -0.0230 -0.9983 0.0532
vn -0.2565 -0.9591 0.1195
vn -0.5900 -0.8072 0.0164
vn -0.2804 -0.9071 -0.3140
vn 0.3775 -0.9103 0.1700
vn -0.6157 -0.5533 0.5610
vn -0.6458 -0.7312 0.2198
vn -0.2871 -0.6537 0.7002
vn -0.2699 -0.9450 0.1847
vn -0.0760 -0.9733 0.2166
vn 0.0333 -0.9994 0.0031
vn -0.0469 -0.9872 0.1525
vn -0.0391 -0.9634 0.2653
vn 0.1333 -0.9889 0.0658
vn 0.6642 -0.7160 0.2151
vn 0.0411 -0.9969 0.0666
vn 0.0238 -0.9980 0.0577
vn -0.1433 -0.9884 0.0496
vn 0.0769 -0.8751 0.4778
vn -0.6533 -0.7393 -0.1631
vn -0.8035 -0.4724 -0.3622
vn -0.1760 -0.9525 -0.2484
vn -0.0202 -0.9980 -0.0597
vn 0.2229 -0.9341 0.2788
vn -0.7311 -0.5989 0.3267
vn -0.2202 -0.9567 -0.1905
vn -0.2283 -0.8842 0.4075
vn -0.7922 -0.4186 -0.4442
vn -0.2390 -0.9692 -0.0597
vn -0.0079 -0.9990 0.0437
vn 0.0255 -0.9968 0.0752
vn -0.1134 -0.9724 0.2039
vn -0.0647 -0.9732 0.2207
vn 0.0123 -0.9777 0.2097
vn 0.0109 -0.9944 0.1054
vn 0.0449 -0.9986 0.0285
vn 0.5190 -0.8295 0.2065
vn 0.1244 -0.9866 0.1056
vn 0.0251 -0.9981 0.0567
vn 0.0270 -0.9973 0.0680
vn 0.0197 -0.9974 0.0694
vn 0.0323 -0.9987 0.0407
vn -0.0609 -0.9942 -0.0887
vn -0.0372 -0.9948 -0.0949
vn 0.0150 -0.9998 -0.0156
vn -0.5652 -0.8219 0.0709
vn -0.4593 -0.8645 -0.2042
vn -0.3421 -0.9121 -0.2261
vn -0.2785 -0.9433 -0.1806
vn -0.0220 -0.9925 0.1199
vn -0.0167 -0.9942 0.1059
vn 0.0177 -0.9859 0.1663
vn -0.0131 -0.9997 0.0202
vn 0.2669 -0.9633 -0.0298
vn 0.0130 -0.9962 0.0858
vn 0.0475 -0.9951 0.0868
vn 0.0211 -0.9976 0.0665
vn 0.0134 -0.9964 -0.0841
vn 0.0010 -0.9953 -0.0971
vn 0.0951 -0.9792 0.1790
vn 0.4390 -0.7716 0.4603
vn -0.3132 -0.9385 -0.1457
vn -0.3336 -0.9341 -0.1275
vn -0.5457 -0.8204 -0.1707
vn -0.0443 -0.9990 0.0068
vn 0.0139 -0.9997 0.0221
vn 0.7141 -0.6665 0.2141
vn 0.2520 -0.9602 0.1202
vn 0.0328 -0.9959 0.0842
vn 0.0123 -0.9961 0.0877
vn 0.0006 -0.9960 0.0894
vn 0.0051 -0.9944 0.1060
vn 0.0658 -0.9855 0.1567
vn -0.1194 -0.9892 -0.0848
vn -0.1334 -0.9893 -0.0584
vn -0.0018 -0.9998 -0.0212
vn -0.0270 -0.9988 0.0410
vn 0.0523 -0.9696 0.2389
vn -0.4596 -0.8719 -0.1689
vn 0.0173 -0.9996 0.0226
vn 0.0181 -0.9998 0.0112
vn -0.0131 -0.9999 0.0077
vn -0.0018 -0.9996 0.0281
vn 0.5612 -0.8209 -0.1060
vn 0.1567 -0.9849 0.0737
vn 0.1129 -0.9908 0.0750
vn 0.0862 -0.9938 0.0706
vn 0.0347 -0.9959 0.0835
vn 0.0337 -0.9928 0.1152
vn 0.0112 -0.9948 0.1012
vn 0.1304 -0.9542 0.2691
vn -0.0802 -0.9909 -0.1081
vn -0.0002 -0.9970 -0.0776
vn 0.0673 -0.9663 0.2484
vn 0.1365 -0.8939 0.4270
vn 0.2745 -0.6913 0.6684
vn 0.0742 -0.9812 -0.1782
vn -0.6281 -0.7368 -0.2503
vn -0.5379 -0.7981 -0.2714
vn -0.2734 -0.9577 -0.0899
vn -0.2598 -0.9653 0.0255
vn -0.2629 -0.9648 -0.0061
vn -0.2245 -0.9745 0.0039
vn 0.0078 -0.9996 0.0282
vn -0.0084 -0.9986 0.0518
vn -0.1345 -0.9840 0.1170
vn -0.0084 -0.9975 0.0704
vn 0.0193 -0.9947 0.1009
vn 0.0149 -0.9965 0.0828
vn -0.0001 -0.9969 0.0791
vn 0.0320 -0.9931 0.1125
vn 0.0350 -0.9955 0.0880
vn -0.1421 -0.9866 -0.0796
vn -0.1227 -0.9881 -0.0922
vn 0.0719 -0.9856 -0.1529
vn 0.0189 -0.9994 0.0280
vn 0.0241 -0.9925 0.1196
vn 0.0706 -0.9000 0.4302
vn 0.1996 -0.5613 0.8032
vn 0.0077 -0.9999 0.0144
vn -0.0596 -0.9910 0.1197
vn -0.0500 -0.9963 0.0696
vn -0.1832 -0.9709 0.1540
vn 0.0476 -0.9988 0.0094
vn 0.1063 -0.9942 -0.0177
vn -0.1267 -0.9881 -0.0869
vn -0.1275 -0.9904 -0.0539
vn 0.0424 -0.9983 -0.0403
vn 0.0266 -0.9880 0.1519
vn 0.1146 -0.8864 0.4486
vn 0.1328 -0.5014 0.8550
vn 0.2150 -0.1188 0.9694
vn -0.6349 -0.7633 -0.1191
vn -0.5299 -0.8472 -0.0381
vn -0.4252 -0.9041 -0.0419
vn -0.3062 -0.9496 0.0665
vn -0.2612 -0.9488 0.1778
vn -0.5105 -0.8598 0.0085
vn -0.0021 -0.9488 0.3159
vn -0.0416 -0.9969 0.0669
vn 0.0075 -0.9978 0.0663
vn 0.0151 -0.9962 0.0854
vn 0.0277 -0.9869 0.1590
vn 0.0091 -0.9997 -0.0227
vn 0.0201 -0.9985 -0.0507
vn 0.0044 -0.9980 0.0634
vn 0.0865 -0.9759 0.2001
vn 0.1357 -0.8574 0.4965
vn 0.2484 -0.4503 0.8576
vn 0.1281 -0.1997 0.9715
vn -0.5697 -0.8130 0.1201
vn -0.2247 -0.9678 0.1139
vn -0.0530 -0.9980 0.0348
vn 0.0064 -0.9994 0.0341
vn -0.0118 -0.9978 0.0648
vn -0.2479 -0.9406 0.2321
vn 0.0372 -0.9972 0.0643
vn -0.0323 -0.9982 0.0509
vn 0.0342 -0.9959 0.0836
vn -0.0154 -0.9994 0.0311
vn -0.0346 -0.9994 0.0033
vn 0.0016 -1.0000 -0.0056
vn 0.1398 -0.6178 -0.7738
vn -0.0021 -0.9998 -0.0198
vn 0.0284 -0.9954 0.0921
vn 0.1225 -0.8211 0.5574
vn 0.2912 -0.2229 0.9303
vn -0.6890 -0.7237 0.0395
vn -0.4261 -0.8966 0.1206
vn -0.3079 -0.9282 0.2091
vn -0.2721 -0.9324 0.2377
vn -0.2530 -0.9273 0.2758
vn -0.0144 -0.9771 0.2123
vn 0.1179 -0.9340 0.3373
vn -0.2031 -0.8738 0.4418
vn 0.1180 -0.9929 0.0141
vn 0.0187 -0.9993 0.0319
vn 0.0759 -0.9267 0.3681
vn 0.2013 -0.4170 0.8863
vn -0.6234 -0.7808 0.0423
vn -0.6666 -0.6896 0.2830
vn 0.0288 -0.9918 0.1245
vn 0.1166 -0.9568 0.2664
vn 0.0442 -0.4733 0.8798
vn -0.2515 -0.9349 0.2503
vn -0.0281 -0.9772 0.2107
vn 0.0016 -0.9938 0.1114
vn 0.0486 -0.9828 0.1781
vn 0.1222 -0.9110 0.3939
vn 0.2358 -0.4306 0.8712
vn -0.6898 -0.7240 0.0039
vn -0.6931 -0.7147 0.0935
vn -0.4862 -0.7845 0.3849
vn -0.1726 -0.9596 0.2221
vn 0.1917 -0.8204 0.5388
vn -0.5460 -0.7929 0.2706
vn 0.1203 -0.8936 0.4324
vn -0.0605 -0.6312 -0.7733
vn 0.3604 -0.8964 -0.2579
vn 0.1930 -0.8769 -0.4402
vn 0.7747 -0.5938 -0.2171
vn 0.0037 -0.6667 -0.7453
vn 0.2466 -0.8518 -0.4621
vn 0.6394 -0.7648 0.0791
vn 0.1631 -0.8111 -0.5617
vn 0.3287 -0.9098 -0.2534
vn 0.1001 -0.7588 -0.6436
vn 0.5233 -0.7856 -0.3302
vn 0.7341 -0.6057 -0.3071
vn 0.3414 -0.9107 -0.2324
vn 0.5794 -0.7693 -0.2693
vn 0.7213 -0.5868 -0.3681
vn 0.6344 -0.3857 -0.6699
vn 0.2222 -0.9305 -0.2913
vn 0.7279 -0.6458 -0.2305
vn 0.5750 -0.7705 -0.2752
vn 0.5136 -0.7061 -0.4874
vn 0.6449 -0.7327 -0.2172
vn 0.3855 -0.8555 -0.3457
vn 0.2250 -0.8484 -0.4792
vn -0.0687 -0.9008 -0.4287
vn 0.1721 -0.8154 -0.5527
vn 0.0730 -0.7173 -0.6929
vn 0.3202 -0.9166 -0.2394
vn -0.0465 -0.9280 -0.3696
vn 0.3263 -0.8938 -0.3077
vn -0.2027 -0.9128 -0.3546
vn 0.5753 -0.7686 -0.2798
vn -0.1160 -0.7639 -0.6349
vn 0.6992 -0.6700 -0.2492
vn -0.0287 -0.6269 -0.7785
vn -0.0938 -0.7565 -0.6473
vn 0.3989 -0.8943 -0.2030
vn 0.0439 -0.7529 -0.6567
vn 0.7272 -0.6611 -0.1849
vn 0.4364 -0.8820 -0.1776
vn 0.7592 -0.4221 -0.4954
vn 0.7995 -0.2479 -0.5472
vn 0.1843 -0.9025 -0.3892
vn 0.2531 -0.8393 -0.4811
vn 0.7945 -0.5520 -0.2531
vn 0.0386 -0.9710 -0.2359
vn 0.4830 -0.8454 -0.2280
vn 0.4548 -0.7148 -0.5312
vn 0.2611 -0.8708 -0.4165
vn 0.7520 -0.6416 -0.1513
vn 0.1614 -0.8688 -0.4681
vn 0.4857 -0.2900 -0.8246
vn 0.7276 -0.6478 -0.2255
vn 0.0585 -0.9731 -0.2226
vn 0.7972 -0.5644 -0.2142
vn 0.2470 -0.3853 -0.8891
vn 0.0082 -0.6528 -0.7575
vn 0.2746 -0.9363 -0.2191
vn 0.1619 -0.7942 -0.5857
vn 0.1619 -0.7809 -0.6033
vn 0.6158 -0.7560 -0.2221
vn -0.0219 -0.7266 -0.6867
vn 0.3510 -0.9058 -0.2372
vn 0.5460 -0.8272 -0.1329
vn -0.0660 -0.9614 -0.2670
vn 0.6361 -0.7555 -0.1566
vn 0.5923 -0.7094 -0.3819
vn 0.7942 -0.1685 -0.5838
vn 0.8191 -0.5509 -0.1598
vn 0.5223 -0.7401 -0.4237
vn 0.0829 -0.8210 -0.5649
vn 0.4155 -0.7941 -0.4437
s 1
f 427//427 491//491 2573//2573
f 2573//2573 491//491 2518//2518
f 2540//2540 467//467 669//669
f 2628//2628 2648//2648 2614//2614
f 496//496 97//97 1013//1013
f 2795//2795 2796//2796 2848//2848
f 2314//2314 2301//2301 2359//2359
f 230//230 2686//2686 466//466
f 2686//2686 2566//2566 466//466
f 2566//2566 1187//1187 518//518
f 518//518 1187//1187 397//397
f 5107//5107 5081//5081 5096//5096
f 185//185 690//690 710//710
f 2382//2382 2567//2567 2325//2325
f 2567//2567 1983//1983 2325//2325
f 2278//2278 2293//2293 2003//2003
f 2543//2543 2558//2558 2571//2571
f 2560//2560 2586//2586 2585//2585
f 153//153 177//177 79//79
f 2682//2682 484//484 862//862
f 2691//2691 2682//2682 862//862
f 2649//2649 2691//2691 2681//2681
f 813//813 397//397 845//845
f 5048//5048 5088//5088 5067//5067
f 1672//1672 1271//1271 667//667
f 2289//2289 1648//1648 1405//1405
f 2502//2502 2520//2520 2513//2513
f 2496//2496 2502//2502 2513//2513
f 2522//2522 3461//3461 2337//2337
f 887//887 55//55 3461//3461
f 2628//2628 2662//2662 2648//2648
f 3636//3636 4496//4496 4512//4512
f 807//807 2889//2889 2901//2901
f 1976//1976 823//823 2179//2179
f 236//236 2632//2632 2599//2599
f 2584//2584 2628//2628 2614//2614
f 2691//2691 862//862 106//106
f 74//74 2691//2691 106//106
f 2681//2681 2691//2691 74//74
f 2522//2522 2337//2337 991//991
f 1371//1371 1399//1399 3013//3013
f 3535//3535 3536//3536 3563//3563
f 491//491 2537//2537 2518//2518
f 2537//2537 476//476 2518//2518
f 3339//3339 5070//5070 5088//5088
f 690//690 1166//1166 209//209
f 649//649 185//185 432//432
f 4649//4649 3907//3907 2178//2178
f 476//476 2686//2686 230//230
f 209//209 1166//1166 508//508
f 553//553 98//98 1040//1040
f 823//823 2494//2494 668//668
f 2641//2641 2618//2618 291//291
f 1991//1991 2595//2595 2466//2466
f 425//425 490//490 99//99
f 766//766 58//58 2103//2103
f 424//424 2570//2570 2346//2346
f 432//432 185//185 710//710
f 466//466 2566//2566 518//518
f 2603//2603 534//534 543//543
f 209//209 385//385 66//66
f 3466//3466 3481//3481 3480//3480
f 3609//3609 77//77 3608//3608
f 77//77 2532//2532 3608//3608
f 2566//2566 2525//2525 1187//1187
f 2595//2595 2584//2584 2614//2614
f 2250//2250 2936//2936 296//296
f 432//432 710//710 555//555
f 2014//2014 961//961 2104//2104
f 1091//1091 520//520 2524//2524
f 5084//5084 2128//2128 2084//2084
f 2483//2483 1506//1506 2506//2506
f 5085//5085 5089//5089 2371//2371
f 1293//1293 2158//2158 2406//2406
f 710//710 209//209 66//66
f 555//555 710//710 66//66
f 2557//2557 432//432 555//555
f 105//105 432//432 2557//2557
f 2612//2612 137//137 2494//2494
f 3//3 555//555 765//765
f 765//765 555//555 15//15
f 2062//2062 847//847 1126//1126
f 2518//2518 476//476 447//447
f 3610//3610 3618//3618 3609//3609
f 2609//2609 2944//2944 2877//2877
f 4649//4649 4650//4650 3907//3907
f 2466//2466 2595//2595 2455//2455
f 187//187 4//4 186//186
f 822//822 2564//2564 969//969
f 640//640 298//298 681//681
f 681//681 2557//2557 3//3
f 2557//2557 555//555 3//3
f 153//153 79//79 277//277
f 678//678 1962//1962 1163//1163
f 3391//3391 4257//4257 4068//4068
f 4864//4864 4903//4903 4830//4830
f 15//15 66//66 488//488
f 392//392 1499//1499 1530//1530
f 668//668 1530//1530 519//519
f 3013//3013 2058//2058 3962//3962
f 2627//2627 2105//2105 2073//2073
f 395//395 2526//2526 2525//2525
f 792//792 572//572 648//648
f 488//488 41//41 1107//1107
f 121//121 488//488 709//709
f 969//969 1110//1110 2529//2529
f 1991//1991 2466//2466 770//770
f 4779//4779 4815//4815 4799//4799
f 1177//1177 1976//1976 1508//1508
f 446//446 901//901 823//823
f 2535//2535 2560//2560 2585//2585
f 2529//2529 428//428 2603//2603
f 2583//2583 2372//2372 2471//2471
f 794//794 900//900 2253//2253
f 2382//2382 2015//2015 2588//2588
f 3311//3311 2554//2554 3310//3310
f 3753//3753 3828//3828 3768//3768
f 2871//2871 2893//2893 2983//2983
f 2489//2489 2501//2501 2488//2488
f 2532//2532 1654//1654 424//424
f 461//461 427//427 97//97
f 649//649 427//427 2573//2573
f 416//416 417//417 1383//1383
f 2024//2024 535//535 1180//1180
f 514//514 420//420 199//199
f 389//389 514//514 199//199
f 2564//2564 1110//1110 969//969
f 3//3 765//765 266//266
f 266//266 765//765 121//121
f 3998//3998 1520//1520 628//628
f 3329//3329 2471//2471 707//707
f 587//587 678//678 95//95
f 3237//3237 3238//3238 3251//3251
f 2513//2513 2520//2520 2536//2536
f 4257//4257 4367//4367 5061//5061
f 2520//2520 2561//2561 2536//2536
f 53//53 461//461 496//496
f 676//676 769//769 635//635
f 97//97 427//427 649//649
f 2534//2534 2559//2559 2533//2533
f 794//794 2059//2059 900//900
f 121//121 15//15 488//488
f 200//200 126//126 2619//2619
f 2382//2382 2588//2588 541//541
f 153//153 270//270 269//269
f 2325//2325 1983//1983 3286//3286
f 2051//2051 634//634 2130//2130
f 2303//2303 674//674 1030//1030
f 2058//2058 3081//3081 2697//2697
f 5047//5047 5071//5071 5094//5094
f 2320//2320 2497//2497 2496//2496
f 2491//2491 2320//2320 2496//2496
f 3236//3236 3235//3235 667//667
f 862//862 484//484 81//81
f 2619//2619 2618//2618 2641//2641
f 771//771 2618//2618 2619//2619
f 510//510 640//640 2553//2553
f 2477//2477 1048//1048 120//120
f 2289//2289 2278//2278 1648//1648
f 515//515 871//871 416//416
f 416//416 871//871 417//417
f 356//356 389//389 199//199
f 297//297 356//356 199//199
f 356//356 449//449 389//389
f 449//449 22//22 361//361
f 2553//2553 681//681 1192//1192
f 681//681 3//3 1192//1192
f 197//197 119//119 2782//2782
f 2468//2468 170//170 1663//1663
f 3536//3536 3564//3564 3563//3563
f 3281//3281 4044//4044 4063//4063
f 496//496 461//461 97//97
f 9//9 98//98 640//640
f 3466//3466 3458//3458 3481//3481
f 2852//2852 2820//2820 156//156
f 3507//3507 3536//3536 3535//3535
f 736//736 1149//1149 2645//2645
f 2645//2645 2289//2289 1405//1405
f 1350//1350 3053//3053 4119//4119
f 529//529 798//798 796//796
f 1138//1138 118//118 395//395
f 871//871 353//353 417//417
f 353//353 35//35 417//417
f 35//35 297//297 387//387
f 417//417 35//35 387//387
f 297//297 199//199 387//387
f 428//428 2565//2565 2603//2603
f 916//916 587//587 1068//1068
f 2552//2552 3375//3375 3440//3440
f 2189//2189 2466//2466 2455//2455
f 668//668 2523//2523 2519//2519
f 1110//1110 428//428 2529//2529
f 3610//3610 3609//3609 3588//3588
f 1521//1521 3480//3480 3481//3481
f 2984//2984 3308//3308 2970//2970
f 2695//2695 553//553 1040//1040
f 3043//3043 1474//1474 1522//1522
f 3521//3521 3536//3536 3507//3507
f 1030//1030 674//674 1534//1534
f 139//139 353//353 871//871
f 297//297 136//136 356//356
f 50//50 449//449 356//356
f 62//62 22//22 449//449
f 50//50 62//62 449//449
f 147//147 197//197 22//22
f 445//445 1998//1998 2208//2208
f 2160//2160 2209//2209 2181//2181
f 1756//1756 916//916 1068//1068
f 2537//2537 433//433 476//476
f 153//153 269//269 177//177
f 298//298 265//265 105//105
f 1040//1040 2694//2694 2676//2676
f 3415//3415 3931//3931 537//537
f 3375//3375 1194//1194 3164//3164
f 2769//2769 71//71 2797//2797
f 35//35 136//136 297//297
f 136//136 205//205 356//356
f 205//205 50//50 356//356
f 170//170 916//916 1756//1756
f 476//476 722//722 2686//2686
f 3777//3777 3717//3717 3799//3799
f 419//419 863//863 825//825
f 2666//2666 121//121 709//709
f 703//703 58//58 3200//3200
f 2392//2392 25//25 3025//3025
f 2676//2676 2660//2660 2677//2677
f 4135//4135 4136//4136 4179//4179
f 61//61 290//290 139//139
f 290//290 353//353 139//139
f 290//290 8//8 353//353
f 353//353 8//8 35//35
f 35//35 8//8 136//136
f 1719//1719 1765//1765 1764//1764
f 3245//3245 4033//4033 4046//4046
f 1040//1040 554//554 2694//2694
f 4815//4815 4830//4830 4799//4799
f 2069//2069 31//31 3310//3310
f 113//113 98//98 553//553
f 5108//5108 4946//4946 5099//5099
f 4066//4066 4065//4065 4046//4046
f 997//997 762//762 139//139
f 139//139 762//762 61//61
f 205//205 34//34 50//50
f 1654//1654 742//742 424//424
f 133//133 84//84 997//997
f 4251//4251 4280//4280 4279//4279
f 3000//3000 862//862 81//81
f 862//862 148//148 106//106
f 148//148 862//862 3000//3000
f 2093//2093 2026//2026 2175//2175
f 298//298 640//640 98//98
f 2696//2696 2695//2695 2676//2676
f 266//266 121//121 2666//2666
f 448//448 266//266 2666//2666
f 2641//2641 756//756 1177//1177
f 4367//4367 1316//1316 1449//1449
f 1241//1241 1296//1296 1260//1260
f 4066//4066 4094//4094 4093//4093
f 4065//4065 4066//4066 4093//4093
f 3078//3078 2246//2246 2132//2132
f 4217//4217 4233//4233 4216//4216
f 2457//2457 1644//1644 2384//2384
f 50//50 256//256 62//62
f 2051//2051 2091//2091 854//854
f 4867//4867 4850//4850 4834//4834
f 1088//1088 2042//2042 801//801
f 3579//3579 3372//3372 1983//1983
f 2422//2422 2447//2447 2395//2395
f 95//95 678//678 1163//1163
f 594//594 662//662 125//125
f 3411//3411 3761//3761 3755//3755
f 2695//2695 1040//1040 2676//2676
f 5065//5065 5098//5098 1885//1885
f 2382//2382 2325//2325 2015//2015
f 4307//4307 4308//4308 4338//4338
f 842//842 914//914 891//891
f 225//225 165//165 1542//1542
f 1043//1043 1064//1064 1102//1102
f 608//608 637//637 636//636
f 196//196 699//699 528//528
f 319//319 320//320 382//382
f 50//50 34//34 256//256
f 1994//1994 963//963 445//445
f 2183//2183 2182//2182 2142//2142
f 2255//2255 2273//2273 2272//2272
f 3319//3319 4122//4122 3347//3347
f 2266//2266 2107//2107 1705//1705
f 2543//2543 2571//2571 1432//1432
f 817//817 2567//2567 2382//2382
f 55//55 2445//2445 3461//3461
f 2774//2774 2751//2751 2775//2775
f 2969//2969 456//456 2561//2561
f 709//709 488//488 1107//1107
f 1297//1297 1296//1296 1241//1241
f 4093//4093 4094//4094 4123//4123
f 1236//1236 1234//1234 1235//1235
f 360//360 762//762 84//84
f 360//360 814//814 762//762
f 814//814 61//61 762//762
f 61//61 704//704 290//290
f 290//290 704//704 8//8
f 704//704 1382//1382 8//8
f 1125//1125 819//819 1160//1160
f 2142//2142 2141//2141 2067//2067
f 645//645 677//677 738//738
f 4219//4219 4152//4152 4283//4283
f 2056//2056 3100//3100 2427//2427
f 2255//2255 2197//2197 2210//2210
f 646//646 868//868 895//895
f 2197//2197 2255//2255 2272//2272
f 3755//3755 3761//3761 3384//3384
f 3146//3146 3145//3145 2813//2813
f 451//451 450//450 358//358
f 1013//1013 523//523 553//553
f 523//523 113//113 553//553
f 2293//2293 1030//1030 2003//2003
f 98//98 9//9 554//554
f 1050//1050 1092//1092 1132//1132
f 1167//1167 1297//1297 1241//1241
f 61//61 814//814 704//704
f 254//254 320//320 319//319
f 134//134 135//135 163//163
f 3996//3996 4108//4108 4376//4376
f 2182//2182 2210//2210 2151//2151
f 821//821 963//963 394//394
f 1044//1044 1083//1083 1064//1064
f 2141//2141 2182//2182 2151//2151
f 3180//3180 3332//3332 55//55
f 3115//3115 3354//3354 3200//3200
f 298//298 105//105 681//681
f 98//98 554//554 1040//1040
f 1192//1192 266//266 234//234
f 234//234 266//266 448//448
f 1198//1198 1167//1167 1132//1132
f 1298//1298 1297//1297 1167//1167
f 1334//1334 1333//1333 1297//1297
f 351//351 415//415 414//414
f 3793//3793 3996//3996 2406//2406
f 2384//2384 1644//1644 2131//2131
f 528//528 699//699 615//615
f 796//796 798//798 853//853
f 643//643 798//798 529//529
f 391//391 451//451 358//358
f 2375//2375 2365//2365 2330//2330
f 3587//3587 3588//3588 3609//3609
f 1166//1166 476//476 230//230
f 447//447 476//476 1166//1166
f 2711//2711 1013//1013 2704//2704
f 3456//3456 3466//3466 3465//3465
f 1198//1198 1261//1261 1167//1167
f 1261//1261 1298//1298 1167//1167
f 1335//1335 1334//1334 1297//1297
f 1298//1298 1335//1335 1297//1297
f 636//636 696//696 607//607
f 527//527 559//559 526//526
f 586//586 40//40 563//563
f 321//321 384//384 351//351
f 1309//1309 1274//1274 1236//1236
f 609//609 608//608 561//561
f 473//473 503//503 413//413
f 288//288 320//320 254//254
f 224//224 288//288 254//254
f 223//223 224//224 254//254
f 195//195 224//224 194//194
f 164//164 195//195 163//163
f 224//224 223//223 194//194
f 135//135 164//164 163//163
f 195//195 194//194 163//163
f 2270//2270 2301//2301 2300//2300
f 2375//2375 2396//2396 2365//2365
f 2518//2518 447//447 598//598
f 427//427 146//146 491//491
f 2573//2573 2518//2518 598//598
f 1013//1013 553//553 2704//2704
f 681//681 105//105 2557//2557
f 1050//1050 1003//1003 1074//1074
f 3869//3869 3901//3901 3816//3816
f 1151//1151 1132//1132 1092//1092
f 1151//1151 1198//1198 1132//1132
f 1318//1318 1335//1335 1298//1298
f 1064//1064 1103//1103 1102//1102
f 843//843 867//867 811//811
f 867//867 894//894 811//811
f 1365//1365 300//300 1364//1364
f 381//381 412//412 380//380
f 694//694 695//695 725//725
f 439//439 438//438 380//380
f 892//892 957//957 956//956
f 561//561 608//608 503//503
f 561//561 503//503 504//504
f 5062//5062 5087//5087 816//816
f 2051//2051 854//854 1944//1944
f 3996//3996 4376//4376 1293//1293
f 2428//2428 2422//2422 2396//2396
f 57//57 479//479 646//646
f 433//433 722//722 476//476
f 2704//2704 553//553 2695//2695
f 991//991 2337//2337 1771//1771
f 3177//3177 2868//2868 3191//3191
f 2771//2771 940//940 1003//1003
f 940//940 1004//1004 1003//1003
f 1004//1004 1051//1051 1003//1003
f 1051//1051 1093//1093 1074//1074
f 1074//1074 1093//1093 1092//1092
f 1152//1152 1151//1151 1092//1092
f 1093//1093 1152//1152 1092//1092
f 1219//1219 1198//1198 1151//1151
f 1219//1219 1261//1261 1198//1198
f 1318//1318 1298//1298 1261//1261
f 1318//1318 1358//1358 1335//1335
f 697//697 727//727 636//636
f 894//894 893//893 811//811
f 501//501 502//502 527//527
f 502//502 560//560 559//559
f 4339//4339 4353//4353 4338//4338
f 4559//4559 2031//2031 2048//2048
f 503//503 502//502 413//413
f 725//725 726//726 786//786
f 1184//1184 1236//1236 1183//1183
f 473//473 413//413 414//414
f 414//414 383//383 320//320
f 844//844 915//915 894//894
f 351//351 414//414 320//320
f 843//843 844//844 867//867
f 867//867 844//844 894//894
f 787//787 812//812 843//843
f 728//728 812//812 787//787
f 1178//1178 671//671 854//854
f 2068//2068 2067//2067 2049//2049
f 2461//2461 1830//1830 2469//2469
f 1830//1830 1596//1596 916//916
f 2526//2526 1187//1187 2525//2525
f 5069//5069 4220//4220 5052//5052
f 1151//1151 1152//1152 1219//1219
f 527//527 502//502 559//559
f 730//730 610//610 585//585
f 2052//2052 2079//2079 2097//2097
f 477//477 872//872 615//615
f 412//412 439//439 380//380
f 1236//1236 1235//1235 1183//1183
f 288//288 351//351 320//320
f 500//500 526//526 525//525
f 695//695 726//726 725//725
f 1065//1065 819//819 1083//1083
f 3307//3307 3327//3327 3326//3326
f 1083//1083 819//819 1125//1125
f 3384//3384 3733//3733 3350//3350
f 2971//2971 2402//2402 3309//3309
f 185//185 598//598 690//690
f 108//108 2483//2483 2506//2506
f 2483//2483 1505//1505 1506//1506
f 2289//2289 2293//2293 2278//2278
f 1352//1352 737//737 3044//3044
f 856//856 922//922 921//921
f 922//922 983//983 940//940
f 983//983 1004//1004 940//940
f 1051//1051 1111//1111 1093//1093
f 1111//1111 1152//1152 1093//1093
f 1199//1199 1219//1219 1152//1152
f 1262//1262 1261//1261 1219//1219
f 1262//1262 1318//1318 1261//1261
f 1262//1262 1377//1377 1318//1318
f 1308//1308 1325//1325 1291//1291
f 1084//1084 1148//1148 1186//1186
f 1272//1272 1273//1273 1308//1308
f 1236//1236 1310//1310 1309//1309
f 1144//1144 1160//1160 1183//1183
f 2135//2135 2190//2190 2371//2371
f 321//321 351//351 288//288
f 2535//2535 2559//2559 2512//2512
f 1146//1146 1147//1147 1185//1185
f 1272//1272 1308//1308 1291//1291
f 2141//2141 2151//2151 2118//2118
f 3523//3523 3522//3522 3508//3508
f 3461//3461 707//707 2337//2337
f 2876//2876 1352//1352 3044//3044
f 828//828 856//856 4397//4397
f 1004//1004 1031//1031 1051//1051
f 1031//1031 1075//1075 1051//1051
f 1242//1242 1219//1219 1199//1199
f 1242//1242 1262//1262 1219//1219
f 258//258 329//329 357//357
f 1325//1325 1364//1364 229//229
f 134//134 193//193 162//162
f 96//96 196//196 528//528
f 1326//1326 1310//1310 1342//1342
f 2151//2151 2162//2162 2117//2117
f 85//85 573//573 730//730
f 1101//1101 1143//1143 1142//1142
f 2290//2290 2532//2532 2221//2221
f 2445//2445 1271//1271 1672//1672
f 3188//3188 2924//2924 3199//3199
f 11//11 2426//2426 2309//2309
f 534//534 1196//1196 543//543
f 5060//5060 5082//5082 5079//5079
f 903//903 922//922 856//856
f 903//903 983//983 922//922
f 1004//1004 983//983 1031//1031
f 1075//1075 1111//1111 1051//1051
f 1111//1111 1168//1168 1152//1152
f 1200//1200 1199//1199 1152//1152
f 1168//1168 1200//1200 1152//1152
f 1200//1200 1242//1242 1199//1199
f 1262//1262 1319//1319 1377//1377
f 573//573 1344//1344 1345//1345
f 956//956 1018//1018 955//955
f 1083//1083 1125//1125 1144//1144
f 1125//1125 1160//1160 1144//1144
f 253//253 286//286 285//285
f 1291//1291 1325//1325 1341//1341
f 810//810 866//866 842//842
f 293//293 425//425 292//292
f 270//270 1002//1002 269//269
f 3506//3506 3507//3507 3535//3535
f 4621//4621 4655//4655 4606//4606
f 3068//3068 933//933 2594//2594
f 1005//1005 1031//1031 983//983
f 1031//1031 1052//1052 1075//1075
f 1112//1112 1111//1111 1075//1075
f 1112//1112 1168//1168 1111//1111
f 1263//1263 1262//1262 1242//1242
f 1263//1263 1299//1299 1262//1262
f 1299//1299 1319//1319 1262//1262
f 1377//1377 1319//1319 1384//1384
f 1855//1855 20//20 678//678
f 414//414 382//382 383//383
f 1185//1185 1214//1214 1237//1237
f 1307//1307 1291//1291 1341//1341
f 584//584 606//606 605//605
f 2151//2151 2197//2197 2162//2162
f 1084//1084 1105//1105 1067//1067
f 1158//1158 1182//1182 1233//1233
f 439//439 440//440 500//500
f 105//105 649//649 432//432
f 461//461 4//4 427//427
f 4885//4885 4970//4970 4954//4954
f 1086//1086 1316//1316 4201//4201
f 829//829 883//883 856//856
f 856//856 883//883 903//903
f 883//883 923//923 903//903
f 923//923 941//941 903//903
f 941//941 983//983 903//903
f 941//941 1005//1005 983//983
f 1052//1052 1031//1031 1005//1005
f 1168//1168 1153//1153 1200//1200
f 1220//1220 1242//1242 1200//1200
f 1153//1153 1220//1220 1200//1200
f 1220//1220 1263//1263 1242//1242
f 1319//1319 1385//1385 1384//1384
f 1270//1270 1307//1307 1290//1290
f 319//319 381//381 350//350
f 787//787 843//843 727//727
f 2117//2117 2116//2116 2075//2075
f 285//285 318//318 350//350
f 2347//2347 1197//1197 2849//2849
f 568//568 588//588 450//450
f 3871//3871 2369//2369 5078//5078
f 844//844 812//812 1901//1901
f 127//127 958//958 1574//1574
f 491//491 146//146 2537//2537
f 731//731 933//933 3068//3068
f 2392//2392 3889//3889 3872//3872
f 829//829 828//828 2391//2391
f 1032//1032 1052//1052 1005//1005
f 1052//1052 1094//1094 1075//1075
f 1299//1299 1359//1359 1319//1319
f 1319//1319 1359//1359 1385//1385
f 1315//1315 1384//1384 1385//1385
f 2369//2369 2014//2014 2104//2104
f 1103//1103 1144//1144 1143//1143
f 993//993 1043//1043 1018//1018
f 1795//1795 609//609 1757//1757
f 528//528 615//615 586//586
f 223//223 287//287 286//286
f 500//500 501//501 527//527
f 2045//2045 3011//3011 1427//1427
f 803//803 830//830 829//829
f 2391//2391 803//803 829//829
f 829//829 830//830 883//883
f 830//830 904//904 883//883
f 883//883 904//904 923//923
f 941//941 984//984 1005//1005
f 984//984 1032//1032 1005//1005
f 1032//1032 1076//1076 1052//1052
f 1052//1052 1076//1076 1094//1094
f 1094//1094 1112//1112 1075//1075
f 223//223 254//254 287//287
f 1183//1183 1235//1235 1234//1234
f 587//587 1855//1855 678//678
f 258//258 357//357 328//328
f 811//811 759//759 696//696
f 1182//1182 1234//1234 1233//1233
f 287//287 318//318 286//286
f 1276//1276 1345//1345 1311//1311
f 511//511 568//568 450//450
f 3339//3339 2295//2295 5070//5070
f 181//181 180//180 2797//2797
f 71//71 181//181 2797//2797
f 56//56 583//583 110//110
f 2686//2686 2525//2525 2566//2566
f 3013//3013 3081//3081 2058//2058
f 3600//3600 651//651 231//231
f 2716//2716 2232//2232 1391//1391
f 3889//3889 2392//2392 3025//3025
f 904//904 942//942 941//941
f 923//923 904//904 941//941
f 941//941 942//942 984//984
f 1032//1032 1006//1006 1076//1076
f 1112//1112 1153//1153 1168//1168
f 1220//1220 1221//1221 1263//1263
f 1263//1263 1320//1320 1299//1299
f 1320//1320 1359//1359 1299//1299
f 300//300 196//196 96//96
f 696//696 695//695 606//606
f 194//194 223//223 222//222
f 4093//4093 4123//4123 4110//4110
f 589//589 622//622 644//644
f 411//411 380//380 438//438
f 1275//1275 1276//1276 1311//1311
f 698//698 386//386 868//868
f 386//386 593//593 868//868
f 483//483 511//511 451//451
f 11//11 2254//2254 2426//2426
f 1019//1019 2707//2707 700//700
f 2535//2535 2585//2585 2559//2559
f 4283//4283 5047//5047 5056//5056
f 3894//3894 3905//3905 3918//3918
f 1475//1475 3872//3872 2028//2028
f 4988//4988 5033//5033 5023//5023
f 831//831 830//830 803//803
f 4265//4265 831//831 803//803
f 830//830 905//905 904//904
f 942//942 1006//1006 984//984
f 984//984 1006//1006 1032//1032
f 1094//1094 1113//1113 1112//1112
f 1112//1112 1113//1113 1153//1153
f 1169//1169 1221//1221 1220//1220
f 1153//1153 1169//1169 1220//1220
f 1280//1280 1320//1320 1263//1263
f 1359//1359 1329//1329 1385//1385
f 1385//1385 1329//1329 1315//1315
f 1182//1182 1158//1158 1144//1144
f 573//573 610//610 730//730
f 413//413 502//502 440//440
f 607//607 696//696 606//606
f 381//381 440//440 412//412
f 440//440 439//439 412//412
f 569//569 592//592 623//623
f 2230//2230 2277//2277 2258//2258
f 5054//5054 5102//5102 5083//5083
f 2254//2254 3249//3249 2426//2426
f 71//71 182//182 181//181
f 5057//5057 5068//5068 5058//5058
f 2602//2602 2615//2615 2662//2662
f 2615//2615 2649//2649 2662//2662
f 518//518 397//397 670//670
f 1166//1166 230//230 466//466
f 3399//3399 4252//4252 4199//4199
f 3945//3945 1971//1971 2964//2964
f 904//904 905//905 942//942
f 905//905 971//971 942//942
f 942//942 971//971 1006//1006
f 971//971 1053//1053 1006//1006
f 1053//1053 1076//1076 1006//1006
f 1153//1153 1113//1113 1169//1169
f 1221//1221 1222//1222 1263//1263
f 1222//1222 1280//1280 1263//1263
f 1320//1320 1336//1336 1359//1359
f 349//349 350//350 380//380
f 786//786 726//726 842//842
f 1237//1237 1214//1214 1276//1276
f 474//474 473//473 415//415
f 590//590 568//568 483//483
f 590//590 622//622 568//568
f 1023//1023 1067//1067 1022//1022
f 675//675 635//635 706//706
f 4123//4123 4094//4094 4161//4161
f 71//71 111//111 182//182
f 3212//3212 2548//2548 3155//3155
f 2484//2484 2489//2489 2488//2488
f 2777//2777 155//155 2753//2753
f 2778//2778 2777//2777 2753//2753
f 5075//5075 5069//5069 5052//5052
f 857//857 830//830 831//831
f 857//857 905//905 830//830
f 857//857 924//924 905//905
f 943//943 971//971 905//905
f 1076//1076 1053//1053 1094//1094
f 1094//1094 1053//1053 1113//1113
f 1169//1169 1222//1222 1221//1221
f 1280//1280 1336//1336 1320//1320
f 1359//1359 1347//1347 1329//1329
f 1722//1722 1540//1540 1329//1329
f 286//286 318//318 285//285
f 359//359 391//391 358//358
f 1270//1270 1291//1291 1307//1307
f 1017//1017 1042//1042 1063//1063
f 1605//1605 2457//2457 2384//2384
f 208//208 1142//1142 1143//1143
f 320//320 383//383 382//382
f 500//500 438//438 439//439
f 1846//1846 2150//2150 2261//2261
f 1145//1145 1146//1146 1185//1185
f 241//241 272//272 240//240
f 272//272 306//306 240//240
f 137//137 2515//2515 2494//2494
f 630//630 596//596 631//631
f 921//921 4397//4397 856//856
f 1475//1475 2028//2028 4120//4120
f 943//943 905//905 924//924
f 985//985 971//971 943//943
f 985//985 1007//1007 971//971
f 1095//1095 1114//1114 1113//1113
f 1053//1053 1095//1095 1113//1113
f 1170//1170 1169//1169 1113//1113
f 1114//1114 1170//1170 1113//1113
f 1170//1170 1222//1222 1169//1169
f 1170//1170 1264//1264 1222//1222
f 1222//1222 1264//1264 1280//1280
f 1336//1336 1347//1347 1359//1359
f 2190//2190 1645//1645 5085//5085
f 1277//1277 1345//1345 1276//1276
f 1084//1084 1147//1147 1105//1105
f 193//193 194//194 222//222
f 932//932 957//957 893//893
f 559//559 560//560 607//607
f 727//727 843//843 811//811
f 1345//1345 1344//1344 1311//1311
f 272//272 242//242 307//307
f 1991//1991 2533//2533 2595//2595
f 2533//2533 2584//2584 2595//2595
f 3249//3249 90//90 3236//3236
f 3829//3829 3808//3808 3158//3158
f 4526//4526 4569//4569 4540//4540
f 3024//3024 3890//3890 3946//3946
f 831//831 804//804 857//857
f 804//804 858//858 857//857
f 858//858 924//924 857//857
f 944//944 943//943 924//924
f 1033//1033 971//971 1007//1007
f 1033//1033 1053//1053 971//971
f 1096//1096 1114//1114 1095//1095
f 1096//1096 1115//1115 1114//1114
f 1171//1171 1170//1170 1114//1114
f 1171//1171 1264//1264 1170//1170
f 1264//1264 1281//1281 1280//1280
f 1280//1280 1281//1281 1336//1336
f 1336//1336 1360//1360 1347//1347
f 608//608 560//560 503//503
f 637//637 728//728 697//697
f 1042//1042 1043//1043 1102//1102
f 1214//1214 1277//1277 1276//1276
f 2395//2395 2421//2421 2408//2408
f 1754//1754 2005//2005 2340//2340
f 450//450 482//482 390//390
f 182//182 210//210 241//241
f 1192//1192 3//3 266//266
f 307//307 339//339 272//272
f 2573//2573 598//598 185//185
f 596//596 597//597 631//631
f 3401//3401 5110//5110 5059//5059
f 774//774 1447//1447 2718//2718
f 4217//4217 4216//4216 4180//4180
f 3380//3380 3396//3396 4160//4160
f 3502//3502 3485//3485 1131//1131
f 943//943 944//944 985//985
f 1033//1033 1054//1054 1053//1053
f 1054//1054 1096//1096 1095//1095
f 1053//1053 1054//1054 1095//1095
f 1115//1115 1171//1171 1114//1114
f 1281//1281 1360//1360 1336//1336
f 1348//1348 1347//1347 1360//1360
f 4355//4355 5063//5063 5104//5104
f 438//438 525//525 499//499
f 994//994 1043//1043 993//993
f 229//229 1364//1364 96//96
f 253//253 223//223 286//286
f 1327//1327 576//576 1367//1367
f 5115//5115 5057//5057 2393//2393
f 413//413 440//440 381//381
f 760//760 562//562 563//563
f 358//358 450//450 390//390
f 329//329 358//358 390//390
f 1101//1101 1102//1102 1143//1143
f 1640//1640 452//452 359//359
f 932//932 893//893 894//894
f 1045//1045 485//485 85//85
f 4510//4510 2016//2016 3897//3897
f 1999//1999 732//732 618//618
f 2110//2110 2158//2158 1537//1537
f 294//294 358//358 329//329
f 649//649 2573//2573 185//185
f 68//68 366//366 800//800
f 4198//4198 4217//4217 4180//4180
f 2736//2736 2758//2758 4686//4686
f 858//858 906//906 924//924
f 906//906 944//944 924//924
f 1115//1115 1096//1096 1133//1133
f 1115//1115 1223//1223 1171//1171
f 1223//1223 1264//1264 1171//1171
f 1223//1223 1243//1243 1264//1264
f 1243//1243 1282//1282 1281//1281
f 1264//1264 1243//1243 1281//1281
f 1282//1282 1321//1321 1281//1281
f 1321//1321 1360//1360 1281//1281
f 508//508 530//530 475//475
f 866//866 892//892 914//914
f 676//676 675//675 622//622
f 590//590 676//676 622//622
f 54//54 260//260 126//126
f 1875//1875 1893//1893 1903//1903
f 210//210 183//183 242//242
f 273//273 307//307 242//242
f 273//273 339//339 307//307
f 3577//3577 3610//3610 3588//3588
f 5071//5071 5051//5051 5089//5089
f 900//900 2059//2059 2150//2150
f 90//90 3459//3459 3236//3236
f 2662//2662 2681//2681 2680//2680
f 832//832 804//804 780//780
f 832//832 858//858 804//804
f 832//832 906//906 858//858
f 972//972 985//985 944//944
f 972//972 1007//1007 985//985
f 1008//1008 1033//1033 1007//1007
f 1033//1033 1008//1008 1054//1054
f 1054//1054 1077//1077 1096//1096
f 1077//1077 1133//1133 1096//1096
f 1133//1133 1154//1154 1115//1115
f 1115//1115 1154//1154 1223//1223
f 1300//1300 1321//1321 1282//1282
f 1384//1384 1747//1747 1615//1615
f 1364//1364 300//300 96//96
f 1274//1274 1273//1273 1234//1234
f 502//502 501//501 440//440
f 382//382 381//381 319//319
f 359//359 358//358 294//294
f 54//54 958//958 127//127
f 2209//2209 2240//2240 2239//2239
f 667//667 3249//3249 3236//3236
f 243//243 273//273 242//242
f 183//183 243//243 242//242
f 340//340 339//339 273//273
f 369//369 368//368 339//339
f 340//340 369//369 339//339
f 113//113 523//523 298//298
f 907//907 944//944 906//906
f 907//907 972//972 944//944
f 1008//1008 1007//1007 972//972
f 1116//1116 1133//1133 1077//1077
f 1133//1133 1116//1116 1154//1154
f 1154//1154 1172//1172 1223//1223
f 1223//1223 1172//1172 1243//1243
f 1283//1283 1282//1282 1243//1243
f 1283//1283 1300//1300 1282//1282
f 531//531 1348//1348 1360//1360
f 531//531 226//226 1348//1348
f 531//531 532//532 226//226
f 1084//1084 1186//1186 1147//1147
f 1273//1273 1274//1274 1308//1308
f 54//54 127//127 260//260
f 811//811 893//893 810//810
f 113//113 298//298 98//98
f 555//555 66//66 15//15
f 2680//2680 2681//2681 74//74
f 780//780 805//805 832//832
f 972//972 1034//1034 1008//1008
f 1008//1008 1034//1034 1054//1054
f 1054//1054 1034//1034 1077//1077
f 1078//1078 1116//1116 1077//1077
f 1154//1154 1116//1116 1172//1172
f 1283//1283 1243//1243 1172//1172
f 1283//1283 1321//1321 1300//1300
f 531//531 732//732 532//532
f 957//957 994//994 993//993
f 259//259 294//294 258//258
f 2086//2086 1529//1529 1687//1687
f 5068//5068 5063//5063 5065//5065
f 2295//2295 2458//2458 5117//5117
f 893//893 957//957 892//892
f 229//229 760//760 171//171
f 258//258 294//294 329//329
f 605//605 695//695 694//694
f 127//127 1259//1259 260//260
f 4201//4201 4367//4367 4257//4257
f 1341//1341 229//229 171//171
f 115//115 116//116 183//183
f 116//116 211//211 183//183
f 211//211 243//243 183//183
f 640//640 681//681 2553//2553
f 2432//2432 2449//2449 1847//1847
f 780//780 751//751 805//805
f 884//884 906//906 832//832
f 805//805 884//884 832//832
f 884//884 907//907 906//906
f 884//884 945//945 907//907
f 945//945 972//972 907//907
f 1034//1034 1078//1078 1077//1077
f 1097//1097 1116//1116 1078//1078
f 1116//1116 1173//1173 1172//1172
f 1265//1265 1283//1283 1172//1172
f 4809//4809 259//259 258//258
f 503//503 560//560 502//502
f 995//995 994//994 932//932
f 500//500 525//525 438//438
f 1574//1574 261//261 127//127
f 260//260 1259//1259 761//761
f 1259//1259 44//44 761//761
f 2110//2110 1537//1537 1605//1605
f 1857//1857 5096//5096 2106//2106
f 1983//1983 2713//2713 3312//3312
f 2510//2510 5073//5073 5063//5063
f 308//308 273//273 243//243
f 211//211 308//308 243//243
f 308//308 340//340 273//273
f 668//668 392//392 1530//1530
f 2554//2554 1073//1073 3310//3310
f 3045//3045 717//717 751//751
f 751//751 806//806 805//805
f 806//806 885//885 884//884
f 805//805 806//806 884//884
f 885//885 945//945 884//884
f 973//973 972//972 945//945
f 973//973 1009//1009 972//972
f 1009//1009 1034//1034 972//972
f 1034//1034 1035//1035 1078//1078
f 1035//1035 1097//1097 1078//1078
f 1224//1224 1172//1172 1173//1173
f 1172//1172 1224//1224 1265//1265
f 1283//1283 1284//1284 1321//1321
f 1284//1284 1361//1361 1321//1321
f 1361//1361 964//964 1360//1360
f 1321//1321 1361//1361 1360//1360
f 1360//1360 964//964 531//531
f 418//418 732//732 531//531
f 1178//1178 1888//1888 671//671
f 2048//2048 2075//2075 2066//2066
f 452//452 540//540 483//483
f 591//591 590//590 483//483
f 540//540 591//591 483//483
f 1277//1277 1346//1346 1345//1345
f 261//261 73//73 1259//1259
f 1259//1259 73//73 44//44
f 1345//1345 1346//1346 573//573
f 1272//1272 1254//1254 1273//1273
f 308//308 370//370 340//340
f 806//806 833//833 885//885
f 1009//1009 1035//1035 1034//1034
f 1055//1055 1097//1097 1035//1035
f 1155//1155 1224//1224 1173//1173
f 1283//1283 1265//1265 1284//1284
f 964//964 418//418 531//531
f 418//418 367//367 732//732
f 2438//2438 1994//1994 2446//2446
f 676//676 635//635 675//675
f 610//610 729//729 638//638
f 562//562 586//586 563//563
f 73//73 159//159 44//44
f 2915//2915 3219//3219 2926//2926
f 1213//1213 1706//1706 1922//1922
f 3219//3219 3250//3250 2956//2956
f 573//573 729//729 610//610
f 2005//2005 5094//5094 5085//5085
f 117//117 212//212 211//211
f 116//116 117//117 211//211
f 308//308 371//371 370//370
f 370//370 371//371 429//429
f 371//371 430//430 429//429
f 292//292 99//99 257//257
f 430//430 548//548 580//580
f 548//548 632//632 580//580
f 632//632 687//687 657//657
f 657//657 687//687 717//717
f 751//751 833//833 806//806
f 833//833 925//925 885//885
f 925//925 946//946 945//945
f 885//885 925//925 945//945
f 1009//1009 973//973 945//945
f 946//946 1009//1009 945//945
f 1055//1055 1117//1117 1097//1097
f 1097//1097 1117//1117 1116//1116
f 1117//1117 1173//1173 1116//1116
f 1173//1173 1117//1117 1155//1155
f 1155//1155 1225//1225 1224//1224
f 1224//1224 1225//1225 1265//1265
f 1225//1225 1284//1284 1265//1265
f 3238//3238 3237//3237 3204//3204
f 1234//1234 1254//1254 1233//1233
f 4120//4120 4186//4186 5102//5102
f 287//287 254//254 319//319
f 1824//1824 261//261 1598//1598
f 73//73 112//112 159//159
f 3579//3579 817//817 2372//2372
f 2135//2135 2092//2092 1726//1726
f 3083//3083 3916//3916 5097//5097
f 151//151 212//212 117//117
f 274//274 211//211 212//212
f 151//151 274//274 212//212
f 211//211 274//274 308//308
f 834//834 833//833 751//751
f 946//946 947//947 1009//1009
f 947//947 1010//1010 1009//1009
f 1009//1009 1010//1010 1035//1035
f 1010//1010 1055//1055 1035//1035
f 1284//1284 1322//1322 1361//1361
f 1322//1322 964//964 1361//1361
f 763//763 418//418 964//964
f 330//330 763//763 964//964
f 350//350 381//381 380//380
f 159//159 30//30 44//44
f 262//262 237//237 44//44
f 30//30 262//262 44//44
f 2325//2325 2247//2247 2015//2015
f 371//371 372//372 430//430
f 372//372 463//463 430//430
f 430//430 549//549 548//548
f 632//632 688//688 687//687
f 687//687 752//752 717//717
f 752//752 751//751 717//717
f 752//752 834//834 751//751
f 925//925 947//947 946//946
f 947//947 974//974 1010//1010
f 1010//1010 1079//1079 1055//1055
f 1079//1079 1117//1117 1055//1055
f 1117//1117 1079//1079 1155//1155
f 1079//1079 1174//1174 1155//1155
f 1155//1155 1174//1174 1225//1225
f 1225//1225 1266//1266 1284//1284
f 1266//1266 1322//1322 1284//1284
f 1322//1322 330//330 964//964
f 3507//3507 1521//1521 3508//3508
f 1234//1234 1273//1273 1254//1254
f 5116//5116 5055//5055 1448//1448
f 2135//2135 1448//1448 1647//1647
f 496//496 1013//1013 2711//2711
f 710//710 690//690 209//209
f 152//152 213//213 151//151
f 151//151 213//213 274//274
f 274//274 213//213 308//308
f 309//309 372//372 371//371
f 308//308 309//309 371//371
f 430//430 463//463 549//549
f 548//548 549//549 632//632
f 688//688 752//752 687//687
f 908//908 833//833 834//834
f 908//908 925//925 833//833
f 908//908 948//948 947//947
f 925//925 908//908 947//947
f 948//948 974//974 947//947
f 1080//1080 1079//1079 1010//1010
f 1266//1266 1285//1285 1322//1322
f 1322//1322 1337//1337 330//330
f 330//330 764//764 763//763
f 764//764 1257//1257 763//763
f 2030//2030 2048//2048 2066//2066
f 5111//5111 5048//5048 5067//5067
f 5094//5094 5071//5071 5085//5085
f 285//285 350//350 349//349
f 485//485 1344//1344 85//85
f 696//696 759//759 695//695
f 30//30 965//965 262//262
f 2126//2126 481//481 1742//1742
f 3976//3976 5101//5101 4062//4062
f 152//152 184//184 213//213
f 213//213 309//309 308//308
f 599//599 632//632 549//549
f 599//599 688//688 632//632
f 688//688 718//718 752//752
f 859//859 834//834 752//752
f 859//859 908//908 834//834
f 948//948 986//986 974//974
f 1036//1036 1010//1010 974//974
f 986//986 1036//1036 974//974
f 1010//1010 1036//1036 1080//1080
f 1080//1080 1118//1118 1079//1079
f 1226//1226 1225//1225 1174//1174
f 1226//1226 1266//1266 1225//1225
f 1226//1226 1285//1285 1266//1266
f 1285//1285 1337//1337 1322//1322
f 2421//2421 2438//2438 2420//2420
f 2271//2271 2270//2270 2241//2241
f 1311//1311 1344//1344 1310//1310
f 222//222 192//192 193//193
f 759//759 726//726 695//695
f 526//526 559//559 525//525
f 30//30 204//204 965//965
f 965//965 168//168 262//262
f 168//168 89//89 262//262
f 3147//3147 3146//3146 3128//3128
f 5105//5105 3892//3892 4220//4220
f 213//213 244//244 309//309
f 401//401 372//372 309//309
f 401//401 463//463 372//372
f 550//550 549//549 463//463
f 550//550 599//599 549//549
f 835//835 859//859 752//752
f 908//908 949//949 948//948
f 948//948 949//949 986//986
f 1118//1118 1174//1174 1079//1079
f 1118//1118 1175//1175 1174//1174
f 1175//1175 1226//1226 1174//1174
f 1337//1337 444//444 330//330
f 330//330 444//444 764//764
f 375//375 1257//1257 764//764
f 1663//1663 1994//1994 2438//2438
f 994//994 1064//1064 1043//1043
f 1343//1343 1344//1344 485//485
f 956//956 957//957 993//993
f 1102//1102 1103//1103 1143//1143
f 759//759 810//810 726//726
f 914//914 955//955 931//931
f 512//512 540//540 452//452
f 1977//1977 1065//1065 1044//1044
f 616//616 642//642 477//477
f 965//965 204//204 168//168
f 1705//1705 1996//1996 1753//1753
f 265//265 97//97 649//649
f 3466//3466 3492//3492 3491//3491
f 310//310 373//373 309//309
f 244//244 310//310 309//309
f 373//373 401//401 309//309
f 521//521 550//550 463//463
f 658//658 688//688 599//599
f 658//658 718//718 688//688
f 718//718 835//835 752//752
f 886//886 859//859 835//835
f 886//886 909//909 859//859
f 909//909 908//908 859//859
f 909//909 949//949 908//908
f 987//987 986//986 949//949
f 1011//1011 1056//1056 1036//1036
f 986//986 1011//1011 1036//1036
f 1056//1056 1080//1080 1036//1036
f 1056//1056 1098//1098 1080//1080
f 1080//1080 1098//1098 1118//1118
f 1175//1175 1267//1267 1226//1226
f 1267//1267 1285//1285 1226//1226
f 1323//1323 1337//1337 1285//1285
f 1337//1337 1362//1362 444//444
f 846//846 764//764 444//444
f 846//846 375//375 764//764
f 2105//2105 2220//2220 2279//2279
f 3198//3198 3781//3781 3183//3183
f 477//477 13//13 872//872
f 810//810 842//842 726//726
f 568//568 589//589 588//588
f 607//607 606//606 559//559
f 88//88 168//168 204//204
f 168//168 88//88 89//89
f 89//89 88//88 128//128
f 1645//1645 2340//2340 5085//5085
f 275//275 310//310 244//244
f 402//402 463//463 401//401
f 402//402 521//521 463//463
f 550//550 658//658 599//599
f 781//781 835//835 718//718
f 987//987 1011//1011 986//986
f 1037//1037 1056//1056 1011//1011
f 1118//1118 1201//1201 1175//1175
f 1201//1201 1267//1267 1175//1175
f 1362//1362 1337//1337 1323//1323
f 1160//1160 1145//1145 1184//1184
f 677//677 739//739 738//738
f 608//608 609//609 637//637
f 563//563 564//564 172//172
f 88//88 301//301 128//128
f 245//245 275//275 244//244
f 402//402 401//401 373//373
f 689//689 718//718 658//658
f 689//689 781//781 718//718
f 781//781 886//886 835//835
f 910//910 949//949 909//909
f 975//975 987//987 949//949
f 910//910 975//975 949//949
f 975//975 988//988 987//987
f 987//987 988//988 1011//1011
f 988//988 1037//1037 1011//1011
f 1056//1056 1057//1057 1098//1098
f 1057//1057 1119//1119 1098//1098
f 1098//1098 1156//1156 1118//1118
f 1156//1156 1201//1201 1118//1118
f 1267//1267 1323//1323 1285//1285
f 1362//1362 1378//1378 444//444
f 4970//4970 4988//4988 4954//4954
f 88//88 1381//1381 301//301
f 419//419 825//825 7//7
f 516//516 2003//2003 2224//2224
f 2645//2645 1405//1405 2570//2570
f 2135//2135 5075//5075 5116//5116
f 310//310 341//341 373//373
f 374//374 402//402 373//373
f 492//492 521//521 402//402
f 689//689 550//550 521//521
f 551//551 689//689 521//521
f 689//689 658//658 550//550
f 659//659 781//781 689//689
f 910//910 909//909 886//886
f 1037//1037 1057//1057 1056//1056
f 1119//1119 1156//1156 1098//1098
f 1202//1202 1201//1201 1156//1156
f 1202//1202 1244//1244 1201//1201
f 1244//1244 1267//1267 1201//1201
f 1301//1301 1362//1362 1323//1323
f 1301//1301 1378//1378 1362//1362
f 255//255 444//444 1378//1378
f 846//846 845//845 375//375
f 287//287 319//319 318//318
f 1182//1182 1183//1183 1234//1234
f 760//760 172//172 171//171
f 5088//5088 5077//5077 5084//5084
f 1237//1237 1275//1275 1236//1236
f 1344//1344 1343//1343 1310//1310
f 665//665 728//728 637//637
f 1381//1381 7//7 825//825
f 301//301 1381//1381 825//825
f 740//740 2372//2372 1446//1446
f 1013//1013 97//97 523//523
f 781//781 860//860 886//886
f 1012//1012 988//988 975//975
f 1012//1012 1038//1038 1037//1037
f 988//988 1012//1012 1037//1037
f 1037//1037 1038//1038 1057//1057
f 1119//1119 1120//1120 1156//1156
f 1120//1120 1202//1202 1156//1156
f 1301//1301 1323//1323 1267//1267
f 845//845 846//846 444//444
f 255//255 845//845 444//444
f 2151//2151 2117//2117 2118//2118
f 1311//1311 1310//1310 1236//1236
f 1275//1275 1311//1311 1236//1236
f 523//523 97//97 265//265
f 209//209 508//508 385//385
f 4657//4657 4702//4702 4701//4701
f 2372//2372 817//817 2382//2382
f 492//492 551//551 521//521
f 600//600 689//689 551//551
f 600//600 659//659 689//689
f 719//719 781//781 659//659
f 719//719 860//860 781//781
f 860//860 910//910 886//886
f 860//860 926//926 910//910
f 926//926 975//975 910//910
f 975//975 926//926 1012//1012
f 1099//1099 1119//1119 1057//1057
f 1099//1099 1120//1120 1119//1119
f 1244//1244 1301//1301 1267//1267
f 677//677 645//645 591//591
f 1183//1183 1160//1160 1184//1184
f 4123//4123 4122//4122 4110//4110
f 1673//1673 1027//1027 419//419
f 7//7 1673//1673 419//419
f 912//912 423//423 59//59
f 419//419 1027//1027 863//863
f 2063//2063 166//166 1753//1753
f 2017//2017 2034//2034 2033//2033
f 3587//3587 3609//3609 3608//3608
f 2221//2221 424//424 2346//2346
f 2016//2016 2017//2017 2033//2033
f 403//403 402//402 374//374
f 403//403 492//492 402//402
f 581//581 600//600 551//551
f 600//600 719//719 659//659
f 719//719 861//861 860//860
f 860//860 861//861 926//926
f 861//861 976//976 926//926
f 926//926 976//976 1012//1012
f 976//976 1039//1039 1038//1038
f 1012//1012 976//976 1038//1038
f 1039//1039 1058//1058 1038//1038
f 1058//1058 1057//1057 1038//1038
f 1058//1058 1099//1099 1057//1057
f 1099//1099 1134//1134 1120//1120
f 1134//1134 1202//1202 1120//1120
f 1245//1245 1301//1301 1244//1244
f 1272//1272 970//970 2664//2664
f 1767//1767 2131//2131 1746//1746
f 357//357 1609//1609 328//328
f 165//165 195//195 164//164
f 1017//1017 1063//1063 1016//1016
f 507//507 385//385 475//475
f 1128//1128 423//423 912//912
f 1027//1027 1128//1128 912//912
f 3507//3507 3506//3506 3480//3480
f 765//765 15//15 121//121
f 9//9 640//640 510//510
f 2943//2943 403//403 374//374
f 492//492 581//581 551//551
f 660//660 719//719 600//600
f 660//660 753//753 719//719
f 836//836 861//861 719//719
f 753//753 836//836 719//719
f 911//911 2968//2968 861//861
f 2459//2459 3916//3916 4213//4213
f 2968//2968 989//989 976//976
f 1134//1134 1135//1135 1202//1202
f 1135//1135 1203//1203 1202//1202
f 1203//1203 1245//1245 1202//1202
f 1245//1245 1244//1244 1202//1202
f 1245//1245 1338//1338 1301//1301
f 1338//1338 1378//1378 1301//1301
f 131//131 845//845 255//255
f 963//963 821//821 445//445
f 4161//4161 4215//4215 4160//4160
f 1277//1277 1312//1312 1346//1346
f 810//810 893//893 892//892
f 2196//2196 2241//2241 2209//2209
f 892//892 956//956 914//914
f 955//955 1018//1018 1042//1042
f 1185//1185 1237//1237 1184//1184
f 1237//1237 1236//1236 1184//1184
f 5063//5063 5073//5073 5065//5065
f 3146//3146 3174//3174 3145//3145
f 2003//2003 1030//1030 2060//2060
f 3457//3457 3458//3458 3466//3466
f 2455//2455 2595//2595 2627//2627
f 464//464 492//492 403//403
f 464//464 581//581 492//492
f 600//600 581//581 660//660
f 2540//2540 1240//1240 467//467
f 437//437 443//443 633//633
f 1081//1081 1058//1058 1039//1039
f 1058//1058 1121//1121 1099//1099
f 1121//1121 1135//1135 1134//1134
f 1099//1099 1121//1121 1134//1134
f 131//131 1378//1378 1338//1338
f 6//6 131//131 1338//1338
f 131//131 255//255 1378//1378
f 131//131 813//813 845//845
f 2197//2197 2271//2271 2241//2241
f 36//36 1211//1211 323//323
f 162//162 193//193 192//192
f 525//525 584//584 499//499
f 2156//2156 1753//1753 166//166
f 1307//1307 1341//1341 1340//1340
f 914//914 931//931 891//891
f 1019//1019 142//142 2698//2698
f 1830//1830 170//170 2469//2469
f 3308//3308 2984//2984 3082//3082
f 2595//2595 2614//2614 2627//2627
f 464//464 403//403 431//431
f 465//465 552//552 581//581
f 464//464 465//465 581//581
f 552//552 661//661 660//660
f 581//581 552//552 660//660
f 661//661 720//720 660//660
f 660//660 720//720 753//753
f 2867//2867 2663//2663 456//456
f 5077//5077 5050//5050 2128//2128
f 234//234 448//448 13//13
f 1058//1058 1081//1081 1121//1121
f 1157//1157 1176//1176 1203//1203
f 1135//1135 1157//1157 1203//1203
f 1176//1176 1246//1246 1203//1203
f 1246//1246 1245//1245 1203//1203
f 1286//1286 1338//1338 1245//1245
f 3147//3147 3205//3205 3146//3146
f 2160//2160 2161//2161 2209//2209
f 241//241 210//210 272//272
f 382//382 413//413 381//381
f 1063//1063 1042//1042 1101//1101
f 842//842 866//866 914//914
f 819//819 1145//1145 1160//1160
f 1590//1590 1640//1640 359//359
f 3201//3201 4789//4789 5110//5110
f 3766//3766 2198//2198 2344//2344
f 3871//3871 4062//4062 2369//2369
f 2295//2295 5117//5117 5070//5070
f 1136//1136 1135//1135 1121//1121
f 1122//1122 1136//1136 1121//1121
f 1136//1136 1157//1157 1135//1135
f 1204//1204 1246//1246 1176//1176
f 1246//1246 1286//1286 1245//1245
f 1286//1286 1302//1302 1338//1338
f 1302//1302 6//6 1338//1338
f 6//6 132//132 131//131
f 132//132 813//813 131//131
f 132//132 670//670 813//813
f 2367//2367 2378//2378 2366//2366
f 5051//5051 5072//5072 5089//5089
f 3220//3220 3204//3204 3205//3205
f 329//329 390//390 357//357
f 955//955 1042//1042 1017//1017
f 605//605 606//606 695//695
f 1290//1290 1307//1307 1340//1340
f 1018//1018 1043//1043 1042//1042
f 866//866 810//810 892//892
f 229//229 96//96 562//562
f 157//157 217//217 156//156
f 217//217 188//188 156//156
f 1460//1460 157//157 2821//2821
f 4215//4215 4214//4214 4160//4160
f 554//554 437//437 2703//2703
f 62//62 147//147 22//22
f 3220//3220 3238//3238 3204//3204
f 1157//1157 1204//1204 1176//1176
f 1268//1268 1286//1286 1246//1246
f 1204//1204 1268//1268 1246//1246
f 1268//1268 1302//1302 1286//1286
f 143//143 1424//1424 1001//1001
f 217//217 278//278 188//188
f 279//279 313//313 278//278
f 279//279 343//343 342//342
f 313//313 279//279 342//342
f 376//376 2961//2961 342//342
f 343//343 376//376 342//342
f 2662//2662 2680//2680 2648//2648
f 158//158 510//510 2553//2553
f 3459//3459 3439//3439 3236//3236
f 572//572 158//158 104//104
f 1122//1122 1157//1157 1136//1136
f 16//16 6//6 1302//1302
f 641//641 670//670 132//132
f 2321//2321 2521//2521 935//935
f 2313//2313 1855//1855 587//587
f 3220//3220 3252//3252 3238//3238
f 1308//1308 1309//1309 1326//1326
f 414//414 413//413 382//382
f 616//616 1045//1045 642//642
f 5096//5096 2404//2404 2106//2106
f 233//233 1001//1001 263//263
f 319//319 350//350 318//318
f 279//279 278//278 217//217
f 1250//1250 1229//1229 2883//2883
f 31//31 3311//3311 3310//3310
f 158//158 2553//2553 2550//2550
f 3491//3491 3492//3492 3520//3520
f 2382//2382 541//541 1446//1446
f 572//572 792//792 443//443
f 2648//2648 2670//2670 2614//2614
f 1205//1205 1247//1247 1204//1204
f 1247//1247 1268//1268 1204//1204
f 16//16 132//132 6//6
f 16//16 91//91 132//132
f 91//91 641//641 132//132
f 2378//2378 2400//2400 2399//2399
f 1703//1703 130//130 539//539
f 1309//1309 1308//1308 1274//1274
f 573//573 85//85 1344//1344
f 170//170 1756//1756 1663//1663
f 3410//3410 2231//2231 2714//2714
f 1365//1365 1325//1325 1308//1308
f 2422//2422 2428//2428 2461//2461
f 636//636 811//811 696//696
f 5103//5103 5049//5049 1653//1653
f 3238//3238 3252//3252 3269//3269
f 192//192 222//222 253//253
f 525//525 559//559 606//606
f 218//218 217//217 157//157
f 344//344 343//343 279//279
f 314//314 344//344 279//279
f 377//377 376//376 343//343
f 344//344 377//377 343//343
f 376//376 377//377 407//407
f 9//9 510//510 158//158
f 2637//2637 453//453 1371//1371
f 3341//3341 2951//2951 2974//2974
f 5047//5047 652//652 5051//5051
f 9//9 443//443 554//554
f 2694//2694 554//554 2675//2675
f 2064//2064 2043//2043 2090//2090
f 709//709 1107//1107 586//586
f 872//872 709//709 586//586
f 158//158 2550//2550 104//104
f 2970//2970 3308//3308 3285//3285
f 1247//1247 1287//1287 1268//1268
f 1287//1287 1302//1302 1268//1268
f 727//727 811//811 636//636
f 1022//1022 1021//1021 998//998
f 568//568 622//622 589//589
f 608//608 607//607 560//560
f 466//466 530//530 508//508
f 525//525 606//606 584//584
f 218//218 248//248 217//217
f 248//248 280//280 279//279
f 217//217 248//248 279//279
f 280//280 314//314 279//279
f 1771//1771 2337//2337 92//92
f 2553//2553 1192//1192 234//234
f 4540//4540 4607//4607 4586//4586
f 13//13 448//448 2666//2666
f 2550//2550 234//234 2545//2545
f 2648//2648 2680//2680 2670//2670
f 29//29 577//577 1256//1256
f 104//104 2550//2550 2545//2545
f 2703//2703 437//437 633//633
f 1206//1206 1227//1227 1205//1205
f 1227//1227 1247//1247 1205//1205
f 46//46 16//16 1302//1302
f 1287//1287 46//46 1302//1302
f 788//788 641//641 91//91
f 2277//2277 2291//2291 2258//2258
f 562//562 528//528 586//586
f 638//638 729//729 1465//1465
f 576//576 729//729 573//573
f 2131//2131 1644//1644 1986//1986
f 225//225 288//288 224//224
f 225//225 224//224 195//195
f 345//345 344//344 314//314
f 344//344 345//345 377//377
f 377//377 345//345 408//408
f 2676//2676 2694//2694 2675//2675
f 2498//2498 2//2 99//99
f 2823//2823 2897//2897 2770//2770
f 13//13 2666//2666 872//872
f 365//365 1091//1091 268//268
f 1446//1446 541//541 1073//1073
f 3609//3609 3618//3618 77//77
f 3618//3618 1654//1654 77//77
f 2641//2641 291//291 756//756
f 1227//1227 1248//1248 1247//1247
f 1247//1247 1248//1248 1287//1287
f 1339//1339 46//46 1287//1287
f 46//46 91//91 16//16
f 788//788 530//530 641//641
f 4062//4062 5101//5101 1212//1212
f 645//645 590//590 591//591
f 1185//1185 1147//1147 1214//1214
f 1367//1367 576//576 573//573
f 956//956 993//993 1018//1018
f 302//302 1850//1850 486//486
f 1144//1144 1183//1183 1182//1182
f 280//280 345//345 314//314
f 345//345 346//346 408//408
f 4258//4258 4278//4278 4214//4214
f 872//872 2666//2666 709//709
f 807//807 888//888 2889//2889
f 2708//2708 953//953 992//992
f 1289//1289 1252//1252 1290//1290
f 4703//4703 4742//4742 4722//4722
f 1324//1324 1339//1339 1287//1287
f 46//46 789//789 91//91
f 789//789 788//788 91//91
f 2303//2303 2293//2293 2289//2289
f 229//229 562//562 760//760
f 645//645 676//676 590//590
f 415//415 473//473 414//414
f 4093//4093 4110//4110 4079//4079
f 537//537 3428//3428 3904//3904
f 1346//1346 1367//1367 573//573
f 3702//3702 5054//5054 5052//5052
f 5049//5049 5096//5096 1653//1653
f 280//280 346//346 345//345
f 1196//1196 534//534 2540//2540
f 443//443 9//9 158//158
f 761//761 45//45 2934//2934
f 2360//2360 2361//2361 2587//2587
f 437//437 554//554 443//443
f 881//881 214//214 366//366
f 2219//2219 991//991 1771//1771
f 807//807 839//839 888//888
f 888//888 954//954 953//953
f 954//954 992//992 953//953
f 1014//1014 1041//1041 992//992
f 2675//2675 2658//2658 2642//2642
f 2545//2545 234//234 824//824
f 4397//4397 921//921 2387//2387
f 1228//1228 1249//1249 1248//1248
f 1249//1249 1287//1287 1248//1248
f 1249//1249 1324//1324 1287//1287
f 789//789 791//791 788//788
f 475//475 530//530 788//788
f 2301//2301 2271//2271 2315//2315
f 4215//4215 4258//4258 4214//4214
f 518//518 530//530 466//466
f 134//134 162//162 1441//1441
f 218//218 190//190 248//248
f 248//248 281//281 280//280
f 281//281 315//315 280//280
f 280//280 315//315 346//346
f 346//346 315//315 378//378
f 2660//2660 2676//2676 2659//2659
f 2676//2676 2675//2675 2659//2659
f 2491//2491 2490//2490 2487//2487
f 2675//2675 554//554 2703//2703
f 543//543 881//881 400//400
f 888//888 889//889 954//954
f 954//954 1014//1014 992//992
f 5070//5070 5077//5077 5088//5088
f 921//921 1231//1231 2387//2387
f 1250//1250 1303//1303 1324//1324
f 1249//1249 1250//1250 1324//1324
f 1303//1303 1339//1339 1324//1324
f 1339//1339 789//789 46//46
f 507//507 788//788 791//791
f 507//507 475//475 788//788
f 1237//1237 1276//1276 1275//1275
f 1147//1147 1186//1186 1214//1214
f 675//675 706//706 705//705
f 783//783 839//839 807//807
f 692//692 783//783 807//807
f 889//889 888//888 839//839
f 1060//1060 1041//1041 1014//1014
f 1100//1100 3040//3040 1041//1041
f 1060//1060 1100//1100 1041//1041
f 1605//1605 1293//1293 2457//2457
f 791//791 789//789 1339//1339
f 394//394 95//95 1163//1163
f 2439//2439 2461//2461 2428//2428
f 440//440 501//501 500//500
f 896//896 2582//2582 1646//1646
f 1105//1105 1147//1147 1146//1146
f 637//637 697//697 636//636
f 483//483 568//568 511//511
f 1325//1325 229//229 1341//1341
f 163//163 194//194 193//193
f 362//362 1653//1653 1857//1857
f 190//190 219//219 248//248
f 219//219 249//249 281//281
f 248//248 219//219 281//281
f 281//281 249//249 315//315
f 409//409 470//470 497//497
f 470//470 524//524 497//497
f 556//556 602//602 582//582
f 602//602 663//663 582//582
f 582//582 663//663 692//692
f 663//663 757//757 692//692
f 692//692 757//757 783//783
f 783//783 808//808 839//839
f 808//808 864//864 839//839
f 864//864 890//890 889//889
f 839//839 864//864 889//889
f 889//889 890//890 954//954
f 890//890 977//977 954//954
f 954//954 977//977 1014//1014
f 1061//1061 1060//1060 1014//1014
f 234//234 13//13 824//824
f 484//484 2682//2682 2895//2895
f 1229//1229 1250//1250 1249//1249
f 1304//1304 1339//1339 1303//1303
f 963//963 95//95 394//394
f 589//589 644//644 621//621
f 1064//1064 1083//1083 1103//1103
f 222//222 223//223 253//253
f 914//914 956//956 955//955
f 697//697 728//728 727//727
f 500//500 527//527 526//526
f 483//483 451//451 391//391
f 994//994 1044//1044 1064//1064
f 249//249 282//282 315//315
f 282//282 347//347 315//315
f 315//315 347//347 378//378
f 347//347 379//379 409//409
f 378//378 347//347 409//409
f 409//409 379//379 470//470
f 2550//2550 2553//2553 234//234
f 723//723 757//757 663//663
f 864//864 929//929 890//890
f 929//929 977//977 890//890
f 1060//1060 1123//1123 1100//1100
f 1123//1123 1139//1139 1100//1100
f 2076//2076 2075//2075 2048//2048
f 27//27 2545//2545 824//824
f 1288//1288 1304//1304 1250//1250
f 1304//1304 1303//1303 1250//1250
f 1304//1304 87//87 1339//1339
f 793//793 1339//1339 87//87
f 734//734 791//791 1339//1339
f 793//793 734//734 1339//1339
f 734//734 507//507 791//791
f 2396//2396 2395//2395 2365//2365
f 5050//5050 5100//5100 2128//2128
f 1042//1042 1102//1102 1101//1101
f 1539//1539 1432//1432 2571//2571
f 134//134 163//163 193//193
f 1145//1145 1185//1185 1184//1184
f 540//540 569//569 591//591
f 452//452 483//483 391//391
f 190//190 220//220 219//219
f 220//220 250//250 249//249
f 219//219 220//220 249//249
f 250//250 283//283 282//282
f 249//249 250//250 282//282
f 283//283 316//316 282//282
f 282//282 316//316 347//347
f 316//316 379//379 347//347
f 934//934 72//72 1575//1575
f 2458//2458 5112//5112 5050//5050
f 664//664 663//663 602//602
f 603//603 664//664 602//602
f 664//664 723//723 663//663
f 723//723 758//758 757//757
f 758//758 808//808 783//783
f 757//757 758//758 783//783
f 808//808 840//840 864//864
f 978//978 977//977 929//929
f 978//978 1014//1014 977//977
f 978//978 1061//1061 1014//1014
f 1082//1082 1060//1060 1061//1061
f 443//443 792//792 633//633
f 1288//1288 1305//1305 1304//1304
f 506//506 507//507 734//734
f 506//506 385//385 507//507
f 359//359 452//452 391//391
f 5053//5053 5108//5108 5060//5060
f 760//760 563//563 172//172
f 1313//1313 1328//1328 1327//1327
f 1327//1327 1328//1328 576//576
f 1325//1325 1365//1365 1364//1364
f 1083//1083 1144//1144 1103//1103
f 511//511 450//450 451//451
f 727//727 728//728 787//787
f 161//161 191//191 190//190
f 190//190 191//191 220//220
f 316//316 348//348 379//379
f 664//664 758//758 723//723
f 840//840 929//929 864//864
f 978//978 1015//1015 1061//1061
f 1015//1015 1062//1062 1061//1061
f 1062//1062 1082//1082 1061//1061
f 1124//1124 1123//1123 1060//1060
f 1082//1082 1124//1124 1060//1060
f 1124//1124 1140//1140 1123//1123
f 5054//5054 5083//5083 5049//5049
f 2703//2703 633//633 2693//2693
f 66//66 41//41 488//488
f 645//645 738//738 676//676
f 616//616 477//477 615//615
f 616//616 615//615 699//699
f 220//220 251//251 250//250
f 250//250 251//251 283//283
f 251//251 317//317 316//316
f 283//283 251//251 316//316
f 316//316 317//317 348//348
f 471//471 379//379 410//410
f 348//348 410//410 379//379
f 3245//3245 4046//4046 4045//4045
f 604//604 693//693 664//664
f 664//664 693//693 758//758
f 758//758 784//784 808//808
f 808//808 784//784 840//840
f 929//929 913//913 978//978
f 1994//1994 1756//1756 1068//1068
f 5084//5084 5077//5077 2128//2128
f 1305//1305 1288//1288 1269//1269
f 1305//1305 87//87 1304//1304
f 793//793 506//506 734//734
f 1312//1312 1327//1327 1346//1346
f 1830//1830 227//227 1596//1596
f 563//563 40//40 564//564
f 1310//1310 1326//1326 1309//1309
f 96//96 528//528 562//562
f 1596//1596 1855//1855 2313//2313
f 348//348 317//317 410//410
f 2564//2564 304//304 702//702
f 443//443 158//158 572//572
f 472//472 558//558 498//498
f 498//498 558//558 557//557
f 557//557 558//558 604//604
f 4258//4258 4289//4289 4278//4278
f 784//784 809//809 840//840
f 809//809 865//865 840//840
f 865//865 913//913 929//929
f 840//840 865//865 929//929
f 913//913 979//979 978//978
f 979//979 1015//1015 978//978
f 1062//1062 1101//1101 1082//1082
f 1082//1082 1101//1101 1124//1124
f 5056//5056 5094//5094 5093//5093
f 1251//1251 1252//1252 1269//1269
f 1363//1363 87//87 1305//1305
f 41//41 385//385 506//506
f 41//41 66//66 385//385
f 1951//1951 5061//5061 1996//1996
f 916//916 1596//1596 2313//2313
f 1346//1346 1327//1327 1367//1367
f 4808//4808 258//258 328//328
f 811//811 810//810 759//759
f 1044//1044 1065//1065 1083//1083
f 2142//2142 2182//2182 2141//2141
f 608//608 636//636 607//607
f 191//191 221//221 220//220
f 221//221 252//252 251//251
f 220//220 221//221 251//251
f 410//410 411//411 471//471
f 3023//3023 305//305 306//306
f 758//758 724//724 784//784
f 1016//1016 1015//1015 979//979
f 1015//1015 1016//1016 1062//1062
f 1101//1101 1141//1141 1124//1124
f 826//826 1251//1251 1230//1230
f 1252//1252 1289//1289 1269//1269
f 1289//1289 1306//1306 1269//1269
f 1306//1306 1305//1305 1269//1269
f 1306//1306 1363//1363 1305//1305
f 1363//1363 228//228 87//87
f 228//228 793//793 87//87
f 564//564 506//506 793//793
f 2695//2695 2696//2696 3826//3826
f 3611//3611 3618//3618 3610//3610
f 932//932 994//994 957//957
f 1236//1236 1274//1274 1234//1234
f 252//252 284//284 251//251
f 251//251 284//284 317//317
f 349//349 411//411 410//410
f 317//317 349//349 410//410
f 411//411 472//472 471//471
f 693//693 724//724 758//758
f 724//724 785//785 784//784
f 784//784 785//785 809//809
f 785//785 841//841 809//809
f 809//809 841//841 865//865
f 930//930 913//913 865//865
f 913//913 930//930 979//979
f 930//930 1016//1016 979//979
f 1016//1016 1101//1101 1062//1062
f 1101//1101 1142//1142 1141//1141
f 1142//1142 1179//1179 1141//1141
f 2716//2716 3275//3275 2232//2232
f 1252//1252 1251//1251 826//826
f 1289//1289 1290//1290 1306//1306
f 1340//1340 1363//1363 1306//1306
f 564//564 41//41 506//506
f 2271//2271 2272//2272 2315//2315
f 1855//1855 570//570 20//20
f 569//569 623//623 591//591
f 284//284 285//285 317//317
f 317//317 285//285 349//349
f 605//605 604//604 558//558
f 605//605 694//694 693//693
f 604//604 605//605 693//693
f 693//693 694//694 724//724
f 724//724 725//725 785//785
f 891//891 930//930 865//865
f 930//930 1017//1017 1016//1016
f 208//208 1179//1179 1142//1142
f 2008//2008 5095//5095 2006//2006
f 1341//1341 171//171 1340//1340
f 1340//1340 1306//1306 1290//1290
f 1340//1340 228//228 1363//1363
f 172//172 793//793 228//228
f 172//172 564//564 793//793
f 40//40 41//41 564//564
f 40//40 1107//1107 41//41
f 2272//2272 2302//2302 2315//2315
f 2315//2315 2302//2302 3643//3643
f 665//665 637//637 609//609
f 162//162 192//192 191//191
f 191//191 192//192 221//221
f 192//192 253//253 252//252
f 221//221 192//192 252//252
f 253//253 285//285 284//284
f 252//252 253//253 284//284
f 499//499 472//472 411//411
f 472//472 499//499 558//558
f 499//499 584//584 558//558
f 558//558 584//584 605//605
f 694//694 725//725 724//724
f 842//842 841//841 785//785
f 891//891 865//865 841//841
f 891//891 931//931 930//930
f 931//931 1017//1017 930//930
f 1063//1063 1101//1101 1016//1016
f 5099//5099 5074//5074 5082//5082
f 1340//1340 171//171 228//228
f 171//171 172//172 228//228
f 1179//1179 208//208 215//215
f 4932//4932 4970//4970 4885//4885
f 349//349 380//380 411//411
f 438//438 499//499 411//411
f 725//725 786//786 785//785
f 785//785 786//786 842//842
f 842//842 891//891 841//841
f 931//931 955//955 1017//1017
f 512//512 1641//1641 540//540
f 2461//2461 2469//2469 2468//2468
f 1859//1859 5055//5055 5049//5049
f 1515//1515 1514//1514 1467//1467
f 1822//1822 1821//1821 1799//1799
f 45//45 110//110 109//109
f 1567//1567 124//124 1559//1559
f 1942//1942 1599//1599 1813//1813
f 1784//1784 1740//1740 1811//1811
f 4289//4289 4306//4306 4278//4278
f 505//505 1757//1757 1744//1744
f 1953//1953 1972//1972 995//995
f 1881//1881 1939//1939 1928//1928
f 2438//2438 2447//2447 1663//1663
f 1876//1876 1893//1893 1875//1875
f 1575//1575 1750//1750 1942//1942
f 1543//1543 1583//1583 1542//1542
f 4309//4309 4308//4308 4261//4261
f 2230//2230 2258//2258 2229//2229
f 1680//1680 1735//1735 1664//1664
f 641//641 530//530 518//518
f 1543//1543 1634//1634 1583//1583
f 1634//1634 321//321 1583//1583
f 2773//2773 1459//1459 2750//2750
f 1780//1780 1801//1801 677//677
f 1664//1664 1679//1679 1642//1642
f 1939//1939 1967//1967 1947//1947
f 4559//4559 2048//2048 2030//2030
f 4349//4349 4322//4322 4306//4306
f 2953//2953 25//25 1351//1351
f 1596//1596 818//818 1855//1855
f 677//677 1801//1801 739//739
f 4349//4349 4363//4363 4322//4322
f 1650//1650 1593//1593 1423//1423
f 1527//1527 1553//1553 422//422
f 1256//1256 638//638 1465//1465
f 1746//1746 1986//1986 1754//1754
f 1542//1542 1583//1583 225//225
f 295//295 1565//1565 1590//1590
f 3081//3081 3078//3078 2132//2132
f 3894//3894 3893//3893 3877//3877
f 2733//2733 3423//3423 3794//3794
f 5047//5047 5051//5051 5071//5071
f 352//352 136//136 8//8
f 1959//1959 1958//1958 1937//1937
f 2017//2017 2016//2016 4510//4510
f 3050//3050 778//778 2735//2735
f 1649//1649 136//136 352//352
f 2367//2367 2366//2366 2348//2348
f 1158//1158 1233//1233 1482//1482
f 1633//1633 3231//3231 3349//3349
f 4496//4496 3636//3636 3089//3089
f 1649//1649 1814//1814 136//136
f 1836//1836 1875//1875 1901//1901
f 2107//2107 5100//5100 1951//1951
f 1465//1465 729//729 576//576
f 1945//1945 352//352 1382//1382
f 352//352 1945//1945 1649//1649
f 1888//1888 1706//1706 1213//1213
f 165//165 225//225 195//195
f 1667//1667 1558//1558 1668//1668
f 5078//5078 2369//2369 2104//2104
f 3786//3786 3756//3756 3193//3193
f 2948//2948 3061//3061 3020//3020
f 894//894 915//915 932//932
f 1525//1525 1382//1382 704//704
f 1525//1525 1945//1945 1382//1382
f 1809//1809 1814//1814 1649//1649
f 5060//5060 5079//5079 5090//5090
f 1516//1516 1562//1562 1588//1588
f 1543//1543 1514//1514 1561//1561
f 1815//1815 1836//1836 812//812
f 4586//4586 4539//4539 4516//4516
f 1625//1625 1805//1805 360//360
f 360//360 1805//1805 1652//1652
f 1652//1652 1716//1716 704//704
f 704//704 1716//1716 1525//1525
f 1945//1945 1620//1620 1649//1649
f 1649//1649 1620//1620 1809//1809
f 1809//1809 80//80 1814//1814
f 1797//1797 1796//1796 1773//1773
f 5074//5074 5088//5088 5048//5048
f 1678//1678 1390//1390 1611//1611
f 1657//1657 1696//1696 1674//1674
f 561//561 1757//1757 609//609
f 1335//1335 1963//1963 1334//1334
f 1531//1531 1480//1480 1689//1689
f 1780//1780 623//623 1718//1718
f 1772//1772 1795//1795 1757//1757
f 3456//3456 3427//3427 1932//1932
f 1721//1721 49//49 741//741
f 1727//1727 1759//1759 1758//1758
f 622//622 705//705 644//644
f 1817//1817 1816//1816 1796//1796
f 1797//1797 1817//1817 1796//1796
f 1816//1816 1817//1817 1837//1837
f 1835//1835 1805//1805 1625//1625
f 1613//1613 1835//1835 1625//1625
f 1769//1769 1652//1652 1805//1805
f 1835//1835 1769//1769 1805//1805
f 1769//1769 1716//1716 1652//1652
f 1525//1525 1524//1524 1945//1945
f 1945//1945 1524//1524 1620//1620
f 1620//1620 1454//1454 1809//1809
f 1627//1627 80//80 1809//1809
f 705//705 1808//1808 644//644
f 1844//1844 1843//1843 1808//1808
f 1844//1844 1882//1882 1843//1843
f 705//705 1844//1844 1808//1808
f 1918//1918 1929//1929 2460//2460
f 1643//1643 1642//1642 4764//4764
f 1643//1643 1664//1664 1642//1642
f 1613//1613 1625//1625 1579//1579
f 3457//3457 3456//3456 1932//1932
f 1716//1716 1610//1610 1525//1525
f 1525//1525 1610//1610 1524//1524
f 1454//1454 1715//1715 1809//1809
f 1809//1809 1715//1715 1627//1627
f 1627//1627 1623//1623 80//80
f 3563//3563 3564//3564 3577//3577
f 1643//1643 1680//1680 1664//1664
f 1661//1661 1714//1714 1609//1609
f 1854//1854 1882//1882 1908//1908
f 1949//1949 1960//1960 1916//1916
f 1716//1716 1769//1769 1610//1610
f 1524//1524 1454//1454 1620//1620
f 812//812 1836//1836 1901//1901
f 1851//1851 1876//1876 1837//1837
f 1861//1861 1835//1835 1613//1613
f 1417//1417 1769//1769 1835//1835
f 1454//1454 1724//1724 1715//1715
f 1715//1715 1812//1812 1627//1627
f 1627//1627 1812//1812 1623//1623
f 1623//1623 1106//1106 80//80
f 5102//5102 1396//1396 5083//5083
f 1735//1735 1792//1792 1780//1780
f 1780//1780 1792//1792 1801//1801
f 1450//1450 1919//1919 1678//1678
f 1919//1919 1409//1409 1678//1678
f 1822//1822 1881//1881 1865//1865
f 1718//1718 623//623 592//592
f 1768//1768 1861//1861 1613//1613
f 1417//1417 1835//1835 1861//1861
f 1724//1724 1890//1890 1715//1715
f 1623//1623 1812//1812 1106//1106
f 1762//1762 1730//1730 1731//1731
f 210//210 182//182 183//183
f 1679//1679 1718//1718 592//592
f 1801//1801 1825//1825 739//739
f 1968//1968 1981//1981 1948//1948
f 1621//1621 49//49 1721//1721
f 1783//1783 1670//1670 1479//1479
f 5059//5059 5108//5108 5053//5053
f 3353//3353 3834//3834 3639//3639
f 1768//1768 1613//1613 1493//1493
f 1704//1704 1769//1769 1417//1417
f 1769//1769 1704//1704 1610//1610
f 1704//1704 1985//1985 1610//1610
f 1890//1890 1688//1688 1715//1715
f 1688//1688 1638//1638 1715//1715
f 1715//1715 1638//1638 1812//1812
f 33//33 257//257 99//99
f 3462//3462 3383//3383 745//745
f 1977//1977 1972//1972 1065//1065
f 3577//3577 3564//3564 3589//3589
f 1916//1916 1915//1915 1853//1853
f 1610//1610 1985//1985 1524//1524
f 1524//1524 1724//1724 1454//1454
f 1638//1638 1741//1741 1812//1812
f 1812//1812 1741//1741 1106//1106
f 1555//1555 257//257 1106//1106
f 1668//1668 1549//1549 1750//1750
f 1641//1641 1642//1642 1679//1679
f 1211//1211 405//405 421//421
f 1843//1843 1854//1854 1807//1807
f 1045//1045 85//85 730//730
f 1523//1523 1621//1621 1721//1721
f 42//42 1519//1519 1827//1827
f 1519//1519 332//332 1827//1827
f 1477//1477 1645//1645 1630//1630
f 1766//1766 1768//1768 1493//1493
f 1869//1869 1417//1417 1861//1861
f 1869//1869 1704//1704 1417//1417
f 1985//1985 1563//1563 1524//1524
f 1524//1524 1563//1563 1724//1724
f 1741//1741 1555//1555 1106//1106
f 3508//3508 3521//3521 3507//3507
f 2162//2162 2196//2196 2161//2161
f 1634//1634 1584//1584 1656//1656
f 1501//1501 1480//1480 1669//1669
f 1980//1980 1700//1700 1523//1523
f 1358//1358 1963//1963 1335//1335
f 1963//1963 1358//1358 1493//1493
f 1397//1397 1861//1861 1768//1768
f 1397//1397 1869//1869 1861//1861
f 1547//1547 1704//1704 1869//1869
f 1547//1547 1985//1985 1704//1704
f 1563//1563 63//63 1724//1724
f 1724//1724 63//63 1890//1890
f 1890//1890 1779//1779 1688//1688
f 1555//1555 292//292 257//257
f 2006//2006 2115//2115 1180//1180
f 3834//3834 743//743 3078//3078
f 3350//3350 3792//3792 2435//2435
f 1848//1848 1606//1606 1603//1603
f 1476//1476 1703//1703 1603//1603
f 1523//1523 1700//1700 1621//1621
f 1588//1588 1562//1562 1660//1660
f 2210//2210 2197//2197 2151//2151
f 1488//1488 1489//1489 1545//1545
f 1586//1586 1587//1587 1607//1607
f 1545//1545 1587//1587 1586//1586
f 1955//1955 1954//1954 1925//1925
f 2169//2169 2145//2145 2123//2123
f 1382//1382 352//352 8//8
f 1358//1358 1831//1831 1493//1493
f 1831//1831 1766//1766 1493//1493
f 1766//1766 1397//1397 1768//1768
f 1930//1930 1869//1869 1397//1397
f 1930//1930 1547//1547 1869//1869
f 1985//1985 1589//1589 1563//1563
f 1563//1563 1589//1589 63//63
f 63//63 1572//1572 1890//1890
f 1890//1890 1572//1572 1779//1779
f 1779//1779 1710//1710 1688//1688
f 1710//1710 1694//1694 1688//1688
f 1550//1550 1638//1638 1688//1688
f 1694//1694 1550//1550 1688//1688
f 1550//1550 1741//1741 1638//1638
f 157//157 1483//1483 189//189
f 1926//1926 1955//1955 1925//1925
f 4160//4160 3396//3396 4148//4148
f 1608//1608 1636//1636 1659//1659
f 1700//1700 1720//1720 1621//1621
f 1256//1256 577//577 638//638
f 5065//5065 5073//5073 5098//5098
f 3872//3872 3889//3889 1239//1239
f 1358//1358 1377//1377 1831//1831
f 1831//1831 1535//1535 1766//1766
f 1535//1535 1397//1397 1766//1766
f 1535//1535 1930//1930 1397//1397
f 1930//1930 1552//1552 1547//1547
f 1547//1547 1589//1589 1985//1985
f 1572//1572 1710//1710 1779//1779
f 1550//1550 1709//1709 1741//1741
f 1709//1709 1555//1555 1741//1741
f 1709//1709 1829//1829 1555//1555
f 1829//1829 292//292 1555//1555
f 813//813 670//670 397//397
f 2418//2418 1456//1456 2769//2769
f 1659//1659 1675//1675 1658//1658
f 1947//1947 1938//1938 1928//1928
f 1045//1045 616//616 699//699
f 915//915 995//995 932//932
f 445//445 513//513 1998//1998
f 1858//1858 1781//1781 1667//1667
f 2117//2117 2162//2162 2116//2116
f 1615//1615 1535//1535 1831//1831
f 1552//1552 1485//1485 1547//1547
f 1485//1485 1589//1589 1547//1547
f 1418//1418 1572//1572 63//63
f 293//293 292//292 1829//1829
f 743//743 4032//4032 3078//3078
f 4123//4123 4148//4148 4122//4122
f 2001//2001 1022//1022 102//102
f 1954//1954 1955//1955 1978//1978
f 1780//1780 677//677 623//623
f 1840//1840 1880//1880 1879//1879
f 2447//2447 2421//2421 2395//2395
f 1729//1729 1761//1761 1728//1728
f 1761//1761 1760//1760 1728//1728
f 1618//1618 1470//1470 1591//1591
f 2067//2067 2141//2141 2118//2118
f 1978//1978 1955//1955 2001//2001
f 1781//1781 1558//1558 1667//1667
f 2415//2415 3371//3371 2458//2458
f 1831//1831 1384//1384 1615//1615
f 1615//1615 1755//1755 1535//1535
f 1755//1755 1552//1552 1930//1930
f 1535//1535 1755//1755 1930//1930
f 1433//1433 1589//1589 1485//1485
f 1711//1711 1710//1710 1572//1572
f 1710//1710 1711//1711 1694//1694
f 1550//1550 1785//1785 1709//1709
f 1785//1785 1829//1829 1709//1709
f 1906//1906 1937//1937 1936//1936
f 189//189 190//190 218//218
f 588//588 1734//1734 482//482
f 429//429 580//580 2979//2979
f 1621//1621 1720//1720 1560//1560
f 2067//2067 2118//2118 2076//2076
f 1880//1880 1894//1894 1879//1879
f 963//963 1068//1068 95//95
f 1797//1797 1789//1789 1817//1817
f 1582//1582 1424//1424 1624//1624
f 638//638 577//577 585//585
f 1747//1747 1755//1755 1615//1615
f 1755//1755 1528//1528 1552//1552
f 1433//1433 1597//1597 1589//1589
f 1597//1597 63//63 1589//1589
f 1597//1597 1418//1418 63//63
f 1418//1418 1711//1711 1572//1572
f 1920//1920 1550//1550 1694//1694
f 1920//1920 1785//1785 1550//1550
f 1829//1829 1129//1129 293//293
f 1129//1129 425//425 293//293
f 5109//5109 5094//5094 2005//2005
f 4032//4032 3709//3709 3276//3276
f 1457//1457 1500//1500 1456//1456
f 1500//1500 111//111 1456//1456
f 5083//5083 5107//5107 5096//5096
f 2340//2340 1645//1645 1754//1754
f 1575//1575 1942//1942 1803//1803
f 1720//1720 1564//1564 1560//1560
f 1904//1904 1905//1905 1933//1933
f 1905//1905 1934//1934 1933//1933
f 1582//1582 302//302 1424//1424
f 2103//2103 58//58 703//703
f 574//574 3003//3003 2932//2932
f 2426//2426 3249//3249 667//667
f 1755//1755 1639//1639 1528//1528
f 1528//1528 1485//1485 1552//1552
f 1694//1694 1711//1711 1920//1920
f 1738//1738 1785//1785 1920//1920
f 1785//1785 1129//1129 1829//1829
f 1129//1129 1499//1499 425//425
f 1504//1504 161//161 190//190
f 4717//4717 4694//4694 4671//4671
f 1456//1456 1434//1434 1457//1457
f 1500//1500 182//182 111//111
f 112//112 261//261 1824//1824
f 1811//1811 1476//1476 1784//1784
f 1894//1894 1914//1914 1879//1879
f 1312//1312 1277//1277 1215//1215
f 1878//1878 1905//1905 1904//1904
f 1878//1878 1904//1904 1877//1877
f 1509//1509 1538//1538 1569//1569
f 519//519 2179//2179 823//823
f 1747//1747 1639//1639 1755//1755
f 1485//1485 1541//1541 1433//1433
f 1597//1597 1592//1592 1418//1418
f 1738//1738 1920//1920 1711//1711
f 1573//1573 1738//1738 1711//1711
f 1738//1738 1693//1693 1785//1785
f 1693//1693 1129//1129 1785//1785
f 425//425 1499//1499 392//392
f 115//115 1500//1500 1457//1457
f 115//115 182//182 1500//1500
f 1872//1872 1476//1476 1811//1811
f 80//80 34//34 1814//1814
f 1733//1733 1713//1713 1776//1776
f 1894//1894 1935//1935 1914//1914
f 1537//1537 2158//2158 1293//1293
f 1486//1486 1485//1485 1528//1528
f 1639//1639 1486//1486 1528//1528
f 1592//1592 1712//1712 1418//1418
f 1453//1453 1693//1693 1738//1738
f 2163//2163 2142//2142 2119//2119
f 4097//4097 1411//1411 3370//3370
f 2018//2018 2017//2017 4471//4471
f 1434//1434 1408//1408 1435//1435
f 1435//1435 115//115 1457//1457
f 2001//2001 1570//1570 2000//2000
f 5113//5113 2264//2264 325//325
f 1420//1420 1403//1403 1467//1467
f 1865//1865 1907//1907 1864//1864
f 934//934 1803//1803 1786//1786
f 1658//1658 1657//1657 1635//1635
f 1488//1488 1544//1544 1515//1515
f 1544//1544 1561//1561 1515//1515
f 1878//1878 1877//1877 1838//1838
f 1803//1803 1942//1942 1580//1580
f 1618//1618 1580//1580 1470//1470
f 1540//1540 1639//1639 1747//1747
f 1486//1486 1541//1541 1485//1485
f 1541//1541 1422//1422 1433//1433
f 1422//1422 1597//1597 1433//1433
f 1712//1712 1711//1711 1418//1418
f 1712//1712 1573//1573 1711//1711
f 1573//1573 1899//1899 1738//1738
f 1453//1453 1464//1464 1693//1693
f 1464//1464 1568//1568 1693//1693
f 1568//1568 1129//1129 1693//1693
f 1568//1568 1499//1499 1129//1129
f 1458//1458 115//115 1435//1435
f 418//418 763//763 367//367
f 1608//1608 1607//1607 1587//1587
f 1776//1776 1799//1799 1775//1775
f 934//934 1575//1575 1803//1803
f 1658//1658 1697//1697 1657//1657
f 1725//1725 666//666 1328//1328
f 54//54 126//126 200//200
f 1488//1488 1515//1515 1442//1442
f 1657//1657 1697//1697 1696//1696
f 5109//5109 5093//5093 5094//5094
f 887//887 3461//3461 2522//2522
f 1315//1315 1329//1329 1540//1540
f 1770//1770 1639//1639 1540//1540
f 1770//1770 1486//1486 1639//1639
f 1899//1899 1452//1452 1738//1738
f 1452//1452 1453//1453 1738//1738
f 1436//1436 1458//1458 1435//1435
f 1926//1926 1925//1925 1903//1903
f 1735//1735 1764//1764 1792//1792
f 1678//1678 1611//1611 666//666
f 1105//1105 102//102 1022//1022
f 1668//1668 1750//1750 1575//1575
f 1560//1560 1564//1564 1919//1919
f 1836//1836 1837//1837 1875//1875
f 1750//1750 1551//1551 1501//1501
f 1730//1730 1761//1761 1729//1729
f 1774//1774 1761//1761 1730//1730
f 1839//1839 1838//1838 1789//1789
f 1774//1774 1789//1789 1790//1790
f 2296//2296 3134//3134 1086//1086
f 1421//1421 1488//1488 1442//1442
f 1722//1722 1770//1770 1540//1540
f 1422//1422 1518//1518 1597//1597
f 1518//1518 1749//1749 1592//1592
f 1597//1597 1518//1518 1592//1592
f 1592//1592 1749//1749 1712//1712
f 1712//1712 1723//1723 1573//1573
f 1573//1573 1723//1723 1899//1899
f 1931//1931 1464//1464 1453//1453
f 1452//1452 1931//1931 1453//1453
f 1464//1464 1687//1687 1568//1568
f 1687//1687 1529//1529 1568//1568
f 1530//1530 1499//1499 1568//1568
f 1529//1529 1530//1530 1568//1568
f 423//423 60//60 59//59
f 116//116 115//115 1458//1458
f 1624//1624 143//143 1487//1487
f 2239//2239 2240//2240 2269//2269
f 1777//1777 1800//1800 1799//1799
f 165//165 164//164 135//135
f 1714//1714 1713//1713 1676//1676
f 1569//1569 1512//1512 1513//1513
f 1697//1697 1730//1730 1729//1729
f 1696//1696 1697//1697 1729//1729
f 1774//1774 1790//1790 1761//1761
f 1815//1815 812//812 728//728
f 1486//1486 1692//1692 1541//1541
f 1541//1541 1692//1692 1422//1422
f 1931//1931 1687//1687 1464//1464
f 1436//1436 1459//1459 1458//1458
f 1944//1944 28//28 634//634
f 1546//1546 1609//1609 1562//1562
f 1502//1502 1650//1650 1478//1478
f 1517//1517 1546//1546 1492//1492
f 2140//2140 2116//2116 2161//2161
f 1775//1775 1799//1799 1820//1820
f 1696//1696 1729//1729 1728//1728
f 1443//1443 1489//1489 1488//1488
f 1933//1933 1934//1934 998//998
f 1277//1277 1214//1214 1215//1215
f 1624//1624 1424//1424 143//143
f 1463//1463 1497//1497 1538//1538
f 1478//1478 1497//1497 1502//1502
f 1582//1582 1850//1850 302//302
f 362//362 1857//1857 934//934
f 1828//1828 1770//1770 1722//1722
f 1828//1828 2009//2009 1770//1770
f 1498//1498 1770//1770 2009//2009
f 1498//1498 1486//1486 1770//1770
f 1498//1498 1692//1692 1486//1486
f 1518//1518 1708//1708 1749//1749
f 1708//1708 1723//1723 1749//1749
f 1749//1749 1723//1723 1712//1712
f 3371//3371 4257//4257 5066//5066
f 1538//1538 1509//1509 1551//1551
f 1459//1459 116//116 1458//1458
f 2445//2445 3329//3329 3461//3461
f 5080//5080 1331//1331 4109//4109
f 4279//4279 4280//4280 4307//4307
f 1851//1851 1818//1818 1877//1877
f 233//233 142//142 143//143
f 2796//2796 2797//2797 180//180
f 1935//1935 1957//1957 1956//1956
f 161//161 1504//1504 1440//1440
f 1507//1507 1084//1084 1973//1973
f 3257//3257 3278//3278 3277//3277
f 1462//1462 1692//1692 1498//1498
f 1692//1692 1462//1462 1422//1422
f 1462//1462 1576//1576 1422//1422
f 1422//1422 1576//1576 1518//1518
f 1723//1723 1900//1900 1899//1899
f 1577//1577 1931//1931 1452//1452
f 1624//1624 1487//1487 1512//1512
f 1929//1929 1683//1683 1677//1677
f 5082//5082 5048//5048 5111//5111
f 572//572 104//104 648//648
f 1436//1436 2750//2750 1459//1459
f 2114//2114 1781//1781 1089//1089
f 1842//1842 1852//1852 1820//1820
f 1557//1557 1668//1668 43//43
f 1818//1818 1838//1838 1877//1877
f 1818//1818 1851//1851 1817//1817
f 1463//1463 1538//1538 1549//1549
f 1827//1827 1312//1312 1662//1662
f 1312//1312 1827//1827 1327//1327
f 1827//1827 1313//1313 1327//1327
f 1828//1828 226//226 532//532
f 3329//3329 2445//2445 1672//1672
f 1828//1828 1889//1889 2009//2009
f 1889//1889 1498//1498 2009//2009
f 1708//1708 1862//1862 1723//1723
f 1723//1723 1862//1862 1900//1900
f 1900//1900 1989//1989 1452//1452
f 1899//1899 1900//1900 1452//1452
f 1927//1927 1957//1957 1935//1935
f 142//142 233//233 2698//2698
f 1567//1567 1559//1559 1941//1941
f 1637//1637 1661//1661 1609//1609
f 736//736 2638//2638 1149//1149
f 1046//1046 150//150 20//20
f 1619//1619 1509//1509 1513//1513
f 2686//2686 395//395 2525//2525
f 1513//1513 1512//1512 1619//1619
f 1842//1842 1864//1864 1852//1852
f 1783//1783 1479//1479 1497//1497
f 1445//1445 393//393 1519//1519
f 393//393 1856//1856 332//332
f 1445//1445 1519//1519 42//42
f 1497//1497 1479//1479 1593//1593
f 1957//1957 1974//1974 1973//1973
f 1973//1973 1974//1974 1507//1507
f 124//124 1567//1567 567//567
f 1889//1889 1828//1828 532//532
f 1498//1498 1748//1748 1462//1462
f 1462//1462 1748//1748 1576//1576
f 1690//1690 1708//1708 1518//1518
f 1576//1576 1690//1690 1518//1518
f 191//191 1461//1461 162//162
f 1549//1549 1551//1551 1750//1750
f 1476//1476 1603//1603 1784//1784
f 1580//1580 1651//1651 1470//1470
f 3577//3577 3588//3588 3563//3563
f 1347//1347 1722//1722 1329//1329
f 5116//5116 5075//5075 5055//5055
f 1717//1717 2092//2092 1872//1872
f 1822//1822 1865//1865 1821//1821
f 1897//1897 1689//1689 1480//1480
f 1763//1763 1806//1806 1798//1798
f 1808//1808 1807//1807 1745//1745
f 1917//1917 1908//1908 1882//1882
f 1864//1864 1895//1895 1852//1852
f 1937//1937 1975//1975 1959//1959
f 1975//1975 1622//1622 1987//1987
f 1987//1987 1622//1622 1595//1595
f 1937//1937 1958//1958 1936//1936
f 1656//1656 1657//1657 1674//1674
f 1584//1584 1657//1657 1656//1656
f 1587//1587 1588//1588 1608//1608
f 1889//1889 1748//1748 1498//1498
f 1705//1705 1753//1753 2156//2156
f 741//741 1328//1328 1856//1856
f 2469//2469 170//170 2468//2468
f 814//814 360//360 1652//1652
f 1641//1641 1679//1679 592//592
f 1966//1966 1959//1959 1979//1979
f 1489//1489 1516//1516 1545//1545
f 1913//1913 844//844 1901//1901
f 1917//1917 1949//1949 1908//1908
f 1949//1949 1916//1916 1908//1908
f 1959//1959 1975//1975 1987//1987
f 2419//2419 2420//2420 1929//1929
f 393//393 741//741 1856//1856
f 1595//1595 1622//1622 1445//1445
f 1507//1507 1662//1662 1148//1148
f 1927//1927 1935//1935 1894//1894
f 1468//1468 1516//1516 1489//1489
f 1841//1841 1852//1852 1840//1840
f 1775//1775 1841//1841 1806//1806
f 1999//1999 1431//1431 1889//1889
f 1431//1431 1646//1646 1748//1748
f 1889//1889 1431//1431 1748//1748
f 1646//1646 1702//1702 1748//1748
f 1702//1702 1690//1690 1576//1576
f 1748//1748 1702//1702 1576//1576
f 1690//1690 1505//1505 1708//1708
f 1708//1708 1505//1505 2483//2483
f 854//854 897//897 1944//1944
f 1272//1272 1270//1270 970//970
f 1841//1841 1820//1820 1852//1852
f 1656//1656 384//384 1634//1634
f 1545//1545 1516//1516 1587//1587
f 1737//1737 1567//1567 1941//1941
f 4002//4002 3998//3998 3884//3884
f 1571//1571 869//869 1686//1686
f 869//869 624//624 1686//1686
f 1445//1445 1523//1523 393//393
f 1553//1553 1527//1527 1629//1629
f 1187//1187 2526//2526 375//375
f 182//182 115//115 183//183
f 1310//1310 1343//1343 1342//1342
f 1497//1497 1478//1478 1538//1538
f 1956//1956 1973//1973 1965//1965
f 1607//1607 1659//1659 1586//1586
f 1516//1516 1588//1588 1587//1587
f 1594//1594 394//394 125//125
f 394//394 2633//2633 125//125
f 191//191 161//161 1461//1461
f 1606//1606 1669//1669 1665//1665
f 485//485 196//196 300//300
f 1512//1512 1487//1487 1619//1619
f 1651//1651 1848//1848 539//539
f 598//598 447//447 690//690
f 3277//3277 4014//4014 3257//3257
f 1727//1727 1758//1758 505//505
f 1807//1807 1853//1853 1822//1822
f 1778//1778 1807//1807 1800//1800
f 1807//1807 1822//1822 1800//1800
f 1840//1840 1863//1863 1880//1880
f 1442//1442 1515//1515 1467//1467
f 1840//1840 1852//1852 1863//1863
f 2270//2270 2271//2271 2301//2301
f 896//896 1431//1431 618//618
f 570//570 1046//1046 20//20
f 1786//1786 1580//1580 1618//1618
f 1603//1603 1665//1665 1784//1784
f 264//264 1001//1001 1424//1424
f 1490//1490 1562//1562 1516//1516
f 1947//1947 1980//1980 1975//1975
f 1467//1467 165//165 135//135
f 205//205 1814//1814 34//34
f 1420//1420 1467//1467 135//135
f 1612//1612 1642//1642 1641//1641
f 1646//1646 1431//1431 896//896
f 1065//1065 2000//2000 819//819
f 2092//2092 1717//1717 1726//1726
f 1609//1609 1676//1676 1562//1562
f 1636//1636 1660//1660 1699//1699
f 2241//2241 2270//2270 2240//2240
f 1853//1853 1881//1881 1822//1822
f 1913//1913 1954//1954 1946//1946
f 1480//1480 1531//1531 1632//1632
f 4522//4522 4510//4510 3897//3897
f 1854//1854 1853//1853 1807//1807
f 1915//1915 1939//1939 1881//1881
f 481//481 703//703 2563//2563
f 1776//1776 1775//1775 1732//1732
f 1798//1798 1806//1806 1819//1819
f 1790//1790 1789//1789 1760//1760
f 101//101 1443//1443 1421//1421
f 1967//1967 1700//1700 1980//1980
f 1702//1702 1646//1646 1690//1690
f 504//504 1744//1744 561//561
f 1795//1795 1796//1796 1815//1815
f 844//844 843//843 812//812
f 1022//1022 1067//1067 1105//1105
f 32//32 1703//1703 1647//1647
f 1651//1651 1606//1606 1848//1848
f 690//690 447//447 1166//1166
f 539//539 1848//1848 1603//1603
f 3931//3931 3428//3428 537//537
f 1897//1897 1509//1509 1619//1619
f 1403//1403 1442//1442 1467//1467
f 1859//1859 5103//5103 2011//2011
f 1761//1761 1790//1790 1760//1760
f 1608//1608 1659//1659 1607//1607
f 1916//1916 1968//1968 1948//1948
f 1443//1443 1488//1488 1421//1421
f 1839//1839 1879//1879 1838//1838
f 1699//1699 1698//1698 1636//1636
f 1733//1733 1698//1698 1699//1699
f 1734//1734 1745//1745 1661//1661
f 1431//1431 1999//1999 618//618
f 1646//1646 1671//1671 1690//1690
f 1690//1690 1506//1506 1505//1505
f 1905//1905 1914//1914 1934//1934
f 2063//2063 3403//3403 2345//2345
f 995//995 1972//1972 1977//1977
f 1789//1789 1838//1838 1818//1818
f 71//71 1456//1456 111//111
f 1002//1002 1070//1070 269//269
f 1719//1719 1735//1735 1680//1680
f 1656//1656 1695//1695 384//384
f 4998//4998 1419//1419 134//134
f 1561//1561 1585//1585 1584//1584
f 1514//1514 1515//1515 1561//1561
f 1423//1423 1582//1582 1650//1650
f 1902//1902 1913//1913 1901//1901
f 1719//1719 1764//1764 1735//1735
f 3871//3871 3910//3910 1401//1401
f 1960//1960 1982//1982 1968//1968
f 1854//1854 1916//1916 1853//1853
f 1778//1778 1777//1777 1713//1713
f 1791//1791 1560//1560 1450//1450
f 1733//1733 1732//1732 1698//1698
f 1775//1775 1763//1763 1732//1732
f 112//112 1824//1824 30//30
f 1762//1762 1774//1774 1730//1730
f 1546//1546 1517//1517 328//328
f 49//49 1560//1560 1791//1791
f 1734//1734 1661//1661 482//482
f 3375//3375 2499//2499 1194//1194
f 1690//1690 1671//1671 1506//1506
f 1591//1591 5103//5103 1653//1653
f 1801//1801 1792//1792 1825//1825
f 82//82 2755//2755 81//81
f 2396//2396 2422//2422 2395//2395
f 1820//1820 1841//1841 1775//1775
f 4934//4934 4956//4956 4917//4917
f 2061//2061 2510//2510 4355//4355
f 539//539 1470//1470 1651//1651
f 1731//1731 1732//1732 1763//1763
f 1675//1675 1698//1698 1732//1732
f 1851//1851 1877//1877 1893//1893
f 1021//1021 1022//1022 2001//2001
f 1881//1881 1907//1907 1865//1865
f 3808//3808 3932//3932 3158//3158
f 5061//5061 4367//4367 1996//1996
f 1558//1558 1549//1549 1668//1668
f 1806//1806 1841//1841 1819//1819
f 5086//5086 5093//5093 5109//5109
f 204//204 30//30 1824//1824
f 671//671 1213//1213 48//48
f 915//915 1913//1913 1946//1946
f 1946//1946 1953//1953 995//995
f 1501//1501 1509//1509 1897//1897
f 1487//1487 1128//1128 1673//1673
f 1510//1510 1487//1487 1673//1673
f 2008//2008 2006//2006 2064//2064
f 1410//1410 1439//1439 2754//2754
f 2754//2754 1439//1439 1483//1483
f 1548//1548 1565//1565 4826//4826
f 2081//2081 2080//2080 2054//2054
f 1881//1881 1928//1928 1907//1907
f 1689//1689 1897//1897 1510//1510
f 1897//1897 1619//1619 1510//1510
f 1866//1866 1918//1918 1883//1883
f 1913//1913 915//915 844//844
f 1904//1904 1926//1926 1903//1903
f 1470//1470 539//539 130//130
f 1873//1873 1470//1470 130//130
f 3369//3369 3268//3268 2459//2459
f 4120//4120 5102//5102 3702//3702
f 1599//1599 1501//1501 1669//1669
f 1795//1795 1815//1815 665//665
f 2333//2333 2380//2380 2368//2368
f 1949//1949 1940//1940 679//679
f 2037//2037 2081//2081 2054//2054
f 1959//1959 1966//1966 1958//1958
f 361//361 2954//2954 449//449
f 1808//1808 1843//1843 1807//1807
f 2446//2446 1994//1994 1683//1683
f 1683//1683 1994//1994 445//445
f 1873//1873 130//130 32//32
f 2447//2447 2438//2438 2421//2421
f 3548//3548 3536//3536 3522//3522
f 5081//5081 2404//2404 5096//5096
f 3715//3715 2517//2517 2508//2508
f 2578//2578 3339//3339 3061//3061
f 1210//1210 2114//2114 1089//1089
f 1972//1972 2000//2000 1065//1065
f 609//609 1795//1795 665//665
f 1669//1669 1480//1480 1632//1632
f 1904//1904 1903//1903 1877//1877
f 1914//1914 1956//1956 1934//1934
f 1934//1934 1956//1956 1965//1965
f 1559//1559 1571//1571 1564//1564
f 540//540 592//592 569//569
f 1641//1641 592//592 540//540
f 478//478 2024//2024 5079//5079
f 1643//1643 1719//1719 1680//1680
f 42//42 1595//1595 1445//1445
f 1622//1622 1980//1980 1523//1523
f 4219//4219 5093//5093 4376//4376
f 1548//1548 1612//1612 1565//1565
f 1919//1919 1564//1564 1686//1686
f 1588//1588 1636//1636 1608//1608
f 1880//1880 1863//1863 1894//1894
f 1775//1775 1806//1806 1763//1763
f 1863//1863 1895//1895 1894//1894
f 1566//1566 2159//2159 1643//1643
f 1510//1510 1531//1531 1689//1689
f 1764//1764 1765//1765 1792//1792
f 2587//2587 3798//3798 3692//3692
f 2093//2093 5087//5087 1449//1449
f 1664//1664 1735//1735 1679//1679
f 1852//1852 1895//1895 1863//1863
f 474//474 505//505 1744//1744
f 1508//1508 1922//1922 1706//1706
f 3239//3239 3023//3023 2928//2928
f 3872//3872 1239//1239 2028//2028
f 1644//1644 5086//5086 5109//5109
f 2663//2663 2640//2640 2586//2586
f 5098//5098 2064//2064 1885//1885
f 1772//1772 1796//1796 1795//1795
f 3997//3997 1355//1355 595//595
f 1659//1659 1636//1636 1698//1698
f 1663//1663 1756//1756 1994//1994
f 1551//1551 1509//1509 1501//1501
f 2447//2447 2422//2422 2461//2461
f 1570//1570 1145//1145 819//819
f 1640//1640 512//512 452//452
f 441//441 415//415 384//384
f 1543//1543 1561//1561 1634//1634
f 1487//1487 1832//1832 1128//1128
f 1510//1510 1673//1673 1531//1531
f 1778//1778 1800//1800 1777//1777
f 1509//1509 1569//1569 1513//1513
f 2012//2012 1858//1858 1667//1667
f 1619//1619 1487//1487 1510//1510
f 2420//2420 2438//2438 2446//2446
f 135//135 134//134 1419//1419
f 1706//1706 1426//1426 1508//1508
f 1508//1508 1426//1426 200//200
f 1696//1696 1728//1728 1674//1674
f 5114//5114 5084//5084 2084//2084
f 3035//3035 1206//1206 1205//1205
f 1410//1410 1411//1411 1439//1439
f 1570//1570 819//819 2000//2000
f 1737//1737 1988//1988 1567//1567
f 1883//1883 1882//1882 1844//1844
f 1875//1875 1902//1902 1901//1901
f 741//741 1791//1791 1328//1328
f 1907//1907 1928//1928 1895//1895
f 1895//1895 1928//1928 1906//1906
f 1978//1978 2001//2001 2000//2000
f 2197//2197 2241//2241 2196//2196
f 3422//3422 4160//4160 3435//3435
f 159//159 112//112 30//30
f 644//644 1808//1808 621//621
f 1616//1616 1706//1706 1888//1888
f 671//671 1888//1888 1213//1213
f 1706//1706 1616//1616 1426//1426
f 958//958 200//200 1426//1426
f 1942//1942 1750//1750 1599//1599
f 2532//2532 2290//2290 3608//3608
f 1439//1439 1411//1411 1483//1483
f 1981//1981 1988//1988 1737//1737
f 585//585 610//610 638//638
f 311//311 1252//1252 826//826
f 1813//1813 1599//1599 1606//1606
f 1872//1872 1647//1647 1703//1703
f 1915//1915 1967//1967 1939//1939
f 1893//1893 1877//1877 1903//1903
f 675//675 705//705 622//622
f 1546//1546 1491//1491 1492//1492
f 1928//1928 1938//1938 1906//1906
f 1948//1948 1967//1967 1915//1915
f 998//998 1955//1955 1926//1926
f 1606//1606 1665//1665 1603//1603
f 4764//4764 1566//1566 1643//1643
f 1126//1126 2063//2063 2345//2345
f 1559//1559 1564//1564 1720//1720
f 1673//1673 1381//1381 1531//1531
f 1483//1483 1440//1440 1504//1504
f 1736//1736 1765//1765 1719//1719
f 1178//1178 2131//2131 1888//1888
f 3391//3391 2296//2296 1086//1086
f 1163//1163 479//479 57//57
f 1624//1624 1512//1512 1569//1569
f 1948//1948 1981//1981 1967//1967
f 1907//1907 1895//1895 1864//1864
f 1975//1975 1980//1980 1622//1622
f 1561//1561 1584//1584 1634//1634
f 351//351 384//384 415//415
f 1253//1253 1272//1272 2664//2664
f 482//482 1637//1637 390//390
f 190//190 189//189 1504//1504
f 698//698 646//646 479//479
f 1029//1029 122//122 1390//1390
f 588//588 621//621 1734//1734
f 1919//1919 1686//1686 1409//1409
f 1807//1807 1778//1778 1714//1714
f 1745//1745 1807//1807 1714//1714
f 1972//1972 1978//1978 2000//2000
f 1745//1745 1714//1714 1661//1661
f 1960//1960 1968//1968 1916//1916
f 1562//1562 1676//1676 1660//1660
f 1676//1676 1699//1699 1660//1660
f 1725//1725 1678//1678 666//666
f 2063//2063 1126//1126 166//166
f 415//415 441//441 474//474
f 2035//2035 2034//2034 2017//2017
f 1978//1978 1972//1972 1954//1954
f 1759//1759 1773//1773 1772//1772
f 1758//1758 1759//1759 1772//1772
f 1772//1772 1773//1773 1796//1796
f 1634//1634 384//384 321//321
f 1585//1585 1635//1635 1584//1584
f 1767//1767 1616//1616 2131//2131
f 1556//1556 1426//1426 1616//1616
f 1426//1426 1556//1556 958//958
f 1653//1653 5096//5096 1857//1857
f 1483//1483 1411//1411 1440//1440
f 1612//1612 1641//1641 1565//1565
f 1925//1925 1954//1954 1913//1913
f 1641//1641 1640//1640 1565//1565
f 1903//1903 1925//1925 1902//1902
f 1315//1315 1540//1540 1747//1747
f 755//755 1866//1866 1844//1844
f 1565//1565 1640//1640 1590//1590
f 1700//1700 1981//1981 1737//1737
f 1906//1906 1936//1936 1927//1927
f 1558//1558 1783//1783 1463//1463
f 1821//1821 1820//1820 1799//1799
f 1875//1875 1903//1903 1902//1902
f 1546//1546 1562//1562 1491//1491
f 1936//1936 1957//1957 1927//1927
f 1584//1584 1635//1635 1657//1657
f 1959//1959 1987//1987 1979//1979
f 1465//1465 122//122 69//69
f 1700//1700 1737//1737 1720//1720
f 3234//3234 3285//3285 3266//3266
f 1514//1514 165//165 1467//1467
f 1514//1514 1543//1543 1542//1542
f 165//165 1514//1514 1542//1542
f 1906//1906 1938//1938 1937//1937
f 1767//1767 1556//1556 1616//1616
f 1556//1556 1526//1526 958//958
f 1377//1377 1384//1384 1831//1831
f 3619//3619 1109//1109 1845//1845
f 2173//2173 3862//3862 3883//3883
f 2444//2444 1440//1440 1411//1411
f 33//33 1106//1106 257//257
f 1837//1837 1876//1876 1875//1875
f 1469//1469 1517//1517 1492//1492
f 1947//1947 1975//1975 1937//1937
f 1490//1490 1516//1516 1468//1468
f 1821//1821 1842//1842 1820//1820
f 577//577 642//642 585//585
f 1637//1637 482//482 1661//1661
f 1479//1479 1553//1553 1629//1629
f 1588//1588 1660//1660 1636//1636
f 1763//1763 1798//1798 1762//1762
f 1872//1872 1703//1703 1476//1476
f 958//958 1526//1526 1574//1574
f 1726//1726 2190//2190 2135//2135
f 3110//3110 1316//1316 1086//1086
f 1656//1656 1674//1674 1695//1695
f 1695//1695 1674//1674 1727//1727
f 1674//1674 1728//1728 1727//1727
f 1727//1727 1728//1728 1759//1759
f 1986//1986 1746//1746 2131//2131
f 1526//1526 1598//1598 1574//1574
f 1759//1759 1760//1760 1773//1773
f 1940//1940 1882//1882 1883//1883
f 1784//1784 1665//1665 1740//1740
f 1916//1916 1948//1948 1915//1915
f 2091//2091 1605//1605 2384//2384
f 1412//1412 1413//1413 1440//1440
f 1413//1413 161//161 1440//1440
f 1813//1813 1606//1606 1651//1651
f 200//200 958//958 54//54
f 3237//3237 3250//3250 3219//3219
f 1539//1539 1850//1850 1423//1423
f 1979//1979 42//42 1974//1974
f 2471//2471 2372//2372 740//740
f 362//362 1786//1786 1618//1618
f 1665//1665 1604//1604 1740//1740
f 1987//1987 1595//1595 1979//1979
f 2026//2026 2063//2063 2175//2175
f 1773//1773 1760//1760 1797//1797
f 1533//1533 1556//1556 1767//1767
f 261//261 1574//1574 1598//1598
f 1872//1872 1811//1811 1717//1717
f 934//934 1857//1857 72//72
f 2376//2376 2375//2375 2330//2330
f 1853//1853 1915//1915 1881//1881
f 1947//1947 1937//1937 1938//1938
f 1851//1851 1837//1837 1817//1817
f 1731//1731 1763//1763 1762//1762
f 3193//3193 3362//3362 3786//3786
f 1553//1553 1670//1670 768//768
f 1981//1981 1700//1700 1967//1967
f 1876//1876 1851//1851 1893//1893
f 1957//1957 1966//1966 1974//1974
f 1186//1186 1148//1148 1215//1215
f 1477//1477 1767//1767 1746//1746
f 1477//1477 1533//1533 1767//1767
f 1536//1536 1526//1526 1556//1556
f 1533//1533 1536//1536 1556//1556
f 1503//1503 1598//1598 1526//1526
f 1536//1536 1503//1503 1526//1526
f 1353//1353 2231//2231 3410//3410
f 4753//4753 4766//4766 4739//4739
f 1414//1414 1461//1461 161//161
f 1413//1413 1414//1414 161//161
f 1791//1791 1725//1725 1328//1328
f 124//124 869//869 1559//1559
f 1841//1841 1840//1840 1819//1819
f 1675//1675 1732//1732 1731//1731
f 1789//1789 1818//1818 1817//1817
f 1956//1956 1957//1957 1973//1973
f 1816//1816 1837//1837 1836//1836
f 1546//1546 328//328 1609//1609
f 1023//1023 1965//1965 1973//1973
f 1968//1968 1982//1982 1988//1988
f 1021//1021 2001//2001 1955//1955
f 2397//2397 2409//2409 2375//2375
f 2409//2409 2396//2396 2375//2375
f 5111//5111 5067//5067 5114//5114
f 1754//1754 1477//1477 1746//1746
f 1503//1503 1581//1581 1598//1598
f 261//261 112//112 73//73
f 2049//2049 2048//2048 2031//2031
f 2429//2429 2428//2428 2396//2396
f 539//539 1603//1603 1703//1703
f 1842//1842 1821//1821 1864//1864
f 1821//1821 1865//1865 1864//1864
f 1894//1894 1906//1906 1927//1927
f 1895//1895 1906//1906 1894//1894
f 1403//1403 1421//1421 1442//1442
f 1914//1914 1935//1935 1956//1956
f 1497//1497 1593//1593 1650//1650
f 1979//1979 1595//1595 42//42
f 2001//2001 102//102 1570//1570
f 2300//2300 2301//2301 2314//2314
f 1645//1645 2190//2190 1630//1630
f 1564//1564 1571//1571 1686//1686
f 1866//1866 1883//1883 1844//1844
f 505//505 1758//1758 1757//1757
f 1735//1735 1718//1718 1679//1679
f 2549//2549 625//625 355//355
f 1215//1215 1214//1214 1186//1186
f 2409//2409 2429//2429 2396//2396
f 1645//1645 1477//1477 1754//1754
f 1533//1533 1898//1898 1536//1536
f 1532//1532 1503//1503 1536//1536
f 1898//1898 1532//1532 1536//1536
f 1532//1532 1581//1581 1503//1503
f 1581//1581 1824//1824 1598//1598
f 990//990 3845//3845 2478//2478
f 2429//2429 2439//2439 2428//2428
f 2061//2061 4355//4355 3268//3268
f 1954//1954 1972//1972 1953//1953
f 1676//1676 1713//1713 1699//1699
f 1699//1699 1713//1713 1733//1733
f 1713//1713 1777//1777 1776//1776
f 1776//1776 1777//1777 1799//1799
f 1479//1479 1629//1629 1593//1593
f 2076//2076 2118//2118 2075//2075
f 1879//1879 1905//1905 1878//1878
f 332//332 1313//1313 1827//1827
f 1483//1483 157//157 1460//1460
f 1720//1720 1737//1737 1941//1941
f 1270//1270 311//311 970//970
f 1484//1484 1533//1533 1477//1477
f 1484//1484 1898//1898 1533//1533
f 1911//1911 1581//1581 1532//1532
f 1707//1707 1824//1824 1581//1581
f 1796//1796 1816//1816 1836//1836
f 1830//1830 916//916 170//170
f 3992//3992 3993//3993 3277//3277
f 2162//2162 2161//2161 2116//2116
f 393//393 1721//1721 741//741
f 1593//1593 1629//1629 1423//1423
f 1423//1423 1432//1432 1539//1539
f 1629//1629 1432//1432 1423//1423
f 1958//1958 1966//1966 1957//1957
f 1468//1468 1489//1489 1443//1443
f 1979//1979 1974//1974 1966//1966
f 1840//1840 1839//1839 1789//1789
f 1819//1819 1840//1840 1789//1789
f 1879//1879 1878//1878 1838//1838
f 1675//1675 1697//1697 1658//1658
f 1502//1502 1497//1497 1650//1650
f 1641//1641 512//512 1640//1640
f 1570//1570 102//102 1145//1145
f 1659//1659 1658//1658 1586//1586
f 1941//1941 1559//1559 1720//1720
f 1968//1968 1988//1988 1981//1981
f 227//227 2461//2461 2439//2439
f 994//994 995//995 1977//1977
f 1343//1343 485//485 300//300
f 227//227 1830//1830 2461//2461
f 1630//1630 1484//1484 1477//1477
f 1794//1794 1581//1581 1911//1911
f 1794//1794 1707//1707 1581//1581
f 508//508 475//475 385//385
f 588//588 482//482 450//450
f 621//621 588//588 589//589
f 665//665 1815//1815 728//728
f 321//321 225//225 1583//1583
f 1228//1228 1229//1229 1249//1249
f 1958//1958 1957//1957 1936//1936
f 1544//1544 1545//1545 1586//1586
f 1545//1545 1544//1544 1488//1488
f 1662//1662 1312//1312 1215//1215
f 1622//1622 1523//1523 1445//1445
f 1791//1791 1450//1450 1725//1725
f 1423//1423 1850//1850 1582//1582
f 1599//1599 1669//1669 1606//1606
f 1733//1733 1776//1776 1732//1732
f 915//915 1946//1946 995//995
f 1662//1662 1215//1215 1148//1148
f 1259//1259 127//127 261//261
f 1484//1484 1578//1578 1898//1898
f 1898//1898 1578//1578 1532//1532
f 1681//1681 1911//1911 1532//1532
f 1578//1578 1681//1681 1532//1532
f 1681//1681 1794//1794 1911//1911
f 1352//1352 3060//3060 737//737
f 4161//4161 4160//4160 4148//4148
f 1908//1908 1916//1916 1854//1854
f 4033//4033 4047//4047 4046//4046
f 1678//1678 1398//1398 1390//1390
f 1762//1762 1798//1798 1774//1774
f 1586//1586 1658//1658 1635//1635
f 1840//1840 1879//1879 1839//1839
f 42//42 1827//1827 1662//1662
f 2272//2272 2271//2271 2197//2197
f 2301//2301 2315//2315 2360//2360
f 3993//3993 4014//4014 3277//3277
f 1933//1933 998//998 1926//1926
f 2118//2118 2117//2117 2075//2075
f 1342//1342 1343//1343 300//300
f 2140//2140 2161//2161 2160//2160
f 1887//1887 1681//1681 1578//1578
f 1602//1602 1794//1794 1681//1681
f 1794//1794 1602//1602 1707//1707
f 1707//1707 204//204 1824//1824
f 1882//1882 1854//1854 1843//1843
f 2197//2197 2196//2196 2162//2162
f 2372//2372 2583//2583 3579//3579
f 5076//5076 5091//5091 2510//2510
f 1411//1411 1410//1410 3370//3370
f 242//242 272//272 210//210
f 4250//4250 4251//4251 4279//4279
f 2408//2408 2420//2420 2631//2631
f 1045//1045 699//699 196//196
f 2138//2138 405//405 238//238
f 1580//1580 1786//1786 1803//1803
f 1926//1926 1904//1904 1933//1933
f 1731//1731 1730//1730 1697//1697
f 1507//1507 42//42 1662//1662
f 578//578 1143//1143 1158//1158
f 1815//1815 1796//1796 1836//1836
f 1523//1523 1721//1721 393//393
f 1611//1611 1465//1465 666//666
f 485//485 1045//1045 196//196
f 1887//1887 1578//1578 1484//1484
f 1481//1481 204//204 1707//1707
f 1626//1626 1481//1481 1707//1707
f 143//143 1001//1001 233//233
f 1416//1416 1441//1441 1414//1414
f 1415//1415 1416//1416 1414//1414
f 1414//1414 1441//1441 1461//1461
f 1441//1441 162//162 1461//1461
f 102//102 1146//1146 1145//1145
f 2883//2883 1288//1288 1250//1250
f 142//142 1019//1019 1832//1832
f 1558//1558 1670//1670 1783//1783
f 1819//1819 1789//1789 1774//1774
f 1580//1580 1813//1813 1651//1651
f 2447//2447 2461//2461 2468//2468
f 1609//1609 1714//1714 1676//1676
f 2011//2011 1873//1873 32//32
f 1586//1586 1635//1635 1585//1585
f 1560//1560 1919//1919 1450//1450
f 1714//1714 1778//1778 1713//1713
f 1718//1718 1735//1735 1780//1780
f 1450//1450 1678//1678 1725//1725
f 441//441 1727//1727 505//505
f 768//768 1670//1670 1781//1781
f 1726//1726 1484//1484 1630//1630
f 1887//1887 1601//1601 1681//1681
f 1601//1601 1602//1602 1681//1681
f 1604//1604 1707//1707 1602//1602
f 1707//1707 1604//1604 1626//1626
f 3371//3371 4068//4068 4257//4257
f 3202//3202 5076//5076 2407//2407
f 1358//1358 1318//1318 1377//1377
f 1252//1252 1270//1270 1290//1290
f 621//621 1808//1808 1745//1745
f 1569//1569 1538//1538 1478//1478
f 1783//1783 1497//1497 1463//1463
f 1544//1544 1586//1586 1585//1585
f 1698//1698 1675//1675 1659//1659
f 1750//1750 1501//1501 1599//1599
f 1798//1798 1819//1819 1774//1774
f 1465//1465 1390//1390 122//122
f 4764//4764 1642//1642 1612//1612
f 4764//4764 1612//1612 1548//1548
f 1484//1484 1717//1717 1887//1887
f 1887//1887 1811//1811 1601//1601
f 1740//1740 1602//1602 1601//1601
f 1740//1740 1604//1604 1602//1602
f 1600//1600 1481//1481 1626//1626
f 25//25 2719//2719 2088//2088
f 742//742 736//736 424//424
f 1575//1575 43//43 1668//1668
f 4047//4047 4066//4066 4046//4046
f 5066//5066 5061//5061 1951//1951
f 64//64 567//567 1567//1567
f 3203//3203 3201//3201 3202//3202
f 1988//1988 64//64 1567//1567
f 741//741 49//49 1791//1791
f 1856//1856 1328//1328 1313//1313
f 1558//1558 1463//1463 1549//1549
f 1507//1507 1148//1148 1084//1084
f 1580//1580 1942//1942 1813//1813
f 1760//1760 1789//1789 1797//1797
f 2050//2050 2068//2068 2049//2049
f 42//42 1507//1507 1974//1974
f 1557//1557 1667//1667 1668//1668
f 1557//1557 43//43 72//72
f 1611//1611 1390//1390 1465//1465
f 642//642 1045//1045 585//585
f 1491//1491 1562//1562 1490//1490
f 2497//2497 2502//2502 2496//2496
f 1628//1628 1626//1626 1604//1604
f 1626//1626 1628//1628 1600//1600
f 204//204 1381//1381 88//88
f 473//473 504//504 503//503
f 3465//3465 3491//3491 3505//3505
f 621//621 1745//1745 1734//1734
f 1728//1728 1760//1760 1759//1759
f 666//666 1465//1465 576//576
f 1879//1879 1914//1914 1905//1905
f 3505//3505 3491//3491 3520//3520
f 1561//1561 1544//1544 1585//1585
f 1027//1027 1673//1673 1128//1128
f 1478//1478 1624//1624 1569//1569
f 1621//1621 1560//1560 49//49
f 1928//1928 1939//1939 1947//1947
f 1954//1954 1953//1953 1946//1946
f 1270//1270 1252//1252 311//311
f 2091//2091 2384//2384 1178//1178
f 2359//2359 2665//2665 1826//1826
f 1519//1519 393//393 332//332
f 1695//1695 441//441 384//384
f 1811//1811 1887//1887 1717//1717
f 1811//1811 1740//1740 1601//1601
f 1531//1531 1481//1481 1600//1600
f 1665//1665 1669//1669 1604//1604
f 1501//1501 1897//1897 1480//1480
f 1967//1967 1980//1980 1947//1947
f 441//441 1695//1695 1727//1727
f 2047//2047 1471//1471 3353//3353
f 1559//1559 869//869 1571//1571
f 1758//1758 1772//1772 1757//1757
f 1859//1859 815//815 5055//5055
f 1856//1856 1313//1313 332//332
f 2527//2527 896//896 367//367
f 1549//1549 1538//1538 1551//1551
f 1832//1832 1019//1019 60//60
f 2119//2119 2142//2142 2067//2067
f 1650//1650 1624//1624 1478//1478
f 1650//1650 1582//1582 1624//1624
f 1675//1675 1731//1731 1697//1697
f 3808//3808 3784//3784 3198//3198
f 1781//1781 1670//1670 1558//1558
f 1669//1669 1628//1628 1604//1604
f 1632//1632 1600//1600 1628//1628
f 1669//1669 1632//1632 1628//1628
f 1600//1600 1632//1632 1531//1531
f 1381//1381 1481//1481 1531//1531
f 1870//1870 2413//2413 4874//4874
f 1925//1925 1913//1913 1902//1902
f 321//321 288//288 225//225
f 2625//2625 1850//1850 1511//1511
f 1800//1800 1822//1822 1799//1799
f 4890//4890 4848//4848 4803//4803
f 2261//2261 2150//2150 796//796
f 3550//3550 3578//3578 3549//3549
f 2847//2847 3590//3590 3578//3578
f 583//583 70//70 109//109
f 3180//3180 887//887 1682//1682
f 3577//3577 3589//3589 3610//3610
f 647//647 1255//1255 1180//1180
f 1910//1910 742//742 1654//1654
f 155//155 2341//2341 2753//2753
f 4936//4936 4935//4935 4831//4831
f 4529//4529 4544//4544 4508//4508
f 1180//1180 535//535 647//647
f 647//647 535//535 2157//2157
f 1618//1618 1591//1591 1653//1653
f 766//766 2103//2103 935//935
f 2281//2281 1069//1069 2044//2044
f 3565//3565 2935//2935 3578//3578
f 2115//2115 5064//5064 5090//5090
f 2150//2150 529//529 796//796
f 2059//2059 529//529 2150//2150
f 1396//1396 3910//3910 5081//5081
f 2032//2032 3919//3919 2050//2050
f 795//795 2546//2546 2374//2374
f 2747//2747 2746//2746 2357//2357
f 3298//3298 2995//2995 2978//2978
f 853//853 991//991 796//796
f 5090//5090 1180//1180 2115//2115
f 2337//2337 707//707 3311//3311
f 3510//3510 3550//3550 3523//3523
f 4322//4322 4363//4363 3554//3554
f 2157//2157 1924//1924 2105//2105
f 2638//2638 2609//2609 2364//2364
f 928//928 2260//2260 3394//3394
f 2364//2364 2609//2609 795//795
f 4033//4033 3230//3230 4047//4047
f 169//169 643//643 2059//2059
f 643//643 1921//1921 798//798
f 1950//1950 2551//2551 2552//2552
f 798//798 1921//1921 468//468
f 2091//2091 2130//2130 2110//2110
f 3550//3550 3549//3549 3523//3523
f 3214//3214 3757//3757 3213//3213
f 2174//2174 422//422 1553//1553
f 2032//2032 2050//2050 2049//2049
f 2277//2277 2308//2308 2291//2291
f 2349//2349 2333//2333 2308//2308
f 1180//1180 1255//1255 2006//2006
f 1924//1924 2073//2073 2105//2105
f 3200//3200 3354//3354 1314//1314
f 3244//3244 3228//3228 3245//3245
f 5098//5098 5092//5092 2008//2008
f 1109//1109 850//850 1910//1910
f 850//850 742//742 1910//1910
f 55//55 3332//3332 47//47
f 2319//2319 2309//2309 3338//3338
f 2319//2319 11//11 2309//2309
f 3757//3757 3228//3228 3213//3213
f 2349//2349 2380//2380 2333//2333
f 2308//2308 2307//2307 2291//2291
f 90//90 3249//3249 2254//2254
f 90//90 2950//2950 3459//3459
f 4830//4830 4903//4903 4885//4885
f 2096//2096 535//535 2024//2024
f 2003//2003 2060//2060 2712//2712
f 2950//2950 3215//3215 3459//3459
f 877//877 2157//2157 535//535
f 2157//2157 877//877 1924//1924
f 3506//3506 3535//3535 3534//3534
f 3820//3820 2312//2312 2434//2434
f 2071//2071 19//19 1232//1232
f 1771//1771 2261//2261 796//796
f 4111//4111 4134//4134 4094//4094
f 3109//3109 2791//2791 3128//3128
f 2124//2124 2123//2123 2081//2081
f 2193//2193 2127//2127 2369//2369
f 2364//2364 795//795 2374//2374
f 2380//2380 2411//2411 2401//2401
f 3175//3175 3205//3205 3147//3147
f 3908//3908 3896//3896 3909//3909
f 1494//1494 1475//1475 1685//1685
f 1047//1047 2043//2043 2064//2064
f 1401//1401 3910//3910 2721//2721
f 3188//3188 2914//2914 2924//2924
f 1845//1845 1109//1109 1910//1910
f 2096//2096 877//877 535//535
f 3647//3647 3321//3321 3720//3720
f 3175//3175 3220//3220 3205//3205
f 1278//1278 2138//2138 2137//2137
f 3465//3465 3466//3466 3491//3491
f 2247//2247 3286//3286 3405//3405
f 1068//1068 963//963 1994//1994
f 736//736 733//733 2638//2638
f 4134//4134 4161//4161 4094//4094
f 2577//2577 1950//1950 3312//3312
f 3269//3269 3252//3252 2978//2978
f 4160//4160 3422//3422 3380//3380
f 3962//3962 2058//2058 2945//2945
f 3250//3250 3251//3251 2976//2976
f 742//742 733//733 736//736
f 4621//4621 4606//4606 4586//4586
f 4830//4830 4885//4885 4829//4829
f 2039//2039 2038//2038 2021//2021
f 4067//4067 4112//4112 4111//4111
f 2213//2213 2228//2228 2201//2201
f 3405//3405 3342//3342 2318//2318
f 3590//3590 3611//3611 3589//3589
f 2189//2189 1924//1924 877//877
f 2193//2193 2174//2174 2127//2127
f 2552//2552 2499//2499 3375//3375
f 58//58 3124//3124 3115//3115
f 2317//2317 2367//2367 2332//2332
f 2825//2825 2329//2329 2521//2521
f 854//854 671//671 48//48
f 804//804 4827//4827 780//780
f 2189//2189 2073//2073 1924//1924
f 2202//2202 2213//2213 2185//2185
f 3496//3496 2405//2405 2373//2373
f 2257//2257 2227//2227 2201//2201
f 1405//1405 1648//1648 426//426
f 5035//5035 5026//5026 5009//5009
f 4214//4214 3435//3435 4160//4160
f 3191//3191 2887//2887 3208//3208
f 2220//2220 323//323 2279//2279
f 3791//3791 2039//2039 4409//4409
f 2043//2043 1047//1047 2285//2285
f 2285//2285 323//323 1211//1211
f 2114//2114 1127//1127 768//768
f 2448//2448 442//442 2430//2430
f 2379//2379 2410//2410 2400//2400
f 2259//2259 2277//2277 2230//2230
f 2114//2114 2104//2104 1127//1127
f 1255//1255 647//647 2279//2279
f 2229//2229 2228//2228 2213//2213
f 3858//3858 3857//3857 4407//4407
f 3975//3975 3658//3658 3993//3993
f 2006//2006 1255//1255 1047//1047
f 2221//2221 2346//2346 2569//2569
f 1950//1950 3440//3440 3312//3312
f 3608//3608 2547//2547 3607//3607
f 571//571 818//818 1810//1810
f 1278//1278 405//405 2138//2138
f 322//322 2138//2138 2136//2136
f 3510//3510 1870//1870 3550//3550
f 3565//3565 3578//3578 3550//3550
f 4741//4741 4800//4800 4779//4779
f 2194//2194 1736//1736 1719//1719
f 421//421 405//405 1278//1278
f 916//916 2313//2313 587//587
f 1885//1885 2064//2064 2090//2090
f 2152//2152 2185//2185 2167//2167
f 1885//1885 322//322 2393//2393
f 3962//3962 3807//3807 3721//3721
f 2378//2378 2379//2379 2400//2400
f 2992//2992 3330//3330 565//565
f 2277//2277 2259//2259 2292//2292
f 2379//2379 2378//2378 2367//2367
f 1466//1466 1810//1810 2448//2448
f 32//32 1859//1859 2011//2011
f 5063//5063 5068//5068 5104//5104
f 961//961 2014//2014 2127//2127
f 5035//5035 2341//2341 2237//2237
f 2037//2037 2054//2054 2019//2019
f 3413//3413 3427//3427 3438//3438
f 3520//3520 3534//3534 3547//3547
f 2228//2228 2257//2257 2201//2201
f 1255//1255 2285//2285 1047//1047
f 3679//3679 3835//3835 3710//3710
f 1554//1554 877//877 2096//2096
f 2189//2189 2455//2455 2073//2073
f 3612//3612 3740//3740 3876//3876
f 3657//3657 3641//3641 3181//3181
f 2154//2154 10//10 1046//1046
f 2010//2010 1739//1739 2569//2569
f 2393//2393 2264//2264 2467//2467
f 1178//1178 2384//2384 2131//2131
f 216//216 2281//2281 2556//2556
f 2713//2713 3235//3235 2577//2577
f 3235//3235 2713//2713 2643//2643
f 394//394 1163//1163 57//57
f 481//481 1921//1921 1742//1742
f 5051//5051 1331//1331 5072//5072
f 2411//2411 2380//2380 4266//4266
f 3440//3440 3375//3375 3405//3405
f 2090//2090 2137//2137 1885//1885
f 2275//2275 2243//2243 2227//2227
f 4134//4134 4179//4179 4161//4161
f 2332//2332 2348//2348 2306//2306
f 2070//2070 2055//2055 3937//3937
f 2976//2976 2977//2977 2985//2985
f 3639//3639 3834//3834 3078//3078
f 4831//4831 4935//4935 4887//4887
f 4933//4933 4932//4932 4903//4903
f 5092//5092 3401//3401 5095//5095
f 625//625 2261//2261 1771//1771
f 2549//2549 2261//2261 625//625
f 2264//2264 2297//2297 457//457
f 1355//1355 1494//1494 1685//1685
f 5104//5104 5097//5097 3916//3916
f 2257//2257 2317//2317 2276//2276
f 2185//2185 2213//2213 2201//2201
f 2583//2583 3372//3372 3579//3579
f 2390//2390 2189//2189 877//877
f 740//740 1446//1446 2554//2554
f 334//334 494//494 2688//2688
f 2346//2346 426//426 2569//2569
f 2158//2158 2110//2110 3811//3811
f 2121//2121 2144//2144 2098//2098
f 3007//3007 3013//3013 3962//3962
f 3145//3145 3174//3174 3173//3173
f 4864//4864 4830//4830 4815//4815
f 629//629 173//173 3012//3012
f 2337//2337 2256//2256 92//92
f 114//114 2509//2509 2155//2155
f 2060//2060 2575//2575 2712//2712
f 2393//2393 322//322 2264//2264
f 2348//2348 2305//2305 2316//2316
f 707//707 2554//2554 3311//3311
f 646//646 698//698 868//868
f 2257//2257 2276//2276 2227//2227
f 707//707 740//740 2554//2554
f 2371//2371 5089//5089 5075//5075
f 2262//2262 2013//2013 12//12
f 4741//4741 4779//4779 4767//4767
f 2262//2262 879//879 2013//2013
f 2247//2247 3405//3405 2318//2318
f 2590//2590 1823//1823 326//326
f 2432//2432 2463//2463 2431//2431
f 3860//3860 3859//3859 4406//4406
f 2134//2134 2096//2096 478//478
f 2410//2410 2431//2431 2400//2400
f 2953//2953 1494//1494 3997//3997
f 2175//2175 2063//2063 1753//1753
f 816//816 2175//2175 1753//1753
f 322//322 2136//2136 2264//2264
f 4754//4754 4740//4740 4718//4718
f 4754//4754 4779//4779 4740//4740
f 794//794 169//169 2059//2059
f 2570//2570 426//426 2346//2346
f 3234//3234 2940//2940 3285//3285
f 2317//2317 2332//2332 2276//2276
f 3298//3298 2987//2987 2995//2995
f 2432//2432 2431//2431 2410//2410
f 1455//1455 2418//2418 713//713
f 2390//2390 877//877 1554//1554
f 2012//2012 1667//1667 1557//1557
f 72//72 2106//2106 1557//1557
f 2137//2137 421//421 1278//1278
f 5073//5073 5092//5092 5098//5098
f 2137//2137 2090//2090 421//421
f 2022//2022 1444//1444 101//101
f 1212//1212 2089//2089 2174//2174
f 101//101 1444//1444 1443//1443
f 2332//2332 2367//2367 2348//2348
f 2054//2054 2080//2080 2053//2053
f 5106//5106 5064//5064 5095//5095
f 2275//2275 2316//2316 2243//2243
f 2329//2329 2772//2772 3124//3124
f 2219//2219 1771//1771 796//796
f 2168//2168 2185//2185 2152//2152
f 2123//2123 2145//2145 2122//2122
f 2258//2258 2257//2257 2228//2228
f 2712//2712 355//355 1232//1232
f 3976//3976 801//801 2042//2042
f 1873//1873 1591//1591 1470//1470
f 2044//2044 2321//2321 935//935
f 296//296 2936//2936 2872//2872
f 3844//3844 3879//3879 3791//3791
f 961//961 1553//1553 1127//1127
f 1553//1553 768//768 1127//1127
f 4405//4405 3860//3860 4406//4406
f 2064//2064 2006//2006 1047//1047
f 2400//2400 2440//2440 2399//2399
f 3078//3078 4032//4032 3276//3276
f 4179//4179 4215//4215 4161//4161
f 4569//4569 4607//4607 4540//4540
f 2168//2168 2152//2152 2145//2145
f 2123//2123 2122//2122 2081//2081
f 2038//2038 2082//2082 2037//2037
f 2138//2138 238//238 2136//2136
f 2167//2167 2166//2166 2144//2144
f 2175//2175 816//816 5087//5087
f 1792//1792 1765//1765 1802//1802
f 2134//2134 1554//1554 2096//2096
f 2174//2174 1553//1553 2127//2127
f 2378//2378 2399//2399 2398//2398
f 426//426 2207//2207 2569//2569
f 3523//3523 3548//3548 3522//3522
f 2224//2224 2003//2003 2712//2712
f 3440//3440 3405//3405 3286//3286
f 2047//2047 3639//3639 3081//3081
f 216//216 1069//1069 2281//2281
f 2071//2071 1771//1771 92//92
f 2243//2243 2305//2305 2274//2274
f 426//426 1648//1648 2207//2207
f 685//685 2964//2964 1407//1407
f 1682//1682 991//991 853//853
f 2366//2366 2377//2377 2348//2348
f 2366//2366 2398//2398 2377//2377
f 3219//3219 2956//2956 2926//2926
f 3312//3312 3440//3440 3286//3286
f 3522//3522 3536//3536 3521//3521
f 3250//3250 2976//2976 2956//2956
f 4720//4720 4741//4741 4697//4697
f 1682//1682 887//887 991//991
f 2104//2104 961//961 1127//1127
f 2262//2262 86//86 1207//1207
f 2463//2463 2448//2448 2440//2440
f 2431//2431 2463//2463 2440//2440
f 674//674 2013//2013 289//289
f 2332//2332 2306//2306 2276//2276
f 2145//2145 2152//2152 2121//2121
f 5097//5097 5115//5115 2467//2467
f 2154//2154 2077//2077 10//10
f 2200//2200 2199//2199 2166//2166
f 3237//3237 3251//3251 3250//3250
f 5080//5080 3892//3892 5105//5105
f 2152//2152 2167//2167 2144//2144
f 2152//2152 2144//2144 2121//2121
f 1722//1722 226//226 1828//1828
f 2971//2971 2956//2956 2976//2976
f 4489//4489 4488//4488 4474//4474
f 2167//2167 2200//2200 2166//2166
f 2380//2380 2401//2401 2368//2368
f 2134//2134 2390//2390 1554//1554
f 770//770 2466//2466 2189//2189
f 4407//4407 3857//3857 4408//4408
f 5053//5053 5060//5060 5064//5064
f 3350//3350 3814//3814 3628//3628
f 2259//2259 2230//2230 4038//4038
f 3526//3526 3494//3494 2637//2637
f 4851//4851 4867//4867 4834//4834
f 2023//2023 2041//2041 1444//1444
f 1444//1444 2041//2041 1491//1491
f 1468//1468 1491//1491 1490//1490
f 2202//2202 2229//2229 2213//2213
f 3439//3439 2405//2405 3496//3496
f 2082//2082 2081//2081 2037//2037
f 2227//2227 2212//2212 2199//2199
f 2200//2200 2227//2227 2199//2199
f 2067//2067 2076//2076 2048//2048
f 2054//2054 2036//2036 2019//2019
f 2121//2121 2098//2098 2080//2080
f 2462//2462 1810//1810 227//227
f 2278//2278 2003//2003 516//516
f 2120//2120 3779//3779 2310//2310
f 2106//2106 2012//2012 1557//1557
f 2279//2279 323//323 2285//2285
f 1255//1255 2279//2279 2285//2285
f 4988//4988 5024//5024 5033//5033
f 2084//2084 2134//2134 478//478
f 1983//1983 3312//3312 3286//3286
f 468//468 2563//2563 3180//3180
f 2766//2766 2792//2792 2791//2791
f 2134//2134 1181//1181 2390//2390
f 2390//2390 1181//1181 2189//2189
f 2431//2431 2440//2440 2400//2400
f 2643//2643 2713//2713 3372//3372
f 2041//2041 1492//1492 1491//1491
f 1719//1719 1643//1643 2194//2194
f 2071//2071 625//625 1771//1771
f 3492//3492 3506//3506 3534//3534
f 5050//5050 5112//5112 5100//5100
f 4062//4062 1212//1212 2369//2369
f 1810//1810 848//848 571//571
f 5100//5100 5066//5066 1951//1951
f 1046//1046 10//10 150//150
f 3180//3180 2563//2563 3332//3332
f 1943//1943 2311//2311 982//982
f 3835//3835 2147//2147 3710//3710
f 4407//4407 3859//3859 3858//3858
f 3814//3814 3350//3350 2435//2435
f 2337//2337 3311//3311 2256//2256
f 2057//2057 39//39 216//216
f 3694//3694 2334//2334 2308//2308
f 2196//2196 2209//2209 2161//2161
f 2043//2043 421//421 2090//2090
f 4786//4786 1469//1469 4785//4785
f 4977//4977 4995//4995 4976//4976
f 3835//3835 3732//3732 2147//2147
f 1181//1181 2222//2222 2189//2189
f 2222//2222 770//770 2189//2189
f 2293//2293 2303//2303 1030//1030
f 2377//2377 2398//2398 2397//2397
f 2348//2348 2331//2331 2305//2305
f 2144//2144 2143//2143 2098//2098
f 3531//3531 3001//3001 3512//3512
f 2256//2256 31//31 92//92
f 3174//3174 3189//3189 3173//3173
f 2377//2377 2397//2397 2376//2376
f 2462//2462 2439//2439 2429//2429
f 2462//2462 227//227 2439//2439
f 2430//2430 2429//2429 2409//2409
f 2397//2397 2430//2430 2409//2409
f 2041//2041 4825//4825 1492//1492
f 2570//2570 1405//1405 426//426
f 625//625 2071//2071 355//355
f 2366//2366 2378//2378 2398//2398
f 2043//2043 1211//1211 421//421
f 2070//2070 2124//2124 2082//2082
f 2509//2509 3603//3603 1085//1085
f 5090//5090 5079//5079 2024//2024
f 1181//1181 2134//2134 2084//2084
f 818//818 571//571 1855//1855
f 150//150 1087//1087 1190//1190
f 1190//1190 1087//1087 386//386
f 2256//2256 3311//3311 31//31
f 3308//3308 3307//3307 3297//3297
f 2377//2377 2376//2376 2331//2331
f 2305//2305 2331//2331 2304//2304
f 2406//2406 3996//3996 1293//1293
f 3235//3235 3236//3236 3439//3439
f 2316//2316 2305//2305 2243//2243
f 3702//3702 5102//5102 5054//5054
f 4489//4489 4526//4526 4488//4488
f 3189//3189 3219//3219 2915//2915
f 2072//2072 770//770 2222//2222
f 2055//2055 2038//2038 2039//2039
f 3254//3254 516//516 2224//2224
f 2399//2399 2430//2430 2398//2398
f 4462//4462 4480//4480 4493//4493
f 2091//2091 1178//1178 854//854
f 478//478 5114//5114 2084//2084
f 4479//4479 4460//4460 4492//4492
f 5067//5067 5088//5088 5084//5084
f 2368//2368 2401//2401 2379//2379
f 2423//2423 2432//2432 2410//2410
f 2377//2377 2331//2331 2348//2348
f 2306//2306 2348//2348 2316//2316
f 2144//2144 2166//2166 2143//2143
f 2098//2098 2097//2097 2079//2079
f 2147//2147 3731//3731 3654//3654
f 4406//4406 3859//3859 4407//4407
f 2072//2072 1991//1991 770//770
f 2055//2055 2082//2082 2038//2038
f 2463//2463 1466//1466 2448//2448
f 1810//1810 1466//1466 848//848
f 2060//2060 1534//1534 2575//2575
f 1885//1885 2137//2137 322//322
f 2127//2127 1553//1553 961//961
f 390//390 1637//1637 357//357
f 1088//1088 422//422 2174//2174
f 2169//2169 2168//2168 2145//2145
f 2401//2401 2423//2423 2379//2379
f 3285//3285 3297//3297 3266//3266
f 386//386 698//698 1190//1190
f 1739//1739 2221//2221 2569//2569
f 2036//2036 2053//2053 2035//2035
f 3174//3174 3204//3204 3189//3189
f 335//335 2136//2136 238//238
f 2264//2264 2136//2136 335//335
f 5082//5082 5074//5074 5048//5048
f 2036//2036 2035//2035 2018//2018
f 1855//1855 571//571 570//570
f 442//442 1810//1810 2462//2462
f 4164//4164 4163//4163 3352//3352
f 3148//3148 3147//3147 3128//3128
f 2399//2399 2440//2440 2430//2430
f 2440//2440 2448//2448 2430//2430
f 2448//2448 1810//1810 442//442
f 2137//2137 2138//2138 322//322
f 2307//2307 2317//2317 2291//2291
f 5066//5066 4257//4257 5061//5061
f 2266//2266 2222//2222 1181//1181
f 3350//3350 3628//3628 3384//3384
f 2186//2186 2202//2202 2168//2168
f 2202//2202 2230//2230 2229//2229
f 3176//3176 3190//3190 3163//3163
f 3726//3726 2354//2354 3314//3314
f 3148//3148 3161//3161 3147//3147
f 3161//3161 3175//3175 3147//3147
f 2846//2846 3145//3145 3173//3173
f 3206//3206 3220//3220 3175//3175
f 4278//4278 3448//3448 3473//3473
f 4779//4779 4799//4799 4740//4740
f 2227//2227 2243//2243 2212//2212
f 2368//2368 2379//2379 2367//2367
f 3457//3457 827//827 3458//3458
f 2881//2881 2914//2914 3188//3188
f 4410//4410 3362//3362 4401//4401
f 3693//3693 3262//3262 3501//3501
f 2278//2278 51//51 950//950
f 4283//4283 1373//1373 5047//5047
f 2107//2107 2084//2084 2128//2128
f 2333//2333 2368//2368 2317//2317
f 2107//2107 1181//1181 2084//2084
f 1181//1181 2107//2107 2266//2266
f 3579//3579 1983//1983 2567//2567
f 2258//2258 2291//2291 2257//2257
f 2122//2122 2121//2121 2081//2081
f 2185//2185 2201//2201 2167//2167
f 2201//2201 2200//2200 2167//2167
f 2430//2430 442//442 2429//2429
f 2019//2019 2036//2036 2018//2018
f 125//125 2633//2633 594//594
f 1846//1846 900//900 2150//2150
f 1399//1399 2047//2047 3013//3013
f 2241//2241 2240//2240 2209//2209
f 4216//4216 4233//4233 4250//4250
f 4289//4289 4335//4335 4306//4306
f 3207//3207 3253//3253 3206//3206
f 2080//2080 2079//2079 2053//2053
f 2423//2423 2449//2449 2432//2432
f 1314//1314 2250//2250 1104//1104
f 2266//2266 2108//2108 2222//2222
f 2108//2108 2072//2072 2222//2222
f 2255//2255 2210//2210 3682//3682
f 801//801 2414//2414 1088//1088
f 2053//2053 2079//2079 2052//2052
f 4214//4214 4278//4278 3473//3473
f 3173//3173 3189//3189 2882//2882
f 3372//3372 2713//2713 1983//1983
f 2372//2372 2382//2382 1446//1446
f 2917//2917 3737//3737 2148//2148
f 1691//1691 2502//2502 2497//2497
f 2039//2039 2021//2021 4421//4421
f 2229//2229 2258//2258 2228//2228
f 2054//2054 2053//2053 2036//2036
f 2018//2018 2035//2035 2017//2017
f 2305//2305 2304//2304 2274//2274
f 2053//2053 2052//2052 2035//2035
f 1858//1858 1089//1089 1781//1781
f 1810//1810 818//818 227//227
f 2080//2080 2098//2098 2079//2079
f 2276//2276 2306//2306 2275//2275
f 3856//3856 3791//3791 4409//4409
f 935//935 2103//2103 2044//2044
f 2713//2713 2577//2577 3312//3312
f 934//934 1786//1786 362//362
f 1484//1484 1726//1726 1717//1717
f 2086//2086 1687//1687 1577//1577
f 3728//3728 3729//3729 2414//2414
f 1648//1648 2278//2278 950//950
f 1882//1882 1940//1940 1917//1917
f 2379//2379 2423//2423 2410//2410
f 2099//2099 2165//2165 3362//3362
f 2333//2333 2307//2307 2308//2308
f 2403//2403 64//64 1982//1982
f 3401//3401 5059//5059 5106//5106
f 1023//1023 998//998 1934//1934
f 567//567 83//83 124//124
f 4643//4643 4622//4622 4607//4607
f 2306//2306 2316//2316 2275//2275
f 2108//2108 542//542 2072//2072
f 2130//2130 2091//2091 2051//2051
f 4408//4408 3857//3857 3865//3865
f 887//887 2522//2522 991//991
f 2317//2317 2368//2368 2367//2367
f 2447//2447 2468//2468 1663//1663
f 2039//2039 4421//4421 4409//4409
f 678//678 20//20 1962//1962
f 1949//1949 679//679 1960//1960
f 2177//2177 1577//1577 1989//1989
f 3944//3944 3711//3711 3975//3975
f 2247//2247 2325//2325 3286//3286
f 2291//2291 2317//2317 2257//2257
f 3856//3856 3865//3865 3844//3844
f 1448//1448 2135//2135 5116//5116
f 1951//1951 1996//1996 2107//2107
f 1940//1940 1949//1949 1917//1917
f 679//679 2403//2403 1982//1982
f 83//83 869//869 124//124
f 83//83 232//232 869//869
f 3856//3856 3844//3844 3791//3791
f 1163//1163 1962//1962 479//479
f 2846//2846 3173//3173 2882//2882
f 2202//2202 2185//2185 2168//2168
f 533//533 2086//2086 1577//1577
f 2145//2145 2121//2121 2122//2122
f 2398//2398 2430//2430 2397//2397
f 2276//2276 2275//2275 2227//2227
f 2304//2304 2592//2592 2274//2274
f 2900//2900 2882//2882 2915//2915
f 3618//3618 1910//1910 1654//1654
f 2426//2426 667//667 1271//1271
f 1672//1672 2643//2643 2583//2583
f 1988//1988 1982//1982 64//64
f 1258//1258 567//567 64//64
f 227//227 818//818 1596//1596
f 1989//1989 1577//1577 1452//1452
f 854//854 48//48 897//897
f 821//821 1594//1594 513//513
f 2075//2075 2116//2116 2095//2095
f 4408//4408 3865//3865 3856//3856
f 2124//2124 2153//2153 2123//2123
f 847//847 1991//1991 542//542
f 1104//1104 296//296 327//327
f 1896//1896 2177//2177 1900//1900
f 533//533 1577//1577 2177//2177
f 533//533 2129//2129 2086//2086
f 2086//2086 2129//2129 547//547
f 2274//2274 2592//2592 3815//3815
f 2908//2908 1701//1701 2842//2842
f 3752//3752 3799//3799 3717//3717
f 2082//2082 2124//2124 2081//2081
f 4430//4430 4443//4443 4442//4442
f 1314//1314 1104//1104 327//327
f 801//801 3976//3976 3728//3728
f 1940//1940 2460//2460 679//679
f 2460//2460 129//129 679//679
f 129//129 2403//2403 679//679
f 1258//1258 64//64 2403//2403
f 2659//2659 2675//2675 2642//2642
f 1565//1565 295//295 4826//4826
f 1508//1508 1976//1976 1922//1922
f 735//735 533//533 2177//2177
f 533//533 735//735 2129//2129
f 2179//2179 547//547 2129//2129
f 2304//2304 2331//2331 2330//2330
f 2882//2882 2863//2863 2846//2846
f 3180//3180 55//55 887//887
f 1726//1726 1630//1630 2190//2190
f 442//442 2462//2462 2429//2429
f 2201//2201 2227//2227 2200//2200
f 2081//2081 2121//2121 2080//2080
f 2285//2285 1211//1211 2043//2043
f 1210//1210 2104//2104 2114//2114
f 2266//2266 2156//2156 2108//2108
f 1443//1443 1444//1444 1468//1468
f 129//129 299//299 2403//2403
f 299//299 1258//1258 2403//2403
f 125//125 566//566 232//232
f 513//513 797//797 1998//1998
f 1896//1896 735//735 2177//2177
f 735//735 1886//1886 2129//2129
f 1566//1566 4764//4764 4733//4733
f 1870//1870 3565//3565 3550//3550
f 2092//2092 1647//1647 1872//1872
f 1918//1918 2460//2460 1940//1940
f 797//797 567//567 1258//1258
f 797//797 83//83 567//567
f 125//125 232//232 83//83
f 2111//2111 1213//1213 1922//1922
f 2270//2270 2300//2300 2269//2269
f 48//48 1213//1213 2111//2111
f 2780//2780 2982//2982 4388//4388
f 4394//4394 2780//2780 4388//4388
f 5100//5100 2107//2107 2128//2128
f 1886//1886 480//480 2129//2129
f 3729//3729 3715//3715 2508//2508
f 1023//1023 1022//1022 998//998
f 2159//2159 2194//2194 1643//1643
f 2331//2331 2376//2376 2330//2330
f 2089//2089 1088//1088 2174//2174
f 2070//2070 2082//2082 2055//2055
f 1744//1744 504//504 474//474
f 1677//1677 129//129 2460//2460
f 1677//1677 299//299 129//129
f 125//125 662//662 566//566
f 2095//2095 2116//2116 2140//2140
f 2075//2075 2095//2095 2066//2066
f 2823//2823 2074//2074 2897//2897
f 166//166 542//542 2108//2108
f 2156//2156 166//166 2108//2108
f 166//166 847//847 542//542
f 2376//2376 2397//2397 2375//2375
f 618//618 367//367 896//896
f 2284//2284 735//735 1896//1896
f 2284//2284 1886//1886 735//735
f 2420//2420 2446//2446 1929//1929
f 3744//3744 3725//3725 3033//3033
f 2094//2094 2139//2139 1566//1566
f 2139//2139 2159//2159 1566//1566
f 2194//2194 2195//2195 1736//1736
f 2239//2239 2268//2268 1736//1736
f 1736//1736 2268//2268 1765//1765
f 2268//2268 1802//1802 1765//1765
f 2208//2208 299//299 1677//1677
f 513//513 1594//1594 797//797
f 2300//2300 2314//2314 2269//2269
f 3993//3993 3641//3641 3243//3243
f 1703//1703 32//32 130//130
f 2111//2111 1896//1896 2251//2251
f 2111//2111 2284//2284 1896//1896
f 587//587 95//95 1068//1068
f 2177//2177 1989//1989 1900//1900
f 1616//1616 1888//1888 2131//2131
f 2181//2181 2195//2195 2194//2194
f 2159//2159 2181//2181 2194//2194
f 2195//2195 2239//2239 1736//1736
f 872//872 586//586 615//615
f 1705//1705 2107//2107 1996//1996
f 2146//2146 2124//2124 2070//2070
f 32//32 1647//1647 815//815
f 2208//2208 1998//1998 299//299
f 1998//1998 1258//1258 299//299
f 797//797 125//125 83//83
f 2240//2240 2270//2270 2269//2269
f 821//821 394//394 1594//1594
f 1931//1931 1577//1577 1687//1687
f 1495//1495 1471//1471 2047//2047
f 2049//2049 2067//2067 2048//2048
f 1471//1471 1495//1495 712//712
f 1960//1960 679//679 1982//1982
f 2982//2982 1471//1471 712//712
f 2266//2266 1705//1705 2156//2156
f 2157//2157 2105//2105 2279//2279
f 272//272 3023//3023 306//306
f 1929//1929 1677//1677 2460//2460
f 1594//1594 125//125 797//797
f 2091//2091 2110//2110 1605//1605
f 445//445 821//821 513//513
f 3548//3548 3564//3564 3536//3536
f 2089//2089 2042//2042 1088//1088
f 647//647 2157//2157 2279//2279
f 3728//3728 2414//2414 801//801
f 2284//2284 2111//2111 1886//1886
f 1886//1886 2111//2111 480//480
f 4388//4388 2982//2982 3602//3602
f 2094//2094 2095//2095 2139//2139
f 2239//2239 2269//2269 2268//2268
f 2269//2269 2314//2314 2268//2268
f 2314//2314 1802//1802 2268//2268
f 2314//2314 1826//1826 1802//1802
f 232//232 624//624 869//869
f 2813//2813 2790//2790 3127//3127
f 4376//4376 4108//4108 4219//4219
f 1683//1683 2208//2208 1677//1677
f 1998//1998 797//797 1258//1258
f 1683//1683 445//445 2208//2208
f 2446//2446 1683//1683 1929//1929
f 1369//1369 1130//1130 577//577
f 1944//1944 2251//2251 108//108
f 1944//1944 897//897 2251//2251
f 48//48 2111//2111 2251//2251
f 897//897 48//48 2251//2251
f 2111//2111 1922//1922 480//480
f 2066//2066 2095//2095 2094//2094
f 4662//4662 2066//2066 2094//2094
f 2095//2095 2140//2140 2139//2139
f 2140//2140 2160//2160 2159//2159
f 2139//2139 2140//2140 2159//2159
f 2159//2159 2160//2160 2181//2181
f 2181//2181 2209//2209 2195//2195
f 2195//2195 2209//2209 2239//2239
f 1537//1537 1293//1293 1605//1605
f 2564//2564 1191//1191 1110//1110
f 1090//1090 881//881 875//875
f 2603//2603 2565//2565 534//534
f 400//400 1090//1090 1165//1165
f 400//400 1165//1165 1048//1048
f 1090//1090 837//837 1165//1165
f 2515//2515 1193//1193 67//67
f 67//67 179//179 2498//2498
f 534//534 1240//1240 2540//2540
f 238//238 177//177 365//365
f 2512//2512 2511//2511 2493//2493
f 2488//2488 2493//2493 2486//2486
f 2481//2481 2486//2486 2062//2062
f 395//395 118//118 2526//2526
f 467//467 927//927 176//176
f 2501//2501 2513//2513 2535//2535
f 2560//2560 2536//2536 2586//2586
f 1279//1279 62//62 256//256
f 2895//2895 2682//2682 2663//2663
f 2536//2536 2561//2561 2586//2586
f 3202//3202 3201//3201 5110//5110
f 2477//2477 120//120 1137//1137
f 238//238 268//268 335//335
f 2488//2488 2512//2512 2493//2493
f 523//523 265//265 298//298
f 2649//2649 2640//2640 2682//2682
f 2665//2665 1825//1825 1826//1826
f 520//520 969//969 65//65
f 2374//2374 2546//2546 1149//1149
f 200//200 1177//1177 1508//1508
f 3480//3480 3492//3492 3466//3466
f 2394//2394 2395//2395 2408//2408
f 868//868 593//593 895//895
f 5//5 1686//1686 624//624
f 1792//1792 1802//1802 1826//1826
f 1432//1432 2530//2530 2543//2543
f 2493//2493 847//847 2062//2062
f 2486//2486 2493//2493 2062//2062
f 3028//3028 556//556 582//582
f 2301//2301 2360//2360 2359//2359
f 2629//2629 2650//2650 2665//2665
f 2359//2359 2629//2629 2665//2665
f 2650//2650 2683//2683 2665//2665
f 2683//2683 1825//1825 2665//2665
f 359//359 294//294 295//295
f 2309//2309 1271//1271 55//55
f 2689//2689 691//691 36//36
f 156//156 2820//2820 2821//2821
f 2360//2360 2604//2604 2359//2359
f 2604//2604 2629//2629 2359//2359
f 2701//2701 1825//1825 2683//2683
f 1294//1294 119//119 197//197
f 691//691 276//276 36//36
f 1416//1416 134//134 1441//1441
f 2360//2360 2587//2587 2604//2604
f 2629//2629 2651//2651 2650//2650
f 2650//2650 2651//2651 2683//2683
f 1296//1296 4839//4839 3022//3022
f 2531//2531 2543//2543 2530//2530
f 912//912 59//59 700//700
f 2314//2314 2359//2359 1826//1826
f 2605//2605 2629//2629 2604//2604
f 2651//2651 2671//2671 2683//2683
f 2683//2683 2671//2671 2701//2701
f 3786//3786 3117//3117 3154//3154
f 458//458 1294//1294 399//399
f 434//434 458//458 399//399
f 863//863 1027//1027 912//912
f 2897//2897 2363//2363 2770//2770
f 2605//2605 2604//2604 2587//2587
f 2605//2605 2651//2651 2629//2629
f 2671//2671 2702//2702 2701//2701
f 2701//2701 2702//2702 769//769
f 3798//3798 2587//2587 2361//2361
f 5072//5072 5105//5105 5089//5089
f 178//178 304//304 1002//1002
f 1002//1002 304//304 822//822
f 5106//5106 5059//5059 5064//5064
f 2596//2596 2605//2605 2587//2587
f 2616//2616 2651//2651 2605//2605
f 2702//2702 2709//2709 769//769
f 769//769 2709//2709 635//635
f 5115//5115 2393//2393 2467//2467
f 800//800 458//458 434//434
f 68//68 800//800 434//434
f 822//822 304//304 2564//2564
f 1110//1110 1191//1191 2528//2528
f 3238//3238 3269//3269 3251//3251
f 2815//2815 3163//3163 2767//2767
f 4278//4278 4288//4288 3448//3448
f 3692//3692 2596//2596 2587//2587
f 2616//2616 2605//2605 2596//2596
f 2652//2652 2651//2651 2616//2616
f 2652//2652 2671//2671 2651//2651
f 2652//2652 2684//2684 2671//2671
f 2671//2671 2684//2684 2702//2702
f 769//769 676//676 738//738
f 291//291 754//754 756//756
f 1918//1918 1940//1940 1883//1883
f 2471//2471 740//740 707//707
f 2653//2653 2652//2652 2616//2616
f 2684//2684 2709//2709 2702//2702
f 755//755 1844//1844 767//767
f 214//214 669//669 800//800
f 902//902 4375//4375 3599//3599
f 875//875 366//366 68//68
f 1194//1194 428//428 1110//1110
f 428//428 2476//2476 2565//2565
f 2476//2476 534//534 2565//2565
f 2404//2404 5078//5078 1210//1210
f 2617//2617 2616//2616 2596//2596
f 2617//2617 2653//2653 2616//2616
f 2653//2653 2672//2672 2652//2652
f 2652//2652 2672//2672 2684//2684
f 755//755 2709//2709 2684//2684
f 2672//2672 755//755 2684//2684
f 755//755 767//767 2709//2709
f 1090//1090 400//400 881//881
f 1189//1189 2514//2514 2912//2912
f 38//38 634//634 28//28
f 1090//1090 875//875 837//837
f 3208//3208 3207//3207 3190//3190
f 2653//2653 2654//2654 2672//2672
f 2654//2654 2685//2685 2672//2672
f 1866//1866 755//755 2672//2672
f 2685//2685 1866//1866 2672//2672
f 1189//1189 1108//1108 771//771
f 1240//1240 927//927 467//467
f 289//289 1534//1534 674//674
f 1314//1314 2442//2442 1159//1159
f 3686//3686 2617//2617 2596//2596
f 2617//2617 2654//2654 2653//2653
f 2654//2654 2673//2673 2685//2685
f 754//754 901//901 756//756
f 2508//2508 2517//2517 422//422
f 1673//1673 7//7 1381//1381
f 1918//1918 1866//1866 2673//2673
f 2814//2814 3163//3163 3148//3148
f 2546//2546 674//674 2303//2303
f 2617//2617 2630//2630 2654//2654
f 2630//2630 2673//2673 2654//2654
f 2685//2685 2673//2673 1866//1866
f 519//519 1530//1530 547//547
f 2517//2517 1527//1527 422//422
f 2524//2524 1137//1137 3723//3723
f 1395//1395 653//653 2722//2722
f 2546//2546 2303//2303 1149//1149
f 3639//3639 3078//3078 3081//3081
f 2630//2630 2419//2419 2673//2673
f 3146//3146 3205//3205 3174//3174
f 2286//2286 1521//1521 3481//3481
f 1708//1708 2483//2483 1862//1862
f 3207//3207 2928//2928 3253//3253
f 2630//2630 2420//2420 2419//2419
f 5//5 1409//1409 1686//1686
f 1929//1929 1918//1918 2673//2673
f 2511//2511 2534//2534 1991//1991
f 2408//2408 2421//2421 2420//2420
f 1002//1002 822//822 520//520
f 2044//2044 2103//2103 2126//2126
f 3389//3389 2286//2286 3458//3458
f 3837//3837 207//207 639//639
f 825//825 110//110 128//128
f 1846//1846 2253//2253 900//900
f 1333//1333 1334//1334 1833//1833
f 3245//3245 3261//3261 3244//3244
f 901//901 2494//2494 823//823
f 207//207 76//76 639//639
f 267//267 153//153 276//276
f 267//267 178//178 270//270
f 153//153 267//267 270//270
f 2602//2602 2662//2662 2628//2628
f 2584//2584 2602//2602 2628//2628
f 26//26 460//460 2632//2632
f 1218//1218 938//938 37//37
f 2062//2062 3854//3854 2478//2478
f 1091//1091 1070//1070 520//520
f 110//110 45//45 128//128
f 3128//3128 3127//3127 2790//2790
f 748//748 3679//3679 778//778
f 137//137 966//966 2515//2515
f 520//520 65//65 1137//1137
f 4218//4218 4233//4233 4217//4217
f 45//45 262//262 128//128
f 2534//2534 2533//2533 1991//1991
f 1195//1195 2475//2475 2480//2480
f 669//669 467//467 458//458
f 237//237 45//45 761//761
f 534//534 2620//2620 1240//1240
f 966//966 1193//1193 2515//2515
f 2615//2615 2586//2586 2649//2649
f 2988//2988 2989//2989 597//597
f 78//78 303//303 26//26
f 78//78 14//14 154//154
f 37//37 78//78 154//154
f 1976//1976 1177//1177 446//446
f 1177//1177 756//756 446//446
f 847//847 2511//2511 1991//1991
f 3579//3579 2567//2567 817//817
f 1539//1539 2571//2571 1511//1511
f 456//456 2969//2969 2974//2974
f 2498//2498 179//179 2//2
f 2527//2527 2582//2582 896//896
f 2655//2655 235//235 918//918
f 1196//1196 2540//2540 214//214
f 1195//1195 1437//1437 2475//2475
f 1437//1437 2656//2656 2475//2475
f 2586//2586 2640//2640 2649//2649
f 1666//1666 169//169 794//794
f 1002//1002 520//520 1070//1070
f 2524//2524 2505//2505 1091//1091
f 2507//2507 147//147 2//2
f 146//146 236//236 2537//2537
f 2572//2572 2585//2585 2602//2602
f 2559//2559 2572//2572 2533//2533
f 235//235 917//917 918//918
f 2655//2655 918//918 2606//2606
f 881//881 1196//1196 214//214
f 2487//2487 2490//2490 2489//2489
f 145//145 120//120 107//107
f 2689//2689 2700//2700 691//691
f 2//2 147//147 1279//1279
f 108//108 2251//2251 2191//2191
f 2603//2603 543//543 2477//2477
f 2506//2506 1506//1506 198//198
f 235//235 1370//1370 917//917
f 509//509 2655//2655 2606//2606
f 967//967 509//509 2606//2606
f 26//26 509//509 460//460
f 247//247 154//154 1804//1804
f 118//118 2606//2606 338//338
f 78//78 26//26 14//14
f 1437//1437 312//312 2656//2656
f 2535//2535 2536//2536 2560//2560
f 2493//2493 2511//2511 847//847
f 1048//1048 1165//1165 2500//2500
f 1257//1257 838//838 763//763
f 3016//3016 631//631 597//597
f 4220//4220 3702//3702 5052//5052
f 2499//2499 428//428 1194//1194
f 2499//2499 2476//2476 428//428
f 2589//2589 3080//3080 2520//2520
f 460//460 509//509 967//967
f 967//967 2606//2606 118//118
f 1279//1279 147//147 62//62
f 179//179 2507//2507 2//2
f 2405//2405 3215//3215 2373//2373
f 3459//3459 3215//3215 2405//2405
f 2476//2476 2620//2620 534//534
f 5115//5115 5104//5104 5057//5057
f 2620//2620 927//927 1240//1240
f 2488//2488 2486//2486 2481//2481
f 901//901 2612//2612 2494//2494
f 236//236 2599//2599 2537//2537
f 656//656 38//38 1437//1437
f 126//126 771//771 2619//2619
f 1370//1370 1671//1671 917//917
f 247//247 37//37 154//154
f 260//260 761//761 2514//2514
f 2597//2597 2130//2130 656//656
f 2130//2130 634//634 656//656
f 643//643 169//169 1921//1921
f 399//399 1294//1294 197//197
f 1279//1279 256//256 33//33
f 2491//2491 2496//2496 2490//2490
f 2602//2602 2585//2585 2615//2615
f 490//490 2498//2498 99//99
f 1195//1195 656//656 1437//1437
f 460//460 967//967 118//118
f 26//26 2632//2632 187//187
f 2606//2606 918//918 338//338
f 37//37 303//303 78//78
f 1370//1370 1506//1506 1671//1671
f 105//105 265//265 649//649
f 79//79 177//177 405//405
f 875//875 68//68 179//179
f 156//156 188//188 2852//2852
f 2516//2516 1138//1138 395//395
f 2485//2485 2487//2487 2484//2484
f 994//994 1977//1977 1044//1044
f 338//338 918//918 2527//2527
f 198//198 108//108 2506//2506
f 186//186 4//4 462//462
f 1166//1166 466//466 508//508
f 3021//3021 2708//2708 2952//2952
f 47//47 3338//3338 55//55
f 2627//2627 2670//2670 2689//2689
f 2670//2670 2700//2700 2689//2689
f 1922//1922 1976//1976 480//480
f 700//700 56//56 863//863
f 1001//1001 264//264 263//263
f 1158//1158 1143//1143 1144//1144
f 3199//3199 2924//2924 3234//3234
f 1293//1293 5086//5086 2457//2457
f 2247//2247 1860//1860 2015//2015
f 2482//2482 2484//2484 2481//2481
f 2467//2467 5113//5113 5097//5097
f 271//271 2887//2887 2868//2868
f 2641//2641 1177//1177 2619//2619
f 2477//2477 543//543 400//400
f 2618//2618 459//459 291//291
f 837//837 875//875 406//406
f 2585//2585 2586//2586 2615//2615
f 656//656 634//634 38//38
f 1432//1432 1629//1629 1527//1527
f 1495//1495 2047//2047 1399//1399
f 3508//3508 3522//3522 3521//3521
f 2598//2598 235//235 2655//2655
f 2598//2598 28//28 198//198
f 1070//1070 1091//1091 365//365
f 1189//1189 2912//2912 1108//1108
f 1108//1108 144//144 771//771
f 144//144 459//459 2618//2618
f 771//771 144//144 2618//2618
f 459//459 2500//2500 291//291
f 899//899 837//837 406//406
f 782//782 276//276 691//691
f 2700//2700 782//782 691//691
f 782//782 267//267 276//276
f 2500//2500 754//754 291//291
f 2559//2559 2585//2585 2572//2572
f 863//863 110//110 825//825
f 2475//2475 2656//2656 509//509
f 623//623 677//677 591//591
f 405//405 177//177 238//238
f 3314//3314 2088//2088 2719//2719
f 28//28 108//108 198//198
f 458//458 467//467 981//981
f 1165//1165 966//966 2500//2500
f 366//366 214//214 800//800
f 267//267 106//106 178//178
f 56//56 110//110 863//863
f 668//668 2494//2494 2523//2523
f 26//26 187//187 14//14
f 187//187 2632//2632 236//236
f 2619//2619 1177//1177 200//200
f 1929//1929 2673//2673 2419//2419
f 509//509 2656//2656 2655//2655
f 2656//2656 2598//2598 2655//2655
f 312//312 28//28 2598//2598
f 1193//1193 406//406 67//67
f 178//178 148//148 304//304
f 966//966 899//899 1193//1193
f 2187//2187 3754//3754 2425//2425
f 177//177 269//269 365//365
f 2286//2286 3481//3481 3458//3458
f 3128//3128 3146//3146 3127//3127
f 2599//2599 2632//2632 1138//1138
f 1832//1832 1487//1487 142//142
f 2481//2481 2062//2062 2478//2478
f 137//137 2612//2612 754//754
f 406//406 179//179 67//67
f 145//145 107//107 404//404
f 120//120 1048//1048 107//107
f 3215//3215 2918//2918 927//927
f 47//47 1379//1379 3338//3338
f 1379//1379 1884//1884 2319//2319
f 3338//3338 1379//1379 2319//2319
f 1511//1511 1850//1850 1539//1539
f 269//269 1070//1070 365//365
f 543//543 1196//1196 881//881
f 2632//2632 460//460 1138//1138
f 1138//1138 460//460 118//118
f 1884//1884 1631//1631 2319//2319
f 2319//2319 1631//1631 11//11
f 2//2 33//33 99//99
f 3589//3589 3611//3611 3610//3610
f 11//11 1631//1631 2254//2254
f 3338//3338 2309//2309 55//55
f 2620//2620 2373//2373 927//927
f 2191//2191 1896//1896 1900//1900
f 2517//2517 2531//2531 2530//2530
f 232//232 566//566 624//624
f 14//14 187//187 186//186
f 2501//2501 2512//2512 2488//2488
f 478//478 2096//2096 2024//2024
f 1381//1381 204//204 1481//1481
f 2572//2572 2602//2602 2584//2584
f 2949//2949 90//90 2254//2254
f 981//981 119//119 1294//1294
f 268//268 1091//1091 2505//2505
f 2290//2290 2221//2221 1739//1739
f 4463//4463 4494//4494 4480//4480
f 2537//2537 2599//2599 433//433
f 2477//2477 400//400 1048//1048
f 76//76 303//303 37//37
f 338//338 367//367 838//838
f 814//814 1652//1652 704//704
f 4375//4375 3592//3592 3599//3599
f 763//763 838//838 367//367
f 3207//3207 3239//3239 2928//2928
f 2533//2533 2572//2572 2584//2584
f 2638//2638 2374//2374 1149//1149
f 1019//1019 2698//2698 2707//2707
f 2675//2675 2703//2703 2658//2658
f 434//434 399//399 2507//2507
f 179//179 434//434 2507//2507
f 433//433 2516//2516 722//722
f 198//198 1370//1370 235//235
f 918//918 917//917 2527//2527
f 1187//1187 375//375 845//845
f 2540//2540 669//669 214//214
f 394//394 57//57 2633//2633
f 100//100 624//624 566//566
f 65//65 2529//2529 2603//2603
f 68//68 434//434 179//179
f 370//370 429//429 369//369
f 406//406 875//875 2492//2492
f 875//875 179//179 2492//2492
f 271//271 305//305 2887//2887
f 472//472 498//498 471//471
f 2051//2051 1944//1944 634//634
f 520//520 822//822 969//969
f 338//338 2527//2527 367//367
f 969//969 2529//2529 65//65
f 1424//1424 302//302 264//264
f 493//493 186//186 462//462
f 1976//1976 2179//2179 480//480
f 966//966 137//137 754//754
f 2662//2662 2649//2649 2681//2681
f 3812//3812 2597//2597 1//1
f 2633//2633 2657//2657 594//594
f 594//594 2710//2710 662//662
f 2710//2710 100//100 662//662
f 662//662 100//100 566//566
f 1211//1211 36//36 277//277
f 2475//2475 509//509 26//26
f 639//639 76//76 938//938
f 106//106 148//148 178//178
f 2707//2707 2699//2699 700//700
f 966//966 1165//1165 899//899
f 3222//3222 2663//2663 2867//2867
f 2526//2526 838//838 1257//1257
f 2309//2309 2426//2426 1271//1271
f 646//646 2633//2633 57//57
f 100//100 996//996 624//624
f 996//996 5//5 624//624
f 2626//2626 2647//2647 2625//2625
f 756//756 901//901 446//446
f 1165//1165 837//837 899//899
f 767//767 635//635 2709//2709
f 2499//2499 2552//2552 2476//2476
f 1048//1048 2500//2500 459//459
f 2603//2603 2477//2477 65//65
f 2526//2526 1257//1257 375//375
f 646//646 895//895 2633//2633
f 594//594 2657//2657 2710//2710
f 303//303 2475//2475 26//26
f 5075//5075 5052//5052 5055//5055
f 198//198 1506//1506 1370//1370
f 338//338 838//838 2526//2526
f 2511//2511 2512//2512 2534//2534
f 875//875 881//881 366//366
f 2523//2523 67//67 968//968
f 107//107 1048//1048 459//459
f 2476//2476 2551//2551 2620//2620
f 2620//2620 2551//2551 2373//2373
f 4150//4150 4198//4198 4138//4138
f 895//895 2657//2657 2633//2633
f 2976//2976 2402//2402 2971//2971
f 2523//2523 968//968 2519//2519
f 669//669 458//458 800//800
f 2512//2512 2559//2559 2534//2534
f 1193//1193 899//899 406//406
f 51//51 2278//2278 516//516
f 2490//2490 2496//2496 2513//2513
f 2//2 1279//1279 33//33
f 166//166 1126//1126 847//847
f 1644//1644 2457//2457 5086//5086
f 1130//1130 477//477 577//577
f 2627//2627 2220//2220 2105//2105
f 895//895 2621//2621 2657//2657
f 93//93 5//5 996//996
f 1398//1398 1409//1409 5//5
f 93//93 1398//1398 5//5
f 4111//4111 4112//4112 4135//4135
f 5082//5082 5111//5111 5079//5079
f 938//938 76//76 37//37
f 917//917 1671//1671 2582//2582
f 917//917 2582//2582 2527//2527
f 263//263 2698//2698 233//233
f 2252//2252 263//263 264//264
f 405//405 1211//1211 277//277
f 520//520 1137//1137 2524//2524
f 406//406 2492//2492 179//179
f 404//404 107//107 144//144
f 2611//2611 404//404 144//144
f 1398//1398 1678//1678 1409//1409
f 2220//2220 2627//2627 2689//2689
f 2621//2621 2667//2667 2657//2657
f 2667//2667 721//721 2710//2710
f 2657//2657 2667//2667 2710//2710
f 2710//2710 721//721 100//100
f 100//100 1020//1020 996//996
f 2484//2484 2488//2488 2481//2481
f 2831//2831 2832//2832 2881//2881
f 2519//2519 968//968 490//490
f 312//312 2598//2598 2656//2656
f 2598//2598 198//198 235//235
f 2516//2516 395//395 2686//2686
f 370//370 369//369 340//340
f 3127//3127 3146//3146 2813//2813
f 458//458 981//981 1294//1294
f 2678//2678 2321//2321 39//39
f 126//126 260//260 1189//1189
f 100//100 721//721 138//138
f 100//100 138//138 1020//1020
f 1020//1020 93//93 996//996
f 69//69 1256//1256 1465//1465
f 263//263 2688//2688 2698//2698
f 722//722 2516//2516 2686//2686
f 187//187 236//236 4//4
f 761//761 44//44 237//237
f 3129//3129 3148//3148 3128//3128
f 65//65 2477//2477 1137//1137
f 968//968 67//67 2498//2498
f 399//399 197//197 147//147
f 1823//1823 2590//2590 895//895
f 593//593 1823//1823 895//895
f 895//895 2590//2590 2621//2621
f 2621//2621 2634//2634 2667//2667
f 1390//1390 1398//1398 93//93
f 2649//2649 2682//2682 2691//2691
f 2480//2480 2475//2475 303//303
f 2690//2690 2700//2700 2670//2670
f 2690//2690 782//782 2700//2700
f 3162//3162 3161//3161 3148//3148
f 203//203 93//93 1020//1020
f 203//203 1390//1390 93//93
f 467//467 176//176 981//981
f 1437//1437 38//38 312//312
f 782//782 106//106 267//267
f 51//51 516//516 3254//3254
f 2667//2667 2668//2668 721//721
f 721//721 2692//2692 138//138
f 207//207 2480//2480 76//76
f 2480//2480 303//303 76//76
f 2586//2586 2561//2561 456//456
f 968//968 2498//2498 490//490
f 238//238 365//365 268//268
f 148//148 3000//3000 304//304
f 446//446 823//823 1976//1976
f 2494//2494 2515//2515 2523//2523
f 4788//4788 4764//4764 1548//1548
f 2590//2590 2634//2634 2621//2621
f 2634//2634 2668//2668 2667//2667
f 2692//2692 1020//1020 138//138
f 203//203 1029//1029 1390//1390
f 4//4 461//461 462//462
f 754//754 2612//2612 901//901
f 4778//4778 4829//4829 4828//4828
f 2523//2523 2515//2515 67//67
f 2500//2500 966//966 754//754
f 2867//2867 456//456 2951//2951
f 1648//1648 950//950 2207//2207
f 326//326 2622//2622 2634//2634
f 2590//2590 326//326 2634//2634
f 721//721 2668//2668 2692//2692
f 2692//2692 579//579 1020//1020
f 579//579 880//880 1020//1020
f 880//880 203//203 1020//1020
f 277//277 79//79 405//405
f 2487//2487 3827//3827 2715//2715
f 3036//3036 2860//2860 1227//1227
f 2884//2884 2870//2870 2903//2903
f 823//823 668//668 519//519
f 3285//3285 3308//3308 3297//3297
f 3308//3308 3327//3327 3307//3307
f 2634//2634 2622//2622 2668//2668
f 1029//1029 203//203 880//880
f 119//119 981//981 176//176
f 126//126 1189//1189 771//771
f 108//108 2191//2191 2483//2483
f 59//59 60//60 1019//1019
f 3076//3076 4213//4213 537//537
f 2191//2191 1862//1862 2483//2483
f 1396//1396 1964//1964 2721//2721
f 3834//3834 3966//3966 743//743
f 2668//2668 2674//2674 2692//2692
f 579//579 601//601 880//880
f 311//311 826//826 215//215
f 4946//4946 5059//5059 4789//4789
f 490//490 425//425 392//392
f 2519//2519 490//490 392//392
f 1158//1158 1482//1482 578//578
f 3161//3161 3206//3206 3175//3175
f 80//80 256//256 34//34
f 355//355 2071//2071 1232//1232
f 144//144 107//107 459//459
f 1331//1331 5080//5080 5072//5072
f 4363//4363 4388//4388 3554//3554
f 4395//4395 654//654 4394//4394
f 326//326 2600//2600 2622//2622
f 601//601 18//18 880//880
f 160//160 880//880 18//18
f 160//160 1029//1029 880//880
f 2541//2541 122//122 1029//1029
f 2541//2541 69//69 122//122
f 28//28 1944//1944 108//108
f 2542//2542 2611//2611 144//144
f 3658//3658 3975//3975 3711//3711
f 2519//2519 392//392 668//668
f 2575//2575 2549//2549 355//355
f 3547//3547 3535//3535 3562//3562
f 327//327 2967//2967 2442//2442
f 3562//3562 3575//3575 3574//3574
f 3414//3414 3427//3427 3413//3413
f 2600//2600 2635//2635 2622//2622
f 2622//2622 2635//2635 2668//2668
f 2668//2668 2635//2635 2674//2674
f 2692//2692 601//601 579//579
f 23//23 18//18 601//601
f 160//160 2541//2541 1029//1029
f 2530//2530 1527//1527 2517//2517
f 2214//2214 454//454 3742//3742
f 2501//2501 2535//2535 2512//2512
f 2073//2073 2455//2455 2627//2627
f 1253//1253 1233//1233 1254//1254
f 1482//1482 489//489 578//578
f 378//378 409//409 497//497
f 1233//1233 1253//1253 1482//1482
f 3534//3534 3535//3535 3547//3547
f 2674//2674 2687//2687 2692//2692
f 2692//2692 2687//2687 601//601
f 160//160 2503//2503 2541//2541
f 29//29 1256//1256 69//69
f 1889//1889 532//532 1999//1999
f 2597//2597 2480//2480 207//207
f 1//1 2597//2597 207//207
f 1999//1999 532//532 732//732
f 504//504 473//473 474//474
f 2627//2627 2614//2614 2670//2670
f 1253//1253 799//799 1482//1482
f 4376//4376 5086//5086 1293//1293
f 489//489 215//215 578//578
f 578//578 215//215 208//208
f 1468//1468 1444//1444 1491//1491
f 18//18 23//23 160//160
f 2503//2503 29//29 69//69
f 2541//2541 2503//2503 69//69
f 1272//1272 1253//1253 1254//1254
f 2507//2507 399//399 147//147
f 5059//5059 4946//4946 5108//5108
f 2502//2502 2589//2589 2520//2520
f 1396//1396 5107//5107 5083//5083
f 3188//3188 2861//2861 2881//2881
f 2353//2353 2635//2635 2600//2600
f 2674//2674 2635//2635 2687//2687
f 23//23 455//455 160//160
f 455//455 2503//2503 160//160
f 2597//2597 656//656 1195//1195
f 2599//2599 2516//2516 433//433
f 5117//5117 2458//2458 5050//5050
f 270//270 178//178 1002//1002
f 601//601 469//469 23//23
f 1369//1369 577//577 29//29
f 2480//2480 2597//2597 1195//1195
f 1654//1654 2532//2532 77//77
f 2290//2290 1739//1739 2547//2547
f 142//142 1487//1487 143//143
f 2664//2664 970//970 799//799
f 970//970 215//215 489//489
f 799//799 970//970 489//489
f 3608//3608 2290//2290 2547//2547
f 2353//2353 2623//2623 2635//2635
f 2635//2635 2669//2669 2687//2687
f 2687//2687 469//469 601//601
f 469//469 337//337 23//23
f 398//398 29//29 2503//2503
f 398//398 1369//1369 29//29
f 3375//3375 3164//3164 3342//3342
f 427//427 4//4 146//146
f 2688//2688 2707//2707 2698//2698
f 276//276 153//153 277//277
f 2599//2599 1138//1138 2516//2516
f 1146//1146 102//102 1105//1105
f 3575//3575 3587//3587 3608//3608
f 1232//1232 19//19 1292//1292
f 2623//2623 2669//2669 2635//2635
f 2669//2669 2693//2693 2687//2687
f 337//337 52//52 23//23
f 23//23 52//52 455//455
f 708//708 2503//2503 455//455
f 708//708 396//396 2503//2503
f 396//396 398//398 2503//2503
f 1019//1019 700//700 59//59
f 2530//2530 1432//1432 1527//1527
f 276//276 277//277 36//36
f 3405//3405 3375//3375 3342//3342
f 578//578 208//208 1143//1143
f 2353//2353 2164//2164 2636//2636
f 2623//2623 2658//2658 2669//2669
f 708//708 455//455 52//52
f 1369//1369 398//398 1130//1130
f 477//477 642//642 577//577
f 1637//1637 1609//1609 357//357
f 1141//1141 1140//1140 1124//1124
f 215//215 826//826 1179//1179
f 1179//1179 1140//1140 1141//1141
f 2059//2059 643//643 529//529
f 2680//2680 2690//2690 2670//2670
f 2689//2689 36//36 323//323
f 4278//4278 4306//4306 4288//4288
f 2071//2071 92//92 2436//2436
f 4799//4799 4778//4778 4740//4740
f 2642//2642 2658//2658 2623//2623
f 2658//2658 2693//2693 2669//2669
f 2687//2687 2693//2693 469//469
f 337//337 648//648 52//52
f 648//648 708//708 52//52
f 708//708 648//648 396//396
f 882//882 1230//1230 1229//1229
f 3508//3508 3509//3509 3523//3523
f 2680//2680 74//74 2690//2690
f 262//262 45//45 237//237
f 826//826 882//882 1179//1179
f 1179//1179 882//882 1140//1140
f 4220//4220 3892//3892 3702//3702
f 700//700 863//863 912//912
f 2690//2690 74//74 782//782
f 4306//4306 4322//4322 4288//4288
f 3520//3520 3492//3492 3534//3534
f 19//19 2071//2071 2436//2436
f 2020//2020 2021//2021 2037//2037
f 792//792 469//469 2693//2693
f 648//648 27//27 396//396
f 396//396 27//27 398//398
f 367//367 618//618 732//732
f 2712//2712 2575//2575 355//355
f 782//782 74//74 106//106
f 118//118 338//338 2526//2526
f 3827//3827 2487//2487 2485//2485
f 2942//2942 1139//1139 1140//1140
f 236//236 146//146 4//4
f 792//792 337//337 469//469
f 337//337 792//792 648//648
f 27//27 824//824 398//398
f 398//398 824//824 1130//1130
f 824//824 13//13 477//477
f 1130//1130 824//824 477//477
f 5081//5081 5078//5078 2404//2404
f 312//312 38//38 28//28
f 497//497 2996//2996 2980//2980
f 2513//2513 2536//2536 2535//2535
f 2947//2947 1072//1072 1132//1132
f 882//882 2942//2942 1140//1140
f 1475//1475 1351//1351 2392//2392
f 1446//1446 1073//1073 2554//2554
f 648//648 104//104 27//27
f 104//104 2545//2545 27//27
f 2459//2459 5104//5104 3916//3916
f 3480//3480 3506//3506 3492//3492
f 2490//2490 2513//2513 2501//2501
f 128//128 262//262 89//89
f 2489//2489 2490//2490 2501//2501
f 292//292 425//425 99//99
f 3328//3328 3308//3308 3082//3082
f 3562//3562 3576//3576 3575//3575
f 3576//3576 3587//3587 3575//3575
f 31//31 2436//2436 92//92
f 2703//2703 2693//2693 2658//2658
f 633//633 792//792 2693//2693
f 306//306 271//271 240//240
f 4046//4046 4065//4065 4045//4045
f 2922//2922 2929//2929 3035//3035
f 304//304 1368//1368 2972//2972
f 2920//2920 2943//2943 2906//2906
f 2324//2324 2969//2969 2561//2561
f 498//498 557//557 524//524
f 2992//2992 3004//3004 2930//2930
f 239//239 2896//2896 2888//2888
f 3076//3076 2459//2459 4213//4213
f 1229//1229 1251//1251 2883//2883
f 1132//1132 1167//1167 2841//2841
f 2323//2323 2804//2804 2803//2803
f 3046//3046 3019//3019 3069//3069
f 431//431 403//403 2960//2960
f 1072//1072 1050//1050 1132//1132
f 2252//2252 2647//2647 2626//2626
f 456//456 2974//2974 2951//2951
f 2837//2837 2850//2850 2802//2802
f 3021//3021 953//953 2708//2708
f 3033//3033 3963//3963 773//773
f 2883//2883 1251//1251 1288//1288
f 275//275 341//341 310//310
f 5055//5055 5054//5054 5049//5049
f 1187//1187 845//845 397//397
f 2434//2434 1847//1847 3820//3820
f 2938//2938 3040//3040 2942//2942
f 2747//2747 2769//2769 2796//2796
f 5062//5062 1449//1449 5087//5087
f 522//522 552//552 465//465
f 4367//4367 5062//5062 1996//1996
f 2873//2873 275//275 245//245
f 2991//2991 3018//3018 3027//3027
f 2796//2796 180//180 2848//2848
f 5091//5091 5110//5110 3401//3401
f 1059//1059 1081//1081 1039//1039
f 4219//4219 5056//5056 5093//5093
f 2848//2848 180//180 271//271
f 167//167 1849//1849 3025//3025
f 992//992 1041//1041 2708//2708
f 3910//3910 5078//5078 5081//5081
f 4199//4199 4218//4218 4182//4182
f 278//278 2852//2852 188//188
f 2968//2968 976//976 861//861
f 339//339 2941//2941 2928//2928
f 2958//2958 2957//2957 2941//2941
f 240//240 180//180 181//181
f 175//175 631//631 655//655
f 2613//2613 2252//2252 2626//2626
f 2836//2836 2870//2870 2884//2884
f 2886//2886 2781//2781 3047//3047
f 2957//2957 2958//2958 2988//2988
f 497//497 524//524 556//556
f 1039//1039 976//976 989//989
f 3399//3399 4199//4199 4200//4200
f 4380//4380 1395//1395 4379//4379
f 2849//2849 1197//1197 3313//3313
f 387//387 199//199 420//420
f 2093//2093 2175//2175 5087//5087
f 3251//3251 3269//3269 2977//2977
f 2989//2989 2979//2979 3016//3016
f 1685//1685 1475//1475 4120//4120
f 627//627 2836//2836 2809//2809
f 1384//1384 1315//1315 1747//1747
f 522//522 2991//2991 552//552
f 2931//2931 342//342 2961//2961
f 1074//1074 1003//1003 1051//1051
f 2542//2542 2601//2601 2611//2611
f 4123//4123 4161//4161 4148//4148
f 484//484 2895//2895 82//82
f 5086//5086 4376//4376 5093//5093
f 720//720 2822//2822 753//753
f 231//231 453//453 1782//1782
f 408//408 2980//2980 3006//3006
f 836//836 753//753 2822//2822
f 2747//2747 2796//2796 2795//2795
f 2771//2771 1003//1003 2963//2963
f 4305//4305 4333//4333 4304//4304
f 2754//2754 2778//2778 2753//2753
f 3282//3282 3322//3322 3265//3265
f 5080//5080 5105//5105 5072//5072
f 464//464 431//431 465//465
f 1350//1350 2990//2990 4213//4213
f 377//377 408//408 407//407
f 547//547 2179//2179 519//519
f 2963//2963 1003//1003 1050//1050
f 807//807 2781//2781 2886//2886
f 81//81 2755//2755 2840//2840
f 484//484 82//82 81//81
f 60//60 423//423 1832//1832
f 2837//2837 2851//2851 2873//2873
f 2980//2980 2996//2996 3006//3006
f 2958//2958 368//368 369//369
f 407//407 2991//2991 522//522
f 346//346 2980//2980 408//408
f 2939//2939 81//81 2840//2840
f 2837//2837 2802//2802 2803//2803
f 953//953 3021//3021 3070//3070
f 2952//2952 239//239 2888//2888
f 5058//5058 1885//1885 2393//2393
f 2822//2822 2835//2835 2824//2824
f 2996//2996 3019//3019 3006//3006
f 70//70 2934//2934 109//109
f 921//921 1024//1024 1231//1231
f 3000//3000 2939//2939 3009//3009
f 3000//3000 81//81 2939//2939
f 2837//2837 2873//2873 2850//2850
f 117//117 2773//2773 151//151
f 2838//2838 2851//2851 2804//2804
f 3323//3323 3324//3324 3351//3351
f 2418//2418 2747//2747 713//713
f 2747//2747 2418//2418 2769//2769
f 3946//3946 4109//4109 1331//1331
f 2771//2771 2963//2963 1024//1024
f 921//921 2771//2771 1024//1024
f 1992//1992 3000//3000 3009//3009
f 680//680 1992//1992 3009//3009
f 5079//5079 5111//5111 478//478
f 2106//2106 72//72 1857//1857
f 2769//2769 2797//2797 2796//2796
f 2824//2824 2809//2809 911//911
f 2906//2906 275//275 2873//2873
f 180//180 240//240 271//271
f 2941//2941 339//339 368//368
f 75//75 1059//1059 2913//2913
f 3681//3681 2210//2210 2182//2182
f 2958//2958 2989//2989 2988//2988
f 1368//1368 3000//3000 1992//1992
f 2821//2821 157//157 156//156
f 2916//2916 2903//2903 2870//2870
f 2852//2852 278//278 2874//2874
f 3019//3019 3047//3047 3069//3069
f 2732//2732 595//595 4109//4109
f 2989//2989 3016//3016 597//597
f 2135//2135 2371//2371 5075//5075
f 3946//3946 2732//2732 4109//4109
f 3046//3046 2822//2822 720//720
f 3027//3027 3046//3046 661//661
f 552//552 2991//2991 3027//3027
f 2822//2822 2824//2824 836//836
f 982//982 2911//2911 1943//1943
f 2749//2749 1368//1368 1992//1992
f 2874//2874 2891//2891 2851//2851
f 2774//2774 2803//2803 2802//2802
f 4547//4547 4546//4546 4532//4532
f 3485//3485 3474//3474 1131//1131
f 2838//2838 2804//2804 2818//2818
f 1229//1229 2806//2806 882//882
f 174//174 3997//3997 595//595
f 953//953 3070//3070 888//888
f 498//498 524//524 470//470
f 2929//2929 3036//3036 1206//1206
f 1566//1566 4733//4733 2094//2094
f 2747//2747 2795//2795 2794//2794
f 2816//2816 3177//3177 2793//2793
f 2972//2972 1368//1368 2749//2749
f 815//815 1448//1448 5055//5055
f 2938//2938 2929//2929 2922//2922
f 431//431 2973//2973 465//465
f 2986//2986 2978//2978 2994//2994
f 2993//2993 2994//2994 3004//3004
f 2986//2986 2994//2994 2993//2993
f 2994//2994 3005//3005 3004//3004
f 3014//3014 575//575 3004//3004
f 3005//3005 3014//3014 3004//3004
f 4432//4432 4431//4431 4415//4415
f 453//453 231//231 1371//1371
f 5077//5077 5117//5117 5050//5050
f 2968//2968 2913//2913 989//989
f 556//556 3028//3028 2996//2996
f 1316//1316 4367//4367 4201//4201
f 174//174 2953//2953 3997//3997
f 595//595 1355//1355 4109//4109
f 2860//2860 1228//1228 1227//1227
f 1041//1041 3040//3040 206//206
f 471//471 498//498 379//379
f 2988//2988 597//597 3015//3015
f 1575//1575 72//72 43//43
f 2973//2973 407//407 522//522
f 152//152 2802//2802 2850//2850
f 408//408 3006//3006 3018//3018
f 2884//2884 2903//2903 2968//2968
f 911//911 2884//2884 2968//2968
f 4739//4739 4777//4777 4765//4765
f 2345//2345 2062//2062 1126//1126
f 2957//2957 2988//2988 2987//2987
f 2868//2868 2848//2848 271//271
f 5110//5110 4789//4789 5059//5059
f 5058//5058 5065//5065 1885//1885
f 3076//3076 3428//3428 3623//3623
f 596//596 4734//4734 3015//3015
f 2744//2744 2815//2815 2767//2767
f 2726//2726 4987//4987 2727//2727
f 407//407 2973//2973 2961//2961
f 2708//2708 1041//1041 206//206
f 2851//2851 2891//2891 2873//2873
f 2889//2889 3070//3070 2870//2870
f 2816//2816 2793//2793 2768//2768
f 1023//1023 1973//1973 1084//1084
f 1123//1123 1140//1140 1139//1139
f 515//515 416//416 1000//1000
f 2220//2220 2689//2689 323//323
f 1814//1814 205//205 136//136
f 2841//2841 1167//1167 1241//1241
f 3920//3920 3908//3908 3921//3921
f 2954//2954 361//361 2875//2875
f 2748//2748 1000//1000 2937//2937
f 1084//1084 1067//1067 1023//1023
f 702//702 304//304 2972//2972
f 3069//3069 2835//2835 2822//2822
f 2891//2891 313//313 2931//2931
f 2996//2996 3028//3028 3019//3019
f 2931//2931 313//313 342//342
f 1590//1590 359//359 295//295
f 3037//3037 657//657 3045//3045
f 2911//2911 982//982 515//515
f 2952//2952 2708//2708 206//206
f 1191//1191 702//702 1993//1993
f 911//911 861//861 836//836
f 517//517 2947//2947 336//336
f 2839//2839 2854//2854 2855//2855
f 2909//2909 2839//2839 2855//2855
f 582//582 3048//3048 3028//3028
f 3016//3016 655//655 631//631
f 1230//1230 882//882 826//826
f 2963//2963 1071//1071 487//487
f 4864//4864 4933//4933 4903//4903
f 3027//3027 3018//3018 3046//3046
f 2874//2874 2851//2851 2838//2838
f 2953//2953 1351//1351 1494//1494
f 1522//1522 1473//1473 3029//3029
f 4333//4333 3592//3592 4375//4375
f 4707//4707 4744//4744 4705//4705
f 657//657 580//580 632//632
f 4110//4110 4122//4122 3319//3319
f 2937//2937 2909//2909 2855//2855
f 4136//4136 4195//4195 4179//4179
f 4443//4443 4455//4455 4469//4469
f 1383//1383 420//420 2946//2946
f 1383//1383 2839//2839 2909//2909
f 1383//1383 2946//2946 2839//2839
f 580//580 3037//3037 2979//2979
f 3045//3045 655//655 3037//3037
f 75//75 2879//2879 1081//1081
f 305//305 3239//3239 3221//3221
f 702//702 1191//1191 2564//2564
f 3048//3048 3047//3047 3028//3028
f 2754//2754 1460//1460 2778//2778
f 1024//1024 487//487 2866//2866
f 2875//2875 361//361 2894//2894
f 3543//3543 3515//3515 4322//4322
f 174//174 2719//2719 25//25
f 1024//1024 2866//2866 2880//2880
f 2798//2798 1024//1024 2880//2880
f 2907//2907 2937//2937 2855//2855
f 2748//2748 2937//2937 3059//3059
f 2859//2859 1429//1429 2065//2065
f 2911//2911 1000//1000 2748//2748
f 2985//2985 2986//2986 2993//2993
f 4044//4044 4064//4064 4063//4063
f 3364//3364 1354//1354 3050//3050
f 888//888 3070//3070 2889//2889
f 557//557 556//556 524//524
f 4998//4998 134//134 1416//1416
f 2929//2929 2938//2938 3036//3036
f 2786//2786 2785//2785 2756//2756
f 2786//2786 2810//2810 2785//2785
f 2850//2850 245//245 184//184
f 3081//3081 2132//2132 2697//2697
f 361//361 2782//2782 2783//2783
f 2960//2960 2973//2973 431//431
f 2932//2932 546//546 2930//2930
f 2783//2783 2782//2782 119//119
f 75//75 1081//1081 1059//1059
f 2937//2937 2907//2907 2910//2910
f 4417//4417 4416//4416 4407//4407
f 1459//1459 2773//2773 117//117
f 416//416 2909//2909 2937//2937
f 2896//2896 2938//2938 2879//2879
f 2941//2941 368//368 2958//2958
f 3022//3022 1260//1260 1296//1296
f 2829//2829 2954//2954 2875//2875
f 2839//2839 2946//2946 2854//2854
f 2854//2854 2946//2946 2892//2892
f 940//940 2771//2771 921//921
f 3061//3061 3339//3339 5074//5074
f 2913//2913 1059//1059 989//989
f 2479//2479 2407//2407 2510//2510
f 3005//3005 2995//2995 3014//3014
f 5085//5085 5071//5071 5089//5089
f 231//231 1399//1399 1371//1371
f 1231//1231 1024//1024 2798//2798
f 2829//2829 2875//2875 2800//2800
f 4305//4305 4304//4304 4256//4256
f 2865//2865 2855//2855 2923//2923
f 487//487 517//517 2904//2904
f 2910//2910 2907//2907 2842//2842
f 750//750 4119//4119 1751//1751
f 4488//4488 4501//4501 4487//4487
f 4391//4391 1295//1295 3043//3043
f 1000//1000 416//416 2937//2937
f 416//416 1383//1383 2909//2909
f 712//712 1495//1495 1399//1399
f 231//231 712//712 1399//1399
f 3780//3780 3779//3779 3629//3629
f 306//306 305//305 271//271
f 738//738 739//739 769//769
f 139//139 871//871 997//997
f 4065//4065 4064//4064 4045//4045
f 3391//3391 1086//1086 4201//4201
f 1434//1434 1455//1455 3002//3002
f 2947//2947 1132//1132 2841//2841
f 2889//2889 2836//2836 2901//2901
f 2758//2758 2786//2786 2757//2757
f 2758//2758 2811//2811 2786//2786
f 2844//2844 2843//2843 2811//2811
f 2811//2811 2843//2843 2786//2786
f 2977//2977 3269//3269 2986//2986
f 2855//2855 2865//2865 2908//2908
f 1260//1260 3022//3022 3039//3039
f 407//407 408//408 2991//2991
f 2751//2751 5033//5033 5024//5024
f 3391//3391 4201//4201 4257//4257
f 2961//2961 376//376 407//407
f 420//420 514//514 2829//2829
f 3747//3747 3756//3756 3711//3711
f 2946//2946 420//420 2829//2829
f 4045//4045 3261//3261 3245//3245
f 1391//1391 2232//2232 2102//2102
f 3069//3069 627//627 2835//2835
f 2793//2793 2815//2815 2745//2745
f 2757//2757 4686//4686 2758//2758
f 2759//2759 2787//2787 2758//2758
f 2787//2787 2811//2811 2758//2758
f 2787//2787 2844//2844 2811//2811
f 2994//2994 2995//2995 3005//3005
f 4185//4185 3946//3946 1331//1331
f 3489//3489 4354//4354 3517//3517
f 4066//4066 4111//4111 4094//4094
f 2907//2907 2855//2855 2908//2908
f 2819//2819 2852//2852 2838//2838
f 2875//2875 2799//2799 2800//2800
f 2593//2593 3222//3222 2867//2867
f 3036//3036 2942//2942 2806//2806
f 1071//1071 2963//2963 1072//1072
f 2854//2854 2892//2892 2923//2923
f 692//692 3048//3048 582//582
f 2323//2323 2776//2776 2818//2818
f 487//487 2904//2904 2866//2866
f 3443//3443 3497//3497 4212//4212
f 2946//2946 2829//2829 2892//2892
f 2841//2841 1241//1241 1260//1260
f 429//429 2979//2979 369//369
f 4501//4501 4500//4500 4487//4487
f 2922//2922 3035//3035 1157//1157
f 2888//2888 75//75 2913//2913
f 2788//2788 2787//2787 2759//2759
f 2788//2788 2830//2830 2787//2787
f 2830//2830 2844//2844 2787//2787
f 4111//4111 4135//4135 4134//4134
f 1383//1383 417//417 420//420
f 2855//2855 2854//2854 2923//2923
f 149//149 2998//2998 2997//2997
f 420//420 417//417 387//387
f 514//514 389//389 2954//2954
f 4799//4799 4829//4829 4778//4778
f 2830//2830 2861//2861 3170//3170
f 3046//3046 3069//3069 2822//2822
f 538//538 3038//3038 920//920
f 3021//3021 2952//2952 2916//2916
f 870//870 538//538 2454//2454
f 22//22 197//197 2782//2782
f 4134//4134 4135//4135 4179//4179
f 2766//2766 2765//2765 4877//4877
f 2987//2987 2988//2988 3015//3015
f 514//514 2954//2954 2829//2829
f 2993//2993 3004//3004 2992//2992
f 2952//2952 206//206 239//239
f 2873//2873 245//245 2850//2850
f 2998//2998 2841//2841 1260//1260
f 2963//2963 487//487 1024//1024
f 498//498 470//470 379//379
f 5070//5070 5117//5117 5077//5077
f 2809//2809 2884//2884 911//911
f 2753//2753 2341//2341 2754//2754
f 2991//2991 408//408 3018//3018
f 1270//1270 1272//1272 1291//1291
f 515//515 1000//1000 2911//2911
f 651//651 712//712 231//231
f 4079//4079 3319//3319 4063//4063
f 2910//2910 3059//3059 2937//2937
f 2829//2829 2800//2800 2892//2892
f 110//110 583//583 109//109
f 4968//4968 1403//1403 1420//1420
f 2944//2944 733//733 850//850
f 4808//4808 328//328 4786//4786
f 2392//2392 3872//3872 1475//1475
f 2920//2920 2906//2906 2873//2873
f 2726//2726 2743//2743 2742//2742
f 2742//2742 4913//4913 2725//2725
f 336//336 2947//2947 2841//2841
f 4179//4179 4230//4230 4215//4215
f 5000//5000 5030//5030 2728//2728
f 2788//2788 2831//2831 2830//2830
f 2831//2831 2861//2861 2830//2830
f 3170//3170 2861//2861 3188//3188
f 2769//2769 1456//1456 71//71
f 4064//4064 4079//4079 4063//4063
f 4215//4215 4230//4230 4258//4258
f 3357//3357 1131//1131 3474//3474
f 2995//2995 2987//2987 3014//3014
f 2900//2900 2915//2915 2926//2926
f 2926//2926 2971//2971 2970//2970
f 304//304 3000//3000 1368//1368
f 2847//2847 3619//3619 3590//3590
f 2807//2807 2944//2944 850//850
f 733//733 2944//2944 2638//2638
f 2920//2920 2891//2891 2931//2931
f 2888//2888 2913//2913 2903//2903
f 2792//2792 2767//2767 3163//3163
f 305//305 3208//3208 2887//2887
f 2371//2371 2190//2190 5085//5085
f 2781//2781 2901//2901 2836//2836
f 2984//2984 2971//2971 3309//3309
f 2879//2879 1122//1122 1081//1081
f 1251//1251 1229//1229 1230//1230
f 361//361 22//22 2782//2782
f 580//580 657//657 3037//3037
f 2743//2743 2766//2766 2742//2742
f 336//336 2998//2998 149//149
f 336//336 2841//2841 2998//2998
f 1071//1071 517//517 487//487
f 1071//1071 2947//2947 517//517
f 2931//2931 2961//2961 2960//2960
f 2738//2738 2760//2760 2759//2759
f 2759//2759 2760//2760 2788//2788
f 2942//2942 882//882 2806//2806
f 3018//3018 3019//3019 3046//3046
f 2916//2916 2888//2888 2903//2903
f 3070//3070 3021//3021 2916//2916
f 4230//4230 4290//4290 4289//4289
f 4258//4258 4230//4230 4289//4289
f 2847//2847 2679//2679 3619//3619
f 3619//3619 2679//2679 2807//2807
f 2679//2679 2808//2808 2807//2807
f 1050//1050 1072//1072 2963//2963
f 2745//2745 2815//2815 2744//2744
f 2738//2738 4792//4792 2760//2760
f 2943//2943 2931//2931 2960//2960
f 1248//1248 1227//1227 1228//1228
f 2775//2775 2323//2323 2803//2803
f 2768//2768 2793//2793 2745//2745
f 2980//2980 378//378 497//497
f 2743//2743 2792//2792 2766//2766
f 430//430 580//580 429//429
f 2833//2833 90//90 2949//2949
f 2833//2833 2950//2950 90//90
f 2921//2921 3215//3215 2950//2950
f 2921//2921 2918//2918 3215//3215
f 720//720 661//661 3046//3046
f 1455//1455 1456//1456 2418//2418
f 2788//2788 2760//2760 2831//2831
f 2323//2323 2818//2818 2804//2804
f 4289//4289 4290//4290 4335//4335
f 369//369 2979//2979 2958//2958
f 2958//2958 2979//2979 2989//2989
f 3489//3489 3463//3463 3477//3477
f 1396//1396 2721//2721 3910//3910
f 1212//1212 2193//2193 2369//2369
f 2808//2808 2944//2944 2807//2807
f 2114//2114 768//768 1781//1781
f 2809//2809 2836//2836 2884//2884
f 4734//4734 3014//3014 3015//3015
f 4364//4364 4349//4349 4306//4306
f 4786//4786 328//328 1517//1517
f 871//871 515//515 982//982
f 4335//4335 4364//4364 4306//4306
f 1504//1504 189//189 1483//1483
f 2907//2907 2908//2908 2842//2842
f 4391//4391 1472//1472 4390//4390
f 2894//2894 361//361 2783//2783
f 2967//2967 2327//2327 2949//2949
f 5105//5105 4220//4220 5069//5069
f 2906//2906 2943//2943 341//341
f 1191//1191 1993//1993 2528//2528
f 2831//2831 2760//2760 2832//2832
f 997//997 871//871 982//982
f 4364//4364 4363//4363 4349//4349
f 1511//1511 2571//2571 617//617
f 4394//4394 4388//4388 4363//4363
f 4364//4364 4394//4394 4363//4363
f 1039//1039 989//989 1059//1059
f 1832//1832 423//423 1128//1128
f 2775//2775 2803//2803 2774//2774
f 2353//2353 2636//2636 2623//2623
f 4308//4308 4339//4339 4338//4338
f 627//627 3047//3047 2781//2781
f 2600//2600 3091//3091 2353//2353
f 2514//2514 761//761 2912//2912
f 2049//2049 2031//2031 2032//2032
f 627//627 2781//2781 2836//2836
f 2848//2848 2868//2868 2816//2816
f 4572//4572 4610//4610 4571//4571
f 2744//2744 2767//2767 2743//2743
f 336//336 149//149 517//517
f 2872//2872 2833//2833 2949//2949
f 373//373 341//341 374//374
f 2962//2962 2966//2966 2895//2895
f 4414//4414 4430//4430 4413//4413
f 5032//5032 1436//1436 1408//1408
f 2640//2640 2663//2663 2682//2682
f 3298//3298 2957//2957 2987//2987
f 2848//2848 2816//2816 2794//2794
f 2806//2806 2860//2860 3036//3036
f 3070//3070 2916//2916 2870//2870
f 2896//2896 75//75 2888//2888
f 2838//2838 2852//2852 2874//2874
f 2818//2818 2819//2819 2838//2838
f 4064//4064 4065//4065 4079//4079
f 4311//4311 4310//4310 4263//4263
f 2935//2935 2679//2679 2847//2847
f 2869//2869 2944//2944 2808//2808
f 3006//3006 3019//3019 3018//3018
f 2773//2773 2750//2750 5033//5033
f 692//692 3047//3047 3048//3048
f 2916//2916 2952//2952 2888//2888
f 2744//2744 2743//2743 2726//2726
f 2953//2953 174//174 25//25
f 3828//3828 2733//2733 3056//3056
f 799//799 489//489 1482//1482
f 3945//3945 2964//2964 685//685
f 2892//2892 2800//2800 3008//3008
f 2892//2892 3008//3008 2923//2923
f 2921//2921 2950//2950 2833//2833
f 2872//2872 2921//2921 2833//2833
f 1436//1436 1435//1435 1408//1408
f 2761//2761 2812//2812 2760//2760
f 2812//2812 2832//2832 2760//2760
f 2795//2795 2848//2848 2794//2794
f 2746//2746 2747//2747 2794//2794
f 2804//2804 2851//2851 2837//2837
f 1139//1139 3040//3040 1100//1100
f 2920//2920 2931//2931 2943//2943
f 2776//2776 2819//2819 2818//2818
f 3489//3489 3517//3517 4312//4312
f 2912//2912 761//761 2934//2934
f 1351//1351 25//25 2392//2392
f 4079//4079 4110//4110 3319//3319
f 2935//2935 2933//2933 2679//2679
f 2933//2933 2779//2779 2679//2679
f 2679//2679 2779//2779 2808//2808
f 2869//2869 2877//2877 2944//2944
f 2770//2770 795//795 2877//2877
f 2896//2896 2879//2879 75//75
f 2906//2906 341//341 275//275
f 2960//2960 403//403 2943//2943
f 2993//2993 2992//2992 565//565
f 3038//3038 1400//1400 920//920
f 2998//2998 1260//1260 3039//3039
f 2327//2327 296//296 2872//2872
f 2776//2776 2777//2777 2819//2819
f 2739//2739 2762//2762 2761//2761
f 836//836 2824//2824 911//911
f 3015//3015 3014//3014 2987//2987
f 2924//2924 2940//2940 3234//3234
f 2934//2934 45//45 109//109
f 2926//2926 2956//2956 2971//2971
f 2893//2893 2857//2857 2983//2983
f 2857//2857 2933//2933 2935//2935
f 2983//2983 2857//2857 2935//2935
f 2933//2933 2828//2828 2779//2779
f 2779//2779 2869//2869 2808//2808
f 2959//2959 2321//2321 2678//2678
f 2803//2803 2804//2804 2837//2837
f 604//604 603//603 557//557
f 1050//1050 1074//1074 1092//1092
f 1900//1900 1862//1862 2191//2191
f 2873//2873 2891//2891 2920//2920
f 4438//4438 3086//3086 3085//3085
f 4322//4322 3554//3554 3543//3543
f 1792//1792 1826//1826 1825//1825
f 3004//3004 2932//2932 2930//2930
f 2835//2835 627//627 2809//2809
f 4793//4793 2739//2739 4792//4792
f 2761//2761 2762//2762 2812//2812
f 2812//2812 2845//2845 2832//2832
f 2966//2966 82//82 2895//2895
f 2896//2896 3040//3040 2938//2938
f 206//206 3040//3040 2896//2896
f 3353//3353 3966//3966 3834//3834
f 3011//3011 3153//3153 2716//2716
f 2472//2472 990//990 3110//3110
f 3047//3047 692//692 2886//2886
f 2932//2932 3004//3004 575//575
f 1400//1400 2045//2045 3065//3065
f 2742//2742 4877//4877 2724//2724
f 2770//2770 2877//2877 2869//2869
f 2836//2836 2889//2889 2870//2870
f 5076//5076 2510//2510 2407//2407
f 1227//1227 1206//1206 3036//3036
f 3019//3019 3028//3028 3047//3047
f 2843//2843 2844//2844 3170//3170
f 2875//2875 2894//2894 2799//2799
f 2885//2885 2921//2921 2872//2872
f 176//176 2918//2918 2921//2921
f 3017//3017 176//176 2921//2921
f 1333//1333 1833//1833 1357//1357
f 2860//2860 2806//2806 1228//1228
f 3817//3817 3804//3804 3818//3818
f 2763//2763 2812//2812 2762//2762
f 3801//3801 3802//3802 3700//3700
f 2531//2531 2517//2517 3715//3715
f 4874//4874 2919//2919 2871//2871
f 2856//2856 2857//2857 2893//2893
f 2871//2871 2856//2856 2893//2893
f 2857//2857 2828//2828 2933//2933
f 2779//2779 2826//2826 2869//2869
f 3040//3040 1139//1139 2942//2942
f 2777//2777 2778//2778 2820//2820
f 2819//2819 2820//2820 2852//2852
f 5073//5073 5091//5091 5092//5092
f 2998//2998 3039//3039 2997//2997
f 3017//3017 2921//2921 2885//2885
f 260//260 2514//2514 1189//1189
f 2341//2341 155//155 2237//2237
f 2763//2763 2789//2789 2812//2812
f 2812//2812 2789//2789 2845//2845
f 2845//2845 2862//2862 2832//2832
f 2832//2832 2862//2862 2881//2881
f 2881//2881 2862//2862 2899//2899
f 2899//2899 2900//2900 2914//2914
f 2900//2900 2924//2924 2914//2914
f 278//278 2891//2891 2874//2874
f 3703//3703 3864//3864 4402//4402
f 3060//3060 1375//1375 737//737
f 4350//4350 4377//4377 4364//4364
f 436//436 731//731 3068//3068
f 2869//2869 2826//2826 2770//2770
f 133//133 997//997 2311//2311
f 3428//3428 3064//3064 3623//3623
f 278//278 313//313 2891//2891
f 3069//3069 3047//3047 627//627
f 2745//2745 2744//2744 2728//2728
f 2767//2767 2792//2792 2743//2743
f 2777//2777 2820//2820 2819//2819
f 807//807 2901//2901 2781//2781
f 2047//2047 3353//3353 3639//3639
f 2868//2868 2887//2887 3191//3191
f 239//239 206//206 2896//2896
f 2929//2929 1206//1206 3035//3035
f 2879//2879 2922//2922 1122//1122
f 2740//2740 2763//2763 2762//2762
f 2925//2925 2924//2924 2900//2900
f 2925//2925 2940//2940 2924//2924
f 2955//2955 3285//3285 2940//2940
f 2746//2746 2794//2794 2768//2768
f 3893//3893 3612//3612 3876//3876
f 538//538 920//920 2454//2454
f 3698//3698 3703//3703 4400//4400
f 2552//2552 3440//3440 1950//1950
f 2856//2856 2853//2853 2857//2857
f 2857//2857 2904//2904 2828//2828
f 2828//2828 2890//2890 2779//2779
f 2779//2779 2827//2827 2826//2826
f 2826//2826 2823//2823 2770//2770
f 3889//3889 3025//3025 3964//3964
f 657//657 717//717 3045//3045
f 2774//2774 2802//2802 2773//2773
f 2825//2825 2521//2521 3051//3051
f 2321//2321 2959//2959 3051//3051
f 2885//2885 2858//2858 2878//2878
f 2878//2878 3017//3017 2885//2885
f 1204//1204 3035//3035 1205//1205
f 144//144 1108//1108 2542//2542
f 2778//2778 1460//1460 2821//2821
f 2979//2979 3037//3037 3016//3016
f 2741//2741 2763//2763 2740//2740
f 2741//2741 2789//2789 2763//2763
f 2862//2862 2900//2900 2899//2899
f 2742//2742 2766//2766 4877//4877
f 4065//4065 4093//4093 4079//4079
f 4444//4444 4455//4455 4443//4443
f 4380//4380 4379//4379 4353//4353
f 2856//2856 2801//2801 2853//2853
f 2890//2890 2827//2827 2779//2779
f 2968//2968 2903//2903 2913//2913
f 5062//5062 816//816 1996//1996
f 3013//3013 2047//2047 3081//3081
f 2825//2825 2772//2772 2329//2329
f 4420//4420 4419//4419 3856//3856
f 2817//2817 2858//2858 2936//2936
f 2835//2835 2809//2809 2824//2824
f 3908//3908 3909//3909 3921//3921
f 3270//3270 2928//2928 2941//2941
f 2794//2794 2816//2816 2768//2768
f 3170//3170 2844//2844 2830//2830
f 189//189 218//218 157//157
f 2741//2741 2764//2764 2789//2789
f 2845//2845 2863//2863 2862//2862
f 2862//2862 2863//2863 2900//2900
f 2099//2099 4398//4398 2165//2165
f 3797//3797 3817//3817 3083//3083
f 3497//3497 4305//4305 4256//4256
f 2028//2028 4186//4186 4120//4120
f 2857//2857 2853//2853 2904//2904
f 2828//2828 2904//2904 2890//2890
f 2826//2826 2827//2827 2823//2823
f 1121//1121 1081//1081 1122//1122
f 4214//4214 3473//3473 3449//3449
f 680//680 2749//2749 1992//1992
f 3995//3995 4018//4018 4035//4035
f 1833//1833 1963//1963 1970//1970
f 2959//2959 2908//2908 3051//3051
f 2908//2908 2865//2865 3051//3051
f 2865//2865 2825//2825 3051//3051
f 2817//2817 2834//2834 2772//2772
f 2936//2936 2834//2834 2817//2817
f 2783//2783 3017//3017 2878//2878
f 3007//3007 2637//2637 1371//1371
f 3037//3037 655//655 3016//3016
f 2960//2960 2961//2961 2973//2973
f 2973//2973 522//522 465//465
f 2542//2542 1108//1108 2912//2912
f 2912//2912 2902//2902 2542//2542
f 1122//1122 2922//2922 1157//1157
f 2764//2764 2813//2813 2789//2789
f 2813//2813 2846//2846 2845//2845
f 2789//2789 2813//2813 2845//2845
f 2845//2845 2846//2846 2863//2863
f 2940//2940 2925//2925 2955//2955
f 2402//2402 2976//2976 2985//2985
f 1496//1496 1217//1217 3042//3042
f 3592//3592 4333//4333 4305//4305
f 2866//2866 2853//2853 2801//2801
f 2997//2997 3039//3039 2823//2823
f 4828//4828 4844//4844 4843//4843
f 3997//3997 1494//1494 1355//1355
f 2923//2923 2772//2772 2825//2825
f 2878//2878 2858//2858 2817//2817
f 2799//2799 2878//2878 2817//2817
f 2783//2783 119//119 3017//3017
f 2938//2938 2922//2922 2879//2879
f 2806//2806 1229//1229 1228//1228
f 2363//2363 795//795 2770//2770
f 2728//2728 5030//5030 2729//2729
f 2813//2813 3145//3145 2846//2846
f 2863//2863 2882//2882 2900//2900
f 651//651 3602//3602 712//712
f 4674//4674 4673//4673 4621//4621
f 1429//1429 2876//2876 2065//2065
f 517//517 149//149 2890//2890
f 2904//2904 517//517 2890//2890
f 149//149 2827//2827 2890//2890
f 149//149 2997//2997 2827//2827
f 2827//2827 2997//2997 2823//2823
f 1394//1394 3450//3450 103//103
f 2865//2865 2923//2923 2825//2825
f 2923//2923 3008//3008 2772//2772
f 3008//3008 2817//2817 2772//2772
f 2894//2894 2878//2878 2799//2799
f 2878//2878 2894//2894 2783//2783
f 1460//1460 2754//2754 1483//1483
f 2938//2938 2942//2942 3036//3036
f 2778//2778 2821//2821 2820//2820
f 2980//2980 346//346 378//378
f 2699//2699 494//494 3166//3166
f 2764//2764 2790//2790 2813//2813
f 702//702 2749//2749 611//611
f 2900//2900 2926//2926 2925//2925
f 2925//2925 2926//2926 2955//2955
f 2955//2955 2926//2926 2970//2970
f 2115//2115 5095//5095 5064//5064
f 2866//2866 2801//2801 2880//2880
f 2866//2866 2904//2904 2853//2853
f 1351//1351 1475//1475 1494//1494
f 2800//2800 2817//2817 3008//3008
f 2800//2800 2799//2799 2817//2817
f 2508//2508 422//422 3729//3729
f 1208//1208 2093//2093 1449//1449
f 2184//2184 3424//3424 3688//3688
f 3854//3854 3416//3416 990//990
f 2677//2677 3853//3853 3841//3841
f 3688//3688 3424//3424 3646//3646
f 3766//3766 3690//3690 2198//2198
f 3153//3153 3275//3275 2716//2716
f 3826//3826 2677//2677 3841//3841
f 2677//2677 2660//2660 3853//3853
f 3398//3398 3411//3411 3755//3755
f 3110//3110 1086//1086 3105//3105
f 3853//3853 3855//3855 2248//2248
f 3134//3134 3105//3105 1086//1086
f 3105//3105 2450//2450 3110//3110
f 3781//3781 3784//3784 3775//3775
f 2450//2450 2149//2149 2472//2472
f 3270//3270 3298//3298 2978//2978
f 3252//3252 3270//3270 2978//2978
f 3855//3855 2204//2204 962//962
f 2320//2320 2715//2715 2472//2472
f 2149//2149 2320//2320 2472//2472
f 2248//2248 3855//3855 962//962
f 4068//4068 3390//3390 3391//3391
f 3106//3106 2450//2450 3105//3105
f 2450//2450 790//790 2149//2149
f 2339//2339 3331//3331 3390//3390
f 3331//3331 2296//2296 3390//3390
f 790//790 898//898 2149//2149
f 898//898 1691//1691 2149//2149
f 1859//1859 5049//5049 5103//5103
f 962//962 2204//2204 2040//2040
f 3331//3331 3134//3134 2296//2296
f 3134//3134 3331//3331 3105//3105
f 3106//3106 790//790 2450//2450
f 3331//3331 3106//3106 3105//3105
f 1406//1406 3135//3135 898//898
f 790//790 1406//1406 898//898
f 3135//3135 3116//3116 898//898
f 2589//2589 1691//1691 898//898
f 3116//3116 2589//2589 898//898
f 2936//2936 2885//2885 2872//2872
f 874//874 3331//3331 2339//2339
f 3331//3331 3224//3224 3106//3106
f 3106//3106 2087//2087 790//790
f 2087//2087 1406//1406 790//790
f 5052//5052 5054//5054 5055//5055
f 2551//2551 3496//3496 2373//2373
f 3209//3209 3331//3331 874//874
f 1406//1406 614//614 3135//3135
f 3135//3135 3080//3080 3116//3116
f 5067//5067 5084//5084 5114//5114
f 1407//1407 2859//2859 2562//2562
f 1188//1188 3331//3331 3209//3209
f 1188//1188 3224//3224 3331//3331
f 3224//3224 2087//2087 3106//3106
f 2087//2087 3111//3111 1406//1406
f 614//614 3080//3080 3135//3135
f 935//935 2521//2521 2329//2329
f 2451//2451 3209//3209 2336//2336
f 2087//2087 3107//3107 3111//3111
f 3111//3111 3241//3241 1406//1406
f 1406//1406 3241//3241 614//614
f 614//614 2324//2324 3080//3080
f 2561//2561 3080//3080 2324//2324
f 2412//2412 2214//2214 3742//3742
f 3224//3224 3107//3107 2087//2087
f 3111//3111 3210//3210 3241//3241
f 3241//3241 2324//2324 614//614
f 3224//3224 2453//2453 3107//3107
f 3107//3107 3210//3210 3111//3111
f 3341//3341 2969//2969 2324//2324
f 3241//3241 3341//3341 2324//2324
f 3343//3343 3335//3335 2905//2905
f 2578//2578 2451//2451 2336//2336
f 3131//3131 3209//3209 2451//2451
f 3209//3209 3131//3131 1188//1188
f 1188//1188 2453//2453 3224//3224
f 3107//3107 3240//3240 3210//3210
f 3210//3210 3333//3333 3241//3241
f 3241//3241 3333//3333 3341//3341
f 4288//4288 3472//3472 3448//3448
f 2608//2608 2451//2451 2578//2578
f 2608//2608 3131//3131 2451//2451
f 3333//3333 3340//3340 3341//3341
f 3077//3077 2608//2608 2578//2578
f 3240//3240 3112//3112 3210//3210
f 3210//3210 3112//3112 3333//3333
f 3333//3333 3112//3112 3340//3340
f 3077//3077 2948//2948 3430//3430
f 3404//3404 2951//2951 3340//3340
f 3112//3112 3404//3404 3340//3340
f 2885//2885 2936//2936 2858//2858
f 3067//3067 2046//2046 1429//1429
f 3136//3136 3179//3179 3107//3107
f 2453//2453 3136//3136 3107//3107
f 3107//3107 3179//3179 3240//3240
f 3240//3240 3211//3211 3112//3112
f 3112//3112 3211//3211 3404//3404
f 3129//3129 3128//3128 2791//2791
f 2663//2663 2962//2962 2895//2895
f 2180//2180 2608//2608 3077//3077
f 3430//3430 2180//2180 3077//3077
f 2608//2608 2180//2180 3131//3131
f 2180//2180 2644//2644 1188//1188
f 3131//3131 2180//2180 1188//1188
f 1188//1188 2644//2644 2453//2453
f 3179//3179 3130//3130 3240//3240
f 3130//3130 3211//3211 3240//3240
f 3211//3211 435//435 3404//3404
f 3239//3239 305//305 3023//3023
f 3404//3404 2867//2867 2951//2951
f 2472//2472 3110//3110 2450//2450
f 2582//2582 1671//1671 1646//1646
f 3061//3061 2948//2948 3077//3077
f 2453//2453 2644//2644 3136//3136
f 435//435 2867//2867 3404//3404
f 3124//3124 2834//2834 3354//3354
f 2766//2766 2791//2791 2765//2765
f 5111//5111 5114//5114 478//478
f 3226//3226 4383//4383 2864//2864
f 999//999 2172//2172 3103//3103
f 3020//3020 3313//3313 2948//2948
f 3272//3272 3136//3136 2644//2644
f 2593//2593 2867//2867 435//435
f 3211//3211 2593//2593 435//435
f 3840//3840 3841//3841 3271//3271
f 5059//5059 5053//5053 5064//5064
f 1025//1025 3714//3714 3132//3132
f 4711//4711 3313//3313 3020//3020
f 3151//3151 2180//2180 3430//3430
f 3151//3151 2644//2644 2180//2180
f 3130//3130 2355//2355 3211//3211
f 3211//3211 2355//2355 2593//2593
f 3114//3114 583//583 2699//2699
f 3354//3354 2834//2834 2250//2250
f 3530//3530 3195//3195 3759//3759
f 152//152 151//151 2773//2773
f 3713//3713 3624//3624 1085//1085
f 1672//1672 667//667 2643//2643
f 3136//3136 3272//3272 3179//3179
f 852//852 2355//2355 3130//3130
f 3179//3179 852//852 3130//3130
f 58//58 3115//3115 3200//3200
f 3759//3759 3195//3195 3531//3531
f 3778//3778 1984//1984 3529//3529
f 3581//3581 3592//3592 4305//4305
f 3581//3581 3599//3599 3592//3592
f 3177//3177 2815//2815 2793//2793
f 3151//3151 3242//3242 2644//2644
f 2644//2644 3242//3242 3272//3272
f 3272//3272 852//852 3179//3179
f 852//852 2452//2452 2355//2355
f 3222//3222 2593//2593 2355//2355
f 3683//3683 2246//2246 3276//3276
f 3645//3645 3631//3631 3555//3555
f 3443//3443 3498//3498 3497//3497
f 4305//4305 3497//3497 3498//3498
f 3498//3498 3581//3581 4305//4305
f 3313//3313 1197//1197 2948//2948
f 2948//2948 3151//3151 3430//3430
f 3272//3272 939//939 852//852
f 2452//2452 3222//3222 2355//2355
f 2814//2814 3148//3148 3129//3129
f 3408//3408 3444//3444 3443//3443
f 3443//3443 3470//3470 3498//3498
f 3569//3569 3581//3581 3498//3498
f 3513//3513 3569//3569 3498//3498
f 3569//3569 3593//3593 3581//3581
f 3613//3613 3599//3599 3581//3581
f 3613//3613 902//902 3599//3599
f 1371//1371 3013//3013 3007//3007
f 1743//1743 2948//2948 1197//1197
f 1743//1743 3151//3151 2948//2948
f 3151//3151 1743//1743 3242//3242
f 2452//2452 3469//3469 3222//3222
f 2984//2984 2970//2970 2971//2971
f 3253//3253 2928//2928 3270//3270
f 3200//3200 1159//1159 3108//3108
f 3850//3850 3833//3833 1025//1025
f 3626//3626 1438//1438 1984//1984
f 3359//3359 3408//3408 3407//3407
f 3433//3433 3444//3444 3408//3408
f 3444//3444 3470//3470 3443//3443
f 3498//3498 3470//3470 3513//3513
f 3593//3593 3613//3613 3581//3581
f 1026//1026 902//902 3613//3613
f 1026//1026 324//324 902//902
f 939//939 3126//3126 852//852
f 3126//3126 3301//3301 2452//2452
f 852//852 3126//3126 2452//2452
f 2452//2452 3301//3301 3469//3469
f 3469//3469 2966//2966 3222//3222
f 3222//3222 2966//2966 2962//2962
f 3841//3841 3648//3648 3719//3719
f 3444//3444 3433//3433 3470//3470
f 3433//3433 3445//3445 3470//3470
f 3540//3540 3569//3569 3513//3513
f 2715//2715 2320//2320 2491//2491
f 3242//3242 2568//2568 3272//3272
f 3272//3272 2568//2568 939//939
f 1685//1685 4120//4120 3702//3702
f 3221//3221 3239//3239 3207//3207
f 2983//2983 3565//3565 1870//1870
f 2881//2881 2899//2899 2914//2914
f 3719//3719 3648//3648 2443//2443
f 3359//3359 3360//3360 3408//3408
f 3360//3360 3419//3419 3408//3408
f 3408//3408 3419//3419 3433//3433
f 3445//3445 3499//3499 3470//3470
f 3470//3470 3499//3499 3513//3513
f 3499//3499 3527//3527 3513//3513
f 3527//3527 3540//3540 3513//3513
f 3570//3570 3569//3569 3540//3540
f 3570//3570 3593//3593 3569//3569
f 486//486 1850//1850 2647//2647
f 2327//2327 2872//2872 2949//2949
f 3160//3160 1743//1743 1197//1197
f 2568//2568 3196//3196 939//939
f 939//939 3196//3196 3126//3126
f 3301//3301 2966//2966 3469//3469
f 2334//2334 2349//2349 2308//2308
f 3176//3176 3208//3208 3190//3190
f 1666//1666 545//545 2556//2556
f 1355//1355 1685//1685 4109//4109
f 4043//4043 3303//3303 3344//3344
f 3344//3344 3360//3360 3359//3359
f 3419//3419 3445//3445 3433//3433
f 3445//3445 3471//3471 3499//3499
f 3527//3527 3541//3541 3540//3540
f 3540//3540 3541//3541 3570//3570
f 3570//3570 3613//3613 3593//3593
f 1782//1782 324//324 1026//1026
f 453//453 2637//2637 246//246
f 1782//1782 246//246 324//324
f 334//334 263//263 2252//2252
f 1850//1850 2625//2625 2647//2647
f 1743//1743 2568//2568 3242//3242
f 3196//3196 3393//3393 3126//3126
f 3126//3126 3393//3393 3301//3301
f 3393//3393 626//626 3301//3301
f 3301//3301 626//626 2966//2966
f 3221//3221 3207//3207 3208//3208
f 1921//1921 481//481 2563//2563
f 667//667 3235//3235 2643//2643
f 3344//3344 3315//3315 3360//3360
f 3360//3360 3361//3361 3419//3419
f 3446//3446 3471//3471 3445//3445
f 3499//3499 3514//3514 3527//3527
f 3514//3514 3541//3541 3527//3527
f 3594//3594 3600//3600 3570//3570
f 3600//3600 3613//3613 3570//3570
f 1782//1782 1026//1026 3613//3613
f 453//453 246//246 1782//1782
f 3462//3462 3348//3348 3383//3383
f 2442//2442 2967//2967 1884//1884
f 3441//3441 1197//1197 2347//2347
f 3441//3441 3160//3160 1197//1197
f 612//612 1743//1743 3160//3160
f 1743//1743 612//612 2568//2568
f 2442//2442 1314//1314 327//327
f 3761//3761 3733//3733 3384//3384
f 3094//3094 3117//3117 3093//3093
f 1333//1333 4020//4020 1296//1296
f 3207//3207 3206//3206 3162//3162
f 3092//3092 3398//3398 3771//3771
f 3303//3303 3315//3315 3344//3344
f 3315//3315 3361//3361 3360//3360
f 3361//3361 3420//3420 3419//3419
f 3420//3420 3446//3446 3445//3445
f 3419//3419 3420//3420 3445//3445
f 3499//3499 3471//3471 3514//3514
f 3514//3514 3542//3542 3541//3541
f 3541//3541 3571//3571 3570//3570
f 3571//3571 3594//3594 3570//3570
f 231//231 3613//3613 3600//3600
f 3196//3196 3125//3125 3393//3393
f 3125//3125 626//626 3393//3393
f 2847//2847 3578//3578 2935//2935
f 3299//3299 3349//3349 2388//2388
f 3268//3268 4355//4355 2459//2459
f 3085//3085 3095//3095 3094//3094
f 3095//3095 3117//3117 3094//3094
f 3095//3095 3154//3154 3117//3117
f 3634//3634 2040//2040 3655//3655
f 3277//3277 3315//3315 3303//3303
f 3361//3361 3378//3378 3420//3420
f 3471//3471 3500//3500 3514//3514
f 3514//3514 3500//3500 3542//3542
f 3542//3542 3571//3571 3541//3541
f 3571//3571 3601//3601 3594//3594
f 3601//3601 3600//3600 3594//3594
f 2609//2609 2877//2877 795//795
f 3285//3285 2955//2955 2970//2970
f 2568//2568 3591//3591 3196//3196
f 3591//3591 3125//3125 3196//3196
f 626//626 82//82 2966//2966
f 2250//2250 2834//2834 2936//2936
f 3085//3085 3096//3096 3095//3095
f 2850//2850 184//184 152//152
f 3167//3167 3182//3182 3154//3154
f 2404//2404 1210//1210 1089//1089
f 3277//3277 3304//3304 3315//3315
f 3304//3304 3345//3345 3315//3315
f 3315//3315 3345//3345 3361//3361
f 3446//3446 3447//3447 3471//3471
f 3447//3447 3500//3500 3471//3471
f 3500//3500 3528//3528 3542//3542
f 3553//3553 3571//3571 3542//3542
f 3571//3571 3602//3602 3601//3601
f 3314//3314 3373//3373 2088//2088
f 4920//4920 4904//4904 4890//4890
f 3619//3619 2807//2807 1109//1109
f 3125//3125 1912//1912 626//626
f 1833//1833 1970//1970 1357//1357
f 3624//3624 3713//3713 3197//3197
f 3619//3619 1845//1845 3611//3611
f 2555//2555 201//201 1349//1349
f 3096//3096 3137//3137 3095//3095
f 3137//3137 3154//3154 3095//3095
f 3137//3137 3167//3167 3154//3154
f 3137//3137 2548//2548 3167//3167
f 3235//3235 3439//3439 2577//2577
f 3277//3277 3278//3278 3304//3304
f 3361//3361 3345//3345 3378//3378
f 3378//3378 3409//3409 3420//3420
f 3409//3409 3421//3421 3420//3420
f 3420//3420 3421//3421 3446//3446
f 3421//3421 3447//3447 3446//3446
f 3447//3447 3472//3472 3500//3500
f 3472//3472 3528//3528 3500//3500
f 3528//3528 3553//3553 3542//3542
f 3571//3571 4388//4388 3602//3602
f 4405//4405 2173//2173 3860//3860
f 802//802 3042//3042 3493//3493
f 3619//3619 3611//3611 3590//3590
f 3432//3432 3551//3551 2347//2347
f 2347//2347 3551//3551 3441//3441
f 612//612 3591//3591 2568//2568
f 2495//2495 1912//1912 3125//3125
f 3591//3591 2495//2495 3125//3125
f 1209//1209 3374//3374 626//626
f 1912//1912 1209//1209 626//626
f 3374//3374 82//82 626//626
f 2425//2425 3495//3495 3626//3626
f 3753//3753 3423//3423 2733//2733
f 3578//3578 3590//3590 3549//3549
f 545//545 1666//1666 794//794
f 4438//4438 3085//3085 3084//3084
f 3118//3118 3137//3137 3096//3096
f 3118//3118 3155//3155 3137//3137
f 3155//3155 2548//2548 3137//3137
f 1691//1691 2589//2589 2502//2502
f 3304//3304 3305//3305 3345//3345
f 3346//3346 3379//3379 3345//3345
f 3345//3345 3379//3379 3378//3378
f 3378//3378 3379//3379 3409//3409
f 3543//3543 3554//3554 3553//3553
f 3528//3528 3543//3543 3553//3553
f 3551//3551 3511//3511 3441//3441
f 3511//3511 2101//2101 3441//3441
f 3566//3566 3160//3160 3441//3441
f 2101//2101 3566//3566 3441//3441
f 3566//3566 3392//3392 612//612
f 3160//3160 3566//3566 612//612
f 612//612 3392//3392 3591//3591
f 2495//2495 2706//2706 1912//1912
f 1912//1912 2706//2706 1209//1209
f 3451//3451 3437//3437 3452//3452
f 3732//3732 3667//3667 3638//3638
f 3442//3442 3343//3343 3302//3302
f 3086//3086 3097//3097 3096//3096
f 3097//3097 3118//3118 3096//3096
f 3156//3156 3155//3155 3118//3118
f 2464//2464 3244//3244 3243//3243
f 3258//3258 3257//3257 3243//3243
f 3244//3244 3258//3258 3243//3243
f 3279//3279 3278//3278 3257//3257
f 3258//3258 3279//3279 3257//3257
f 3279//3279 3290//3290 3278//3278
f 3290//3290 3305//3305 3304//3304
f 3278//3278 3290//3290 3304//3304
f 3316//3316 3345//3345 3305//3305
f 3379//3379 3421//3421 3409//3409
f 3421//3421 3448//3448 3447//3447
f 3447//3447 3448//3448 3472//3472
f 3472//3472 3515//3515 3528//3528
f 3528//3528 3515//3515 3543//3543
f 4288//4288 4322//4322 3515//3515
f 468//468 1921//1921 2563//2563
f 3332//3332 1379//1379 47//47
f 4507//4507 4520//4520 4519//4519
f 3201//3201 3203//3203 3432//3432
f 3432//3432 3203//3203 3551//3551
f 3392//3392 2495//2495 3591//3591
f 3674//3674 3631//3631 2078//2078
f 3524//3524 902//902 324//324
f 3197//3197 2216//2216 3486//3486
f 2613//2613 3676//3676 3442//3442
f 4405//4405 4404//4404 3862//3862
f 3138//3138 3118//3118 3097//3097
f 3138//3138 3156//3156 3118//3118
f 3316//3316 3346//3346 3345//3345
f 3346//3346 3395//3395 3379//3379
f 3395//3395 3422//3422 3421//3421
f 3379//3379 3395//3395 3421//3421
f 3421//3421 3422//3422 3448//3448
f 3515//3515 3472//3472 4288//4288
f 1631//1631 2967//2967 2254//2254
f 3549//3549 3548//3548 3523//3523
f 2967//2967 2949//2949 2254//2254
f 2556//2556 1742//1742 1666//1666
f 2149//2149 1691//1691 2497//2497
f 3698//3698 4400//4400 3668//3668
f 3392//3392 3538//3538 2495//2495
f 3538//3538 2706//2706 2495//2495
f 2074//2074 2363//2363 2897//2897
f 173//173 2581//2581 2454//2454
f 3334//3334 3442//3442 3302//3302
f 3168//3168 3155//3155 3156//3156
f 3213//3213 3212//3212 3155//3155
f 3168//3168 3213//3213 3155//3155
f 3213//3213 3244//3244 3212//3212
f 3259//3259 3258//3258 3244//3244
f 3280//3280 3279//3279 3258//3258
f 3259//3259 3280//3280 3258//3258
f 3279//3279 3280//3280 3290//3290
f 3422//3422 3434//3434 3448//3448
f 3653//3653 2344//2344 2155//2155
f 3910//3910 3871//3871 5078//5078
f 3162//3162 3206//3206 3161//3161
f 3253//3253 3252//3252 3220//3220
f 3206//3206 3253//3253 3220//3220
f 3252//3252 3253//3253 3270//3270
f 3268//3268 2328//2328 2061//2061
f 341//341 2943//2943 374//374
f 951//951 216//216 2556//2556
f 388//388 3442//3442 3334//3334
f 388//388 2613//2613 3442//3442
f 3098//3098 3097//3097 3087//3087
f 4438//4438 3087//3087 3086//3086
f 3098//3098 3138//3138 3097//3097
f 3168//3168 3156//3156 3138//3138
f 1672//1672 2583//2583 2471//2471
f 3290//3290 3291//3291 3305//3305
f 3305//3305 3291//3291 3316//3316
f 3434//3434 3449//3449 3473//3473
f 3475//3475 2040//2040 3634//3634
f 680//680 3071//3071 2749//2749
f 2126//2126 2103//2103 481//481
f 3213//3213 3228//3228 3244//3244
f 3580//3580 2101//2101 3511//3511
f 3580//3580 3566//3566 2101//2101
f 3566//3566 3538//3538 3392//3392
f 3538//3538 673//673 2706//2706
f 2706//2706 673//673 1209//1209
f 1209//1209 2840//2840 3374//3374
f 3260//3260 3244//3244 3261//3261
f 4214//4214 3449//3449 3435//3435
f 2281//2281 2044//2044 2126//2126
f 5104//5104 5068//5068 5057//5057
f 3119//3119 3139//3139 3098//3098
f 3139//3139 3138//3138 3098//3098
f 3139//3139 3168//3168 3138//3138
f 3139//3139 3213//3213 3168//3168
f 3260//3260 3259//3259 3244//3244
f 3291//3291 3290//3290 3280//3280
f 3259//3259 3291//3291 3280//3280
f 3291//3291 3317//3317 3316//3316
f 3316//3316 3317//3317 3346//3346
f 3346//3346 3317//3317 3395//3395
f 3422//3422 3435//3435 3434//3434
f 3435//3435 3449//3449 3434//3434
f 2871//2871 2983//2983 1870//1870
f 3332//3332 1159//1159 1379//1379
f 3108//3108 1159//1159 3332//3332
f 3163//3163 3190//3190 3162//3162
f 3551//3551 3621//3621 3511//3511
f 3511//3511 3621//3621 3580//3580
f 3580//3580 3460//3460 3566//3566
f 3460//3460 2579//2579 3538//3538
f 3566//3566 3460//3460 3538//3538
f 3538//3538 2579//2579 673//673
f 673//673 3009//3009 1209//1209
f 1209//1209 3009//3009 2840//2840
f 3431//3431 2326//2326 3680//3680
f 3067//3067 1429//1429 1356//1356
f 3439//3439 3496//3496 2577//2577
f 3636//3636 3614//3614 3829//3829
f 2623//2623 2636//2636 2642//2642
f 3087//3087 3088//3088 3098//3098
f 3088//3088 3119//3119 3098//3098
f 3119//3119 3169//3169 3139//3139
f 4740//4740 4753//4753 4717//4717
f 3292//3292 3318//3318 3317//3317
f 3291//3291 3292//3292 3317//3317
f 3317//3317 3380//3380 3395//3395
f 3395//3395 3380//3380 3422//3422
f 94//94 3320//3320 3262//3262
f 3777//3777 3057//3057 3717//3717
f 2815//2815 3176//3176 3163//3163
f 3452//3452 3463//3463 3451//3451
f 1159//1159 2442//2442 1379//1379
f 3205//3205 3204//3204 3174//3174
f 2363//2363 12//12 795//795
f 2363//2363 2262//2262 12//12
f 2363//2363 86//86 2262//2262
f 4198//4198 4180//4180 4138//4138
f 3203//3203 2437//2437 3551//3551
f 2786//2786 2843//2843 2810//2810
f 2805//2805 3700//3700 2326//2326
f 2880//2880 2283//2283 2798//2798
f 3129//3129 2791//2791 2792//2792
f 3089//3089 3119//3119 3088//3088
f 3157//3157 3169//3169 3119//3119
f 3169//3169 3213//3213 3139//3139
f 3281//3281 3259//3259 3260//3260
f 3261//3261 3281//3281 3260//3260
f 3292//3292 3291//3291 3259//3259
f 3281//3281 3292//3292 3259//3259
f 3318//3318 3336//3336 3317//3317
f 3317//3317 3336//3336 3380//3380
f 3690//3690 2184//2184 3688//3688
f 2840//2840 3009//3009 2939//2939
f 2288//2288 3104//3104 2170//2170
f 1069//1069 2321//2321 2044//2044
f 3204//3204 3237//3237 3219//3219
f 3204//3204 3219//3219 3189//3189
f 3439//3439 3459//3459 2405//2405
f 1742//1742 169//169 1666//1666
f 2407//2407 2437//2437 3203//3203
f 2437//2437 2236//2236 3551//3551
f 3551//3551 2236//2236 3621//3621
f 3580//3580 2579//2579 3460//3460
f 2579//2579 3152//3152 673//673
f 2252//2252 2613//2613 388//388
f 1952//1952 2252//2252 388//388
f 3696//3696 4404//4404 4403//4403
f 1742//1742 1921//1921 169//169
f 3292//3292 3293//3293 3318//3318
f 3318//3318 3293//3293 3336//3336
f 3347//3347 3381//3381 3380//3380
f 3336//3336 3347//3347 3380//3380
f 2246//2246 3078//3078 3276//3276
f 3648//3648 3475//3475 2443//2443
f 2381//2381 1804//1804 14//14
f 2083//2083 2427//2427 3796//3796
f 2103//2103 703//703 481//481
f 3496//3496 2551//2551 1950//1950
f 3251//3251 2977//2977 2976//2976
f 2978//2978 2986//2986 3269//3269
f 2476//2476 2552//2552 2551//2551
f 2407//2407 2479//2479 2437//2437
f 680//680 673//673 3152//3152
f 673//673 680//680 3009//3009
f 2792//2792 2814//2814 3129//3129
f 1952//1952 388//388 3289//3289
f 3120//3120 3119//3119 3089//3089
f 3099//3099 3120//3120 3089//3089
f 3120//3120 3140//3140 3119//3119
f 3140//3140 3157//3157 3119//3119
f 3214//3214 3213//3213 3169//3169
f 3293//3293 3292//3292 3281//3281
f 4063//4063 3319//3319 3293//3293
f 3293//3293 3319//3319 3336//3336
f 3319//3319 3347//3347 3336//3336
f 3347//3347 4122//4122 3381//3381
f 3690//3690 3050//3050 3363//3363
f 4696//4696 4718//4718 4695//4695
f 5025//5025 5024//5024 4970//4970
f 4681//4681 4705//4705 4680//4680
f 2840//2840 2755//2755 3374//3374
f 3796//3796 3722//3722 2234//2234
f 4404//4404 4414//4414 4403//4403
f 736//736 2645//2645 2570//2570
f 3825//3825 2695//2695 3826//3826
f 1149//1149 2289//2289 2645//2645
f 2577//2577 3496//3496 1950//1950
f 424//424 736//736 2570//2570
f 2583//2583 2643//2643 3372//3372
f 1672//1672 2471//2471 3329//3329
f 2510//2510 2061//2061 2479//2479
f 2236//2236 1451//1451 3621//3621
f 2383//2383 3580//3580 3621//3621
f 1451//1451 2383//2383 3621//3621
f 2383//2383 3165//3165 2579//2579
f 3580//3580 2383//2383 2579//2579
f 2579//2579 3165//3165 3152//3152
f 2563//2563 3108//3108 3332//3332
f 494//494 1952//1952 1849//1849
f 3289//3289 1849//1849 1952//1952
f 494//494 334//334 1952//1952
f 334//334 2252//2252 1952//1952
f 2917//2917 3462//3462 745//745
f 3293//3293 3281//3281 4063//4063
f 3742//3742 454//454 2078//2078
f 3853//3853 2248//2248 3841//3841
f 3829//3829 3614//3614 3808//3808
f 4519//4519 4520//4520 4570//4570
f 3795//3795 3663//3663 3699//3699
f 2544//2544 2558//2558 2543//2543
f 3532//3532 3557//3557 4382//4382
f 4382//4382 3557//3557 3584//3584
f 3557//3557 3595//3595 3584//3584
f 202//202 3584//3584 3595//3595
f 3595//3595 2576//2576 202//202
f 2576//2576 1793//1793 141//141
f 2361//2361 3643//3643 3798//3798
f 1804//1804 2381//2381 928//928
f 3132//3132 3714//3714 114//114
f 2289//2289 1149//1149 2303//2303
f 1030//1030 1534//1534 2060//2060
f 3590//3590 3589//3589 3564//3564
f 1379//1379 2442//2442 1884//1884
f 1884//1884 2967//2967 1631//1631
f 2127//2127 2014//2014 2369//2369
f 2479//2479 3194//3194 2437//2437
f 2437//2437 3194//3194 2236//2236
f 3165//3165 680//680 3152//3152
f 2406//2406 2158//2158 3819//3819
f 55//55 1271//1271 2445//2445
f 2834//2834 3124//3124 2772//2772
f 2193//2193 1212//1212 2174//2174
f 4325//4325 3517//3517 3532//3532
f 3532//3532 3517//3517 3557//3557
f 3371//3371 5066//5066 5100//5100
f 3674//3674 3484//3484 3631//3631
f 2532//2532 424//424 2221//2221
f 3549//3549 3590//3590 3564//3564
f 3549//3549 3564//3564 3548//3548
f 2982//2982 712//712 3602//3602
f 2061//2061 2328//2328 2479//2479
f 2479//2479 2328//2328 3194//3194
f 3194//3194 1238//1238 2236//2236
f 2236//2236 1238//1238 1451//1451
f 2383//2383 1451//1451 3165//3165
f 3565//3565 2983//2983 2935//2935
f 4381//4381 1295//1295 4391//4391
f 2661//2661 1194//1194 1110//1110
f 1845//1845 3618//3618 3611//3611
f 2414//2414 3729//3729 422//422
f 3558//3558 3572//3572 3557//3557
f 3557//3557 3572//3572 3595//3595
f 3595//3595 3604//3604 2576//2576
f 3604//3604 17//17 2576//2576
f 2576//2576 17//17 1793//1793
f 3535//3535 3563//3563 3562//3562
f 796//796 991//991 2219//2219
f 2638//2638 2364//2364 2374//2374
f 654//654 2780//2780 4394//4394
f 3539//3539 3071//3071 3165//3165
f 1451//1451 3539//3539 3165//3165
f 3071//3071 680//680 3165//3165
f 703//703 3200//3200 3108//3108
f 3113//3113 878//878 167//167
f 2699//2699 2688//2688 494//494
f 2202//2202 4038//4038 2230//2230
f 5028//5028 1416//1416 1415//1415
f 12//12 2546//2546 795//795
f 853//853 468//468 1682//1682
f 468//468 3180//3180 1682//1682
f 798//798 468//468 853//853
f 2974//2974 2969//2969 3341//3341
f 2660//2660 3855//3855 3853//3853
f 3216//3216 2211//2211 3745//3745
f 2215//2215 2170//2170 3418//3418
f 1085//1085 3624//3624 3670//3670
f 3495//3495 2425//2425 3771//3771
f 3682//3682 3681//3681 3805//3805
f 3501//3501 3262//3262 3629//3629
f 3572//3572 3596//3596 3595//3595
f 3596//3596 3604//3604 3595//3595
f 2624//2624 1793//1793 17//17
f 495//495 436//436 1793//1793
f 2882//2882 3189//3189 2915//2915
f 2868//2868 3177//3177 2816//2816
f 927//927 2918//2918 176//176
f 2749//2749 702//702 2972//2972
f 2006//2006 5095//5095 2115//2115
f 3222//3222 2962//2962 2663//2663
f 2995//2995 2994//2994 2978//2978
f 2328//2328 3229//3229 3194//3194
f 2638//2638 2944//2944 2609//2609
f 2699//2699 2707//2707 2688//2688
f 1072//1072 2947//2947 1071//1071
f 2013//2013 674//674 2546//2546
f 2088//2088 3113//3113 167//167
f 878//878 2699//2699 3166//3166
f 56//56 2699//2699 583//583
f 3618//3618 1845//1845 1910//1910
f 2204//2204 2265//2265 2040//2040
f 3764//3764 3787//3787 2636//2636
f 3803//3803 3349//3349 3705//3705
f 4717//4717 4753//4753 4739//4739
f 386//386 1087//1087 3656//3656
f 3626//3626 3488//3488 1438//1438
f 3050//3050 3306//3306 3363//3363
f 3604//3604 3605//3605 17//17
f 495//495 1793//1793 2624//2624
f 2580//2580 436//436 495//495
f 2580//2580 731//731 436//436
f 2040//2040 2265//2265 3655//3655
f 3652//3652 3001//3001 3034//3034
f 3562//3562 3563//3563 3576//3576
f 3576//3576 3588//3588 3587//3587
f 744//744 4126//4126 3012//3012
f 3977//3977 3230//3230 3214//3214
f 3874//3874 3875//3875 3063//3063
f 3268//3268 820//820 2328//2328
f 820//820 3229//3229 2328//2328
f 3229//3229 937//937 3194//3194
f 937//937 2002//2002 1238//1238
f 3194//3194 937//937 1238//1238
f 3171//3171 1451//1451 1238//1238
f 2002//2002 3171//3171 1238//1238
f 1451//1451 3171//3171 3539//3539
f 935//935 2329//2329 766//766
f 1104//1104 2250//2250 296//296
f 12//12 2013//2013 2546//2546
f 742//742 850//850 733//733
f 3461//3461 3329//3329 707//707
f 749//749 3795//3795 3385//3385
f 3773//3773 3385//3385 3699//3699
f 3056//3056 3650//3650 3231//3231
f 2077//2077 2154//2154 3320//3320
f 2265//2265 3677//3677 3655//3655
f 3655//3655 3677//3677 3530//3530
f 3977//3977 3214//3214 3169//3169
f 5023//5023 1436//1436 5032//5032
f 4354//4354 3544//3544 3558//3558
f 3558//3558 3544//3544 3572//3572
f 3572//3572 3544//3544 3596//3596
f 3596//3596 3605//3605 3604//3604
f 1787//1787 2624//2624 17//17
f 3386//3386 3376//3376 3223//3223
f 3677//3677 3664//3664 3530//3530
f 3774//3774 3682//3682 3805//3805
f 4540//4540 4586//4586 4516//4516
f 5074//5074 5099//5099 3020//3020
f 3719//3719 2443//2443 3603//3603
f 3121//3121 3689//3689 3631//3631
f 928//928 3418//3418 2260//2260
f 820//820 1923//1923 3229//3229
f 2002//2002 3172//3172 3171//3171
f 3171//3171 3172//3172 3539//3539
f 3539//3539 3172//3172 3071//3071
f 855//855 2934//2934 70//70
f 1655//1655 3113//3113 2088//2088
f 1655//1655 3114//3114 3113//3113
f 3114//3114 878//878 3113//3113
f 1653//1653 362//362 1618//1618
f 3200//3200 1314//1314 1159//1159
f 1534//1534 1846//1846 2575//2575
f 2575//2575 1846//1846 2549//2549
f 1846//1846 2261//2261 2549//2549
f 1049//1049 2246//2246 3683//3683
f 1438//1438 3773//3773 3699//3699
f 3271//3271 3719//3719 3487//3487
f 135//135 1419//1419 1420//1420
f 3322//3322 3282//3282 4151//4151
f 325//325 3083//3083 5097//5097
f 3452//3452 3477//3477 3463//3463
f 3463//3463 3489//3489 4312//4312
f 3615//3615 1787//1787 17//17
f 3605//3605 3615//3615 17//17
f 980//980 2624//2624 1787//1787
f 980//980 495//495 2624//2624
f 1788//1788 731//731 2580//2580
f 2238//2238 1788//1788 2580//2580
f 1788//1788 933//933 731//731
f 2215//2215 2288//2288 2170//2170
f 2436//2436 31//31 2069//2069
f 1995//1995 3246//3246 3661//3661
f 3656//3656 3758//3758 3630//3630
f 3710//3710 2147//2147 1909//1909
f 3031//3031 201//201 2555//2555
f 3531//3531 2322//2322 3001//3001
f 3689//3689 3683//3683 3276//3276
f 611//611 3071//3071 3172//3172
f 3071//3071 611//611 2749//2749
f 3190//3190 3207//3207 3162//3162
f 2329//2329 58//58 766//766
f 878//878 3114//3114 2699//2699
f 3354//3354 3115//3115 3124//3124
f 1400//1400 3011//3011 2045//2045
f 3373//3373 1655//1655 2088//2088
f 556//556 2996//2996 497//497
f 3247//3247 3282//3282 3265//3265
f 3767//3767 3424//3424 2184//2184
f 2464//2464 3657//3657 3182//3182
f 1868//1868 1049//1049 3121//3121
f 3031//3031 3716//3716 201//201
f 3489//3489 3518//3518 4354//4354
f 3518//3518 3545//3545 3544//3544
f 4354//4354 3518//3518 3544//3544
f 3544//3544 3545//3545 3596//3596
f 2238//2238 2580//2580 495//495
f 933//933 2610//2610 2594//2594
f 2610//2610 629//629 2594//2594
f 2171//2171 3246//3246 1995//1995
f 3227//3227 3296//3296 3647//3647
f 3271//3271 3841//3841 3719//3719
f 820//820 3369//3369 3623//3623
f 3227//3227 3647//3647 3516//3516
f 820//820 3525//3525 1923//1923
f 2465//2465 363//363 3229//3229
f 1923//1923 2465//2465 3229//3229
f 3229//3229 363//363 937//937
f 2574//2574 2002//2002 937//937
f 363//363 2574//2574 937//937
f 2002//2002 2574//2574 3172//3172
f 2574//2574 611//611 3172//3172
f 3554//3554 4388//4388 3571//3571
f 3373//3373 70//70 1655//1655
f 583//583 3114//3114 1655//1655
f 70//70 583//583 1655//1655
f 3975//3975 3993//3993 3992//3992
f 3141//3141 3918//3918 3142//3142
f 3218//3218 3217//3217 3198//3198
f 3183//3183 3218//3218 3198//3198
f 3282//3282 3283//3283 3323//3323
f 5089//5089 5105//5105 5075//5075
f 3780//3780 3642//3642 3226//3226
f 3490//3490 3518//3518 3489//3489
f 3518//3518 3559//3559 3545//3545
f 3545//3545 3573//3573 3596//3596
f 3596//3596 3573//3573 3605//3605
f 3605//3605 3616//3616 3615//3615
f 3616//3616 1787//1787 3615//3615
f 495//495 980//980 2238//2238
f 173//173 629//629 2610//2610
f 2184//2184 3766//3766 3653//3653
f 3821//3821 3776//3776 3526//3526
f 3776//3776 2083//2083 3150//3150
f 2338//2338 3703//3703 3698//3698
f 4622//4622 4621//4621 4586//4586
f 53//53 3833//3833 3838//3838
f 3667//3667 3529//3529 2056//2056
f 1923//1923 3525//3525 2465//2465
f 58//58 2329//2329 3124//3124
f 2281//2281 2126//2126 1742//1742
f 2354//2354 3373//3373 3314//3314
f 3116//3116 3080//3080 2589//2589
f 2556//2556 2281//2281 1742//1742
f 2723//2723 4749//4749 4794//4794
f 3185//3185 3183//3183 3184//3184
f 3185//3185 3218//3218 3183//3183
f 3247//3247 3283//3283 3282//3282
f 3283//3283 3324//3324 3323//3323
f 3399//3399 3425//3425 3437//3437
f 3425//3425 3453//3453 3452//3452
f 3437//3437 3425//3425 3452//3452
f 3452//3452 3453//3453 3477//3477
f 3477//3477 3490//3490 3489//3489
f 3490//3490 3519//3519 3518//3518
f 3518//3518 3519//3519 3559//3559
f 3559//3559 3573//3573 3545//3545
f 3573//3573 3585//3585 3605//3605
f 3605//3605 3585//3585 3616//3616
f 980//980 613//613 2238//2238
f 701//701 1788//1788 2238//2238
f 919//919 933//933 1788//1788
f 919//919 2610//2610 933//933
f 3398//3398 3755//3755 3495//3495
f 3385//3385 3795//3795 3699//3699
f 3495//3495 3488//3488 3626//3626
f 3771//3771 2425//2425 3754//3754
f 4474//4474 4473//4473 4469//4469
f 959//959 3537//3537 3525//3525
f 3537//3537 2465//2465 3525//3525
f 2465//2465 1871//1871 363//363
f 1871//1871 3356//3356 2574//2574
f 363//363 1871//1871 2574//2574
f 3287//3287 2574//2574 3356//3356
f 3287//3287 1993//1993 611//611
f 2574//2574 3287//3287 611//611
f 3367//3367 3411//3411 3750//3750
f 2705//2705 3373//3373 2354//2354
f 3300//3300 2705//2705 2354//2354
f 2705//2705 70//70 3373//3373
f 2678//2678 2999//2999 2959//2959
f 3824//3824 3367//3367 3750//3750
f 611//611 1993//1993 702//702
f 3552//3552 2273//2273 3682//3682
f 3411//3411 3367//3367 3761//3761
f 3159//3159 3142//3142 3122//3122
f 3933//3933 3159//3159 3122//3122
f 3576//3576 3563//3563 3588//3588
f 3218//3218 3248//3248 3217//3217
f 3248//3248 3247//3247 3217//3217
f 3247//3247 3248//3248 3283//3283
f 3387//3387 3400//3400 3399//3399
f 3399//3399 3400//3400 3425//3425
f 3453//3453 3464//3464 3477//3477
f 3477//3477 3464//3464 3490//3490
f 3519//3519 3546//3546 3559//3559
f 3585//3585 3606//3606 3616//3616
f 3616//3616 3622//3622 1787//1787
f 1787//1787 613//613 980//980
f 613//613 701//701 2238//2238
f 919//919 1788//1788 701//701
f 2581//2581 2610//2610 919//919
f 3850//3850 3104//3104 3838//3838
f 3757//3757 3245//3245 3228//3228
f 3526//3526 3776//3776 3494//3494
f 3051//3051 2521//2521 2321//2321
f 4455//4455 4474//4474 4469//4469
f 3349//3349 3299//3299 3582//3582
f 1871//1871 2465//2465 3537//3537
f 4163//4163 3323//3323 3351//3351
f 5068//5068 5065//5065 5058//5058
f 3080//3080 2561//2561 2520//2520
f 1511//1511 2626//2626 2625//2625
f 4749//4749 2723//2723 4793//4793
f 3248//3248 3284//3284 3283//3283
f 3283//3283 3284//3284 3324//3324
f 3351//3351 3325//3325 3352//3352
f 3368//3368 3388//3388 3387//3387
f 3387//3387 3388//3388 3400//3400
f 3425//3425 3426//3426 3453//3453
f 3453//3453 3426//3426 3464//3464
f 3464//3464 3478//3478 3490//3490
f 3559//3559 3560//3560 3573//3573
f 3560//3560 3586//3586 3585//3585
f 3573//3573 3560//3560 3585//3585
f 3606//3606 3622//3622 3616//3616
f 3622//3622 2112//2112 1787//1787
f 2112//2112 613//613 1787//1787
f 613//613 2441//2441 701//701
f 1366//1366 2581//2581 919//919
f 4889//4889 4960//4960 4939//4939
f 1984//1984 1438//1438 3699//3699
f 364//364 3090//3090 2004//2004
f 2427//2427 3717//3717 3796//3796
f 1860//1860 1871//1871 3537//3537
f 1990//1990 3356//3356 1871//1871
f 1990//1990 3287//3287 3356//3356
f 39//39 2321//2321 1069//1069
f 3355//3355 3178//3178 2354//2354
f 3178//3178 3300//3300 2354//2354
f 3178//3178 855//855 3300//3300
f 855//855 2705//2705 3300//3300
f 2705//2705 855//855 70//70
f 327//327 2327//2327 2967//2967
f 3123//3123 3933//3933 3102//3102
f 3123//3123 3159//3159 3933//3933
f 2977//2977 2986//2986 2985//2985
f 3186//3186 3218//3218 3185//3185
f 3186//3186 3232//3232 3218//3218
f 3232//3232 3248//3248 3218//3218
f 3232//3232 3284//3284 3248//3248
f 3284//3284 3325//3325 3324//3324
f 3324//3324 3325//3325 3351//3351
f 3368//3368 3387//3387 4165//4165
f 3400//3400 3426//3426 3425//3425
f 3426//3426 3454//3454 3464//3464
f 3454//3454 3478//3478 3464//3464
f 3478//3478 3504//3504 3490//3490
f 3490//3490 3504//3504 3519//3519
f 3546//3546 3560//3560 3559//3559
f 3585//3585 3586//3586 3606//3606
f 2112//2112 2441//2441 613//613
f 1752//1752 1366//1366 919//919
f 2454//2454 2581//2581 1366//1366
f 1376//1376 333//333 364//364
f 364//364 331//331 3090//3090
f 3275//3275 3153//3153 3090//3090
f 960//960 959//959 2102//2102
f 960//960 3537//3537 959//959
f 3342//3342 1871//1871 1860//1860
f 3164//3164 1990//1990 1871//1871
f 3342//3342 3164//3164 1871//1871
f 2528//2528 1993//1993 3287//3287
f 3355//3355 2354//2354 3143//3143
f 3354//3354 2250//2250 1314//1314
f 263//263 334//334 2688//2688
f 3154//3154 3182//3182 3786//3786
f 2810//2810 3123//3123 3102//3102
f 5040//5040 3414//3414 3402//3402
f 3186//3186 3185//3185 3142//3142
f 3400//3400 3412//3412 3426//3426
f 3504//3504 3533//3533 3519//3519
f 3519//3519 3533//3533 3546//3546
f 3586//3586 3597//3597 3606//3606
f 3617//3617 1028//1028 3622//3622
f 3606//3606 3617//3617 3622//3622
f 3622//3622 1028//1028 876//876
f 876//876 2112//2112 3622//3622
f 2433//2433 2441//2441 2112//2112
f 123//123 919//919 701//701
f 2441//2441 123//123 701//701
f 123//123 1752//1752 919//919
f 870//870 2454//2454 1366//1366
f 2069//2069 3275//3275 3090//3090
f 3537//3537 960//960 1860//1860
f 2661//2661 3287//3287 1990//1990
f 3164//3164 2661//2661 1990//1990
f 2661//2661 2528//2528 3287//3287
f 2487//2487 2715//2715 2491//2491
f 3192//3192 3178//3178 3355//3355
f 3192//3192 3133//3133 3178//3178
f 3133//3133 2934//2934 855//855
f 3178//3178 3133//3133 855//855
f 3191//3191 3208//3208 3176//3176
f 2843//2843 3123//3123 2810//2810
f 2843//2843 3159//3159 3123//3123
f 2843//2843 3187//3187 3159//3159
f 4430//4430 4431//4431 4444//4444
f 3233//3233 3232//3232 3186//3186
f 3266//3266 3284//3284 3232//3232
f 3284//3284 3266//3266 3325//3325
f 4431//4431 4430//4430 4414//4414
f 3412//3412 3438//3438 3426//3426
f 3426//3426 3438//3438 3454//3454
f 3454//3454 3455//3455 3478//3478
f 3479//3479 3505//3505 3504//3504
f 3478//3478 3479//3479 3504//3504
f 3533//3533 3561//3561 3560//3560
f 3546//3546 3533//3533 3560//3560
f 3560//3560 3561//3561 3586//3586
f 3597//3597 3607//3607 3606//3606
f 3607//3607 3617//3617 3606//3606
f 950//950 2441//2441 2433//2433
f 950//950 123//123 2441//2441
f 1752//1752 3254//3254 1366//1366
f 3254//3254 870//870 1366//1366
f 333//333 1292//1292 364//364
f 1292//1292 331//331 364//364
f 2069//2069 3090//3090 331//331
f 3310//3310 3275//3275 2069//2069
f 1150//1150 2232//2232 3275//3275
f 3310//3310 1150//1150 3275//3275
f 2318//2318 3342//3342 1860//1860
f 3163//3163 3162//3162 3148//3148
f 2601//2601 3355//3355 3143//3143
f 2601//2601 3192//3192 3355//3355
f 3133//3133 2912//2912 2934//2934
f 2563//2563 703//703 3108//3108
f 296//296 2327//2327 327//327
f 3170//3170 3187//3187 2843//2843
f 3199//3199 3186//3186 3187//3187
f 3233//3233 3266//3266 3232//3232
f 3297//3297 3326//3326 3325//3325
f 3266//3266 3297//3297 3325//3325
f 3325//3325 3326//3326 3337//3337
f 4425//4425 4414//4414 4404//4404
f 3730//3730 3784//3784 3808//3808
f 3412//3412 3413//3413 3438//3438
f 3438//3438 3455//3455 3454//3454
f 3455//3455 3479//3479 3478//3478
f 3561//3561 3574//3574 3586//3586
f 3586//3586 3574//3574 3597//3597
f 876//876 2010//2010 2112//2112
f 2010//2010 952//952 2112//2112
f 952//952 2433//2433 2112//2112
f 123//123 3254//3254 1752//1752
f 870//870 21//21 538//538
f 2436//2436 2069//2069 331//331
f 1150//1150 851//851 2232//2232
f 541//541 2102//2102 851//851
f 2015//2015 960//960 2102//2102
f 541//541 2015//2015 2102//2102
f 2247//2247 2318//2318 1860//1860
f 1194//1194 2661//2661 3164//3164
f 2902//2902 3192//3192 2601//2601
f 3192//3192 2902//2902 3133//3133
f 2831//2831 2881//2881 2861//2861
f 3133//3133 2902//2902 2912//2912
f 3177//3177 3191//3191 3176//3176
f 3654//3654 3734//3734 745//745
f 3188//3188 3187//3187 3170//3170
f 3188//3188 3199//3199 3187//3187
f 3199//3199 3233//3233 3186//3186
f 959//959 1391//1391 2102//2102
f 4044//4044 4045//4045 4064//4064
f 3438//3438 3456//3456 3455//3455
f 3455//3455 3465//3465 3479//3479
f 3504//3504 3520//3520 3533//3533
f 3520//3520 3547//3547 3533//3533
f 3533//3533 3547//3547 3561//3561
f 2547//2547 1028//1028 3617//3617
f 1028//1028 2547//2547 876//876
f 876//876 2547//2547 2010//2010
f 2569//2569 952//952 2010//2010
f 952//952 2207//2207 2433//2433
f 2207//2207 950//950 2433//2433
f 870//870 3254//3254 21//21
f 2712//2712 1232//1232 333//333
f 21//21 2712//2712 333//333
f 333//333 1232//1232 1292//1292
f 2436//2436 331//331 1292//1292
f 1073//1073 1150//1150 3310//3310
f 1073//1073 851//851 1150//1150
f 1073//1073 541//541 851//851
f 2588//2588 2015//2015 541//541
f 960//960 2015//2015 1860//1860
f 56//56 700//700 2699//2699
f 4634//4634 4661//4661 4633//4633
f 3431//3431 4343//4343 3803//3803
f 2542//2542 2902//2902 2601//2601
f 2993//2993 565//565 2985//2985
f 2815//2815 3177//3177 3176//3176
f 5075//5075 5105//5105 5069//5069
f 3199//3199 3234//3234 3233//3233
f 3233//3233 3234//3234 3266//3266
f 3297//3297 3307//3307 3326//3326
f 3782//3782 3066//3066 3793//3793
f 3479//3479 3465//3465 3505//3505
f 3505//3505 3520//3520 3504//3504
f 3547//3547 3562//3562 3561//3561
f 3561//3561 3562//3562 3574//3574
f 3574//3574 3575//3575 3597//3597
f 3575//3575 3608//3608 3607//3607
f 3597//3597 3575//3575 3607//3607
f 2547//2547 3617//3617 3607//3607
f 2547//2547 1739//1739 2010//2010
f 2207//2207 952//952 2569//2569
f 950//950 51//51 123//123
f 51//51 3254//3254 123//123
f 3254//3254 2224//2224 21//21
f 2224//2224 2712//2712 21//21
f 19//19 2436//2436 1292//1292
f 2538//2538 3708//3708 2646//2646
f 2538//2538 2646//2646 2164//2164
f 3771//3771 3765//3765 201//201
f 2509//2509 3670//3670 2155//2155
f 404//404 2611//2611 3712//3712
f 4999//4999 1419//1419 4998//4998
f 3488//3488 3773//3773 1438//1438
f 186//186 493//493 928//928
f 3704//3704 3350//3350 3733//3733
f 2510//2510 5063//5063 4355//4355
f 3488//3488 3476//3476 3773//3773
f 3264//3264 386//386 3656//3656
f 3350//3350 3704//3704 3792//3792
f 3704//3704 2965//2965 3792//3792
f 103//103 3450//3450 3716//3716
f 5056//5056 5047//5047 5094//5094
f 3789//3789 3502//3502 3054//3054
f 3103//3103 3708//3708 2538//2538
f 3644//3644 2714//2714 1332//1332
f 3862//3862 4404//4404 3696//3696
f 5083//5083 5096//5096 5049//5049
f 3382//3382 2351//2351 3483//3483
f 3655//3655 2216//2216 3634//3634
f 2211//2211 3748//3748 620//620
f 1868//1868 3737//3737 2132//2132
f 3644//3644 3483//3483 2351//2351
f 3257//3257 4014//4014 3243//3243
f 2345//2345 3403//3403 3854//3854
f 3483//3483 3644//3644 620//620
f 1407//1407 3620//3620 685//685
f 3798//3798 3643//3643 3669//3669
f 3766//3766 2184//2184 3690//3690
f 3349//3349 3231//3231 3705//3705
f 4520//4520 4554//4554 4570//4570
f 2424//2424 2592//2592 2304//2304
f 2330//2330 2424//2424 2304//2304
f 3403//3403 2026//2026 3416//3416
f 493//493 2215//2215 928//928
f 3348//3348 2917//2917 2148//2148
f 3850//3850 1025//1025 3104//3104
f 2021//2021 4437//4437 4421//4421
f 2093//2093 3273//3273 3416//3416
f 2026//2026 2093//2093 3416//3416
f 2260//2260 3627//3627 3484//3484
f 3530//3530 3664//3664 3216//3216
f 3669//3669 2302//2302 3552//3552
f 2711//2711 3839//3839 3833//3833
f 3678//3678 3227//3227 2203//2203
f 4113//4113 3815//3815 2592//2592
f 3321//3321 3348//3348 3720//3720
f 2607//2607 3678//3678 2203//2203
f 5035//5035 2237//2237 5026//5026
f 2510//2510 5091//5091 5073//5073
f 2864//2864 2805//2805 2504//2504
f 3348//3348 2148//2148 3720//3720
f 2750//2750 1436//1436 5023//5023
f 3708//3708 3255//3255 3503//3503
f 3824//3824 3410//3410 3423//3423
f 3103//3103 2172//2172 3708//3708
f 3603//3603 2443//2443 3713//3713
f 3727//3727 3731//3731 3776//3776
f 2099//2099 4399//4399 4398//4398
f 3658//3658 3711//3711 3641//3641
f 3358//3358 3630//3630 3666//3666
f 2714//2714 3436//3436 3423//3423
f 3651//3651 3660//3660 3659//3659
f 2388//2388 3349//3349 3467//3467
f 3366//3366 2435//2435 772//772
f 999//999 3358//3358 2172//2172
f 4543//4543 4544//4544 4556//4556
f 3091//3091 2538//2538 2164//2164
f 2365//2365 2424//2424 2330//2330
f 2424//2424 2280//2280 2592//2592
f 3659//3659 3660//3660 2434//2434
f 247//247 1218//1218 37//37
f 1874//1874 3503//3503 3664//3664
f 3800//3800 3406//3406 3787//3787
f 3642//3642 3651//3651 3783//3783
f 3645//3645 3121//3121 3631//3631
f 3630//3630 3758//3758 3673//3673
f 3783//3783 3659//3659 2312//2312
f 3294//3294 3660//3660 3651//3651
f 479//479 1962//1962 698//698
f 3193//3193 2099//2099 3362//3362
f 3306//3306 3321//3321 3647//3647
f 3296//3296 3306//3306 3647//3647
f 3651//3651 3659//3659 3783//3783
f 5010//5010 5035//5035 5009//5009
f 2205//2205 3132//3132 3225//3225
f 3737//3737 2697//2697 2132//2132
f 3729//3729 3728//3728 3715//3715
f 2294//2294 2646//2646 1874//1874
f 2343//2343 3364//3364 3646//3646
f 3516//3516 3246//3246 2203//2203
f 3633//3633 3320//3320 3642//3642
f 3262//3262 3320//3320 3633//3633
f 3567//3567 3358//3358 999//999
f 4845//4845 4884//4884 4863//4863
f 3567//3567 3264//3264 3656//3656
f 3091//3091 3567//3567 999//999
f 3666//3666 3673//3673 3748//3748
f 3783//3783 2312//2312 4383//4383
f 3501//3501 2120//2120 3382//3382
f 1823//1823 3264//3264 326//326
f 3624//3624 3767//3767 3670//3670
f 3692//3692 3798//3798 3386//3386
f 2394//2394 2539//2539 2365//2365
f 2365//2365 2539//2539 2424//2424
f 2539//2539 2280//2280 2424//2424
f 990//990 2478//2478 3854//3854
f 3320//3320 3294//3294 3642//3642
f 3764//3764 2294//2294 3787//3787
f 3226//3226 2864//2864 2504//2504
f 3503//3503 3255//3255 2211//2211
f 3023//3023 339//339 2928//2928
f 1208//1208 3273//3273 2093//2093
f 3231//3231 3650//3650 3705//3705
f 186//186 928//928 2381//2381
f 3748//3748 3673//3673 620//620
f 3751//3751 3423//3423 3436//3436
f 1874//1874 3708//3708 3503//3503
f 3780//3780 3226//3226 2504//2504
f 3382//3382 3751//3751 2351//2351
f 3382//3382 2120//2120 2310//2310
f 2056//2056 3529//3529 3100//3100
f 3708//3708 1874//1874 2646//2646
f 4634//4634 4633//4633 4595//4595
f 3150//3150 2083//2083 2234//2234
f 3699//3699 3663//3663 3100//3100
f 2482//2482 2481//2481 2478//2478
f 5033//5033 2750//2750 5023//5023
f 2432//2432 1847//1847 2463//2463
f 4902//4902 4954//4954 4884//4884
f 3666//3666 3748//3748 3697//3697
f 3638//3638 2056//2056 2083//2083
f 3705//3705 3431//3431 3803//3803
f 2555//2555 2343//2343 3031//3031
f 3915//3915 2225//2225 2370//2370
f 1633//1633 3349//3349 3582//3582
f 3349//3349 3803//3803 3467//3467
f 3294//3294 1046//1046 3660//3660
f 2394//2394 3263//3263 2539//2539
f 3263//3263 3649//3649 2539//2539
f 3484//3484 3674//3674 454//454
f 3649//3649 2280//2280 2539//2539
f 2294//2294 3800//3800 3787//3787
f 3649//3649 3635//3635 2280//2280
f 3635//3635 3813//3813 2280//2280
f 2273//2273 2255//2255 3682//3682
f 3668//3668 3193//3193 3747//3747
f 150//150 3741//3741 1087//1087
f 4783//4783 4762//4762 4763//4763
f 150//150 10//10 3741//3741
f 3741//3741 10//10 3256//3256
f 2504//2504 2805//2805 2326//2326
f 2217//2217 3801//3801 3700//3700
f 4885//4885 4954//4954 4902//4902
f 2919//2919 2801//2801 2856//2856
f 3056//3056 3779//3779 3650//3650
f 422//422 1088//1088 2414//2414
f 2204//2204 3855//3855 3842//3842
f 3838//3838 3104//3104 2288//2288
f 3693//3693 94//94 3262//3262
f 461//461 53//53 462//462
f 5098//5098 2008//2008 2064//2064
f 1962//1962 20//20 1190//1190
f 698//698 1962//1962 1190//1190
f 3715//3715 3335//3335 2531//2531
f 3358//3358 3377//3377 3630//3630
f 3382//3382 3693//3693 3501//3501
f 3483//3483 3693//3693 3382//3382
f 4429//4429 4430//4430 4442//4442
f 4885//4885 4902//4902 4845//4845
f 2361//2361 2360//2360 2315//2315
f 2302//2302 2272//2272 2273//2273
f 2408//2408 3685//3685 2394//2394
f 3685//3685 3263//3263 2394//2394
f 3755//3755 3384//3384 3476//3476
f 4828//4828 4829//4829 4845//4845
f 5107//5107 1396//1396 5081//5081
f 1804//1804 928//928 2362//2362
f 4816//4816 4864//4864 4815//4815
f 3730//3730 3662//3662 3775//3775
f 4890//4890 4803//4803 4804//4804
f 3681//3681 3682//3682 2210//2210
f 3723//3723 3743//3743 2524//2524
f 3743//3743 2505//2505 2524//2524
f 2264//2264 457//457 325//325
f 3694//3694 2308//2308 2292//2292
f 3675//3675 3649//3649 3263//3263
f 3411//3411 3398//3398 3092//3092
f 3710//3710 1909//1909 2233//2233
f 462//462 53//53 3838//3838
f 3394//3394 2260//2260 2214//2214
f 3525//3525 820//820 3623//3623
f 2362//2362 928//928 3394//3394
f 2361//2361 2315//2315 3643//3643
f 2489//2489 2484//2484 2487//2487
f 3294//3294 3651//3651 3642//3642
f 3501//3501 3629//3629 2120//2120
f 1137//1137 145//145 3723//3723
f 145//145 3735//3735 3723//3723
f 3723//3723 3735//3735 3743//3743
f 3743//3743 3769//3769 2505//2505
f 3769//3769 335//335 2505//2505
f 3184//3184 3142//3142 3185//3185
f 3750//3750 3092//3092 1394//1394
f 3667//3667 3778//3778 3529//3529
f 3738//3738 3778//3778 3667//3667
f 2198//2198 3363//3363 3227//3227
f 3758//3758 94//94 3693//3693
f 1995//1995 3661//3661 3788//3788
f 3582//3582 3299//3299 2388//2388
f 2482//2482 2478//2478 3845//3845
f 2042//2042 5101//5101 3976//3976
f 3406//3406 1874//1874 3664//3664
f 3666//3666 3697//3697 2172//2172
f 2231//2231 1332//1332 2714//2714
f 4740//4740 4778//4778 4753//4753
f 3735//3735 3769//3769 3743//3743
f 3769//3769 2297//2297 335//335
f 2234//2234 3790//3790 3524//3524
f 3603//3603 3713//3713 1085//1085
f 3661//3661 3720//3720 3788//3788
f 3494//3494 3150//3150 3524//3524
f 2026//2026 3403//3403 2063//2063
f 3664//3664 3677//3677 2265//2265
f 3376//3376 3552//3552 3774//3774
f 3552//3552 3682//3682 3774//3774
f 3529//3529 1984//1984 3699//3699
f 3851//3851 3714//3714 1025//1025
f 3339//3339 2336//2336 2295//2295
f 404//404 3724//3724 145//145
f 145//145 3724//3724 3735//3735
f 3724//3724 3762//3762 3735//3735
f 3762//3762 3769//3769 3735//3735
f 2757//2757 2786//2786 2756//2756
f 2695//2695 3825//3825 2704//2704
f 3567//3567 3656//3656 3377//3377
f 3100//3100 3640//3640 2427//2427
f 4622//4622 4674//4674 4621//4621
f 2211//2211 620//620 3745//3745
f 3828//3828 3582//3582 3768//3768
f 3406//3406 3664//3664 2265//2265
f 3647//3647 3720//3720 3661//3661
f 3691//3691 3692//3692 3386//3386
f 3759//3759 2216//2216 3655//3655
f 2204//2204 3787//3787 2265//2265
f 3524//3524 3790//3790 902//902
f 3524//3524 324//324 246//246
f 3722//3722 3057//3057 3790//3790
f 762//762 997//997 84//84
f 3262//3262 3633//3633 3629//3629
f 3552//3552 2302//2302 2273//2273
f 3712//3712 3725//3725 3724//3724
f 404//404 3712//3712 3724//3724
f 3763//3763 3762//3762 3724//3724
f 3749//3749 3763//3763 3724//3724
f 3769//3769 3762//3762 2297//2297
f 5104//5104 2459//2459 4355//4355
f 2509//2509 114//114 3701//3701
f 3835//3835 2187//2187 3738//3738
f 3225//3225 2203//2203 2171//2171
f 3747//3747 3915//3915 2370//2370
f 3090//3090 2981//2981 2004//2004
f 3776//3776 3731//3731 2083//2083
f 3711//3711 3756//3756 3181//3181
f 3711//3711 3181//3181 3641//3641
f 3800//3800 2294//2294 1874//1874
f 2308//2308 2277//2277 2292//2292
f 3644//3644 2351//2351 2714//2714
f 3787//3787 3406//3406 2265//2265
f 3673//3673 3758//3758 3693//3693
f 3416//3416 3854//3854 3403//3403
f 3143//3143 3725//3725 3712//3712
f 3744//3744 3724//3724 3725//3725
f 3763//3763 3782//3782 3762//3762
f 3762//3762 3782//3782 457//457
f 547//547 1530//1530 2086//2086
f 2187//2187 3835//3835 3679//3679
f 2344//2344 2198//2198 3678//3678
f 2198//2198 3227//3227 3678//3678
f 3363//3363 3306//3306 3296//3296
f 1847//1847 1466//1466 2463//2463
f 3786//3786 3182//3182 3181//3181
f 2464//2464 3641//3641 3657//3657
f 3668//3668 2099//2099 3193//3193
f 1049//1049 2132//2132 2246//2246
f 3033//3033 3725//3725 3143//3143
f 3767//3767 3653//3653 3670//3670
f 3654//3654 1909//1909 2147//2147
f 3653//3653 3767//3767 2184//2184
f 3782//3782 3797//3797 457//457
f 3797//3797 3083//3083 457//457
f 53//53 496//496 3833//3833
f 2607//2607 2155//2155 3678//3678
f 2155//2155 2344//2344 3678//3678
f 3227//3227 3516//3516 2203//2203
f 928//928 2215//2215 3418//3418
f 1685//1685 3892//3892 4109//4109
f 3776//3776 3821//3821 3727//3727
f 2052//2052 3897//3897 2034//2034
f 705//705 706//706 1844//1844
f 3476//3476 3628//3628 3773//3773
f 2631//2631 3685//3685 2408//2408
f 3654//3654 3731//3731 3734//3734
f 2362//2362 3394//3394 2214//2214
f 3066//3066 3782//3782 3763//3763
f 3797//3797 3804//3804 3817//3817
f 3104//3104 1025//1025 2205//2205
f 3919//3919 3908//3908 3920//3920
f 2464//2464 3243//3243 3641//3641
f 2170//2170 2171//2171 1995//1995
f 3802//3802 3680//3680 3700//3700
f 3627//3627 3555//3555 3484//3484
f 3778//3778 3626//3626 1984//1984
f 2148//2148 3737//3737 1868//1868
f 2443//2443 3634//3634 3713//3713
f 3494//3494 3776//3776 3150//3150
f 3796//3796 3717//3717 3722//3722
f 2576//2576 141//141 202//202
f 3708//3708 2172//2172 3255//3255
f 3197//3197 3665//3665 3624//3624
f 3486//3486 3665//3665 3197//3197
f 3793//3793 3804//3804 3797//3797
f 4444//4444 4470//4470 4455//4455
f 3306//3306 2735//2735 2233//2233
f 3306//3306 2233//2233 3321//3321
f 1909//1909 3383//3383 2233//2233
f 3732//3732 3738//3738 3667//3667
f 3386//3386 3669//3669 3376//3376
f 3669//3669 3552//3552 3376//3376
f 3727//3727 3721//3721 3807//3807
f 3321//3321 3383//3383 3348//3348
f 2562//2562 2065//2065 711//711
f 3484//3484 3555//3555 3631//3631
f 3364//3364 2343//2343 2555//2555
f 2596//2596 3692//3692 3691//3691
f 3645//3645 3720//3720 2148//2148
f 3495//3495 3755//3755 3488//3488
f 3216//3216 3745//3745 3736//3736
f 3675//3675 3223//3223 3649//3649
f 2505//2505 335//335 268//268
f 3665//3665 3365//3365 3624//3624
f 3223//3223 3635//3635 3649//3649
f 3715//3715 3728//3728 3335//3335
f 1804//1804 2362//2362 1218//1218
f 3686//3686 2596//2596 3691//3691
f 3486//3486 3759//3759 3512//3512
f 1296//1296 1297//1297 1333//1333
f 3727//3727 3821//3821 3721//3721
f 3628//3628 3814//3814 3773//3773
f 3256//3256 10//10 2077//2077
f 3870//3870 3703//3703 2338//2338
f 1647//1647 1448//1448 815//815
f 3762//3762 457//457 2297//2297
f 2677//2677 3826//3826 2696//2696
f 3759//3759 3486//3486 2216//2216
f 3066//3066 3996//3996 3793//3793
f 4470//4470 4474//4474 4455//4455
f 3836//3836 3819//3819 3830//3830
f 3150//3150 2234//2234 3524//3524
f 4945//4945 1404//1404 1403//1403
f 3780//3780 2504//2504 3779//3779
f 3711//3711 3944//3944 3915//3915
f 3746//3746 2188//2188 711//711
f 2326//2326 3700//3700 3680//3680
f 1049//1049 1868//1868 2132//2132
f 3645//3645 2148//2148 1868//1868
f 571//571 848//848 1046//1046
f 3698//3698 3668//3668 2370//2370
f 3783//3783 4383//4383 3226//3226
f 3870//3870 2338//2338 2225//2225
f 970//970 311//311 215//215
f 3195//3195 2322//2322 3531//3531
f 3745//3745 620//620 1332//1332
f 3770//3770 3066//3066 3763//3763
f 2243//2243 4100//4100 2212//2212
f 3804//3804 2406//2406 3818//3818
f 3818//3818 3819//3819 1330//1330
f 1330//1330 3819//3819 3836//3836
f 3358//3358 3567//3567 3377//3377
f 3418//3418 2170//2170 3627//3627
f 2591//2591 2188//2188 3746//3746
f 2470//2470 2591//2591 3746//3746
f 2188//2188 2591//2591 3583//3583
f 3583//3583 3625//3625 3620//3620
f 454//454 2260//2260 3484//3484
f 2214//2214 2260//2260 454//454
f 3839//3839 3851//3851 1025//1025
f 1844//1844 706//706 635//635
f 3754//3754 2187//2187 3679//3679
f 593//593 386//386 3264//3264
f 3167//3167 2548//2548 3182//3182
f 3666//3666 3630//3630 3673//3673
f 1995//1995 3788//3788 3627//3627
f 1823//1823 593//593 3264//3264
f 1157//1157 3035//3035 1204//1204
f 5085//5085 2340//2340 2005//2005
f 2170//2170 1995//1995 3627//3627
f 2591//2591 3760//3760 3583//3583
f 3760//3760 3625//3625 3583//3583
f 3625//3625 3274//3274 3620//3620
f 2338//2338 3698//3698 2370//2370
f 339//339 3023//3023 272//272
f 3181//3181 3756//3756 3786//3786
f 4373//4373 3790//3790 3057//3057
f 3838//3838 2288//2288 2215//2215
f 493//493 3838//3838 2215//2215
f 3701//3701 114//114 3714//3714
f 3738//3738 2187//2187 3778//3778
f 2307//2307 2333//2333 2317//2317
f 2143//2143 2097//2097 2098//2098
f 749//749 714//714 3795//3795
f 962//962 2040//2040 3475//3475
f 3818//3818 2406//2406 3819//3819
f 3936//3936 2741//2741 2723//2723
f 3264//3264 3567//3567 3091//3091
f 2350//2350 2591//2591 2470//2470
f 3789//3789 3274//3274 3625//3625
f 3640//3640 3717//3717 2427//2427
f 3814//3814 3366//3366 3385//3385
f 3755//3755 3476//3476 3488//3488
f 2187//2187 2425//2425 3778//3778
f 3768//3768 3761//3761 3367//3367
f 3814//3814 3385//3385 3773//3773
f 2248//2248 962//962 3475//3475
f 326//326 3264//3264 3091//3091
f 3656//3656 3718//3718 3758//3758
f 3358//3358 3666//3666 2172//2172
f 3244//3244 2464//2464 3212//3212
f 3830//3830 3846//3846 3072//3072
f 3846//3846 3295//3295 3072//3072
f 3295//3295 2350//2350 3072//3072
f 3295//3295 2249//2249 2591//2591
f 2350//2350 3295//3295 2591//2591
f 2591//2591 2249//2249 3760//3760
f 3182//3182 3657//3657 3181//3181
f 3486//3486 3512//3512 3665//3665
f 3841//3841 2248//2248 3475//3475
f 2630//2630 3686//3686 2631//2631
f 3686//3686 3685//3685 2631//2631
f 3686//3686 3691//3691 3263//3263
f 3761//3761 3768//3768 3733//3733
f 3768//3768 3582//3582 3733//3733
f 3685//3685 3686//3686 3263//3263
f 3691//3691 3675//3675 3263//3263
f 3670//3670 3653//3653 2155//2155
f 3819//3819 3810//3810 3830//3830
f 3831//3831 3846//3846 3830//3830
f 2249//2249 619//619 3760//3760
f 2814//2814 2792//2792 3163//3163
f 4044//4044 3281//3281 3261//3261
f 3398//3398 3495//3495 3771//3771
f 2233//2233 3383//3383 3321//3321
f 3673//3673 3483//3483 620//620
f 3646//3646 3364//3364 3688//3688
f 3582//3582 3704//3704 3733//3733
f 3800//3800 1874//1874 3406//3406
f 2158//2158 3810//3810 3819//3819
f 3831//3831 3847//3847 3846//3846
f 3706//3706 3295//3295 3846//3846
f 3847//3847 3706//3706 3846//3846
f 3295//3295 3706//3706 2249//2249
f 3671//3671 3760//3760 619//619
f 3671//3671 3625//3625 3760//3760
f 3671//3671 3789//3789 3625//3625
f 3568//3568 3502//3502 3789//3789
f 3212//3212 2464//2464 2548//2548
f 3494//3494 3524//3524 246//246
f 1109//1109 2807//2807 850//850
f 2701//2701 739//739 1825//1825
f 1046//1046 848//848 3660//3660
f 3627//3627 3645//3645 3555//3555
f 2129//2129 480//480 2179//2179
f 3810//3810 3831//3831 3830//3830
f 3568//3568 3789//3789 3671//3671
f 2637//2637 3494//3494 246//246
f 3526//3526 2637//2637 3007//3007
f 2636//2636 3842//3842 2659//2659
f 2597//2597 3812//3812 2130//2130
f 3104//3104 2205//2205 3225//3225
f 999//999 3103//3103 2538//2538
f 3810//3810 3811//3811 3831//3831
f 3848//3848 3847//3847 3831//3831
f 3832//3832 3848//3848 3831//3831
f 3847//3847 3848//3848 3706//3706
f 2249//2249 3706//3706 619//619
f 3772//3772 3568//3568 3671//3671
f 3568//3568 3485//3485 3502//3502
f 3718//3718 1087//1087 3741//3741
f 3719//3719 2509//2509 3487//3487
f 2260//2260 3418//3418 3627//3627
f 3806//3806 3813//3813 3635//3635
f 848//848 1466//1466 3660//3660
f 2571//2571 2558//2558 617//617
f 2362//2362 2214//2214 2412//2412
f 2677//2677 2696//2696 2676//2676
f 3813//3813 3806//3806 4098//4098
f 103//103 3716//3716 2245//2245
f 3104//3104 3225//3225 2170//2170
f 3811//3811 3810//3810 2158//2158
f 3811//3811 3832//3832 3831//3831
f 3832//3832 3849//3849 3848//3848
f 3849//3849 2226//2226 3848//3848
f 3848//3848 2226//2226 3706//3706
f 3706//3706 2473//2473 619//619
f 3417//3417 3671//3671 619//619
f 3474//3474 3568//3568 3772//3772
f 3474//3474 3485//3485 3568//3568
f 3821//3821 3526//3526 3007//3007
f 3643//3643 2302//2302 3669//3669
f 3377//3377 3656//3656 3630//3630
f 3246//3246 3516//3516 3661//3661
f 2171//2171 2203//2203 3246//3246
f 2083//2083 3796//3796 2234//2234
f 2164//2164 3764//3764 2636//2636
f 1849//1849 878//878 3166//3166
f 3143//3143 2354//2354 3033//3033
f 3731//3731 3638//3638 2083//2083
f 604//604 664//664 603//603
f 3720//3720 3645//3645 3788//3788
f 3659//3659 2434//2434 2312//2312
f 3812//3812 3811//3811 2110//2110
f 3812//3812 3823//3823 3811//3811
f 3823//3823 3832//3832 3811//3811
f 3288//3288 3671//3671 3417//3417
f 3288//3288 3772//3772 3671//3671
f 3695//3695 3474//3474 3772//3772
f 4958//4958 4991//4991 4918//4918
f 3821//3821 3007//3007 3721//3721
f 3661//3661 3516//3516 3647//3647
f 4570//4570 4554//4554 4608//4608
f 3833//3833 3839//3839 1025//1025
f 3731//3731 3727//3727 3734//3734
f 3642//3642 3783//3783 3226//3226
f 878//878 1849//1849 167//167
f 1849//1849 3166//3166 494//494
f 2905//2905 3302//3302 3343//3343
f 4974//4974 4973//4973 4935//4935
f 2154//2154 3294//3294 3320//3320
f 2343//2343 3646//3646 3424//3424
f 3624//3624 3365//3365 3767//3767
f 3365//3365 3424//3424 3767//3767
f 3851//3851 3852//3852 3714//3714
f 3531//3531 3512//3512 3759//3759
f 3101//3101 2449//2449 3801//3801
f 3832//3832 3823//3823 3849//3849
f 2226//2226 536//536 3706//3706
f 3706//3706 536//536 2473//2473
f 2473//2473 1892//1892 619//619
f 1892//1892 3417//3417 619//619
f 3288//3288 3695//3695 3772//3772
f 3132//3132 2607//2607 3225//3225
f 3738//3738 3732//3732 3835//3835
f 3335//3335 3728//3728 2905//2905
f 32//32 815//815 1859//1859
f 3530//3530 3759//3759 3655//3655
f 670//670 641//641 518//518
f 2617//2617 3686//3686 2630//2630
f 120//120 145//145 1137//1137
f 3673//3673 3693//3693 3483//3483
f 3852//3852 3701//3701 3714//3714
f 3679//3679 3710//3710 778//778
f 2130//2130 3812//3812 2110//2110
f 3823//3823 1//1 3849//3849
f 1//1 3837//3837 3849//3849
f 3849//3849 3837//3837 2226//2226
f 3144//3144 3695//3695 3288//3288
f 2083//2083 2056//2056 2427//2427
f 462//462 3838//3838 493//493
f 2205//2205 1025//1025 3132//3132
f 1190//1190 20//20 150//150
f 3754//3754 3679//3679 748//748
f 2172//2172 3697//3697 3255//3255
f 1844//1844 635//635 767//767
f 154//154 14//14 1804//1804
f 3289//3289 3025//3025 1849//1849
f 94//94 2077//2077 3320//3320
f 2646//2646 2294//2294 3764//3764
f 3812//3812 1//1 3823//3823
f 2226//2226 2352//2352 536//536
f 536//536 1892//1892 2473//2473
f 4839//4839 1296//1296 4020//4020
f 2170//2170 3225//3225 2171//2171
f 3121//3121 1049//1049 3683//3683
f 3852//3852 3271//3271 3487//3487
f 2183//2183 3681//3681 2182//2182
f 2365//2365 2395//2395 2394//2394
f 182//182 241//241 181//181
f 3840//3840 3271//3271 3852//3852
f 3255//3255 3697//3697 3748//3748
f 2164//2164 2646//2646 3764//3764
f 3842//3842 3787//3787 2204//2204
f 3758//3758 3741//3741 94//94
f 3837//3837 1//1 207//207
f 2297//2297 2264//2264 335//335
f 3891//3891 3031//3031 2343//2343
f 2226//2226 3837//3837 2352//2352
f 3144//3144 3288//3288 3417//3417
f 3357//3357 3474//3474 3695//3695
f 576//576 1328//1328 666//666
f 3653//3653 3766//3766 2344//2344
f 3652//3652 3891//3891 3665//3665
f 3825//3825 3826//3826 3840//3840
f 3255//3255 3748//3748 2211//2211
f 2660//2660 3842//3842 3855//3855
f 3184//3184 3781//3781 3142//3142
f 3603//3603 2509//2509 3719//3719
f 3091//3091 2164//2164 2353//2353
f 3056//3056 3231//3231 1633//1633
f 3256//3256 2077//2077 94//94
f 3825//3825 3840//3840 3852//3852
f 3225//3225 2607//2607 2203//2203
f 3774//3774 3806//3806 3635//3635
f 294//294 259//259 295//295
f 2352//2352 1162//1162 536//536
f 1162//1162 3149//3149 536//536
f 536//536 3149//3149 1892//1892
f 3556//3556 3417//3417 1892//1892
f 3556//3556 3144//3144 3417//3417
f 2225//2225 2338//2338 2370//2370
f 3688//3688 3364//3364 3690//3690
f 3775//3775 3141//3141 3781//3781
f 769//769 739//739 2701//2701
f 2714//2714 2351//2351 3436//3436
f 2704//2704 3825//3825 3839//3839
f 3691//3691 3386//3386 3223//3223
f 2425//2425 3626//3626 3778//3778
f 3741//3741 3256//3256 94//94
f 2558//2558 2544//2544 3687//3687
f 3722//3722 3790//3790 2234//2234
f 2385//2385 1892//1892 3149//3149
f 2385//2385 3556//3556 1892//1892
f 3556//3556 3357//3357 3144//3144
f 3357//3357 3695//3695 3144//3144
f 3824//3824 3750//3750 3410//3410
f 3690//3690 3363//3363 2198//2198
f 3826//3826 3841//3841 3840//3840
f 3841//3841 3475//3475 3648//3648
f 3366//3366 1066//1066 749//749
f 3476//3476 3384//3384 3628//3628
f 3216//3216 3195//3195 3530//3530
f 2659//2659 3842//3842 2660//2660
f 2154//2154 1046//1046 3294//3294
f 3732//3732 3731//3731 2147//2147
f 3739//3739 3740//3740 3612//3612
f 3979//3979 2119//2119 2067//2067
f 620//620 3644//3644 1332//1332
f 3091//3091 2600//2600 326//326
f 2711//2711 2704//2704 3839//3839
f 3739//3739 4549//4549 3740//3740
f 4430//4430 4444//4444 4443//4443
f 3195//3195 3216//3216 2322//2322
f 2385//2385 3707//3707 3556//3556
f 4753//4753 4778//4778 4766//4766
f 3366//3366 749//749 3385//3385
f 3854//3854 2062//2062 2345//2345
f 3787//3787 3842//3842 2636//2636
f 3828//3828 1633//1633 3582//3582
f 3376//3376 3774//3774 3223//3223
f 454//454 3674//3674 2078//2078
f 2642//2642 2636//2636 2659//2659
f 4695//4695 4717//4717 4671//4671
f 2362//2362 2335//2335 1218//1218
f 3718//3718 3741//3741 3758//3758
f 5097//5097 5104//5104 5115//5115
f 639//639 938//938 3837//3837
f 3837//3837 938//938 2352//2352
f 2352//2352 938//938 1162//1162
f 1162//1162 3684//3684 3149//3149
f 3149//3149 3684//3684 2385//2385
f 2218//2218 3556//3556 3707//3707
f 2218//2218 3632//3632 3556//3556
f 3709//3709 3357//3357 3556//3556
f 3709//3709 4032//4032 3357//3357
f 3475//3475 3634//3634 2443//2443
f 2714//2714 3423//3423 3410//3410
f 3121//3121 3683//3683 3689//3689
f 3091//3091 999//999 2538//2538
f 3631//3631 3689//3689 2078//2078
f 3184//3184 3183//3183 3781//3781
f 5092//5092 5091//5091 3401//3401
f 3822//3822 3739//3739 3672//3672
f 3662//3662 3822//3822 3672//3672
f 2630//2630 2631//2631 2420//2420
f 3633//3633 3642//3642 3780//3780
f 247//247 1804//1804 1218//1218
f 3663//3663 3640//3640 3100//3100
f 496//496 2711//2711 3833//3833
f 2504//2504 2326//2326 3650//3650
f 3645//3645 1868//1868 3121//3121
f 2639//2639 3684//3684 1162//1162
f 3742//3742 3707//3707 2385//2385
f 3684//3684 3742//3742 2385//2385
f 3742//3742 2218//2218 3707//3707
f 3632//3632 3709//3709 3556//3556
f 5047//5047 1373//1373 3074//3074
f 3839//3839 3825//3825 3851//3851
f 3675//3675 3691//3691 3223//3223
f 3582//3582 2388//2388 3704//3704
f 2613//2613 3598//3598 3676//3676
f 4767//4767 4779//4779 4754//4754
f 2965//2965 2388//2388 3467//3467
f 3614//3614 3730//3730 3808//3808
f 3614//3614 3809//3809 3730//3730
f 938//938 2335//2335 1162//1162
f 1162//1162 2335//2335 2639//2639
f 2351//2351 3751//3751 3436//3436
f 3838//3838 3833//3833 3850//3850
f 1530//1530 1529//1529 2086//2086
f 4370//4370 3799//3799 3752//3752
f 3634//3634 2216//2216 3713//3713
f 3774//3774 3635//3635 3223//3223
f 3784//3784 3730//3730 3775//3775
f 114//114 2155//2155 2607//2607
f 3132//3132 114//114 2607//2607
f 2626//2626 617//617 3598//3598
f 3687//3687 3343//3343 3442//3442
f 3598//3598 617//617 3676//3676
f 2558//2558 3687//3687 3676//3676
f 3676//3676 3687//3687 3442//3442
f 2613//2613 2626//2626 3598//3598
f 2544//2544 3335//3335 3343//3343
f 3503//3503 3216//3216 3664//3664
f 3705//3705 2326//2326 3431//3431
f 3788//3788 3645//3645 3627//3627
f 2335//2335 2362//2362 2639//2639
f 2362//2362 2412//2412 2639//2639
f 2412//2412 3684//3684 2639//2639
f 3684//3684 2412//2412 3742//3742
f 3742//3742 2078//2078 2218//2218
f 2218//2218 2078//2078 3632//3632
f 3276//3276 3709//3709 3632//3632
f 3689//3689 3276//3276 3632//3632
f 3798//3798 3669//3669 3386//3386
f 3227//3227 3363//3363 3296//3296
f 3640//3640 3663//3663 3752//3752
f 3713//3713 2216//2216 3197//3197
f 3633//3633 3780//3780 3629//3629
f 3779//3779 2504//2504 3650//3650
f 3752//3752 3717//3717 3640//3640
f 3730//3730 3809//3809 3662//3662
f 3732//3732 3638//3638 3731//3731
f 3687//3687 2544//2544 3343//3343
f 3364//3364 3050//3050 3690//3690
f 2211//2211 3216//3216 3503//3503
f 3650//3650 2326//2326 3705//3705
f 1085//1085 3670//3670 2509//2509
f 1218//1218 2335//2335 938//938
f 2078//2078 3689//3689 3632//3632
f 1087//1087 3718//3718 3656//3656
f 3638//3638 3667//3667 2056//2056
f 3529//3529 3699//3699 3100//3100
f 3852//3852 3487//3487 3701//3701
f 3825//3825 3852//3852 3851//3851
f 3487//3487 2509//2509 3701//3701
f 3824//3824 3753//3753 3367//3367
f 2322//2322 3216//3216 3736//3736
f 4399//4399 3668//3668 4400//4400
f 650//650 746//746 2717//2717
f 4015//4015 2046//2046 2717//2717
f 746//746 4015//4015 2717//2717
f 1473//1473 140//140 3886//3886
f 4405//4405 4415//4415 4425//4425
f 4178//4178 4019//4019 1971//1971
f 3353//3353 3861//3861 3966//3966
f 747//747 2594//2594 650//650
f 173//173 2610//2610 2581//2581
f 4766//4766 4778//4778 4828//4828
f 744//744 3012//3012 173//173
f 3886//3886 4019//4019 4178//4178
f 2898//2898 202//202 140//140
f 1473//1473 3886//3886 4002//4002
f 4366//4366 4380//4380 4340//4340
f 2033//2033 2034//2034 3897//3897
f 4390//4390 684//684 4380//4380
f 3065//3065 4015//4015 4126//4126
f 4019//4019 4194//4194 747//747
f 650//650 2717//2717 1356//1356
f 4380//4380 2927//2927 1395//1395
f 3668//3668 4399//4399 2099//2099
f 1407//1407 650//650 2859//2859
f 3887//3887 4194//4194 4019//4019
f 3065//3065 3885//3885 4015//4015
f 2859//2859 650//650 1356//1356
f 3775//3775 3672//3672 3141//3141
f 684//684 2927//2927 4380//4380
f 2717//2717 3067//3067 1356//1356
f 2183//2183 4082//4082 3681//3681
f 4082//4082 3805//3805 3681//3681
f 4164//4164 4182//4182 4163//4163
f 140//140 202//202 141//141
f 4828//4828 4845//4845 4844//4844
f 3637//3637 3792//3792 2965//2965
f 542//542 1991//1991 2072//2072
f 3060//3060 1352//1352 2046//2046
f 3806//3806 3774//3774 3805//3805
f 2183//2183 2163//2163 4082//4082
f 4082//4082 4098//4098 3805//3805
f 4098//4098 3806//3806 3805//3805
f 3771//3771 201//201 3450//3450
f 3931//3931 2731//2731 3428//3428
f 3637//3637 772//772 2435//2435
f 3289//3289 388//388 3334//3334
f 684//684 1425//1425 3026//3026
f 2163//2163 4036//4036 4082//4082
f 4036//4036 4098//4098 4082//4082
f 3473//3473 3448//3448 3434//3434
f 5047//5047 3074//3074 652//652
f 3432//3432 2347//2347 2975//2975
f 2404//2404 1089//1089 2012//2012
f 2070//2070 2125//2125 2146//2146
f 2119//2119 4036//4036 2163//2163
f 654//654 1372//1372 2780//2780
f 4184//4184 685//685 3054//3054
f 3083//3083 3053//3053 3916//3916
f 3532//3532 4382//4382 4324//4324
f 4392//4392 202//202 2898//2898
f 3979//3979 3999//3999 2119//2119
f 4069//4069 4083//4083 4036//4036
f 4083//4083 4098//4098 4036//4036
f 2415//2415 4334//4334 874//874
f 3532//3532 4324//4324 4325//4325
f 774//774 3415//3415 4125//4125
f 1375//1375 774//774 4125//4125
f 3517//3517 4325//4325 4312//4312
f 4866//4866 4888//4888 4846//4846
f 3999//3999 4021//4021 2119//2119
f 2119//2119 4021//4021 4036//4036
f 4036//4036 4021//4021 4069//4069
f 3029//3029 3884//3884 2029//2029
f 3884//3884 3875//3875 2029//2029
f 1089//1089 1858//1858 2012//2012
f 3463//3463 4312//4312 4282//4282
f 3463//3463 4282//4282 3451//3451
f 3885//3885 1447//1447 3030//3030
f 2068//2068 3965//3965 3979//3979
f 3979//3979 3965//3965 3999//3999
f 4084//4084 4083//4083 4069//4069
f 4083//4083 4084//4084 3813//3813
f 4264//4264 4252//4252 3399//3399
f 2927//2927 684//684 3026//3026
f 4249//4249 4279//4279 4293//4293
f 4340//4340 4339//4339 4308//4308
f 3024//3024 3946//3946 4185//4185
f 4218//4218 4217//4217 4198//4198
f 3063//3063 4166//4166 3062//3062
f 4218//4218 4251//4251 4233//4233
f 4182//4182 4218//4218 4198//4198
f 3062//3062 4166//4166 3923//3923
f 3864//3864 4403//4403 4402//4402
f 3873//3873 1430//1430 3874//3874
f 1425//1425 1430//1430 3026//3026
f 3965//3965 3980//3980 3999//3999
f 3999//3999 3980//3980 4021//4021
f 4099//4099 4113//4113 4084//4084
f 4084//4084 4113//4113 2280//2280
f 4400//4400 3703//3703 4402//4402
f 2990//2990 537//537 4213//4213
f 3142//3142 3918//3918 3122//3122
f 3658//3658 3641//3641 3993//3993
f 3397//3397 4403//4403 3864//3864
f 3362//3362 2165//2165 4401//4401
f 4125//4125 3415//3415 537//537
f 4501//4501 4540//4540 4500//4500
f 2068//2068 2050//2050 3965//3965
f 4021//4021 3980//3980 4000//4000
f 4000//4000 4049//4049 4021//4021
f 4070//4070 4069//4069 4021//4021
f 4049//4049 4070//4070 4021//4021
f 4069//4069 4070//4070 4084//4084
f 4084//4084 4070//4070 4099//4099
f 4153//4153 3863//3863 3073//3073
f 4718//4718 4740//4740 4717//4717
f 4488//4488 4487//4487 4473//4473
f 774//774 1375//1375 1447//1447
f 1376//1376 21//21 333//333
f 3399//3399 4200//4200 3387//3387
f 3906//3906 3905//3905 3895//3895
f 2178//2178 3906//3906 3895//3895
f 3065//3065 4126//4126 744//744
f 3965//3965 3948//3948 3980//3980
f 3815//3815 4113//4113 4099//4099
f 4264//4264 4281//4281 4252//4252
f 683//683 1472//1472 2029//2029
f 1751//1751 4119//4119 1393//1393
f 4060//4060 1751//1751 1393//1393
f 2562//2562 2859//2859 2065//2065
f 4417//4417 4433//4433 4416//4416
f 1429//1429 2046//2046 2876//2876
f 3906//3906 3907//3907 3122//3122
f 3905//3905 3906//3906 3122//3122
f 3122//3122 3907//3907 3933//3933
f 3884//3884 3998//3998 3875//3875
f 2543//2543 2531//2531 2544//2544
f 2046//2046 3067//3067 2717//2717
f 3030//3030 4031//4031 3060//3060
f 2050//2050 3948//3948 3965//3965
f 3948//3948 3949//3949 3980//3980
f 3949//3949 4000//4000 3980//3980
f 4100//4100 3815//3815 4099//4099
f 2225//2225 3915//3915 3903//3903
f 2045//2045 1447//1447 3885//3885
f 2045//2045 1427//1427 1447//1447
f 3030//3030 3060//3060 2046//2046
f 4295//4295 4324//4324 4311//4311
f 1472//1472 3029//3029 2029//2029
f 2004//2004 2981//2981 1400//1400
f 4166//4166 628//628 3923//3923
f 3923//3923 4184//4184 3054//3054
f 1407//1407 2562//2562 3620//3620
f 3860//3860 2173//2173 3867//3867
f 628//628 1520//1520 4184//4184
f 711//711 4060//4060 3746//3746
f 1472//1472 683//683 4390//4390
f 4324//4324 4342//4342 4311//4311
f 3396//3396 3380//3380 3381//3381
f 2050//2050 3934//3934 3948//3948
f 4049//4049 4071//4071 4070//4070
f 4071//4071 4099//4099 4070//4070
f 4071//4071 4100//4100 4099//4099
f 1427//1427 3922//3922 2718//2718
f 1447//1447 1427//1427 2718//2718
f 2718//2718 3922//3922 3931//3931
f 4342//4342 4381//4381 4310//4310
f 4554//4554 4645//4645 4608//4608
f 4232//4232 4197//4197 4180//4180
f 3462//3462 2917//2917 3348//3348
f 3907//3907 3102//3102 3933//3933
f 3747//3747 3193//3193 3756//3756
f 4060//4060 2734//2734 3746//3746
f 4060//4060 1393//1393 2734//2734
f 3053//3053 1330//1330 3836//3836
f 1393//1393 3053//3053 3836//3836
f 3931//3931 3922//3922 2731//2731
f 3934//3934 3949//3949 3948//3948
f 3949//3949 4022//4022 4000//4000
f 4000//4000 4022//4022 4049//4049
f 4022//4022 4071//4071 4049//4049
f 3203//3203 3202//3202 2407//2407
f 4071//4071 2212//2212 4100//4100
f 2964//2964 747//747 650//650
f 2244//2244 2292//2292 2259//2259
f 2732//2732 174//174 595//595
f 4067//4067 4066//4066 4047//4047
f 3038//3038 1376//1376 1400//1400
f 1471//1471 1372//1372 1392//1392
f 3982//3982 3874//3874 3063//3063
f 3873//3873 3874//3874 3982//3982
f 3053//3053 3817//3817 1330//1330
f 4294//4294 4341//4341 4309//4309
f 140//140 1473//1473 1474//1474
f 2898//2898 140//140 1474//1474
f 4022//4022 2199//2199 4071//4071
f 2199//2199 2212//2212 4071//4071
f 1295//1295 2898//2898 1474//1474
f 3053//3053 3083//3083 3817//3817
f 1317//1317 4032//4032 682//682
f 2927//2927 3026//3026 653//653
f 4323//4323 4338//4338 4352//4352
f 774//774 2718//2718 3415//3415
f 4336//4336 4350//4350 4335//4335
f 4954//4954 5023//5023 5004//5004
f 3323//3323 4151//4151 3282//3282
f 3893//3893 3918//3918 3672//3672
f 3247//3247 4018//4018 3217//3217
f 4151//4151 4150//4150 3322//3322
f 2556//2556 545//545 3032//3032
f 4474//4474 4488//4488 4473//4473
f 4151//4151 4181//4181 4150//4150
f 4181//4181 4198//4198 4150//4150
f 4233//4233 4251//4251 4250//4250
f 4293//4293 4307//4307 4323//4323
f 2731//2731 3064//3064 3428//3428
f 3949//3949 3981//3981 4022//4022
f 1316//1316 1208//1208 1449//1449
f 2252//2252 264//264 486//486
f 2927//2927 653//653 1395//1395
f 4488//4488 4540//4540 4501//4501
f 3654//3654 745//745 1909//1909
f 1617//1617 1208//1208 1316//1316
f 1496//1496 1389//1389 1217//1217
f 1389//1389 1388//1388 1217//1217
f 2722//2722 4389//4389 4365//4365
f 4393//4393 4370//4370 3752//3752
f 3919//3919 3920//3920 3934//3934
f 3934//3934 3935//3935 3949//3949
f 3949//3949 3935//3935 3981//3981
f 4001//4001 4022//4022 3981//3981
f 3411//3411 3092//3092 3750//3750
f 4353//4353 4379//4379 4365//4365
f 4307//4307 4338//4338 4323//4323
f 4801//4801 4816//4816 4800//4800
f 4013//4013 3277//3277 3303//3303
f 264//264 302//302 486//486
f 2142//2142 2163//2163 2183//2183
f 3908//3908 3919//3919 4533//4533
f 1217//1217 1388//1388 1387//1387
f 2242//2242 4139//4139 1131//1131
f 4001//4001 2166//2166 4022//4022
f 4022//4022 2166//2166 2199//2199
f 1971//1971 4019//4019 2964//2964
f 4235//4235 4234//4234 4199//4199
f 4279//4279 4307//4307 4293//4293
f 3782//3782 3793//3793 3797//3797
f 4816//4816 4815//4815 4800//4800
f 1387//1387 1388//1388 3863//3863
f 1847//1847 2449//2449 3820//3820
f 1896//1896 2191//2191 2251//2251
f 1131//1131 4139//4139 3502//3502
f 3110//3110 990//990 1617//1617
f 140//140 3887//3887 4019//4019
f 3920//3920 3935//3935 3934//3934
f 3935//3935 3843//3843 3981//3981
f 3981//3981 3843//3843 4001//4001
f 3843//3843 2166//2166 4001//4001
f 3770//3770 3749//3749 1402//1402
f 4281//4281 4263//4263 4252//4252
f 4280//4280 4308//4308 4307//4307
f 4970//4970 5024//5024 4988//4988
f 743//743 682//682 4032//4032
f 3415//3415 2718//2718 3931//3931
f 3101//3101 3820//3820 2449//2449
f 3820//3820 3101//3101 2312//2312
f 4392//4392 2898//2898 1295//1295
f 3668//3668 3747//3747 2370//2370
f 3920//3920 3921//3921 3935//3935
f 4395//4395 4394//4394 4364//4364
f 629//629 3012//3012 746//746
f 650//650 629//629 746//746
f 4845//4845 4863//4863 4843//4843
f 3101//3101 4383//4383 2312//2312
f 3369//3369 820//820 3268//3268
f 3525//3525 3064//3064 959//959
f 4352//4352 4378//4378 4377//4377
f 4337//4337 4352//4352 4351//4351
f 4351//4351 4352//4352 4377//4377
f 4197//4197 4196//4196 4137//4137
f 4755//4755 4741//4741 4720//4720
f 990//990 3041//3041 3845//3845
f 4367//4367 1449//1449 5062//5062
f 4382//4382 4392//4392 4381//4381
f 4381//4381 4392//4392 1295//1295
f 2964//2964 650//650 1407//1407
f 1331//1331 652//652 4185//4185
f 4048//4048 4067//4067 4047//4047
f 3043//3043 1522//1522 1472//1472
f 4377//4377 4395//4395 4364//4364
f 4293//4293 4292//4292 4260//4260
f 4196//4196 4260//4260 4231//4231
f 2411//2411 2449//2449 2401//2401
f 4017//4017 4034//4034 3977//3977
f 4080//4080 4095//4095 4034//4034
f 4017//4017 4080//4080 4034//4034
f 4124//4124 4149//4149 4095//4095
f 4197//4197 4137//4137 4149//4149
f 4389//4389 3493//3493 4378//4378
f 4182//4182 4198//4198 4181//4181
f 3775//3775 3662//3662 3672//3672
f 4382//4382 4381//4381 4342//4342
f 4324//4324 4382//4382 4342//4342
f 2143//2143 3843//3843 3935//3935
f 3921//3921 2143//2143 3935//3935
f 119//119 176//176 3017//3017
f 4340//4340 4380//4380 4353//4353
f 2406//2406 3804//3804 3793//3793
f 3765//3765 1349//1349 201//201
f 3101//3101 2217//2217 4383//4383
f 3025//3025 25//25 167//167
f 3157//3157 3978//3978 3977//3977
f 3140//3140 3158//3158 3157//3157
f 4234//4234 4261//4261 4251//4251
f 1520//1520 3945//3945 4184//4184
f 1388//1388 3873//3873 3868//3868
f 3323//3323 4182//4182 4151//4151
f 3895//3895 3905//3905 3894//3894
f 3921//3921 2097//2097 2143//2143
f 3672//3672 3739//3739 3612//3612
f 4261//4261 4280//4280 4251//4251
f 4844//4844 4845//4845 4843//4843
f 4038//4038 2244//2244 2259//2259
f 4126//4126 4015//4015 3012//3012
f 3979//3979 2067//2067 2068//2068
f 4396//4396 3493//3493 777//777
f 4124//4124 4162//4162 4149//4149
f 2876//2876 2046//2046 1352//1352
f 3873//3873 3982//3982 3868//3868
f 4182//4182 4181//4181 4151//4151
f 4296//4296 4325//4325 4295//4295
f 653//653 3873//3873 1389//1389
f 4252//4252 4263//4263 4235//4235
f 1164//1164 1217//1217 1387//1387
f 3245//3245 3757//3757 4033//4033
f 2349//2349 4222//4222 2380//2380
f 2380//2380 4222//4222 4266//4266
f 3802//3802 3801//3801 2411//2411
f 4266//4266 3802//3802 2411//2411
f 152//152 2773//2773 2802//2802
f 2253//2253 4037//4037 794//794
f 2217//2217 2805//2805 4383//4383
f 4607//4607 4622//4622 4586//4586
f 2805//2805 2864//2864 4383//4383
f 4337//4337 4351//4351 4336//4336
f 4337//4337 4336//4336 4291//4291
f 4292//4292 4337//4337 4291//4291
f 1354//1354 3364//3364 1349//1349
f 4080//4080 4124//4124 4095//4095
f 3963//3963 3947//3947 773//773
f 4352//4352 4365//4365 4378//4378
f 4282//4282 4296//4296 4281//4281
f 3909//3909 2052//2052 3921//3921
f 3921//3921 2052//2052 2097//2097
f 2169//2169 2123//2123 2153//2153
f 2052//2052 2034//2034 2035//2035
f 2186//2186 2168//2168 2169//2169
f 2886//2886 692//692 807//807
f 3084//3084 3094//3094 4410//4410
f 1496//1496 653//653 1389//1389
f 1251//1251 1269//1269 1288//1288
f 778//778 3710//3710 2735//2735
f 2349//2349 2334//2334 4222//4222
f 4298//4298 3802//3802 4266//4266
f 4148//4148 3396//3396 3381//3381
f 4095//4095 4112//4112 4067//4067
f 4048//4048 4095//4095 4067//4067
f 1955//1955 998//998 1021//1021
f 231//231 1782//1782 3613//3613
f 3960//3960 4185//4185 652//652
f 4292//4292 4291//4291 4259//4259
f 737//737 750//750 1751//1751
f 3451//3451 4282//4282 3437//3437
f 3896//3896 2052//2052 3909//3909
f 5006//5006 5034//5034 4990//4990
f 2169//2169 4023//4023 2186//2186
f 2186//2186 4023//4023 4038//4038
f 3873//3873 1388//1388 1389//1389
f 3042//3042 1217//1217 1164//1164
f 2334//2334 4187//4187 4222//4222
f 4223//4223 4267//4267 4266//4266
f 4222//4222 4223//4223 4266//4266
f 4267//4267 4298//4298 4266//4266
f 3093//3093 4410//4410 3094//3094
f 4540//4540 4516//4516 4500//4500
f 1392//1392 1386//1386 3861//3861
f 3947//3947 3024//3024 4185//4185
f 3753//3753 3768//3768 3367//3367
f 4337//4337 4323//4323 4352//4352
f 141//141 3887//3887 140//140
f 737//737 1751//1751 4060//4060
f 3896//3896 3897//3897 2052//2052
f 2088//2088 167//167 25//25
f 2951//2951 3341//3341 3340//3340
f 1873//1873 5103//5103 1591//1591
f 3727//3727 3807//3807 3734//3734
f 2188//2188 3583//3583 711//711
f 3416//3416 3273//3273 1617//1617
f 3716//3716 3031//3031 2245//2245
f 4509//4509 4481//4481 4471//4471
f 3694//3694 4187//4187 2334//2334
f 4187//4187 4223//4223 4222//4222
f 3814//3814 2435//2435 3366//3366
f 3680//3680 3802//3802 4298//4298
f 4352//4352 4353//4353 4365//4365
f 2120//2120 3629//3629 3779//3779
f 3770//3770 3763//3763 3749//3749
f 3230//3230 4033//4033 3214//3214
f 3960//3960 3947//3947 4185//4185
f 4260//4260 4259//4259 4231//4231
f 3947//3947 3890//3890 3024//3024
f 3390//3390 2296//2296 3391//3391
f 4260//4260 4292//4292 4259//4259
f 2990//2990 1350//1350 4119//4119
f 3982//3982 3063//3063 3062//3062
f 4282//4282 4281//4281 3437//3437
f 4163//4163 4182//4182 3323//3323
f 2153//2153 3983//3983 2169//2169
f 2169//2169 3983//3983 4023//4023
f 4023//4023 4051//4051 4038//4038
f 4038//4038 4051//4051 2244//2244
f 4051//4051 4085//4085 2292//2292
f 2244//2244 4051//4051 2292//2292
f 4085//4085 3785//3785 2292//2292
f 3785//3785 4168//4168 4187//4187
f 3694//3694 3785//3785 4187//4187
f 4168//4168 4223//4223 4187//4187
f 4299//4299 4298//4298 4267//4267
f 4284//4284 4299//4299 4267//4267
f 4095//4095 4137//4137 4136//4136
f 4290//4290 4336//4336 4335//4335
f 4196//4196 4136//4136 4137//4137
f 4112//4112 4095//4095 4136//4136
f 3749//3749 3724//3724 3744//3744
f 4979//4979 4997//4997 4966//4966
f 2153//2153 2124//2124 2146//2146
f 4023//4023 4024//4024 4051//4051
f 4114//4114 3785//3785 4085//4085
f 4168//4168 4188//4188 4223//4223
f 4223//4223 4284//4284 4267//4267
f 4326//4326 4298//4298 4299//4299
f 4298//4298 4343//4343 3680//3680
f 4343//4343 3431//3431 3680//3680
f 2720//2720 773//773 3074//3074
f 3947//3947 3963//3963 3890//3890
f 4153//4153 3073//3073 1317//1317
f 3584//3584 202//202 4392//4392
f 802//802 3493//3493 4389//4389
f 4183//4183 4182//4182 4164//4164
f 776//776 4265//4265 803//803
f 4341//4341 4391//4391 4366//4366
f 3169//3169 3157//3157 3977//3977
f 3983//3983 4024//4024 4023//4023
f 4051//4051 4072//4072 4085//4085
f 3785//3785 4114//4114 4168//4168
f 4236//4236 4223//4223 4188//4188
f 4284//4284 4326//4326 4299//4299
f 3861//3861 4153//4153 3966//3966
f 777//777 654//654 4395//4395
f 3963//3963 3314//3314 2719//2719
f 3995//3995 3198//3198 4018//4018
f 4183//4183 4199//4199 4182//4182
f 1375//1375 4125//4125 750//750
f 737//737 1375//1375 750//750
f 4381//4381 4294//4294 4310//4310
f 2146//2146 3983//3983 2153//2153
f 3983//3983 4003//4003 4024//4024
f 4024//4024 4052//4052 4051//4051
f 4051//4051 4052//4052 4072//4072
f 4115//4115 4114//4114 4085//4085
f 4086//4086 4115//4115 4085//4085
f 4114//4114 4155//4155 4168//4168
f 4168//4168 4155//4155 4188//4188
f 4236//4236 4268//4268 4223//4223
f 4268//4268 4284//4284 4223//4223
f 4284//4284 4268//4268 4326//4326
f 4326//4326 4343//4343 4298//4298
f 1110//1110 2528//2528 2661//2661
f 4396//4396 777//777 4395//4395
f 4407//4407 4416//4416 4406//4406
f 3746//3746 2734//2734 2350//2350
f 3073//3073 1131//1131 1317//1317
f 3932//3932 3198//3198 3995//3995
f 3339//3339 5088//5088 5074//5074
f 4125//4125 2990//2990 750//750
f 3907//3907 2785//2785 3102//3102
f 2146//2146 2125//2125 3983//3983
f 4072//4072 4086//4086 4085//4085
f 4127//4127 4155//4155 4114//4114
f 4155//4155 4189//4189 4188//4188
f 4188//4188 4189//4189 4236//4236
f 4268//4268 4313//4313 4326//4326
f 4313//4313 4343//4343 4326//4326
f 2733//2733 2310//2310 3056//3056
f 3120//3120 3636//3636 3158//3158
f 3054//3054 3274//3274 3789//3789
f 1430//1430 3875//3875 3874//3874
f 4199//4199 4234//4234 4218//4218
f 4718//4718 4717//4717 4695//4695
f 652//652 1331//1331 5051//5051
f 4066//4066 4067//4067 4111//4111
f 3937//3937 3984//3984 3983//3983
f 2125//2125 3937//3937 3983//3983
f 3983//3983 3984//3984 4003//4003
f 3984//3984 4025//4025 4024//4024
f 4003//4003 3984//3984 4024//4024
f 4024//4024 4025//4025 4052//4052
f 4115//4115 4127//4127 4114//4114
f 4189//4189 4237//4237 4236//4236
f 4237//4237 4268//4268 4236//4236
f 4034//4034 4048//4048 3230//3230
f 4396//4396 4395//4395 4377//4377
f 602//602 556//556 603//603
f 3794//3794 3751//3751 2310//2310
f 2733//2733 3794//3794 2310//2310
f 3110//3110 1617//1617 1316//1316
f 1373//1373 2720//2720 3074//3074
f 4338//4338 4353//4353 4352//4352
f 3875//3875 4166//4166 3063//3063
f 4830//4830 4829//4829 4799//4799
f 3822//3822 3662//3662 4534//4534
f 2055//2055 3924//3924 3937//3937
f 3937//3937 3967//3967 3984//3984
f 4127//4127 4140//4140 4155//4155
f 4155//4155 4169//4169 4189//4189
f 4269//4269 4268//4268 4237//4237
f 4268//4268 4314//4314 4313//4313
f 4231//4231 4259//4259 4248//4248
f 4259//4259 4291//4291 4248//4248
f 4291//4291 4290//4290 4248//4248
f 4231//4231 4248//4248 4195//4195
f 3801//3801 2217//2217 3101//3101
f 1447//1447 1375//1375 4031//4031
f 4248//4248 4290//4290 4230//4230
f 3158//3158 3932//3932 3157//3157
f 3808//3808 3198//3198 3932//3932
f 4108//4108 4152//4152 4219//4219
f 3967//3967 4004//4004 3984//3984
f 3984//3984 4004//4004 4025//4025
f 4025//4025 4026//4026 4052//4052
f 4052//4052 4026//4026 4072//4072
f 4140//4140 4169//4169 4155//4155
f 4169//4169 4224//4224 4189//4189
f 4224//4224 4237//4237 4189//4189
f 4268//4268 4269//4269 4314//4314
f 4356//4356 4343//4343 4313//4313
f 4314//4314 4356//4356 4313//4313
f 4356//4356 3803//3803 4343//4343
f 3467//3467 3803//3803 4368//4368
f 4351//4351 4377//4377 4350//4350
f 4290//4290 4291//4291 4336//4336
f 4336//4336 4351//4351 4350//4350
f 2733//2733 3828//3828 3753//3753
f 3030//3030 1447//1447 4031//4031
f 1317//1317 3357//3357 4032//4032
f 4262//4262 4261//4261 4234//4234
f 2055//2055 3911//3911 3924//3924
f 3924//3924 3968//3968 3967//3967
f 3937//3937 3924//3924 3967//3967
f 4026//4026 4053//4053 4072//4072
f 4053//4053 4087//4087 4086//4086
f 4072//4072 4053//4053 4086//4086
f 4116//4116 4115//4115 4086//4086
f 4087//4087 4116//4116 4086//4086
f 4115//4115 4116//4116 4127//4127
f 4224//4224 4270//4270 4237//4237
f 4270//4270 4269//4269 4237//4237
f 4269//4269 4270//4270 4314//4314
f 4356//4356 4368//4368 3803//3803
f 2434//2434 1466//1466 1847//1847
f 3583//3583 3620//3620 2562//2562
f 1472//1472 1522//1522 3029//3029
f 325//325 457//457 3083//3083
f 2231//2231 3736//3736 1332//1332
f 4822//4822 4823//4823 4853//4853
f 3157//3157 3932//3932 3978//3978
f 1617//1617 3273//3273 1208//1208
f 4262//4262 4294//4294 4261//4261
f 3076//3076 3369//3369 2459//2459
f 2454//2454 744//744 173//173
f 3791//3791 3879//3879 2039//2039
f 3879//3879 3898//3898 2055//2055
f 2055//2055 3898//3898 3911//3911
f 3967//3967 3968//3968 4004//4004
f 4004//4004 4026//4026 4025//4025
f 4116//4116 4141//4141 4140//4140
f 4127//4127 4116//4116 4140//4140
f 4141//4141 4170//4170 4169//4169
f 4140//4140 4141//4141 4169//4169
f 4170//4170 4202//4202 4169//4169
f 4169//4169 4202//4202 4224//4224
f 4202//4202 4238//4238 4224//4224
f 4270//4270 4315//4315 4314//4314
f 4315//4315 4327//4327 4314//4314
f 4327//4327 4356//4356 4314//4314
f 1419//1419 4981//4981 1420//1420
f 1392//1392 3861//3861 3353//3353
f 4365//4365 4379//4379 2722//2722
f 3995//3995 4017//4017 3978//3978
f 4294//4294 4309//4309 4261//4261
f 4195//4195 4248//4248 4230//4230
f 920//920 3065//3065 744//744
f 3938//3938 3950//3950 3968//3968
f 3924//3924 3938//3938 3968//3968
f 4238//4238 4270//4270 4224//4224
f 4327//4327 4357//4357 4356//4356
f 4357//4357 4368//4368 4356//4356
f 4357//4357 2965//2965 3467//3467
f 4368//4368 4357//4357 3467//3467
f 3890//3890 3963//3963 174//174
f 3963//3963 2719//2719 174//174
f 1317//1317 1131//1131 3357//3357
f 5112//5112 2458//2458 3371//3371
f 3001//3001 3736//3736 2231//2231
f 3557//3557 3517//3517 3558//3558
f 4180//4180 4197//4197 4162//4162
f 3510//3510 3523//3523 3509//3509
f 3911//3911 3938//3938 3924//3924
f 3950//3950 3985//3985 3968//3968
f 3968//3968 3985//3985 4004//4004
f 4004//4004 3985//3985 4026//4026
f 4026//4026 3985//3985 4053//4053
f 4087//4087 4101//4101 4116//4116
f 4116//4116 4101//4101 4141//4141
f 4141//4141 4142//4142 4170//4170
f 4190//4190 4203//4203 4202//4202
f 4170//4170 4190//4190 4202//4202
f 4202//4202 4203//4203 4238//4238
f 4254//4254 4270//4270 4238//4238
f 3977//3977 4034//4034 3230//3230
f 3879//3879 2055//2055 2039//2039
f 3868//3868 3982//3982 4154//4154
f 1934//1934 1965//1965 1023//1023
f 2135//2135 1647//1647 2092//2092
f 3985//3985 4054//4054 4053//4053
f 4053//4053 4054//4054 4087//4087
f 4054//4054 4101//4101 4087//4087
f 4101//4101 4142//4142 4141//4141
f 4142//4142 4171//4171 4170//4170
f 4171//4171 4190//4190 4170//4170
f 4190//4190 4204//4204 4203//4203
f 4204//4204 4239//4239 4238//4238
f 4203//4203 4204//4204 4238//4238
f 4239//4239 4254//4254 4238//4238
f 4254//4254 4315//4315 4270//4270
f 4315//4315 4316//4316 4327//4327
f 4316//4316 4357//4357 4327//4327
f 552//552 3027//3027 661//661
f 4196//4196 4195//4195 4136//4136
f 4196//4196 4231//4231 4195//4195
f 3721//3721 3007//3007 3962//3962
f 1380//1380 2231//2231 1353//1353
f 1380//1380 3001//3001 2231//2231
f 2354//2354 3726//3726 3033//3033
f 4335//4335 4350//4350 4364//4364
f 3898//3898 3899//3899 3911//3911
f 3899//3899 3925//3925 3911//3911
f 3925//3925 3938//3938 3911//3911
f 3950//3950 3986//3986 3985//3985
f 4054//4054 4073//4073 4101//4101
f 4254//4254 4271//4271 4315//4315
f 4271//4271 4316//4316 4315//4315
f 4316//4316 4358//4358 4357//4357
f 4358//4358 2965//2965 4357//4357
f 1164//1164 1386//1386 1392//1392
f 1372//1372 1164//1164 1392//1392
f 777//777 1164//1164 1372//1372
f 777//777 1372//1372 654//654
f 3416//3416 1617//1617 990//990
f 780//780 3045//3045 751//751
f 3093//3093 3117//3117 3362//3362
f 2470//2470 3746//3746 2350//2350
f 4096//4096 4138//4138 4080//4080
f 3011//3011 3090//3090 3153//3153
f 3065//3065 2045//2045 3885//3885
f 3844//3844 3880//3880 3879//3879
f 3880//3880 3899//3899 3898//3898
f 3879//3879 3880//3880 3898//3898
f 3950//3950 3969//3969 3986//3986
f 3986//3986 4027//4027 3985//3985
f 3985//3985 4027//4027 4054//4054
f 4101//4101 4128//4128 4142//4142
f 4239//4239 4271//4271 4254//4254
f 4271//4271 4328//4328 4316//4316
f 4328//4328 4358//4358 4316//4316
f 4358//4358 3637//3637 2965//2965
f 4954//4954 5004//5004 4931//4931
f 1873//1873 2011//2011 5103//5103
f 1372//1372 2982//2982 2780//2780
f 4379//4379 1395//1395 2722//2722
f 2722//2722 653//653 802//802
f 3918//3918 3141//3141 3672//3672
f 3750//3750 1394//1394 3410//3410
f 103//103 1353//1353 3410//3410
f 1394//1394 103//103 3410//3410
f 103//103 1380//1380 1353//1353
f 686//686 3754//3754 748//748
f 2012//2012 2106//2106 2404//2404
f 3939//3939 3938//3938 3925//3925
f 3939//3939 3950//3950 3938//3938
f 3950//3950 3939//3939 3969//3969
f 3986//3986 4005//4005 4027//4027
f 4102//4102 4101//4101 4073//4073
f 4172//4172 4190//4190 4171//4171
f 4172//4172 4205//4205 4204//4204
f 4190//4190 4172//4172 4204//4204
f 4204//4204 4205//4205 4239//4239
f 4239//4239 4225//4225 4271//4271
f 4225//4225 4272//4272 4271//4271
f 4272//4272 4328//4328 4271//4271
f 2343//2343 3424//3424 3365//3365
f 4015//4015 3030//3030 2046//2046
f 4184//4184 3945//3945 685//685
f 3034//3034 3001//3001 1380//1380
f 3817//3817 3818//3818 1330//1330
f 4017//4017 4096//4096 4080//4080
f 3072//3072 2350//2350 2734//2734
f 4366//4366 4390//4390 4380//4380
f 3387//3387 4200//4200 4183//4183
f 3880//3880 3900//3900 3899//3899
f 4027//4027 4074//4074 4073//4073
f 4054//4054 4027//4027 4073//4073
f 4101//4101 4102//4102 4128//4128
f 4128//4128 4143//4143 4142//4142
f 4143//4143 4172//4172 4171//4171
f 4142//4142 4143//4143 4171//4171
f 4317//4317 4328//4328 4272//4272
f 4359//4359 4358//4358 4328//4328
f 4358//4358 772//772 3637//3637
f 5078//5078 2104//2104 1210//1210
f 4034//4034 4095//4095 4048//4048
f 4095//4095 4149//4149 4137//4137
f 3822//3822 4549//4549 3739//3739
f 779//779 773//773 2720//2720
f 779//779 3033//3033 773//773
f 5110//5110 5091//5091 3202//3202
f 3844//3844 3865//3865 3880//3880
f 3912//3912 3899//3899 3900//3900
f 3899//3899 3912//3912 3925//3925
f 3925//3925 3912//3912 3939//3939
f 3969//3969 3970//3970 3986//3986
f 4039//4039 4027//4027 4005//4005
f 4039//4039 4074//4074 4027//4027
f 4074//4074 4102//4102 4073//4073
f 4172//4172 4206//4206 4205//4205
f 4206//4206 4225//4225 4205//4205
f 4205//4205 4225//4225 4239//4239
f 4300//4300 4317//4317 4272//4272
f 4328//4328 4317//4317 4359//4359
f 3428//3428 3076//3076 3904//3904
f 3978//3978 4017//4017 3977//3977
f 436//436 3068//3068 4194//4194
f 4138//4138 4162//4162 4124//4124
f 1374//1374 2720//2720 1373//1373
f 4391//4391 4390//4390 4366//4366
f 3939//3939 3951//3951 3969//3969
f 3969//3969 3951//3951 3970//3970
f 3970//3970 3987//3987 3986//3986
f 3986//3986 3987//3987 4005//4005
f 4384//4384 4358//4358 4359//4359
f 4384//4384 772//772 4358//4358
f 4384//4384 2752//2752 772//772
f 4018//4018 3247//3247 3265//3265
f 4372//4372 3057//3057 3777//3777
f 4523//4523 4534//4534 3809//3809
f 441//441 505//505 474//474
f 2245//2245 1380//1380 103//103
f 1380//1380 2245//2245 3034//3034
f 3034//3034 2245//2245 3652//3652
f 4100//4100 2243//2243 2274//2274
f 4119//4119 3053//3053 1393//1393
f 2339//2339 2415//2415 874//874
f 3987//3987 4006//4006 4005//4005
f 4005//4005 4006//4006 4039//4039
f 4074//4074 4088//4088 4102//4102
f 4102//4102 4088//4088 4128//4128
f 4206//4206 4226//4226 4225//4225
f 4225//4225 4226//4226 4240//4240
f 4240//4240 4273//4273 4272//4272
f 4225//4225 4240//4240 4272//4272
f 4272//4272 4273//4273 4300//4300
f 4317//4317 4360//4360 4359//4359
f 4360//4360 4384//4384 4359//4359
f 2752//2752 3366//3366 772//772
f 3450//3450 3092//3092 3771//3771
f 3863//3863 3861//3861 1386//1386
f 1387//1387 3863//3863 1386//1386
f 1164//1164 1387//1387 1386//1386
f 1394//1394 3092//3092 3450//3450
f 3450//3450 201//201 3716//3716
f 2245//2245 3891//3891 3652//3652
f 3120//3120 3099//3099 3636//3636
f 3652//3652 3665//3665 3512//3512
f 4035//4035 4096//4096 4017//4017
f 4154//4154 3982//3982 2242//2242
f 3857//3857 3866//3866 3865//3865
f 3865//3865 3866//3866 3880//3880
f 3913//3913 3912//3912 3900//3900
f 4039//4039 4040//4040 4074//4074
f 4040//4040 4075//4075 4074//4074
f 4074//4074 4075//4075 4088//4088
f 4075//4075 4103//4103 4088//4088
f 4088//4088 4103//4103 4128//4128
f 4128//4128 4103//4103 4143//4143
f 4143//4143 4144//4144 4172//4172
f 4144//4144 4191//4191 4172//4172
f 4191//4191 4206//4206 4172//4172
f 4318//4318 4317//4317 4300//4300
f 4384//4384 1066//1066 2752//2752
f 1066//1066 3366//3366 2752//2752
f 3074//3074 3960//3960 652//652
f 3961//3961 2323//2323 4855//4855
f 1909//1909 745//745 3383//3383
f 4083//4083 3813//3813 4098//4098
f 4138//4138 4124//4124 4080//4080
f 21//21 1376//1376 3038//3038
f 1374//1374 1373//1373 4283//4283
f 3982//3982 3062//3062 2242//2242
f 1402//1402 1374//1374 4152//4152
f 3857//3857 3858//3858 3866//3866
f 3913//3913 3940//3940 3939//3939
f 3912//3912 3913//3913 3939//3939
f 3952//3952 3951//3951 3939//3939
f 3940//3940 3952//3952 3939//3939
f 3952//3952 3953//3953 3970//3970
f 3951//3951 3952//3952 3970//3970
f 3970//3970 3953//3953 3987//3987
f 3987//3987 4007//4007 4006//4006
f 4040//4040 4039//4039 4006//4006
f 4007//4007 4040//4040 4006//4006
f 4103//4103 4144//4144 4143//4143
f 4226//4226 4241//4241 4240//4240
f 4317//4317 4318//4318 4360//4360
f 4385//4385 4384//4384 4360//4360
f 4293//4293 4323//4323 4292//4292
f 4292//4292 4323//4323 4337//4337
f 5113//5113 325//325 5097//5097
f 1376//1376 2004//2004 1400//1400
f 3801//3801 2449//2449 2411//2411
f 3031//3031 3891//3891 2245//2245
f 851//851 2102//2102 2232//2232
f 3891//3891 3365//3365 3665//3665
f 4903//4903 4932//4932 4885//4885
f 3978//3978 3932//3932 3995//3995
f 3995//3995 4035//4035 4017//4017
f 3770//3770 1402//1402 4152//4152
f 3866//3866 3881//3881 3880//3880
f 3880//3880 3881//3881 3900//3900
f 3881//3881 3913//3913 3900//3900
f 3953//3953 3988//3988 3987//3987
f 3987//3987 3988//3988 4007//4007
f 4055//4055 4075//4075 4040//4040
f 4075//4075 4104//4104 4103//4103
f 4104//4104 4144//4144 4103//4103
f 4240//4240 4241//4241 4273//4273
f 4273//4273 4301//4301 4300//4300
f 4301//4301 4318//4318 4300//4300
f 4318//4318 4344//4344 4360//4360
f 4344//4344 4369//4369 4360//4360
f 4369//4369 4385//4385 4360//4360
f 1066//1066 4384//4384 4385//4385
f 3886//3886 4178//4178 4002//4002
f 3736//3736 3001//3001 2322//2322
f 3074//3074 773//773 3960//3960
f 3963//3963 3033//3033 3726//3726
f 3001//3001 3652//3652 3512//3512
f 3891//3891 2343//2343 3365//3365
f 4162//4162 4197//4197 4149//4149
f 4643//4643 4697//4697 4622//4622
f 684//684 683//683 1425//1425
f 4340//4340 4353//4353 4339//4339
f 537//537 3904//3904 3076//3076
f 959//959 3064//3064 2731//2731
f 1391//1391 959//959 2731//2731
f 3858//3858 3867//3867 3866//3866
f 3866//3866 3867//3867 3881//3881
f 4007//4007 4028//4028 4040//4040
f 4040//4040 4028//4028 4055//4055
f 4055//4055 4076//4076 4075//4075
f 4076//4076 4104//4104 4075//4075
f 4104//4104 4145//4145 4144//4144
f 4145//4145 4173//4173 4144//4144
f 4173//4173 4191//4191 4144//4144
f 4191//4191 4227//4227 4226//4226
f 4206//4206 4191//4191 4226//4226
f 4226//4226 4227//4227 4241//4241
f 4318//4318 4301//4301 4344//4344
f 2805//2805 2217//2217 3700//3700
f 3322//3322 4096//4096 4035//4035
f 4018//4018 3265//3265 4035//4035
f 3265//3265 3322//3322 4035//4035
f 3322//3322 4150//4150 4138//4138
f 4608//4608 4645//4645 4657//4657
f 3322//3322 4138//4138 4096//4096
f 3784//3784 3781//3781 3198//3198
f 683//683 2029//2029 1425//1425
f 3044//3044 4060//4060 711//711
f 3881//3881 3926//3926 3913//3913
f 3913//3913 3926//3926 3940//3940
f 3940//3940 3953//3953 3952//3952
f 3953//3953 3989//3989 3988//3988
f 3988//3988 3989//3989 4007//4007
f 4104//4104 4117//4117 4145//4145
f 4191//4191 4173//4173 4227//4227
f 4227//4227 4242//4242 4241//4241
f 4242//4242 4274//4274 4273//4273
f 4241//4241 4242//4242 4273//4273
f 4273//4273 4274//4274 4301//4301
f 749//749 1066//1066 4385//4385
f 4263//4263 4262//4262 4235//4235
f 4252//4252 4235//4235 4199//4199
f 4310//4310 4294//4294 4262//4262
f 4263//4263 4310//4310 4262//4262
f 3963//3963 3726//3726 3314//3314
f 4153//4153 682//682 3966//3966
f 4108//4108 3996//3996 3066//3066
f 3770//3770 4152//4152 3066//3066
f 1425//1425 2029//2029 1430//1430
f 3858//3858 3859//3859 3867//3867
f 3926//3926 3941//3941 3940//3940
f 3940//3940 3941//3941 3953//3953
f 4028//4028 4056//4056 4055//4055
f 4055//4055 4056//4056 4076//4076
f 4076//4076 4077//4077 4104//4104
f 4156//4156 4145//4145 4117//4117
f 4156//4156 4174//4174 4145//4145
f 4145//4145 4174//4174 4173//4173
f 4274//4274 4285//4285 4301//4301
f 4301//4301 4329//4329 4344//4344
f 4329//4329 4361//4361 4344//4344
f 4344//4344 4361//4361 4369//4369
f 4361//4361 4386//4386 4369//4369
f 4386//4386 4385//4385 4369//4369
f 4386//4386 715//715 4385//4385
f 715//715 749//749 4385//4385
f 1402//1402 3744//3744 1374//1374
f 3744//3744 3033//3033 779//779
f 2981//2981 3090//3090 3011//3011
f 3754//3754 686//686 3765//3765
f 557//557 603//603 556//556
f 750//750 2990//2990 4119//4119
f 2449//2449 2423//2423 2401//2401
f 1430//1430 2029//2029 3875//3875
f 2876//2876 3044//3044 711//711
f 2990//2990 4125//4125 537//537
f 3941//3941 3954//3954 3953//3953
f 3953//3953 3954//3954 3989//3989
f 4008//4008 4007//4007 3989//3989
f 4008//4008 4028//4028 4007//4007
f 4028//4028 4008//4008 4056//4056
f 4056//4056 4077//4077 4076//4076
f 4077//4077 4117//4117 4104//4104
f 4174//4174 4192//4192 4173//4173
f 4192//4192 4207//4207 4227//4227
f 4173//4173 4192//4192 4227//4227
f 4227//4227 4207//4207 4242//4242
f 4285//4285 4329//4329 4301//4301
f 714//714 749//749 715//715
f 2734//2734 3836//3836 3072//3072
f 3836//3836 3830//3830 3072//3072
f 4179//4179 4195//4195 4230//4230
f 1374//1374 4283//4283 4152//4152
f 305//305 3221//3221 3208//3208
f 4695//4695 4671//4671 4672//4672
f 686//686 1349//1349 3765//3765
f 686//686 716//716 1349//1349
f 4378//4378 3493//3493 4396//4396
f 4377//4377 4378//4378 4396//4396
f 3744//3744 779//779 1374//1374
f 3881//3881 3867//3867 3882//3882
f 3882//3882 3914//3914 3881//3881
f 3881//3881 3914//3914 3926//3926
f 4077//4077 4105//4105 4117//4117
f 4243//4243 4285//4285 4274//4274
f 4242//4242 4243//4243 4274//4274
f 2019//2019 2020//2020 2037//2037
f 2555//2555 1349//1349 3364//3364
f 364//364 2004//2004 1376//1376
f 773//773 3947//3947 3960//3960
f 4249//4249 4196//4196 4197//4197
f 4232//4232 4249//4249 4197//4197
f 3829//3829 3158//3158 3636//3636
f 2242//2242 3062//3062 4139//4139
f 4153//4153 1317//1317 682//682
f 3989//3989 4009//4009 4008//4008
f 4008//4008 4029//4029 4056//4056
f 4029//4029 4078//4078 4077//4077
f 4056//4056 4029//4029 4077//4077
f 4077//4077 4078//4078 4105//4105
f 4105//4105 4146//4146 4117//4117
f 4117//4117 4146//4146 4156//4156
f 4207//4207 4243//4243 4242//4242
f 4285//4285 4319//4319 4329//4329
f 4319//4319 4345//4345 4329//4329
f 4329//4329 4345//4345 4361//4361
f 4370//4370 4386//4386 4361//4361
f 4370//4370 4393//4393 4386//4386
f 4393//4393 715//715 4386//4386
f 3795//3795 714//714 715//715
f 2339//2339 3390//3390 2415//2415
f 4180//4180 4162//4162 4138//4138
f 4166//4166 3998//3998 628//628
f 748//748 1354//1354 1349//1349
f 716//716 748//748 1349//1349
f 3870//3870 3864//3864 3703//3703
f 3042//3042 777//777 3493//3493
f 4249//4249 4260//4260 4196//4196
f 4108//4108 3066//3066 4152//4152
f 2065//2065 2876//2876 711//711
f 3859//3859 3860//3860 3867//3867
f 3954//3954 3971//3971 3989//3989
f 3989//3989 3971//3971 4009//4009
f 4009//4009 4029//4029 4008//4008
f 4243//4243 4275//4275 4285//4285
f 4285//4285 4275//4275 4319//4319
f 4345//4345 4370//4370 4361//4361
f 3795//3795 715//715 4393//4393
f 3076//3076 3623//3623 3369//3369
f 2464//2464 3182//3182 2548//2548
f 3525//3525 3623//3623 3064//3064
f 3012//3012 4015//4015 746//746
f 4031//4031 1375//1375 3060//3060
f 3397//3397 3864//3864 3869//3869
f 3914//3914 3927//3927 3926//3926
f 3926//3926 3927//3927 3941//3941
f 3941//3941 3955//3955 3954//3954
f 3954//3954 3955//3955 3971//3971
f 4029//4029 4057//4057 4078//4078
f 4106//4106 4105//4105 4078//4078
f 4146//4146 4157//4157 4156//4156
f 4157//4157 4174//4174 4156//4156
f 4174//4174 4175//4175 4192//4192
f 4192//4192 4175//4175 4207//4207
f 4207//4207 4208//4208 4243//4243
f 3663//3663 3795//3795 4393//4393
f 3381//3381 4122//4122 4148//4148
f 4200//4200 4199//4199 4183//4183
f 3042//3042 1164//1164 777//777
f 4249//4249 4293//4293 4260//4260
f 802//802 653//653 1496//1496
f 3043//3043 1472//1472 4391//4391
f 3907//3907 3906//3906 2178//2178
f 3882//3882 3883//3883 3914//3914
f 3883//3883 3927//3927 3914//3914
f 3942//3942 3941//3941 3927//3927
f 3942//3942 3955//3955 3941//3941
f 4057//4057 4089//4089 4078//4078
f 4078//4078 4089//4089 4106//4106
f 4129//4129 4146//4146 4105//4105
f 4106//4106 4129//4129 4105//4105
f 4146//4146 4129//4129 4157//4157
f 4175//4175 4174//4174 4157//4157
f 4175//4175 4208//4208 4207//4207
f 4208//4208 4244//4244 4243//4243
f 4243//4243 4244//4244 4275//4275
f 4244//4244 4302//4302 4275//4275
f 4275//4275 4302//4302 4319//4319
f 4319//4319 4346//4346 4345//4345
f 4345//4345 4346//4346 4370//4370
f 3397//3397 3696//3696 4403//4403
f 3437//3437 4264//4264 3399//3399
f 748//748 778//778 1354//1354
f 778//778 3050//3050 1354//1354
f 3620//3620 3274//3274 685//685
f 4216//4216 4232//4232 4180//4180
f 1332//1332 3736//3736 3745//3745
f 4643//4643 4720//4720 4697//4697
f 3998//3998 4166//4166 3875//3875
f 3923//3923 628//628 4184//4184
f 3956//3956 3955//3955 3942//3942
f 3956//3956 3971//3971 3955//3955
f 3956//3956 4009//4009 3971//3971
f 4009//4009 3990//3990 4029//4029
f 3990//3990 4041//4041 4029//4029
f 4029//4029 4041//4041 4057//4057
f 4089//4089 4129//4129 4106//4106
f 4175//4175 4176//4176 4208//4208
f 4208//4208 4176//4176 4244//4244
f 4176//4176 4245//4245 4244//4244
f 4302//4302 4346//4346 4319//4319
f 3663//3663 4393//4393 3752//3752
f 3704//3704 2388//2388 2965//2965
f 4801//4801 4800//4800 4741//4741
f 1342//1342 300//300 1365//1365
f 4194//4194 3068//3068 747//747
f 4534//4534 3662//3662 3809//3809
f 3089//3089 3636//3636 3099//3099
f 2173//2173 3883//3883 3882//3882
f 3927//3927 3928//3928 3942//3942
f 3928//3928 3956//3956 3942//3942
f 4057//4057 4058//4058 4089//4089
f 4245//4245 4276//4276 4244//4244
f 4244//4244 4276//4276 4302//4302
f 4302//4302 4303//4303 4346//4346
f 737//737 4060//4060 3044//3044
f 2611//2611 2601//2601 3712//3712
f 3614//3614 4523//4523 3809//3809
f 3089//3089 3088//3088 4496//4496
f 3352//3352 3325//3325 3337//3337
f 4829//4829 4885//4885 4845//4845
f 2727//2727 5000//5000 2728//2728
f 3423//3423 3751//3751 3794//3794
f 3956//3956 3990//3990 4009//4009
f 4058//4058 4057//4057 4041//4041
f 4059//4059 4118//4118 4129//4129
f 4089//4089 4059//4059 4129//4129
f 4118//4118 4147//4147 4157//4157
f 4129//4129 4118//4118 4157//4157
f 4147//4147 4176//4176 4175//4175
f 4157//4157 4147//4147 4175//4175
f 4176//4176 4209//4209 4245//4245
f 4209//4209 4246//4246 4245//4245
f 4246//4246 4276//4276 4245//4245
f 4276//4276 4303//4303 4302//4302
f 4346//4346 4330//4330 4370//4370
f 4370//4370 4330//4330 3799//3799
f 1372//1372 1471//1471 2982//2982
f 4019//4019 747//747 2964//2964
f 3786//3786 3362//3362 3117//3117
f 684//684 4390//4390 683//683
f 4988//4988 5023//5023 4954//4954
f 4234//4234 4251//4251 4218//4218
f 3217//3217 4018//4018 3198//3198
f 3894//3894 3918//3918 3893//3893
f 4511//4511 3636//3636 4512//4512
f 3893//3893 3876//3876 4560//4560
f 3094//3094 3084//3084 3085//3085
f 4719//4719 4718//4718 4696//4696
f 4425//4425 4431//4431 4414//4414
f 794//794 4037//4037 545//545
f 2007//2007 3728//3728 3976//3976
f 1685//1685 3702//3702 3892//3892
f 4845//4845 4902//4902 4884//4884
f 3928//3928 3927//3927 3883//3883
f 3957//3957 3956//3956 3928//3928
f 3957//3957 3972//3972 3956//3956
f 3956//3956 3972//3972 3990//3990
f 4030//4030 4041//4041 3990//3990
f 4059//4059 4058//4058 4041//4041
f 4030//4030 4059//4059 4041//4041
f 4058//4058 4059//4059 4089//4089
f 4193//4193 4209//4209 4176//4176
f 4303//4303 4330//4330 4346//4346
f 3062//3062 3923//3923 4139//4139
f 3905//3905 3122//3122 3918//3918
f 4431//4431 4432//4432 4445//4445
f 3890//3890 2732//2732 3946//3946
f 241//241 240//240 181//181
f 3861//3861 3863//3863 4153//4153
f 1456//1456 1455//1455 1434//1434
f 2458//2458 2295//2295 4334//4334
f 4216//4216 4250//4250 4232//4232
f 4250//4250 4249//4249 4232//4232
f 3141//3141 3142//3142 3781//3781
f 140//140 4019//4019 3886//3886
f 3890//3890 174//174 2732//2732
f 4112//4112 4136//4136 4135//4135
f 2917//2917 2945//2945 3737//3737
f 3877//3877 3878//3878 3894//3894
f 4816//4816 4886//4886 4864//4864
f 4492//4492 4519//4519 4506//4506
f 1753//1753 1996//1996 816//816
f 3158//3158 3140//3140 3120//3120
f 3737//3737 2945//2945 2697//2697
f 2697//2697 2945//2945 2058//2058
f 3972//3972 4010//4010 3990//3990
f 3990//3990 4010//4010 4030//4030
f 4147//4147 4158//4158 4176//4176
f 4176//4176 4158//4158 4193//4193
f 4193//4193 4246//4246 4209//4209
f 4246//4246 4210//4210 4276//4276
f 4320//4320 4330//4330 4303//4303
f 4330//4330 4371//4371 3799//3799
f 3209//3209 874//874 2336//2336
f 4139//4139 3923//3923 3054//3054
f 3230//3230 4048//4048 4047//4047
f 21//21 3038//3038 538//538
f 3214//3214 4033//4033 3757//3757
f 3710//3710 2233//2233 2735//2735
f 4341//4341 4366//4366 4340//4340
f 4560//4560 3877//3877 3893//3893
f 4886//4886 4916//4916 4864//4864
f 3888//3888 3976//3976 4062//4062
f 3888//3888 2007//2007 3976//3976
f 4121//4121 2905//2905 2007//2007
f 3862//3862 3816//3816 3883//3883
f 3883//3883 3816//3816 3901//3901
f 3901//3901 3929//3929 3928//3928
f 3883//3883 3901//3901 3928//3928
f 3928//3928 3929//3929 3957//3957
f 4030//4030 4010//4010 4059//4059
f 4059//4059 4090//4090 4118//4118
f 4090//4090 4130//4130 4118//4118
f 4130//4130 4147//4147 4118//4118
f 4147//4147 4130//4130 4158//4158
f 4158//4158 4159//4159 4193//4193
f 4159//4159 4210//4210 4193//4193
f 4193//4193 4210//4210 4246//4246
f 4347//4347 4371//4371 4330//4330
f 3799//3799 4371//4371 3777//3777
f 141//141 1793//1793 3887//3887
f 4341//4341 4340//4340 4308//4308
f 4139//4139 3054//3054 3502//3502
f 3637//3637 2435//2435 3792//3792
f 3041//3041 2715//2715 3827//3827
f 4249//4249 4250//4250 4279//4279
f 4309//4309 4341//4341 4308//4308
f 4650//4650 2756//2756 3907//3907
f 4916//4916 4933//4933 4864//4864
f 3888//3888 4062//4062 3871//3871
f 3888//3888 4121//4121 2007//2007
f 2664//2664 799//799 1253//1253
f 3390//3390 4068//4068 2415//2415
f 3958//3958 3972//3972 3957//3957
f 4059//4059 4010//4010 4090//4090
f 4159//4159 4158//4158 4130//4130
f 4210//4210 4277//4277 4276//4276
f 4277//4277 4303//4303 4276//4276
f 4320//4320 4347//4347 4330//4330
f 4372//4372 3777//3777 4371//4371
f 3887//3887 436//436 4194//4194
f 4389//4389 2722//2722 802//802
f 920//920 744//744 2454//2454
f 4542//4542 4528//4528 4521//4521
f 1401//1401 3888//3888 3871//3871
f 3482//3482 4121//4121 3888//3888
f 3816//3816 3696//3696 3869//3869
f 3056//3056 1633//1633 3828//3828
f 3929//3929 3958//3958 3957//3957
f 3958//3958 4011//4011 3972//3972
f 4011//4011 4010//4010 3972//3972
f 4131//4131 4130//4130 4090//4090
f 4159//4159 4228//4228 4210//4210
f 4228//4228 4247//4247 4210//4210
f 4277//4277 4321//4321 4320//4320
f 4303//4303 4277//4277 4320//4320
f 4321//4321 4331//4331 4320//4320
f 4331//4331 4347//4347 4320//4320
f 4372//4372 4371//4371 4347//4347
f 3601//3601 3602//3602 651//651
f 1400//1400 3065//3065 920//920
f 617//617 2558//2558 3676//3676
f 2785//2785 3907//3907 2756//2756
f 4649//4649 2178//2178 4615//4615
f 3079//3079 3482//3482 3888//3888
f 3423//3423 3753//3753 3824//3824
f 2544//2544 2531//2531 3335//3335
f 3869//3869 3902//3902 3901//3901
f 3902//3902 3930//3930 3929//3929
f 3901//3901 3902//3902 3929//3929
f 3929//3929 3930//3930 3958//3958
f 3973//3973 4011//4011 3958//3958
f 4011//4011 4042//4042 4010//4010
f 4042//4042 4090//4090 4010//4010
f 4177//4177 4159//4159 4130//4130
f 4131//4131 4177//4177 4130//4130
f 2274//2274 3815//3815 4100//4100
f 4113//4113 2592//2592 2280//2280
f 4235//4235 4262//4262 4234//4234
f 4296//4296 4295//4295 4281//4281
f 4294//4294 4381//4381 4341//4341
f 3966//3966 682//682 743//743
f 3863//3863 4154//4154 3073//3073
f 2594//2594 629//629 650//650
f 2785//2785 2810//2810 3102//3102
f 4381//4381 4391//4391 4341//4341
f 4840//4840 4877//4877 2764//2764
f 2764//2764 3936//3936 4840//4840
f 3482//3482 3302//3302 4121//4121
f 4121//4121 3302//3302 2905//2905
f 1427//1427 3011//3011 3922//3922
f 2050//2050 3919//3919 3934//3934
f 4107//4107 4090//4090 4042//4042
f 4107//4107 4132//4132 4090//4090
f 4132//4132 4131//4131 4090//4090
f 4210//4210 4247//4247 4277//4277
f 4362//4362 4347//4347 4331//4331
f 4347//4347 4362//4362 4372//4372
f 3057//3057 3722//3722 3717//3717
f 3011//3011 2716//2716 3922//3922
f 4325//4325 4324//4324 4295//4295
f 3751//3751 3382//3382 2310//2310
f 3863//3863 3868//3868 4154//4154
f 4178//4178 1971//1971 1520//1520
f 3922//3922 2716//2716 2731//2731
f 2731//2731 2716//2716 1391//1391
f 3109//3109 3128//3128 2790//2790
f 4415//4415 4431//4431 4425//4425
f 4431//4431 4445//4445 4444//4444
f 4405//4405 4425//4425 4404//4404
f 24//24 3482//3482 3079//3079
f 3437//3437 4281//4281 4264//4264
f 3959//3959 3958//3958 3930//3930
f 3959//3959 3973//3973 3958//3958
f 4012//4012 4011//4011 3973//3973
f 4012//4012 4042//4042 4011//4011
f 4132//4132 4177//4177 4131//4131
f 4177//4177 4228//4228 4159//4159
f 4277//4277 4247//4247 4286//4286
f 4277//4277 4286//4286 4321//4321
f 4286//4286 4331//4331 4321//4321
f 4331//4331 4348//4348 4362//4362
f 4372//4372 4362//4362 3057//3057
f 3915//3915 3747//3747 3711//3711
f 779//779 2720//2720 1374//1374
f 2173//2173 3882//3882 3867//3867
f 2143//2143 2166//2166 3843//3843
f 4866//4866 4937//4937 4888//4888
f 3243//3243 4014//4014 3993//3993
f 1388//1388 3868//3868 3863//3863
f 1402//1402 3749//3749 3744//3744
f 1350//1350 3916//3916 3053//3053
f 4475//4475 4474//4474 4470//4470
f 3187//3187 3186//3186 3159//3159
f 3994//3994 1401//1401 2721//2721
f 3917//3917 3888//3888 1401//1401
f 3917//3917 3079//3079 3888//3888
f 3482//3482 24//24 3302//3302
f 3974//3974 3973//3973 3959//3959
f 3974//3974 4012//4012 3973//3973
f 4133//4133 4132//4132 4107//4107
f 4132//4132 4211//4211 4177//4177
f 4211//4211 4228//4228 4177//4177
f 4211//4211 4247//4247 4228//4228
f 4331//4331 4286//4286 4348//4348
f 4348//4348 4373//4373 4362//4362
f 4362//4362 4373//4373 3057//3057
f 3885//3885 3030//3030 4015//4015
f 3558//3558 3517//3517 4354//4354
f 3029//3029 1473//1473 3884//3884
f 4154//4154 2242//2242 3073//3073
f 3073//3073 2242//2242 1131//1131
f 1793//1793 436//436 3887//3887
f 747//747 3068//3068 2594//2594
f 4378//4378 4365//4365 4389//4389
f 2415//2415 4068//4068 3371//3371
f 2981//2981 3011//3011 1400//1400
f 3779//3779 3056//3056 2310//2310
f 4261//4261 4308//4308 4280//4280
f 2765//2765 2791//2791 3109//3109
f 4444//4444 4445//4445 4470//4470
f 1964//1964 3994//3994 2721//2721
f 3994//3994 3917//3917 1401//1401
f 4410//4410 3093//3093 3362//3362
f 3998//3998 4178//4178 1520//1520
f 3902//3902 3903//3903 3930//3930
f 3903//3903 3943//3943 3930//3930
f 3943//3943 3959//3959 3930//3930
f 4091//4091 4107//4107 4042//4042
f 4091//4091 4133//4133 4107//4107
f 4211//4211 4255//4255 4247//4247
f 4287//4287 4286//4286 4247//4247
f 4255//4255 4287//4287 4247//4247
f 4287//4287 4348//4348 4286//4286
f 2917//2917 745//745 3734//3734
f 1473//1473 4002//4002 3884//3884
f 4178//4178 3998//3998 4002//4002
f 4877//4877 2765//2765 3109//3109
f 4768//4768 4820//4820 4804//4804
f 3917//3917 3964//3964 3079//3079
f 3964//3964 24//24 3079//3079
f 3109//3109 2764//2764 4877//4877
f 1520//1520 1971//1971 3945//3945
f 3864//3864 3870//3870 3869//3869
f 3869//3869 3903//3903 3902//3902
f 3943//3943 3974//3974 3959//3959
f 3943//3943 3991//3991 3974//3974
f 3991//3991 4012//4012 3974//3974
f 4043//4043 4042//4042 4012//4012
f 4043//4043 4091//4091 4042//4042
f 4091//4091 3407//3407 4133//4133
f 4133//4133 4211//4211 4132//4132
f 4332//4332 4348//4348 4287//4287
f 4348//4348 4374//4374 4373//4373
f 4374//4374 3790//3790 4373//4373
f 3553//3553 3554//3554 3571//3571
f 4312//4312 4325//4325 4296//4296
f 3807//3807 2917//2917 3734//3734
f 2320//2320 2149//2149 2497//2497
f 653//653 3026//3026 3873//3873
f 1393//1393 3836//3836 2734//2734
f 4475//4475 4489//4489 4474//4474
f 4186//4186 1964//1964 1396//1396
f 1239//1239 3994//3994 1964//1964
f 3964//3964 3334//3334 24//24
f 24//24 3334//3334 3302//3302
f 3869//3869 3870//3870 3903//3903
f 3344//3344 4091//4091 4043//4043
f 3344//3344 3359//3359 4091//4091
f 3359//3359 3407//3407 4091//4091
f 3407//3407 3443//3443 4133//4133
f 3443//3443 4212//4212 4133//4133
f 4212//4212 4211//4211 4133//4133
f 4211//4211 4256//4256 4255//4255
f 4348//4348 4332//4332 4374//4374
f 3765//3765 3771//3771 3754//3754
f 3612//3612 3893//3893 3672//3672
f 5101//5101 2042//2042 2089//2089
f 3026//3026 1430//1430 3873//3873
f 716//716 686//686 748//748
f 186//186 2381//2381 14//14
f 2715//2715 3041//3041 2472//2472
f 1295//1295 1474//1474 3043//3043
f 2790//2790 2764//2764 3109//3109
f 4450//4450 4460//4460 4459//4459
f 5102//5102 4186//4186 1396//1396
f 3889//3889 3917//3917 3994//3994
f 1239//1239 3889//3889 3994//3994
f 3889//3889 3964//3964 3917//3917
f 3903//3903 3944//3944 3943//3943
f 3944//3944 3975//3975 3943//3943
f 3975//3975 3992//3992 3991//3991
f 3943//3943 3975//3975 3991//3991
f 3992//3992 4013//4013 3991//3991
f 4013//4013 4012//4012 3991//3991
f 4013//4013 4043//4043 4012//4012
f 3261//3261 4045//4045 4044//4044
f 3408//3408 3443//3443 3407//3407
f 4212//4212 4256//4256 4211//4211
f 4256//4256 4304//4304 4255//4255
f 4304//4304 4287//4287 4255//4255
f 4304//4304 4333//4333 4287//4287
f 4333//4333 4332//4332 4287//4287
f 4332//4332 4375//4375 4374//4374
f 1474//1474 1473//1473 1522//1522
f 4596//4596 2030//2030 2066//2066
f 3807//3807 2945//2945 2917//2917
f 5064//5064 5060//5060 5090//5090
f 802//802 1496//1496 3042//3042
f 3143//3143 3712//3712 2601//2601
f 1356//1356 1429//1429 2859//2859
f 2028//2028 1239//1239 1964//1964
f 3870//3870 2225//2225 3903//3903
f 3915//3915 3944//3944 3903//3903
f 3303//3303 4043//4043 4013//4013
f 2467//2467 2264//2264 5113//5113
f 3054//3054 685//685 3274//3274
f 4375//4375 902//902 4374//4374
f 4374//4374 902//902 3790//3790
f 3397//3397 3869//3869 3696//3696
f 3962//3962 2945//2945 3807//3807
f 2336//2336 874//874 2295//2295
f 2007//2007 2905//2905 3728//3728
f 4311//4311 4342//4342 4310//4310
f 2458//2458 4334//4334 2415//2415
f 2028//2028 1964//1964 4186//4186
f 3964//3964 3025//3025 3334//3334
f 3334//3334 3025//3025 3289//3289
f 4312//4312 4296//4296 4282//4282
f 4295//4295 4311//4311 4263//4263
f 3785//3785 3694//3694 2292//2292
f 3992//3992 3277//3277 4013//4013
f 3601//3601 651//651 3600//3600
f 4213//4213 3916//3916 1350//1350
f 3497//3497 4256//4256 4212//4212
f 4333//4333 4375//4375 4332//4332
f 4281//4281 4295//4295 4263//4263
f 1471//1471 1392//1392 3353//3353
f 3374//3374 2755//2755 82//82
f 3583//3583 2562//2562 711//711
f 4382//4382 3584//3584 4392//4392
f 4823//4823 4909//4909 4872//4872
f 4968//4968 1420//1420 4981//4981
f 4682//4682 4727//4727 4709//4709
f 4968//4968 4981//4981 4980//4980
f 4611//4611 4610//4610 4572//4572
f 4726//4726 4763//4763 4725//4725
f 4685//4685 4732//4732 4684//4684
f 4659//4659 4682//4682 4709//4709
f 3370//3370 2341//2341 4061//4061
f 4630//4630 4659//4659 4658//4658
f 4966//4966 4965//4965 4942//4942
f 4463//4463 4495//4495 4494//4494
f 4923//4923 4966//4966 4942//4942
f 4806//4806 4781//4781 4770//4770
f 4433//4433 4448//4448 4447//4447
f 4803//4803 4757//4757 4758//4758
f 4939//4939 4938//4938 4866//4866
f 4432//4432 4446//4446 4445//4445
f 4502//4502 4517//4517 4489//4489
f 4972//4972 4989//4989 4971//4971
f 4533//4533 4532//4532 3896//3896
f 3908//3908 4533//4533 3896//3896
f 3961//3961 5034//5034 2342//2342
f 4780//4780 4756//4756 4721//4721
f 2444//2444 5046//5046 5044//5044
f 5038//5038 5044//5044 5014//5014
f 4756//4756 4755//4755 4643//4643
f 4533//4533 4547//4547 4532//4532
f 4699//4699 4698//4698 4656//4656
f 4657//4657 4701//4701 4644//4644
f 4997//4997 5016//5016 5028//5028
f 4938//4938 4959//4959 4937//4937
f 4594//4594 4577//4577 4613//4613
f 4613//4613 4631//4631 4630//4630
f 2759//2759 2736//2736 2737//2737
f 4809//4809 258//258 4808//4808
f 4631//4631 4659//4659 4630//4630
f 4872//4872 4894//4894 4871//4871
f 4853//4853 4872//4872 4871//4871
f 4997//4997 5015//5015 4996//4996
f 4573//4573 4591//4591 4590//4590
f 4589//4589 4644//4644 4541//4541
f 116//116 1459//1459 117//117
f 2578//2578 2336//2336 3339//3339
f 4727//4727 4773//4773 4726//4726
f 4773//4773 4763//4763 4726//4726
f 4576//4576 4593//4593 4592//4592
f 4545//4545 4546//4546 4576//4576
f 4542//4542 4573//4573 4528//4528
f 4546//4546 4545//4545 4531//4531
f 3061//3061 5074//5074 3020//3020
f 4802//4802 4801//4801 4755//4755
f 4945//4945 4944//4944 4909//4909
f 4945//4945 4968//4968 4944//4944
f 2016//2016 2033//2033 3897//3897
f 4594//4594 4613//4613 4629//4629
f 2066//2066 4662//4662 4596//4596
f 4532//4532 4531//4531 3896//3896
f 5033//5033 2774//2774 2773//2773
f 2038//2038 2037//2037 2021//2021
f 4532//4532 4546//4546 4531//4531
f 4658//4658 4659//4659 4709//4709
f 4613//4613 4630//4630 4629//4629
f 4995//4995 5014//5014 4994//4994
f 4577//4577 4594//4594 4546//4546
f 4946//4946 4711//4711 5099//5099
f 4711//4711 2025//2025 2849//2849
f 4779//4779 4800//4800 4815//4815
f 4437//4437 4436//4436 4421//4421
f 5108//5108 5099//5099 5060//5060
f 4946//4946 2025//2025 4711//4711
f 2025//2025 3432//3432 2975//2975
f 4459//4459 4460//4460 4479//4479
f 3097//3097 3086//3086 3087//3087
f 4788//4788 4787//4787 4732//4732
f 4548//4548 4547//4547 4533//4533
f 4547//4547 4578//4578 4577//4577
f 4578//4578 4613//4613 4577//4577
f 4613//4613 4578//4578 4631//4631
f 4789//4789 2025//2025 4946//4946
f 3892//3892 5080//5080 4109//4109
f 2025//2025 4789//4789 3432//3432
f 4631//4631 4647//4647 4659//4659
f 4659//4659 4647//4647 4682//4682
f 4823//4823 4822//4822 4762//4762
f 4488//4488 4526//4526 4540//4540
f 2849//2849 2025//2025 2975//2975
f 4873//4873 4823//4823 4783//4783
f 4836//4836 4873//4873 4783//4783
f 4873//4873 4909//4909 4823//4823
f 4623//4623 4643//4643 4569//4569
f 4873//4873 4945//4945 4909//4909
f 4945//4945 1403//1403 4968//4968
f 4927//4927 4967//4967 4926//4926
f 4894//4894 4927//4927 4926//4926
f 3896//3896 4522//4522 3897//3897
f 5036//5036 5010//5010 5011//5011
f 4452//4452 4495//4495 4463//4463
f 4574//4574 4573//4573 4542//4542
f 4995//4995 4994//4994 4975//4975
f 4835//4835 4853//4853 4871//4871
f 4781//4781 4769//4769 4743//4743
f 4967//4967 4943//4943 4926//4926
f 617//617 2626//2626 1511//1511
f 3401//3401 5106//5106 5095//5095
f 4577//4577 4546//4546 4547//4547
f 4628//4628 4646//4646 4627//4627
f 4574//4574 4591//4591 4573//4573
f 4627//4627 4704//4704 4678//4678
f 4967//4967 4980//4980 4943//4943
f 4762//4762 4822//4822 4807//4807
f 4769//4769 4781//4781 4805//4805
f 5036//5036 4061//4061 5035//5035
f 4822//4822 4853//4853 4835//4835
f 4480//4480 4494//4494 4520//4520
f 4493//4493 4480//4480 4507//4507
f 4890//4890 4847//4847 4848//4848
f 4890//4890 4904//4904 4847//4847
f 4807//4807 4822//4822 4835//4835
f 4763//4763 4762//4762 4725//4725
f 4941//4941 4965//4965 4964//4964
f 4820//4820 4905//4905 4849//4849
f 4760//4760 4742//4742 4768//4768
f 5015//5015 5027//5027 4978//4978
f 4445//4445 4446//4446 4470//4470
f 1534//1534 289//289 2253//2253
f 86//86 4895//4895 1207//1207
f 4768//4768 4804//4804 4759//4759
f 4996//4996 4978//4978 4965//4965
f 4727//4727 4726//4726 4709//4709
f 4978//4978 4977//4977 4962//4962
f 3896//3896 4531//4531 4522//4522
f 4531//4531 4545//4545 4522//4522
f 4980//4980 4981//4981 1419//1419
f 4610//4610 4628//4628 4627//4627
f 4703//4703 4743//4743 4742//4742
f 4769//4769 4768//4768 4742//4742
f 4850//4850 4891//4891 4820//4820
f 4506//4506 4491//4491 4478//4478
f 4954//4954 4931//4931 4884//4884
f 4768//4768 4759//4759 4760//4760
f 5015//5015 5039//5039 5027//5027
f 4548//4548 4578//4578 4547//4547
f 4727//4727 4682//4682 4647//4647
f 4810//4810 4826//4826 259//259
f 4623//4623 4721//4721 4643//4643
f 1493//1493 1613//1613 1891//1891
f 4037//4037 3032//3032 545//545
f 2678//2678 39//39 4081//4081
f 4824//4824 4783//4783 4763//4763
f 4773//4773 4824//4824 4763//4763
f 4824//4824 4836//4836 4783//4783
f 5023//5023 5032//5032 5004//5004
f 2074//2074 2823//2823 3039//3039
f 4967//4967 4968//4968 4980//4980
f 4944//4944 4968//4968 4927//4927
f 3432//3432 4789//4789 3201//3201
f 4935//4935 4973//4973 4934//4934
f 4526//4526 4623//4623 4569//4569
f 1416//1416 5028//5028 5016//5016
f 4966//4966 4997//4997 4965//4965
f 5039//5039 5038//5038 5027//5027
f 4644//4644 4758//4758 4700//4700
f 4976//4976 4995//4995 4975//4975
f 4662//4662 4685//4685 4596//4596
f 4573//4573 4572//4572 4528//4528
f 4678//4678 4677//4677 4627//4627
f 4871//4871 4894//4894 4893//4893
f 4935//4935 4934//4934 4887//4887
f 4676//4676 4703//4703 4722//4722
f 4826//4826 295//295 259//259
f 5033//5033 2751//2751 2774//2774
f 4835//4835 4871//4871 4870//4870
f 289//289 2013//2013 1161//1161
f 4463//4463 4462//4462 4436//4436
f 5090//5090 2024//2024 1180//1180
f 1161//1161 2013//2013 4037//4037
f 2726//2726 2727//2727 2744//2744
f 951//951 2556//2556 3032//3032
f 4492//4492 4478//4478 4479//4479
f 4997//4997 4996//4996 4965//4965
f 4921//4921 4920//4920 4890//4890
f 1943//1943 2911//2911 2748//2748
f 33//33 80//80 1106//1106
f 4782//4782 4762//4762 4807//4807
f 4632//4632 4631//4631 4578//4578
f 4632//4632 4647//4647 4631//4631
f 4762//4762 4782//4782 4772//4772
f 4447//4447 4448//4448 4457//4457
f 4980//4980 1419//1419 4999//4999
f 4894//4894 4926//4926 4893//4893
f 4710//4710 4727//4727 4647//4647
f 4632//4632 4710//4710 4647//4647
f 4710//4710 4728//4728 4727//4727
f 4728//4728 4773//4773 4727//4727
f 4762//4762 4772//4772 4725//4725
f 2013//2013 879//879 4037//4037
f 4037//4037 879//879 3032//3032
f 4734//4734 596//596 630//630
f 1891//1891 1613//1613 1579//1579
f 4657//4657 4676//4676 4702//4702
f 4676//4676 4722//4722 4702//4702
f 4990//4990 5034//5034 5005//5005
f 4802//4802 4887//4887 4801//4801
f 5005//5005 4855//4855 5025//5025
f 4887//4887 4934//4934 4917//4917
f 4854//4854 4836//4836 4824//4824
f 4522//4522 4545//4545 4530//4530
f 4854//4854 4873//4873 4836//4836
f 4854//4854 4910//4910 4873//4873
f 4787//4787 4826//4826 4810//4810
f 1404//1404 4945//4945 4873//4873
f 4910//4910 1404//1404 4873//4873
f 3313//3313 4711//4711 2849//2849
f 571//571 1046//1046 570//570
f 3077//3077 2578//2578 3061//3061
f 3032//3032 2287//2287 951//951
f 4645//4645 4676//4676 4657//4657
f 4758//4758 4699//4699 4700//4700
f 2341//2341 3370//3370 2754//2754
f 4963//4963 4978//4978 4962//4962
f 4769//4769 4820//4820 4768//4768
f 5015//5015 4997//4997 5028//5028
f 4644//4644 4625//4625 4588//4588
f 4995//4995 5038//5038 5014//5014
f 4508//4508 4542//4542 4521//4521
f 3032//3032 1207//1207 2287//2287
f 2287//2287 4837//4837 951//951
f 951//951 4837//4837 216//216
f 3014//3014 4734//4734 4876//4876
f 2737//2737 2736//2736 4747//4747
f 2020//2020 4452//4452 4437//4437
f 2020//2020 4437//4437 2021//2021
f 4855//4855 2775//2775 2751//2751
f 4787//4787 4810//4810 4731//4731
f 4732//4732 4731//4731 4684//4684
f 4572//4572 4573//4573 4590//4590
f 4579//4579 4578//4578 4548//4548
f 4679//4679 4704//4704 4627//4627
f 4739//4739 4766//4766 4777//4777
f 3032//3032 879//879 1207//1207
f 2057//2057 4081//4081 39//39
f 1435//1435 1457//1457 1434//1434
f 3878//3878 4615//4615 2178//2178
f 5036//5036 5035//5035 5010//5010
f 4852//4852 4835//4835 4869//4869
f 4821//4821 4807//4807 4852//4852
f 4835//4835 4870//4870 4869//4869
f 4971//4971 5005//5005 4970//4970
f 4710//4710 4745//4745 4728//4728
f 4980//4980 4979//4979 4943//4943
f 4555//4555 4574//4574 4542//4542
f 4460//4460 4462//4462 4493//4493
f 4527//4527 4518//4518 4506//4506
f 4527//4527 4589//4589 4518//4518
f 4508//4508 4521//4521 4495//4495
f 4679//4679 4627//4627 4646//4646
f 4906//4906 4922//4922 4905//4905
f 4219//4219 4283//4283 5056//5056
f 4081//4081 2176//2176 2678//2678
f 2176//2176 2999//2999 2678//2678
f 4545//4545 4576//4576 4557//4557
f 4807//4807 4835//4835 4852//4852
f 4506//4506 4519//4519 4527//4527
f 4979//4979 4980//4980 4999//4999
f 5015//5015 1415//1415 5039//5039
f 4530//4530 4545//4545 4557//4557
f 1479//1479 1670//1670 1553//1553
f 2287//2287 873//873 4837//4837
f 4837//4837 4426//4426 2057//2057
f 2057//2057 4426//4426 4081//4081
f 575//575 3014//3014 4876//4876
f 4847//4847 4889//4889 4819//4819
f 4906//4906 4905//4905 4820//4820
f 4522//4522 4530//4530 4509//4509
f 4522//4522 4509//4509 4510//4510
f 4770//4770 4781//4781 4743//4743
f 4588//4588 4553//4553 4503//4503
f 4576//4576 4575//4575 4557//4557
f 4756//4756 4802//4802 4755//4755
f 2739//2739 4793//4793 2740//2740
f 1207//1207 873//873 2287//2287
f 873//873 4426//4426 4837//4837
f 4081//4081 2235//2235 2176//2176
f 226//226 1722//1722 1348//1348
f 5038//5038 5039//5039 1413//1413
f 4722//4722 4742//4742 4760//4760
f 4904//4904 4919//4919 4847//4847
f 4774//4774 4809//4809 4808//4808
f 4731//4731 4774//4774 4730//4730
f 4479//4479 4478//4478 4458//4458
f 4803//4803 4847//4847 4819//4819
f 4459//4459 4479//4479 4458//4458
f 4491//4491 4505//4505 4490//4490
f 4456//4456 4457//4457 4477//4477
f 4505//4505 4504//4504 4490//4490
f 4491//4491 4490//4490 4477//4477
f 4447//4447 4457//4457 4456//4456
f 4504//4504 4588//4588 4503//4503
f 4731//4731 4730//4730 4661//4661
f 4978//4978 5027//5027 4995//4995
f 4426//4426 2235//2235 4081//4081
f 2999//2999 2176//2176 2235//2235
f 4699//4699 4757//4757 4698//4698
f 5015//5015 4978//4978 4996//4996
f 213//213 184//184 245//245
f 4265//4265 804//804 831//831
f 4461//4461 4462//4462 4460//4460
f 4477//4477 4490//4490 4476//4476
f 4544//4544 4543//4543 4508//4508
f 4588//4588 4625//4625 4553//4553
f 4992//4992 4938//4938 4939//4939
f 4661//4661 4730//4730 4683//4683
f 1207//1207 4895//4895 873//873
f 873//873 4016//4016 4426//4426
f 4426//4426 2109//2109 2235//2235
f 3052//3052 1701//1701 2999//2999
f 4889//4889 4939//4939 4866//4866
f 4925//4925 4966//4966 4924//4924
f 4817//4817 4832//4832 4756//4756
f 5044//5044 5037//5037 5014//5014
f 4543//4543 4556//4556 4555//4555
f 4490//4490 4502//4502 4489//4489
f 4546//4546 4594//4594 4593//4593
f 4462//4462 4463//4463 4480//4480
f 4521//4521 4528//4528 4494//4494
f 4478//4478 4491//4491 4477//4477
f 2252//2252 486//486 2647//2647
f 2074//2074 86//86 2363//2363
f 4553//4553 4624//4624 4587//4587
f 4553//4553 4517//4517 4502//4502
f 4553//4553 4587//4587 4517//4517
f 4476//4476 4490//4490 4475//4475
f 1412//1412 2444//2444 5044//5044
f 4705//4705 4704//4704 4679//4679
f 5013//5013 5011//5011 5012//5012
f 5024//5024 5025//5025 2751//2751
f 4924//4924 4966//4966 4923//4923
f 4685//4685 4684//4684 4635//4635
f 4596//4596 4685//4685 4635//4635
f 4895//4895 4229//4229 873//873
f 873//873 4229//4229 4016//4016
f 4426//4426 4016//4016 2109//2109
f 2235//2235 3052//3052 2999//2999
f 1701//1701 2908//2908 2999//2999
f 5034//5034 3961//3961 5005//5005
f 4758//4758 4757//4757 4699//4699
f 3456//3456 3438//3438 3427//3427
f 4743//4743 4769//4769 4742//4742
f 2032//2032 4533//4533 3919//3919
f 4097//4097 2444//2444 1411//1411
f 4406//4406 4415//4415 4405//4405
f 3457//3457 3466//3466 3456//3456
f 4936//4936 4974//4974 4935//4935
f 301//301 825//825 128//128
f 4706//4706 4705//4705 4681//4681
f 4634//4634 4595//4595 4559//4559
f 4810//4810 4774//4774 4731//4731
f 4433//4433 4432//4432 4416//4416
f 155//155 2342//2342 2223//2223
f 5008//5008 5026//5026 5007//5007
f 4757//4757 4818//4818 4780//4780
f 5013//5013 5036//5036 5011//5011
f 2746//2746 2745//2745 2728//2728
f 86//86 2074//2074 4895//4895
f 2109//2109 2133//2133 2235//2235
f 2133//2133 3052//3052 2235//2235
f 2586//2586 456//456 2663//2663
f 4937//4937 4959//4959 4888//4888
f 4821//4821 4834//4834 4806//4806
f 4446//4446 4456//4456 4470//4470
f 2031//2031 4548//4548 4533//4533
f 2032//2032 2031//2031 4533//4533
f 2031//2031 4558//4558 4548//4548
f 4558//4558 4579//4579 4548//4548
f 5044//5044 5046//5046 5037//5037
f 2444//2444 4097//4097 5046//5046
f 2742//2742 2725//2725 2726//2726
f 2237//2237 5034//5034 5006//5006
f 3508//3508 1521//1521 3509//3509
f 4675//4675 4721//4721 4623//4623
f 4416//4416 4415//4415 4406//4406
f 4833//4833 4846//4846 4818//4818
f 4229//4229 4597//4597 4016//4016
f 4016//4016 544//544 2109//2109
f 544//544 2133//2133 2109//2109
f 2133//2133 354//354 3052//3052
f 3052//3052 354//354 1701//1701
f 2910//2910 2842//2842 1701//1701
f 4634//4634 4684//4684 4661//4661
f 3370//3370 1410//1410 2754//2754
f 4614//4614 4578//4578 4579//4579
f 4614//4614 4632//4632 4578//4578
f 4786//4786 1517//1517 1469//1469
f 1625//1625 360//360 84//84
f 828//828 829//829 856//856
f 5112//5112 3371//3371 5100//5100
f 4446//4446 4447//4447 4456//4456
f 3414//3414 5040//5040 3427//3427
f 2286//2286 3509//3509 1521//1521
f 4624//4624 4623//4623 4587//4587
f 4416//4416 4432//4432 4415//4415
f 4436//4436 4462//4462 4451//4451
f 5046//5046 4061//4061 5036//5036
f 2730//2730 4895//4895 2074//2074
f 4895//4895 2730//2730 4229//4229
f 4597//4597 3075//3075 4016//4016
f 3075//3075 4735//4735 4016//4016
f 4016//4016 4735//4735 544//544
f 1701//1701 3059//3059 2910//2910
f 4622//4622 4697//4697 4674//4674
f 4831//4831 4887//4887 4802//4802
f 4614//4614 4710//4710 4632//4632
f 4517//4517 4526//4526 4489//4489
f 4755//4755 4801//4801 4741//4741
f 4990//4990 5005//5005 4989//4989
f 5009//5009 5026//5026 5008//5008
f 3389//3389 4811//4811 2286//2286
f 2768//2768 2745//2745 2746//2746
f 3660//3660 1466//1466 2434//2434
f 2057//2057 216//216 4837//4837
f 4626//4626 4677//4677 4676//4676
f 4432//4432 4433//4433 4447//4447
f 4744//4744 4761//4761 4705//4705
f 4833//4833 4866//4866 4846//4846
f 4518//4518 4541//4541 4504//4504
f 927//927 2373//2373 3215//3215
f 2730//2730 1614//1614 4229//4229
f 4229//4229 1614//1614 4597//4597
f 4597//4597 1614//1614 3075//3075
f 354//354 2133//2133 544//544
f 354//354 4648//4648 1701//1701
f 1701//1701 4648//4648 3059//3059
f 244//244 213//213 245//245
f 4959//4959 4958//4958 4888//4888
f 4887//4887 4886//4886 4816//4816
f 2030//2030 4596//4596 4559//4559
f 4590//4590 4611//4611 4572//4572
f 3400//3400 4947//4947 3412//3412
f 1069//1069 216//216 39//39
f 4786//4786 4785//4785 4730//4730
f 1404//1404 1421//1421 1403//1403
f 2729//2729 2357//2357 2746//2746
f 3427//3427 5040//5040 1932//1932
f 1932//1932 5040//5040 827//827
f 4756//4756 4831//4831 4802//4802
f 2286//2286 2299//2299 3509//3509
f 2413//2413 3510//3510 3509//3509
f 2299//2299 2413//2413 3509//3509
f 3510//3510 2413//2413 1870//1870
f 5044//5044 1413//1413 1412//1412
f 3816//3816 3862//3862 3696//3696
f 4221//4221 4167//4167 354//354
f 544//544 4221//4221 354//354
f 4167//4167 4648//4648 354//354
f 4648//4648 2748//2748 3059//3059
f 5092//5092 5095//5095 2008//2008
f 4832//4832 4831//4831 4756//4756
f 4784//4784 4773//4773 4728//4728
f 4745//4745 4784//4784 4728//4728
f 4971//4971 4970//4970 4932//4932
f 4777//4777 4766//4766 4798//4798
f 4503//4503 4553//4553 4502//4502
f 3412//3412 4947//4947 3413//3413
f 4947//4947 3402//3402 3414//3414
f 3413//3413 4947//4947 3414//3414
f 3507//3507 3480//3480 1521//1521
f 1744//1744 1757//1757 561//561
f 1932//1932 827//827 3457//3457
f 827//827 4856//4856 3389//3389
f 2286//2286 4811//4811 2299//2299
f 3039//3039 2730//2730 2074//2074
f 2730//2730 2263//2263 1614//1614
f 1428//1428 544//544 4735//4735
f 1428//1428 4221//4221 544//544
f 4167//4167 1943//1943 4648//4648
f 3400//3400 3388//3388 4947//4947
f 4518//4518 4589//4589 4541//4541
f 4644//4644 4700//4700 4625//4625
f 1413//1413 5044//5044 5038//5038
f 4999//4999 4998//4998 4979//4979
f 4784//4784 4824//4824 4773//4773
f 4784//4784 2023//2023 4824//4824
f 2023//2023 4854//4854 4824//4824
f 2759//2759 2737//2737 2738//2738
f 5040//5040 2298//2298 827//827
f 3389//3389 4856//4856 4811//4811
f 4803//4803 4819//4819 4757//4757
f 4038//4038 2202//2202 2186//2186
f 4865//4865 4936//4936 4831//4831
f 4774//4774 4786//4786 4730//4730
f 4846//4846 4832//4832 4817//4817
f 2223//2223 2237//2237 155//155
f 3022//3022 2730//2730 3039//3039
f 3022//3022 2263//2263 2730//2730
f 2263//2263 2386//2386 1614//1614
f 1428//1428 3075//3075 1614//1614
f 2386//2386 1428//1428 1614//1614
f 1428//1428 4735//4735 3075//3075
f 4167//4167 1961//1961 1943//1943
f 80//80 33//33 256//256
f 4061//4061 2341//2341 5035//5035
f 2023//2023 2022//2022 4854//4854
f 2022//2022 4910//4910 4854//4854
f 2022//2022 1404//1404 4910//4910
f 4948//4948 4947//4947 3388//3388
f 4456//4456 4477//4477 4476//4476
f 827//827 2298//2298 4856//4856
f 4856//4856 775//775 4811//4811
f 4811//4811 775//775 2299//2299
f 2413//2413 2919//2919 4874//4874
f 4541//4541 4644//4644 4588//4588
f 4804//4804 4803//4803 4759//4759
f 4722//4722 4760//4760 4701//4701
f 4221//4221 936//936 4167//4167
f 936//936 1961//1961 4167//4167
f 1413//1413 5039//5039 1414//1414
f 4889//4889 4866//4866 4833//4833
f 4978//4978 4995//4995 4977//4977
f 4677//4677 4678//4678 4703//4703
f 4703//4703 4678//4678 4743//4743
f 2022//2022 2023//2023 1444//1444
f 4948//4948 4982//4982 4947//4947
f 4947//4947 4982//4982 3402//3402
f 5017//5017 1684//1684 5040//5040
f 5040//5040 1684//1684 2298//2298
f 2298//2298 1969//1969 4856//4856
f 4856//4856 1969//1969 775//775
f 775//775 2206//2206 2299//2299
f 2206//2206 2413//2413 2299//2299
f 2206//2206 2192//2192 2413//2413
f 2192//2192 2919//2919 2413//2413
f 4938//4938 4937//4937 4866//4866
f 3015//3015 597//597 596//596
f 4839//4839 2263//2263 3022//3022
f 2263//2263 4839//4839 2386//2386
f 2311//2311 1961//1961 936//936
f 2311//2311 1943//1943 1961//1961
f 3389//3389 3458//3458 827//827
f 4518//4518 4504//4504 4505//4505
f 4852//4852 4869//4869 4868//4868
f 4849//4849 4804//4804 4820//4820
f 2776//2776 2342//2342 2777//2777
f 3142//3142 3159//3159 3186//3186
f 4982//4982 5017//5017 3402//3402
f 5017//5017 5041//5041 1684//1684
f 1684//1684 1969//1969 2298//2298
f 4452//4452 4436//4436 4437//4437
f 4702//4702 4722//4722 4701//4701
f 4839//4839 4020//4020 2386//2386
f 2416//2416 1428//1428 2386//2386
f 4253//4253 4221//4221 1428//1428
f 4221//4221 4253//4253 936//936
f 4807//4807 4821//4821 4782//4782
f 4893//4893 4926//4926 4892//4892
f 4554//4554 4571//4571 4609//4609
f 4872//4872 4927//4927 4894//4894
f 4909//4909 4944//4944 4927//4927
f 3402//3402 5017//5017 5040//5040
f 3388//3388 4928//4928 4948//4948
f 4948//4948 4928//4928 4982//4982
f 4928//4928 4983//4983 4982//4982
f 4982//4982 4983//4983 5017//5017
f 2267//2267 2085//2085 1684//1684
f 1684//1684 2085//2085 1969//1969
f 1969//1969 3010//3010 775//775
f 2283//2283 2192//2192 2206//2206
f 2880//2880 2919//2919 2192//2192
f 2880//2880 2801//2801 2919//2919
f 4554//4554 4609//4609 4645//4645
f 2019//2019 4452//4452 2020//2020
f 4968//4968 4967//4967 4927//4927
f 4909//4909 4927//4927 4872//4872
f 4725//4725 4772//4772 4744//4744
f 982//982 2311//2311 997//997
f 4020//4020 2416//2416 2386//2386
f 2416//2416 4253//4253 1428//1428
f 4253//4253 4297//4297 936//936
f 936//936 4297//4297 2311//2311
f 586//586 1107//1107 40//40
f 4965//4965 4978//4978 4963//4963
f 4905//4905 4940//4940 4921//4921
f 4725//4725 4744//4744 4724//4724
f 4964//4964 4965//4965 4963//4963
f 3368//3368 4896//4896 3388//3388
f 3388//3388 4896//4896 4928//4928
f 4983//4983 5029//5029 5017//5017
f 5017//5017 5029//5029 5041//5041
f 5029//5029 2267//2267 1684//1684
f 5041//5041 5029//5029 1684//1684
f 1969//1969 4791//4791 3010//3010
f 775//775 3010//3010 2206//2206
f 4476//4476 4475//4475 4470//4470
f 4819//4819 4833//4833 4818//4818
f 4543//4543 4542//4542 4508//4508
f 4020//4020 1333//1333 1357//1357
f 5057//5057 5058//5058 2393//2393
f 4430//4430 4429//4429 4413//4413
f 2456//2456 4253//4253 2416//2416
f 4297//4297 133//133 2311//2311
f 2761//2761 2760//2760 4792//4792
f 4452//4452 4508//4508 4495//4495
f 4733//4733 4732//4732 4685//4685
f 4662//4662 4733//4733 4685//4685
f 5039//5039 1415//1415 1414//1414
f 4165//4165 4896//4896 3368//3368
f 2723//2723 2740//2740 4793//4793
f 4791//4791 1969//1969 2085//2085
f 3010//3010 4812//4812 2206//2206
f 4812//4812 2283//2283 2206//2206
f 2283//2283 2880//2880 2192//2192
f 4701//4701 4759//4759 4644//4644
f 2456//2456 2416//2416 4020//4020
f 2389//2389 4253//4253 2456//2456
f 2389//2389 4297//4297 4253//4253
f 4636//4636 4650//4650 4649//4649
f 4615//4615 4636//4636 4649//4649
f 4650//4650 4686//4686 2756//2756
f 2756//2756 4686//4686 2757//2757
f 2957//2957 3270//3270 2941//2941
f 2089//2089 1212//1212 5101//5101
f 4896//4896 4897//4897 4928//4928
f 4897//4897 4911//4911 4928//4928
f 4928//4928 4911//4911 4983//4983
f 2267//2267 5045//5045 2085//2085
f 5045//5045 4791//4791 2085//2085
f 4791//4791 2358//2358 3010//3010
f 2237//2237 2223//2223 5034//5034
f 4543//4543 4555//4555 4542//4542
f 4680//4680 4679//4679 4646//4646
f 4660//4660 4710//4710 4614//4614
f 1970//1970 4020//4020 1357//1357
f 1970//1970 2456//2456 4020//4020
f 4790//4790 4297//4297 2389//2389
f 4297//4297 4790//4790 133//133
f 4530//4530 4529//4529 4509//4509
f 4615//4615 3878//3878 4636//4636
f 4636//4636 4664//4664 4650//4650
f 4650//4650 4664//4664 4686//4686
f 4664//4664 2736//2736 4686//4686
f 4694//4694 4717//4717 4739//4739
f 1416//1416 5016//5016 4998//4998
f 4746//4746 4710//4710 4729//4729
f 3270//3270 2957//2957 3298//3298
f 4165//4165 4897//4897 4896//4896
f 4897//4897 4898//4898 4911//4911
f 4911//4911 4984//4984 4983//4983
f 4984//4984 5018//5018 4983//4983
f 4983//4983 5018//5018 5029//5029
f 5018//5018 5045//5045 2267//2267
f 5029//5029 5018//5018 2267//2267
f 4812//4812 2798//2798 2283//2283
f 5026//5026 2237//2237 5006//5006
f 4408//4408 4418//4418 4407//4407
f 4819//4819 4818//4818 4757//4757
f 4493//4493 4507//4507 4519//4519
f 4492//4492 4493//4493 4519//4519
f 4834//4834 4820//4820 4805//4805
f 4806//4806 4834//4834 4805//4805
f 4746//4746 4745//4745 4710//4710
f 4790//4790 84//84 133//133
f 4746//4746 4784//4784 4745//4745
f 3877//3877 4598//4598 3878//3878
f 4637//4637 4636//4636 3878//3878
f 4598//4598 4637//4637 3878//3878
f 4637//4637 4664//4664 4636//4636
f 4664//4664 4687//4687 2736//2736
f 2776//2776 2323//2323 3961//3961
f 4165//4165 4898//4898 4897//4897
f 2027//2027 672//672 5045//5045
f 5045//5045 672//672 4791//4791
f 2358//2358 3267//3267 3010//3010
f 3010//3010 3267//3267 4812//4812
f 5026//5026 5006//5006 5007//5007
f 4780//4780 4721//4721 4698//4698
f 4806//4806 4805//4805 4781//4781
f 2041//2041 2023//2023 4784//4784
f 1579//1579 2456//2456 1970//1970
f 1579//1579 2389//2389 2456//2456
f 1579//1579 4790//4790 2389//2389
f 1579//1579 1625//1625 4790//4790
f 4460//4460 4493//4493 4492//4492
f 4761//4761 4743//4743 4678//4678
f 4761//4761 4770//4770 4743//4743
f 4624//4624 4675//4675 4623//4623
f 4560//4560 4598//4598 3877//3877
f 5076//5076 3202//3202 5091//5091
f 4164//4164 4875//4875 4165//4165
f 4165//4165 4875//4875 4898//4898
f 5018//5018 1867//1867 5045//5045
f 1867//1867 2027//2027 5045//5045
f 4092//4092 4812//4812 3267//3267
f 2387//2387 2798//2798 4812//4812
f 4092//4092 2387//2387 4812//4812
f 4918//4918 4991//4991 4957//4957
f 4553//4553 4698//4698 4624//4624
f 4435//4435 4434//4434 4418//4418
f 4419//4419 4418//4418 4408//4408
f 3856//3856 4419//4419 4408//4408
f 2758//2758 2736//2736 2759//2759
f 4805//4805 4820//4820 4769//4769
f 1891//1891 1579//1579 1970//1970
f 1493//1493 1891//1891 1970//1970
f 4790//4790 1625//1625 84//84
f 4596//4596 4635//4635 4559//4559
f 2342//2342 155//155 2777//2777
f 4704//4704 4761//4761 4678//4678
f 4524//4524 4523//4523 3614//3614
f 4665//4665 4664//4664 4637//4637
f 4665//4665 4687//4687 4664//4664
f 4748//4748 4747//4747 4687//4687
f 2295//2295 874//874 4334//4334
f 2022//2022 101//101 1404//1404
f 4164//4164 3352//3352 4875//4875
f 4875//4875 4911//4911 4898//4898
f 4911//4911 4949//4949 4984//4984
f 4949//4949 4985//4985 4984//4984
f 4984//4984 4985//4985 5018//5018
f 5018//5018 5019//5019 1867//1867
f 672//672 2358//2358 4791//4791
f 2358//2358 2100//2100 3267//3267
f 4434//4434 4435//4435 4449//4449
f 4419//4419 4435//4435 4418//4418
f 4435//4435 4450//4450 4449//4449
f 5005//5005 5025//5025 4970//4970
f 4849//4849 4890//4890 4804//4804
f 4569//4569 4643//4643 4607//4607
f 1308//1308 1326//1326 1365//1365
f 4891//4891 4906//4906 4820//4820
f 4511//4511 4524//4524 3614//3614
f 3636//3636 4511//4511 3614//3614
f 4599//4599 4598//4598 4560//4560
f 3876//3876 4599//4599 4560//4560
f 4747//4747 4748//4748 2738//2738
f 3337//3337 4912//4912 4911//4911
f 4875//4875 3337//3337 4911//4911
f 4912//4912 4949//4949 4911//4911
f 4985//4985 5019//5019 5018//5018
f 2027//2027 2358//2358 672//672
f 2387//2387 1231//1231 2798//2798
f 4449//4449 4450//4450 4459//4459
f 4420//4420 4435//4435 4419//4419
f 4461//4461 4460//4460 4450//4450
f 4834//4834 4850//4850 4820//4820
f 1548//1548 4787//4787 4788//4788
f 4917//4917 4916//4916 4886//4886
f 4801//4801 4887//4887 4816//4816
f 4887//4887 4917//4917 4886//4886
f 4527//4527 4519//4519 4570//4570
f 4561//4561 3876//3876 3740//3740
f 4561//4561 4599//4599 3876//3876
f 4665//4665 4748//4748 4687//4687
f 4771//4771 4770//4770 4761//4761
f 4913//4913 2724//2724 4878//4878
f 3352//3352 3337//3337 4875//4875
f 5019//5019 2784//2784 1867//1867
f 2113//2113 2027//2027 1867//1867
f 2784//2784 2113//2113 1867//1867
f 2027//2027 2113//2113 2358//2358
f 3267//3267 3049//3049 4092//4092
f 4092//4092 3055//3055 2387//2387
f 5060//5060 5099//5099 5082//5082
f 2776//2776 3961//3961 2342//2342
f 4942//4942 4965//4965 4941//4941
f 4818//4818 4817//4817 4780//4780
f 3041//3041 2485//2485 2482//2482
f 4705//4705 4761//4761 4704//4704
f 4633//4633 4660//4660 4614//4614
f 4660//4660 4729//4729 4710//4710
f 4561//4561 3740//3740 4549//4549
f 4599//4599 4637//4637 4598//4598
f 2738//2738 4748//4748 4792//4792
f 5019//5019 5020//5020 2784//2784
f 2113//2113 2100//2100 2358//2358
f 2100//2100 3049//3049 3267//3267
f 3055//3055 4387//4387 2387//2387
f 3306//3306 3050//3050 2735//2735
f 5025//5025 4855//4855 2751//2751
f 4409//4409 4420//4420 3856//3856
f 4943//4943 4979//4979 4966//4966
f 4943//4943 4966//4966 4925//4925
f 4926//4926 4943//4943 4925//4925
f 4892//4892 4926//4926 4908//4908
f 4851//4851 4852//4852 4867//4867
f 4746//4746 4825//4825 4784//4784
f 4550//4550 4561//4561 4549//4549
f 3822//3822 4550//4550 4549//4549
f 4561//4561 4600//4600 4599//4599
f 4825//4825 2041//2041 4784//4784
f 3326//3326 3327//3327 4912//4912
f 3337//3337 3326//3326 4912//4912
f 4949//4949 4950//4950 4985//4985
f 5020//5020 5019//5019 4985//4985
f 3049//3049 2417//2417 4092//4092
f 2417//2417 3055//3055 4092//4092
f 4387//4387 4397//4397 2387//2387
f 4818//4818 4846//4846 4817//4817
f 4821//4821 4852//4852 4851//4851
f 4905//4905 4921//4921 4890//4890
f 4576//4576 4546//4546 4593//4593
f 4550//4550 3822//3822 4534//4534
f 4688//4688 4665//4665 4637//4637
f 4599//4599 4688//4688 4637//4637
f 4688//4688 4749//4749 4665//4665
f 4749//4749 4748//4748 4665//4665
f 4793//4793 4792//4792 4748//4748
f 4749//4749 4793//4793 4748//4748
f 4950//4950 4986//4986 4985//4985
f 4985//4985 4986//4986 5020//5020
f 2113//2113 1834//1834 2100//2100
f 1834//1834 1997//1997 2100//2100
f 2100//2100 1997//1997 3049//3049
f 4684//4684 4731//4731 4661//4661
f 4456//4456 4476//4476 4470//4470
f 4609//4609 4626//4626 4645//4645
f 4724//4724 4744//4744 4723//4723
f 5015//5015 5028//5028 1415//1415
f 4852//4852 4868//4868 4867//4867
f 4544//4544 4530//4530 4557//4557
f 4523//4523 4550//4550 4534//4534
f 4580//4580 4561//4561 4550//4550
f 4600//4600 4688//4688 4599//4599
f 2094//2094 4733//4733 4662//4662
f 3351//3351 3352//3352 4163//4163
f 3327//3327 3328//3328 4912//4912
f 4912//4912 4950//4950 4949//4949
f 4986//4986 5021//5021 5020//5020
f 2356//2356 2784//2784 5020//5020
f 1834//1834 2113//2113 2784//2784
f 1997//1997 2417//2417 3049//3049
f 4792//4792 2739//2739 2761//2761
f 4492//4492 4506//4506 4478//4478
f 4733//4733 4788//4788 4732//4732
f 3895//3895 3878//3878 2178//2178
f 4810//4810 4809//4809 4774//4774
f 4551//4551 4550//4550 4523//4523
f 4580//4580 4600//4600 4561//4561
f 1548//1548 4826//4826 4787//4787
f 3328//3328 4951//4951 4950//4950
f 4912//4912 3328//3328 4950//4950
f 4951//4951 4986//4986 4950//4950
f 5021//5021 2356//2356 5020//5020
f 2356//2356 1834//1834 2784//2784
f 3429//3429 2417//2417 1997//1997
f 2417//2417 4857//4857 3055//3055
f 4165//4165 4183//4183 4164//4164
f 4587//4587 4526//4526 4517//4517
f 4530//4530 4544//4544 4529//4529
f 4595//4595 4579//4579 4558//4558
f 4580//4580 4550//4550 4551//4551
f 4689//4689 4688//4688 4600//4600
f 3082//3082 4951//4951 3328//3328
f 4595//4595 4614//4614 4579//4579
f 4595//4595 4633//4633 4614//4614
f 3895//3895 3894//3894 3878//3878
f 3003//3003 2356//2356 5021//5021
f 574//574 575//575 2356//2356
f 575//575 1834//1834 2356//2356
f 3429//3429 4857//4857 2417//2417
f 4857//4857 4387//4387 3055//3055
f 4387//4387 828//828 4397//4397
f 4989//4989 5005//5005 4971//4971
f 4721//4721 4756//4756 4643//4643
f 4683//4683 4660//4660 4633//4633
f 4730//4730 4729//4729 4660//4660
f 4551//4551 4523//4523 4524//4524
f 4562//4562 4580//4580 4551//4551
f 4601//4601 4600//4600 4580//4580
f 4794//4794 4749//4749 4688//4688
f 2748//2748 4648//4648 1943//1943
f 2740//2740 2762//2762 2739//2739
f 3041//3041 2482//2482 3845//3845
f 1045//1045 730//730 585//585
f 2323//2323 2775//2775 4855//4855
f 3003//3003 574//574 2356//2356
f 4876//4876 1834//1834 575//575
f 4876//4876 1997//1997 1834//1834
f 4857//4857 828//828 4387//4387
f 4888//4888 4918//4918 4865//4865
f 4541//4541 4588//4588 4504//4504
f 4432//4432 4447//4447 4446//4446
f 2018//2018 4471//4471 2019//2019
f 4729//4729 4785//4785 4746//4746
f 4535//4535 4551//4551 4524//4524
f 4511//4511 4535//4535 4524//4524
f 4562//4562 4601//4601 4580//4580
f 4601//4601 4666//4666 4600//4600
f 4666//4666 4689//4689 4600//4600
f 4666//4666 4688//4688 4689//4689
f 4666//4666 4750//4750 4688//4688
f 4750//4750 4794//4794 4688//4688
f 2484//2484 2482//2482 2485//2485
f 2485//2485 3041//3041 3827//3827
f 4876//4876 1216//1216 1997//1997
f 1216//1216 3429//3429 1997//1997
f 3429//3429 4838//4838 4857//4857
f 4838//4838 828//828 4857//4857
f 3058//3058 655//655 3045//3045
f 4529//4529 4508//4508 4481//4481
f 4527//4527 4570//4570 4589//4589
f 4570//4570 4608//4608 4589//4589
f 4855//4855 5005//5005 3961//3961
f 4478//4478 4477//4477 4457//4457
f 3862//3862 2173//2173 4405//4405
f 1207//1207 879//879 2262//2262
f 4512//4512 4535//4535 4511//4511
f 4535//4535 4562//4562 4551//4551
f 4750//4750 4795//4795 4794//4794
f 2723//2723 4794//4794 3936//3936
f 4794//4794 4840//4840 3936//3936
f 4840//4840 2724//2724 4877//4877
f 2742//2742 2724//2724 4913//4913
f 2954//2954 389//389 449//449
f 1846//1846 1534//1534 2253//2253
f 1216//1216 4838//4838 3429//3429
f 4183//4183 4165//4165 3387//3387
f 4410//4410 4427//4427 3084//3084
f 3084//3084 4427//4427 4438//4438
f 4427//4427 4464//4464 4438//4438
f 4438//4438 4464//4464 3087//3087
f 3087//3087 4464//4464 3088//3088
f 3088//3088 4464//4464 4496//4496
f 4525//4525 4535//4535 4512//4512
f 4795//4795 4840//4840 4794//4794
f 4840//4840 4878//4878 2724//2724
f 2005//2005 1986//1986 5109//5109
f 1986//1986 2005//2005 1754//1754
f 1986//1986 1644//1644 5109//5109
f 4913//4913 4952//4952 2725//2725
f 4952//4952 4987//4987 2726//2726
f 2725//2725 4952//4952 2726//2726
f 1161//1161 4037//4037 2253//2253
f 4838//4838 2391//2391 828//828
f 4846//4846 4865//4865 4832//4832
f 4491//4491 4518//4518 4505//4505
f 4589//4589 4608//4608 4644//4644
f 4520//4520 4494//4494 4554//4554
f 4645//4645 4626//4626 4676//4676
f 4497//4497 4496//4496 4464//4464
f 4497//4497 4512//4512 4496//4496
f 4497//4497 4525//4525 4512//4512
f 4667//4667 4666//4666 4601//4601
f 4795//4795 4878//4878 4840//4840
f 4914//4914 4913//4913 4878//4878
f 4914//4914 4952//4952 4913//4913
f 4987//4987 5000//5000 2727//2727
f 4905//4905 4890//4890 4849//4849
f 4571//4571 4626//4626 4609//4609
f 3020//3020 5099//5099 4711//4711
f 3936//3936 2764//2764 2741//2741
f 4663//4663 4838//4838 1216//1216
f 4434//4434 4433//4433 4417//4417
f 4418//4418 4417//4417 4407//4407
f 4610//4610 4627//4627 4571//4571
f 4889//4889 4833//4833 4819//4819
f 4411//4411 4410//4410 4401//4401
f 2165//2165 4411//4411 4401//4401
f 4411//4411 4427//4427 4410//4410
f 4535//4535 4581//4581 4562//4562
f 4581//4581 4601//4601 4562//4562
f 4712//4712 4666//4666 4667//4667
f 4712//4712 4750//4750 4666//4666
f 4750//4750 4775//4775 4795//4795
f 4987//4987 4952//4952 5000//5000
f 3937//3937 2125//2125 2070//2070
f 1833//1833 1334//1334 1963//1963
f 4450//4450 4451//4451 4461//4461
f 1722//1722 1347//1347 1348//1348
f 2740//2740 2723//2723 2741//2741
f 3468//3468 2391//2391 4838//4838
f 4458//4458 4478//4478 4457//4457
f 4759//4759 4758//4758 4644//4644
f 4608//4608 4657//4657 4644//4644
f 4428//4428 4427//4427 4411//4411
f 4482//4482 4464//4464 4427//4427
f 4482//4482 4497//4497 4464//4464
f 4525//4525 4581//4581 4535//4535
f 4581//4581 4638//4638 4601//4601
f 4651//4651 4601//4601 4638//4638
f 4651//4651 4667//4667 4601//4601
f 4712//4712 4775//4775 4750//4750
f 4879//4879 4878//4878 4795//4795
f 4879//4879 4914//4914 4878//4878
f 5001//5001 5000//5000 4952//4952
f 5000//5000 5001//5001 5030//5030
f 5034//5034 2223//2223 2342//2342
f 4658//4658 4709//4709 4708//4708
f 4734//4734 1216//1216 4876//4876
f 4663//4663 4050//4050 4838//4838
f 4838//4838 4050//4050 3468//3468
f 2391//2391 776//776 803//803
f 4448//4448 4449//4449 4457//4457
f 4958//4958 4918//4918 4888//4888
f 4823//4823 4872//4872 4853//4853
f 4398//4398 4411//4411 2165//2165
f 4398//4398 4422//4422 4411//4411
f 4422//4422 4428//4428 4411//4411
f 4651//4651 4713//4713 4667//4667
f 4713//4713 4712//4712 4667//4667
f 4713//4713 4751//4751 4712//4712
f 4841//4841 4879//4879 4795//4795
f 4914//4914 5001//5001 4952//4952
f 4594//4594 4612//4612 4593//4593
f 4734//4734 4663//4663 1216//1216
f 3468//3468 776//776 2391//2391
f 713//713 2357//2357 849//849
f 4433//4433 4434//4434 4448//4448
f 4888//4888 4865//4865 4846//4846
f 4439//4439 4428//4428 4422//4422
f 4483//4483 4427//4427 4428//4428
f 4483//4483 4482//4482 4427//4427
f 4536//4536 4497//4497 4482//4482
f 4536//4536 4525//4525 4497//4497
f 4536//4536 4563//4563 4525//4525
f 4563//4563 4581//4581 4525//4525
f 4736//4736 4751//4751 4713//4713
f 4751//4751 4776//4776 4712//4712
f 4796//4796 4775//4775 4712//4712
f 4776//4776 4796//4796 4712//4712
f 4796//4796 4795//4795 4775//4775
f 4879//4879 4953//4953 4914//4914
f 5002//5002 5001//5001 4914//4914
f 5042//5042 5030//5030 5001//5001
f 5030//5030 5042//5042 2729//2729
f 5042//5042 2357//2357 2729//2729
f 2738//2738 2737//2737 4747//4747
f 630//630 4663//4663 4734//4734
f 1404//1404 101//101 1421//1421
f 2959//2959 2999//2999 2908//2908
f 4624//4624 4698//4698 4675//4675
f 4698//4698 4721//4721 4675//4675
f 4449//4449 4458//4458 4457//4457
f 4472//4472 4483//4483 4428//4428
f 4483//4483 4536//4536 4482//4482
f 4639//4639 4581//4581 4563//4563
f 4581//4581 4668//4668 4638//4638
f 4690//4690 4651//4651 4638//4638
f 4668//4668 4690//4690 4638//4638
f 4690//4690 4713//4713 4651//4651
f 4690//4690 4736//4736 4713//4713
f 4797//4797 4796//4796 4776//4776
f 4797//4797 4813//4813 4796//4796
f 4841//4841 4795//4795 4796//4796
f 4953//4953 5002//5002 4914//4914
f 5002//5002 5042//5042 5001//5001
f 2919//2919 2856//2856 2871//2871
f 4643//4643 4755//4755 4720//4720
f 4663//4663 630//630 4050//4050
f 4050//4050 776//776 3468//3468
f 4418//4418 4434//4434 4417//4417
f 4434//4434 4449//4449 4448//4448
f 4955//4955 4971//4971 4932//4932
f 2031//2031 4559//4559 4558//4558
f 4559//4559 4595//4595 4558//4558
f 4412//4412 4422//4422 4398//4398
f 4399//4399 4412//4412 4398//4398
f 4412//4412 4439//4439 4422//4422
f 4439//4439 4472//4472 4428//4428
f 4639//4639 4668//4668 4581//4581
f 4737//4737 4736//4736 4690//4690
f 4814//4814 4813//4813 4797//4797
f 4813//4813 4841//4841 4796//4796
f 4880//4880 4879//4879 4841//4841
f 5043//5043 5042//5042 5002//5002
f 849//849 2357//2357 5042//5042
f 1870//1870 4874//4874 2871//2871
f 630//630 175//175 4050//4050
f 1493//1493 1970//1970 1963//1963
f 4809//4809 4810//4810 259//259
f 5027//5027 5038//5038 4995//4995
f 4465//4465 4472//4472 4439//4439
f 4465//4465 4498//4498 4472//4472
f 4498//4498 4483//4483 4472//4472
f 4498//4498 4537//4537 4483//4483
f 4537//4537 4536//4536 4483//4483
f 4691//4691 4690//4690 4668//4668
f 4691//4691 4737//4737 4690//4690
f 4814//4814 4842//4842 4841//4841
f 4813//4813 4814//4814 4841//4841
f 4842//4842 4880//4880 4841//4841
f 5042//5042 5043//5043 849//849
f 4683//4683 4730//4730 4660//4660
f 2747//2747 2357//2357 713//713
f 631//631 175//175 630//630
f 175//175 2474//2474 776//776
f 4050//4050 175//175 776//776
f 776//776 2474//2474 4265//4265
f 2975//2975 2347//2347 2849//2849
f 4626//4626 4627//4627 4677//4677
f 4997//4997 4998//4998 5016//5016
f 1469//1469 4746//4746 4785//4785
f 1469//1469 4825//4825 4746//4746
f 4400//4400 4412//4412 4399//4399
f 4412//4412 4465//4465 4439//4439
f 4466//4466 4484//4484 4465//4465
f 4484//4484 4498//4498 4465//4465
f 4484//4484 4513//4513 4498//4498
f 4498//4498 4552//4552 4537//4537
f 4564//4564 4536//4536 4537//4537
f 4582//4582 4563//4563 4536//4536
f 4668//4668 4692//4692 4691//4691
f 4880//4880 4929//4929 4879//4879
f 4879//4879 4929//4929 4953//4953
f 4929//4929 5002//5002 4953//4953
f 4929//4929 5003//5003 5002//5002
f 5003//5003 5043//5043 5002//5002
f 2932//2932 575//575 574//574
f 2472//2472 3041//3041 990//990
f 4628//4628 4610//4610 4611//4611
f 2474//2474 4827//4827 4265//4265
f 4449//4449 4459//4459 4458//4458
f 4764//4764 4788//4788 4733//4733
f 4440//4440 4465//4465 4412//4412
f 4440//4440 4466//4466 4465//4465
f 4538//4538 4498//4498 4513//4513
f 4538//4538 4552//4552 4498//4498
f 4538//4538 4565//4565 4552//4552
f 4582//4582 4536//4536 4564//4564
f 4616//4616 4563//4563 4582//4582
f 4616//4616 4639//4639 4563//4563
f 4669//4669 4668//4668 4639//4639
f 4668//4668 4669//4669 4692//4692
f 4858//4858 4842//4842 4814//4814
f 5022//5022 5043//5043 5003//5003
f 2282//2282 849//849 5043//5043
f 5022//5022 2282//2282 5043//5043
f 2282//2282 713//713 849//849
f 4827//4827 804//804 4265//4265
f 4757//4757 4780//4780 4698//4698
f 4998//4998 4997//4997 4979//4979
f 4528//4528 4571//4571 4554//4554
f 3308//3308 3328//3328 3327//3327
f 4451//4451 4450//4450 4435//4435
f 4402//4402 4423//4423 4400//4400
f 4423//4423 4412//4412 4400//4400
f 4423//4423 4440//4440 4412//4412
f 4485//4485 4484//4484 4466//4466
f 4467//4467 4485//4485 4466//4466
f 4485//4485 4514//4514 4484//4484
f 4514//4514 4513//4513 4484//4484
f 4514//4514 4538//4538 4513//4513
f 4566//4566 4565//4565 4538//4538
f 4859//4859 4842//4842 4858//4858
f 4420//4420 4451//4451 4435//4435
f 4705//4705 4679//4679 4680//4680
f 4908//4908 4926//4926 4907//4907
f 4471//4471 4452//4452 2019//2019
f 3058//3058 175//175 655//655
f 3058//3058 2474//2474 175//175
f 3058//3058 4827//4827 2474//2474
f 1342//1342 1365//1365 1326//1326
f 4467//4467 4466//4466 4440//4440
f 4453//4453 4467//4467 4440//4440
f 4567//4567 4566//4566 4538//4538
f 4514//4514 4567//4567 4538//4538
f 4567//4567 4584//4584 4566//4566
f 4602//4602 4582//4582 4583//4583
f 4602//4602 4616//4616 4582//4582
f 4652//4652 4639//4639 4616//4616
f 4652//4652 4669//4669 4639//4639
f 4881//4881 4842//4842 4859//4859
f 4930//4930 4880//4880 4842//4842
f 4930//4930 4929//4929 4880//4880
f 4929//4929 5022//5022 5003//5003
f 4594//4594 4629//4629 4612//4612
f 4834//4834 4821//4821 4851//4851
f 4471//4471 4481//4481 4452//4452
f 2728//2728 2729//2729 2746//2746
f 3058//3058 780//780 4827//4827
f 1440//1440 2444//2444 1412//1412
f 4760//4760 4759//4759 4701//4701
f 4481//4481 4508//4508 4452//4452
f 4926//4926 4925//4925 4907//4907
f 4097//4097 4061//4061 5046//5046
f 4495//4495 4521//4521 4494//4494
f 4774//4774 4808//4808 4786//4786
f 4424//4424 4423//4423 4402//4402
f 4441//4441 4440//4440 4423//4423
f 4424//4424 4441//4441 4423//4423
f 4441//4441 4453//4453 4440//4440
f 4453//4453 4468//4468 4467//4467
f 4515//4515 4514//4514 4485//4485
f 4515//4515 4567//4567 4514//4514
f 4617//4617 4616//4616 4602//4602
f 4603//4603 4617//4617 4602//4602
f 4669//4669 4714//4714 4692//4692
f 4899//4899 4842//4842 4881//4881
f 4882//4882 4899//4899 4881//4881
f 4899//4899 4915//4915 4842//4842
f 3045//3045 780//780 3058//3058
f 4625//4625 4656//4656 4553//4553
f 4656//4656 4698//4698 4553//4553
f 4436//4436 4451//4451 4420//4420
f 4772//4772 4782//4782 4771//4771
f 4486//4486 4467//4467 4468//4468
f 4499//4499 4485//4485 4467//4467
f 4486//4486 4499//4499 4467//4467
f 4499//4499 4515//4515 4485//4485
f 4568//4568 4567//4567 4515//4515
f 4568//4568 4604//4604 4567//4567
f 4915//4915 4930//4930 4842//4842
f 5031//5031 5022//5022 4929//4929
f 3002//3002 2282//2282 5022//5022
f 1455//1455 713//713 2282//2282
f 4782//4782 4770//4770 4771//4771
f 4772//4772 4771//4771 4761//4761
f 4490//4490 4489//4489 4475//4475
f 4960//4960 4992//4992 4939//4939
f 4436//4436 4420//4420 4409//4409
f 4451//4451 4462//4462 4461//4461
f 4782//4782 4821//4821 4770//4770
f 4661//4661 4683//4683 4633//4633
f 4441//4441 4442//4442 4468//4468
f 4453//4453 4441//4441 4468//4468
f 4539//4539 4515//4515 4499//4499
f 4605//4605 4604//4604 4568//4568
f 4618//4618 4616//4616 4617//4617
f 4618//4618 4652//4652 4616//4616
f 4693//4693 4669//4669 4652//4652
f 4669//4669 4693//4693 4714//4714
f 4930//4930 5031//5031 4929//4929
f 5031//5031 3002//3002 5022//5022
f 3002//3002 1455//1455 2282//2282
f 4510//4510 4509//4509 4471//4471
f 4744//4744 4772//4772 4761//4761
f 5014//5014 5037//5037 5013//5013
f 2280//2280 3813//3813 4084//4084
f 4780//4780 4817//4817 4756//4756
f 4421//4421 4436//4436 4409//4409
f 4509//4509 4529//4529 4481//4481
f 4730//4730 4785//4785 4729//4729
f 2017//2017 4510//4510 4471//4471
f 4413//4413 4424//4424 4402//4402
f 4413//4413 4429//4429 4424//4424
f 4429//4429 4441//4441 4424//4424
f 4486//4486 4516//4516 4499//4499
f 4568//4568 4619//4619 4605//4605
f 4670//4670 4652//4652 4618//4618
f 4640//4640 4670//4670 4618//4618
f 4670//4670 4693//4693 4652//4652
f 4693//4693 4715//4715 4714//4714
f 4900//4900 4899//4899 4882//4882
f 4900//4900 4915//4915 4899//4899
f 3085//3085 3086//3086 3096//3096
f 4825//4825 1469//1469 1492//1492
f 4494//4494 4528//4528 4554//4554
f 4821//4821 4806//4806 4770//4770
f 4723//4723 4744//4744 4707//4707
f 4557//4557 4556//4556 4544//4544
f 4507//4507 4480//4480 4520//4520
f 4413//4413 4402//4402 4403//4403
f 4442//4442 4454//4454 4468//4468
f 4516//4516 4539//4539 4499//4499
f 4568//4568 4515//4515 4539//4539
f 4620//4620 4619//4619 4568//4568
f 4900//4900 4882//4882 4883//4883
f 4969//4969 4915//4915 4900//4900
f 4969//4969 4930//4930 4915//4915
f 3455//3455 3456//3456 3465//3465
f 922//922 940//940 921//921
f 4506//4506 4518//4518 4491//4491
f 4847//4847 4919//4919 4889//4889
f 5037//5037 5036//5036 5013//5013
f 4865//4865 4831//4831 4832//4832
f 4961//4961 4960//4960 4889//4889
f 4429//4429 4442//4442 4441//4441
f 4454//4454 4473//4473 4468//4468
f 4473//4473 4486//4486 4468//4468
f 4585//4585 4620//4620 4568//4568
f 4641//4641 4670//4670 4640//4640
f 4716//4716 4715//4715 4693//4693
f 4901//4901 4900//4900 4883//4883
f 4969//4969 5031//5031 4930//4930
f 1408//1408 3002//3002 5031//5031
f 1408//1408 1434//1434 3002//3002
f 4783//4783 4823//4823 4762//4762
f 4732//4732 4787//4787 4731//4731
f 4572//4572 4571//4571 4528//4528
f 4707//4707 4705//4705 4706//4706
f 4747//4747 2736//2736 4687//4687
f 4700//4700 4699//4699 4656//4656
f 4625//4625 4700//4700 4656//4656
f 4919//4919 4961//4961 4889//4889
f 5014//5014 5013//5013 4993//4993
f 4994//4994 5014//5014 4993//4993
f 4487//4487 4486//4486 4473//4473
f 4500//4500 4516//4516 4486//4486
f 4487//4487 4500//4500 4486//4486
f 4539//4539 4585//4585 4568//4568
f 4539//4539 4606//4606 4585//4585
f 4606//4606 4642//4642 4585//4585
f 4653//4653 4670//4670 4641//4641
f 4670//4670 4694//4694 4716//4716
f 4693//4693 4670//4670 4716//4716
f 4694//4694 4752//4752 4716//4716
f 4861//4861 4883//4883 4860//4860
f 4931//4931 4969//4969 4900//4900
f 2253//2253 289//289 1161//1161
f 4848//4848 4847//4847 4803//4803
f 4918//4918 4936//4936 4865//4865
f 4504//4504 4503//4503 4490//4490
f 5037//5037 5046//5046 5036//5036
f 4759//4759 4803//4803 4758//4758
f 4061//4061 4097//4097 3370//3370
f 4414//4414 4413//4413 4403//4403
f 4442//4442 4443//4443 4454//4454
f 4694//4694 4670//4670 4653//4653
f 4694//4694 4738//4738 4752//4752
f 4884//4884 4883//4883 4861//4861
f 4862//4862 4884//4884 4861//4861
f 4884//4884 4901//4901 4883//4883
f 4901//4901 4931//4931 4900//4900
f 4931//4931 5004//5004 4969//4969
f 5032//5032 5031//5031 4969//4969
f 5032//5032 1408//1408 5031//5031
f 4677//4677 4703//4703 4676//4676
f 4627//4627 4626//4626 4571//4571
f 4587//4587 4623//4623 4526//4526
f 4918//4918 4957//4957 4936//4936
f 4503//4503 4502//4502 4490//4490
f 4559//4559 4635//4635 4634//4634
f 4635//4635 4684//4684 4634//4634
f 4452//4452 4463//4463 4436//4436
f 4443//4443 4469//4469 4454//4454
f 4469//4469 4473//4473 4454//4454
f 4586//4586 4606//4606 4539//4539
f 4671//4671 4653//4653 4654//4654
f 4671//4671 4694//4694 4653//4653
f 4694//4694 4739//4739 4738//4738
f 4739//4739 4765//4765 4738//4738
f 4863//4863 4884//4884 4862//4862
f 4884//4884 4931//4931 4901//4901
f 5004//5004 5032//5032 4969//4969
f 2744//2744 2727//2727 2728//2728
