#pragma once
#include <cstdint>

namespace pip3D
{
    namespace detail
    {
        // PackBits-RLE cloud mask, two 8-bit planes (alpha, shade).
        // Run:    [count-1]            value   (count in 1..128)
        // Literal:[0x80|count-1]       bytes   (count in 1..128)
        alignas(16) static const uint8_t s_cloudsAlphaData[41215] =
        {
            0x7F, 0x00, 0x7F, 0x00, 0x7F, 0x00, 0x7F, 0x00, 0x05, 0x09, 0x01, 0x08, 0x01, 0x07, 0x84, 0x06, 0x05, 0x04, 0x02, 0x01, 0x36, 0x00, 0x81, 0x01, 
            0x02, 0x01, 0x03, 0x80, 0x04, 0x01, 0x05, 0x01, 0x06, 0x06, 0x07, 0x01, 0x06, 0x01, 0x05, 0x01, 0x04, 0x01, 0x03, 0x01, 0x02, 0x02, 0x01, 0x2E, 
            0x00, 0x01, 0x01, 0x02, 0x02, 0x03, 0x03, 0x09, 0x04, 0x01, 0x03, 0x01, 0x02, 0x02, 0x01, 0x25, 0x00, 0x83, 0x02, 0x03, 0x04, 0x05, 0x01, 0x06, 
            0x01, 0x07, 0x02, 0x08, 0x02, 0x09, 0x80, 0x0A, 0x02, 0x0B, 0x07, 0x0C, 0x01, 0x0B, 0x87, 0x0A, 0x09, 0x08, 0x07, 0x06, 0x04, 0x03, 0x01, 0x07, 
            0x00, 0x85, 0x01, 0x02, 0x03, 0x04, 0x06, 0x07, 0x01, 0x08, 0x80, 0x09, 0x01, 0x0A, 0x05, 0x0B, 0x01, 0x0A, 0x80, 0x09, 0x01, 0x0A, 0x06, 0x0B, 
            0x04, 0x0A, 0x03, 0x09, 0x0A, 0x0A, 0x02, 0x09, 0x01, 0x08, 0x01, 0x07, 0x80, 0x06, 0x01, 0x05, 0x82, 0x03, 0x02, 0x01, 0x02, 0x00, 0x84, 0x01, 
            0x02, 0x03, 0x04, 0x05, 0x01, 0x06, 0x01, 0x07, 0x02, 0x08, 0x03, 0x09, 0x02, 0x0A, 0x06, 0x0B, 0x03, 0x0C, 0x05, 0x0B, 0x01, 0x0A, 0x01, 0x09, 
            0x01, 0x08, 0x01, 0x07, 0x81, 0x06, 0x05, 0x01, 0x04, 0x01, 0x03, 0x09, 0x02, 0x03, 0x03, 0x03, 0x04, 0x02, 0x03, 0x81, 0x02, 0x01, 0x21, 0x00, 
            0x84, 0x01, 0x03, 0x04, 0x05, 0x06, 0x01, 0x07, 0x01, 0x08, 0x02, 0x09, 0x05, 0x0A, 0x03, 0x09, 0x01, 0x08, 0x80, 0x07, 0x01, 0x06, 0x83, 0x05, 
            0x04, 0x03, 0x02, 0x01, 0x01, 0x01, 0x02, 0x80, 0x03, 0x03, 0x04, 0x01, 0x05, 0x80, 0x06, 0x02, 0x07, 0x04, 0x08, 0x02, 0x09, 0x01, 0x0A, 0x02, 
            0x0B, 0x07, 0x0C, 0x01, 0x0B, 0x01, 0x0A, 0x01, 0x09, 0x81, 0x08, 0x07, 0x04, 0x08, 0x05, 0x09, 0x03, 0x13, 0x02, 0x12, 0x87, 0x11, 0x10, 0x0F, 
            0x0D, 0x0B, 0x09, 0x06, 0x03, 0x36, 0x00, 0x87, 0x01, 0x03, 0x04, 0x06, 0x07, 0x09, 0x0A, 0x0B, 0x01, 0x0C, 0x01, 0x0D, 0x80, 0x0E, 0x01, 0x0D, 
            0x8B, 0x0C, 0x0B, 0x0A, 0x09, 0x08, 0x07, 0x06, 0x05, 0x04, 0x03, 0x02, 0x01, 0x33, 0x00, 0x81, 0x01, 0x02, 0x01, 0x03, 0x80, 0x04, 0x01, 0x05, 
            0x01, 0x06, 0x06, 0x07, 0x80, 0x06, 0x01, 0x05, 0x80, 0x04, 0x01, 0x03, 0x80, 0x02, 0x01, 0x01, 0x21, 0x00, 0x89, 0x01, 0x03, 0x05, 0x08, 0x0A, 
            0x0B, 0x0D, 0x0E, 0x0F, 0x10, 0x01, 0x11, 0x01, 0x12, 0x82, 0x13, 0x14, 0x15, 0x01, 0x16, 0x80, 0x17, 0x05, 0x18, 0x01, 0x17, 0x89, 0x16, 0x15, 
            0x13, 0x10, 0x0E, 0x0B, 0x09, 0x06, 0x03, 0x01, 0x05, 0x00, 0x8D, 0x01, 0x02, 0x04, 0x06, 0x08, 0x0A, 0x0C, 0x0E, 0x10, 0x12, 0x13, 0x14, 0x15, 
            0x16, 0x04, 0x17, 0x81, 0x16, 0x15, 0x01, 0x14, 0x80, 0x15, 0x01, 0x16, 0x02, 0x17, 0x02, 0x16, 0x01, 0x15, 0x0A, 0x14, 0x02, 0x15, 0x02, 0x14, 
            0x80, 0x13, 0x01, 0x12, 0x8A, 0x11, 0x10, 0x0F, 0x0E, 0x0D, 0x0C, 0x0A, 0x08, 0x06, 0x04, 0x01, 0x01, 0x00, 0x8A, 0x02, 0x04, 0x06, 0x08, 0x0A, 
            0x0B, 0x0C, 0x0D, 0x0E, 0x0F, 0x10, 0x01, 0x11, 0x80, 0x12, 0x01, 0x13, 0x01, 0x14, 0x80, 0x15, 0x02, 0x16, 0x02, 0x17, 0x02, 0x18, 0x04, 0x17, 
            0x01, 0x16, 0x8E, 0x15, 0x14, 0x13, 0x12, 0x11, 0x10, 0x0F, 0x0E, 0x0C, 0x0B, 0x0A, 0x08, 0x06, 0x05, 0x04, 0x01, 0x03, 0x05, 0x02, 0x01, 0x03, 
            0x81, 0x04, 0x05, 0x01, 0x06, 0x03, 0x07, 0x01, 0x06, 0x83, 0x05, 0x04, 0x03, 0x01, 0x20, 0x00, 0x88, 0x02, 0x04, 0x07, 0x0A, 0x0C, 0x0D, 0x0F, 
            0x10, 0x11, 0x01, 0x12, 0x01, 0x13, 0x01, 0x14, 0x02, 0x15, 0x01, 0x14, 0x81, 0x13, 0x12, 0x01, 0x11, 0x8C, 0x0F, 0x0E, 0x0D, 0x0B, 0x0A, 0x08, 
            0x06, 0x05, 0x03, 0x02, 0x03, 0x04, 0x05, 0x01, 0x06, 0x83, 0x07, 0x09, 0x0A, 0x0B, 0x01, 0x0D, 0x80, 0x0E, 0x02, 0x0F, 0x01, 0x10, 0x01, 0x11, 
            0x84, 0x12, 0x13, 0x14, 0x15, 0x16, 0x01, 0x17, 0x05, 0x18, 0x87, 0x17, 0x16, 0x15, 0x14, 0x13, 0x12, 0x10, 0x0F, 0x02, 0x10, 0x01, 0x11, 0x02, 
            0x12, 0x03, 0x13, 0x02, 0x1E, 0x02, 0x1D, 0x89, 0x1C, 0x1B, 0x19, 0x17, 0x16, 0x13, 0x0F, 0x0A, 0x06, 0x02, 0x35, 0x00, 0x89, 0x01, 0x03, 0x05, 
            0x08, 0x0A, 0x0B, 0x0D, 0x0F, 0x10, 0x11, 0x03, 0x12, 0x8A, 0x11, 0x10, 0x0F, 0x0D, 0x0B, 0x09, 0x08, 0x06, 0x04, 0x03, 0x01, 0x38, 0x00, 0x85, 
            0x01, 0x02, 0x04, 0x05, 0x06, 0x07, 0x01, 0x08, 0x04, 0x09, 0x01, 0x08, 0x80, 0x07, 0x01, 0x06, 0x83, 0x05, 0x04, 0x03, 0x02, 0x01, 0x01, 0x1E, 
            0x00, 0x8B, 0x01, 0x04, 0x08, 0x0B, 0x0E, 0x11, 0x14, 0x16, 0x18, 0x19, 0x1A, 0x1B, 0x01, 0x1C, 0x86, 0x1D, 0x1E, 0x1F, 0x20, 0x21, 0x22, 0x23, 
            0x04, 0x24, 0x8B, 0x23, 0x22, 0x21, 0x20, 0x1D, 0x1A, 0x16, 0x12, 0x0E, 0x0A, 0x05, 0x01, 0x05, 0x00, 0x8D, 0x01, 0x04, 0x06, 0x09, 0x0C, 0x0F, 
            0x12, 0x15, 0x18, 0x1A, 0x1C, 0x1F, 0x20, 0x22, 0x01, 0x23, 0x02, 0x24, 0x85, 0x23, 0x22, 0x21, 0x1F, 0x20, 0x21, 0x01, 0x22, 0x02, 0x23, 0x01, 
            0x22, 0x01, 0x21, 0x01, 0x20, 0x0D, 0x1F, 0x01, 0x1E, 0xA4, 0x1D, 0x1C, 0x1B, 0x1A, 0x19, 0x17, 0x16, 0x14, 0x13, 0x10, 0x0D, 0x0A, 0x07, 0x04, 
            0x01, 0x00, 0x03, 0x07, 0x0A, 0x0C, 0x0E, 0x10, 0x12, 0x14, 0x15, 0x17, 0x18, 0x19, 0x1A, 0x1B, 0x1C, 0x1D, 0x1E, 0x1F, 0x20, 0x21, 0x22, 0x02, 
            0x23, 0x04, 0x24, 0x02, 0x23, 0x80, 0x22, 0x01, 0x21, 0x90, 0x20, 0x1E, 0x1D, 0x1B, 0x1A, 0x18, 0x16, 0x14, 0x12, 0x0F, 0x0D, 0x0A, 0x08, 0x06, 
            0x04, 0x03, 0x02, 0x02, 0x01, 0x80, 0x00, 0x01, 0x01, 0x84, 0x02, 0x03, 0x04, 0x05, 0x07, 0x01, 0x08, 0x02, 0x09, 0x84, 0x08, 0x07, 0x06, 0x05, 
            0x03, 0x21, 0x00, 0x8C, 0x02, 0x06, 0x0A, 0x0D, 0x11, 0x13, 0x15, 0x17, 0x19, 0x1A, 0x1C, 0x1D, 0x1E, 0x01, 0x1F, 0x03, 0x20, 0x9A, 0x1F, 0x1E, 
            0x1D, 0x1C, 0x1B, 0x19, 0x17, 0x15, 0x13, 0x11, 0x0F, 0x0C, 0x0A, 0x07, 0x04, 0x02, 0x03, 0x05, 0x06, 0x08, 0x0A, 0x0C, 0x0E, 0x10, 0x12, 0x13, 
            0x14, 0x01, 0x15, 0x01, 0x16, 0x88, 0x17, 0x18, 0x19, 0x1B, 0x1C, 0x1D, 0x1F, 0x21, 0x22, 0x01, 0x23, 0x03, 0x24, 0x88, 0x23, 0x22, 0x21, 0x1F, 
            0x1D, 0x1B, 0x19, 0x17, 0x18, 0x01, 0x19, 0x81, 0x1A, 0x1B, 0x02, 0x1C, 0x03, 0x1D, 0x80, 0x1E, 0x03, 0x29, 0x01, 0x28, 0x8A, 0x27, 0x25, 0x24, 
            0x21, 0x1F, 0x1B, 0x15, 0x10, 0x0A, 0x05, 0x01, 0x35, 0x00, 0x88, 0x02, 0x05, 0x08, 0x0A, 0x0D, 0x0F, 0x11, 0x13, 0x14, 0x01, 0x15, 0x8A, 0x16, 
            0x15, 0x14, 0x13, 0x11, 0x0E, 0x0C, 0x09, 0x07, 0x04, 0x02, 0x3C, 0x00, 0x86, 0x01, 0x02, 0x04, 0x05, 0x07, 0x08, 0x09, 0x02, 0x0A, 0x80, 0x0B, 
            0x01, 0x0A, 0x01, 0x09, 0x87, 0x08, 0x07, 0x06, 0x05, 0x04, 0x03, 0x02, 0x01, 0x1C, 0x00, 0x94, 0x02, 0x06, 0x0A, 0x0F, 0x12, 0x16, 0x1A, 0x1D, 
            0x20, 0x23, 0x24, 0x25, 0x26, 0x27, 0x28, 0x29, 0x2A, 0x2B, 0x2C, 0x2D, 0x2F, 0x04, 0x30, 0x8B, 0x2F, 0x2E, 0x2D, 0x2B, 0x28, 0x23, 0x1E, 0x19, 
            0x13, 0x0D, 0x07, 0x02, 0x05, 0x00, 0x8F, 0x03, 0x06, 0x09, 0x0C, 0x10, 0x13, 0x17, 0x1B, 0x1E, 0x22, 0x25, 0x27, 0x2A, 0x2D, 0x2E, 0x2F, 0x04, 
            0x30, 0x86, 0x2F, 0x2D, 0x2B, 0x2A, 0x2C, 0x2D, 0x2E, 0x03, 0x2F, 0x01, 0x2E, 0x01, 0x2D, 0x80, 0x2C, 0x02, 0x2B, 0x0A, 0x2A, 0xA6, 0x29, 0x28, 
            0x27, 0x26, 0x25, 0x23, 0x22, 0x20, 0x1E, 0x1C, 0x1A, 0x17, 0x14, 0x10, 0x0C, 0x07, 0x03, 0x01, 0x05, 0x09, 0x0D, 0x10, 0x13, 0x15, 0x18, 0x1A, 
            0x1C, 0x1E, 0x20, 0x21, 0x23, 0x24, 0x26, 0x27, 0x29, 0x2A, 0x2C, 0x2D, 0x2E, 0x01, 0x2F, 0x05, 0x30, 0x01, 0x2F, 0x01, 0x2E, 0x92, 0x2D, 0x2B, 
            0x2A, 0x28, 0x26, 0x24, 0x21, 0x1F, 0x1C, 0x19, 0x16, 0x13, 0x0F, 0x0C, 0x09, 0x06, 0x03, 0x02, 0x01, 0x06, 0x00, 0x84, 0x01, 0x03, 0x04, 0x06, 
            0x08, 0x01, 0x09, 0x80, 0x0A, 0x01, 0x09, 0x83, 0x08, 0x06, 0x04, 0x02, 0x21, 0x00, 0x8E, 0x01, 0x06, 0x0B, 0x11, 0x15, 0x19, 0x1C, 0x1E, 0x21, 
            0x23, 0x25, 0x27, 0x28, 0x2A, 0x2B, 0x03, 0x2C, 0x8F, 0x2B, 0x2A, 0x29, 0x28, 0x26, 0x25, 0x22, 0x20, 0x1D, 0x1A, 0x17, 0x14, 0x10, 0x0D, 0x09, 
            0x06, 0x01, 0x02, 0x95, 0x05, 0x09, 0x0C, 0x0F, 0x11, 0x14, 0x16, 0x17, 0x19, 0x1A, 0x1B, 0x1C, 0x1D, 0x1E, 0x1F, 0x21, 0x22, 0x24, 0x27, 0x29, 
            0x2C, 0x2E, 0x02, 0x2F, 0x80, 0x30, 0x01, 0x2F, 0x8C, 0x2E, 0x2D, 0x2A, 0x28, 0x25, 0x22, 0x1E, 0x20, 0x21, 0x23, 0x24, 0x25, 0x26, 0x02, 0x27, 
            0x02, 0x28, 0x01, 0x29, 0x03, 0x35, 0x01, 0x34, 0x8A, 0x33, 0x31, 0x2F, 0x2C, 0x29, 0x24, 0x1E, 0x17, 0x10, 0x0A, 0x04, 0x36, 0x00, 0x88, 0x03, 
            0x06, 0x0A, 0x0C, 0x0F, 0x11, 0x14, 0x15, 0x16, 0x01, 0x17, 0x88, 0x16, 0x15, 0x13, 0x11, 0x0E, 0x0B, 0x07, 0x04, 0x01, 0x40, 0x00, 0x86, 0x02, 
            0x03, 0x05, 0x07, 0x08, 0x09, 0x0A, 0x03, 0x0B, 0x01, 0x0A, 0x86, 0x09, 0x08, 0x06, 0x05, 0x03, 0x02, 0x01, 0x1B, 0x00, 0x95, 0x03, 0x08, 0x0D, 
            0x12, 0x17, 0x1B, 0x20, 0x24, 0x28, 0x2C, 0x2E, 0x30, 0x31, 0x32, 0x33, 0x34, 0x35, 0x36, 0x37, 0x39, 0x3A, 0x3B, 0x03, 0x3C, 0x8B, 0x3B, 0x3A, 
            0x38, 0x36, 0x32, 0x2D, 0x27, 0x20, 0x19, 0x11, 0x09, 0x02, 0x05, 0x00, 0x8F, 0x05, 0x09, 0x0D, 0x10, 0x14, 0x18, 0x1C, 0x20, 0x25, 0x29, 0x2C, 
            0x30, 0x33, 0x37, 0x3A, 0x3B, 0x05, 0x3C, 0x86, 0x3B, 0x3A, 0x38, 0x35, 0x37, 0x39, 0x3A, 0x04, 0x3B, 0x01, 0x3A, 0x80, 0x39, 0x01, 0x38, 0x04, 
            0x37, 0x04, 0x36, 0x02, 0x35, 0xA7, 0x34, 0x32, 0x31, 0x30, 0x2E, 0x2D, 0x2B, 0x2A, 0x27, 0x25, 0x22, 0x1F, 0x1B, 0x17, 0x12, 0x0C, 0x07, 0x02, 
            0x06, 0x0B, 0x10, 0x14, 0x17, 0x1A, 0x1D, 0x20, 0x22, 0x25, 0x27, 0x29, 0x2B, 0x2D, 0x2F, 0x31, 0x33, 0x35, 0x37, 0x39, 0x3A, 0x3B, 0x06, 0x3C, 
            0x01, 0x3B, 0x92, 0x3A, 0x39, 0x38, 0x36, 0x33, 0x30, 0x2E, 0x2B, 0x28, 0x25, 0x22, 0x1E, 0x1A, 0x15, 0x11, 0x0C, 0x08, 0x04, 0x02, 0x0A, 0x00, 
            0x82, 0x02, 0x04, 0x06, 0x01, 0x08, 0x80, 0x09, 0x01, 0x08, 0x82, 0x06, 0x05, 0x02, 0x23, 0x00, 0x8D, 0x06, 0x0D, 0x14, 0x19, 0x1E, 0x22, 0x25, 
            0x29, 0x2C, 0x2F, 0x31, 0x33, 0x35, 0x37, 0x04, 0x38, 0xA7, 0x36, 0x35, 0x34, 0x33, 0x31, 0x2E, 0x2B, 0x28, 0x24, 0x20, 0x1C, 0x18, 0x14, 0x10, 
            0x0B, 0x07, 0x03, 0x04, 0x08, 0x0C, 0x0F, 0x12, 0x15, 0x18, 0x1A, 0x1C, 0x1E, 0x1F, 0x20, 0x22, 0x24, 0x25, 0x27, 0x2A, 0x2D, 0x30, 0x34, 0x37, 
            0x39, 0x3A, 0x03, 0x3B, 0x8C, 0x3A, 0x39, 0x36, 0x33, 0x30, 0x2C, 0x27, 0x28, 0x2A, 0x2C, 0x2E, 0x2F, 0x31, 0x01, 0x32, 0x02, 0x33, 0x03, 0x34, 
            0x01, 0x41, 0x80, 0x42, 0x02, 0x41, 0x8B, 0x3F, 0x3E, 0x3C, 0x38, 0x33, 0x2D, 0x27, 0x20, 0x18, 0x11, 0x0A, 0x03, 0x35, 0x00, 0x88, 0x01, 0x04, 
            0x07, 0x0A, 0x0D, 0x10, 0x12, 0x14, 0x15, 0x01, 0x16, 0x86, 0x15, 0x13, 0x11, 0x0E, 0x0B, 0x07, 0x03, 0x45, 0x00, 0x85, 0x02, 0x04, 0x06, 0x08, 
            0x09, 0x0A, 0x02, 0x0B, 0x86, 0x0A, 0x09, 0x08, 0x06, 0x04, 0x03, 0x01, 0x1B, 0x00, 0x8D, 0x04, 0x09, 0x0F, 0x15, 0x1A, 0x20, 0x25, 0x2A, 0x2F, 
            0x34, 0x37, 0x3A, 0x3C, 0x3D, 0x01, 0x3F, 0x84, 0x40, 0x41, 0x43, 0x44, 0x45, 0x01, 0x47, 0x02, 0x48, 0x8B, 0x47, 0x46, 0x43, 0x40, 0x3D, 0x37, 
            0x30, 0x28, 0x1F, 0x15, 0x0B, 0x02, 0x05, 0x00, 0x90, 0x06, 0x0C, 0x11, 0x15, 0x19, 0x1D, 0x21, 0x25, 0x2A, 0x2F, 0x33, 0x37, 0x3C, 0x3F, 0x43, 
            0x46, 0x47, 0x05, 0x48, 0x87, 0x47, 0x46, 0x44, 0x42, 0x40, 0x43, 0x45, 0x46, 0x04, 0x47, 0x01, 0x46, 0x01, 0x45, 0x02, 0x44, 0x03, 0x43, 0x02, 
            0x42, 0x01, 0x41, 0xA8, 0x40, 0x3F, 0x3D, 0x3C, 0x3A, 0x39, 0x38, 0x36, 0x34, 0x31, 0x2E, 0x2B, 0x28, 0x24, 0x1F, 0x19, 0x13, 0x0C, 0x06, 0x08, 
            0x0D, 0x13, 0x17, 0x1B, 0x1F, 0x23, 0x25, 0x28, 0x2B, 0x2E, 0x30, 0x32, 0x35, 0x37, 0x3A, 0x3C, 0x3F, 0x42, 0x44, 0x46, 0x47, 0x05, 0x48, 0x01, 
            0x47, 0x92, 0x46, 0x45, 0x44, 0x42, 0x3F, 0x3C, 0x38, 0x35, 0x31, 0x2E, 0x2B, 0x26, 0x21, 0x1C, 0x16, 0x11, 0x0C, 0x06, 0x02, 0x0C, 0x00, 0x88, 
            0x01, 0x03, 0x05, 0x06, 0x07, 0x06, 0x05, 0x03, 0x01, 0x24, 0x00, 0x8E, 0x07, 0x0F, 0x17, 0x1F, 0x24, 0x29, 0x2E, 0x32, 0x35, 0x39, 0x3C, 0x3F, 
            0x41, 0x43, 0x44, 0x03, 0x45, 0xA7, 0x44, 0x43, 0x42, 0x40, 0x3E, 0x3B, 0x37, 0x34, 0x2F, 0x2B, 0x26, 0x22, 0x1D, 0x18, 0x13, 0x0E, 0x09, 0x04, 
            0x05, 0x09, 0x0E, 0x11, 0x15, 0x18, 0x1B, 0x1D, 0x1F, 0x21, 0x23, 0x26, 0x28, 0x2B, 0x2E, 0x31, 0x35, 0x39, 0x3E, 0x42, 0x44, 0x45, 0x02, 0x46, 
            0x8E, 0x45, 0x44, 0x42, 0x3F, 0x3B, 0x37, 0x31, 0x30, 0x33, 0x36, 0x38, 0x3A, 0x3B, 0x3D, 0x3E, 0x01, 0x3F, 0x03, 0x40, 0x01, 0x41, 0x01, 0x4E, 
            0x02, 0x4F, 0x8D, 0x4E, 0x4D, 0x4B, 0x47, 0x43, 0x3E, 0x37, 0x30, 0x29, 0x21, 0x19, 0x10, 0x08, 0x01, 0x36, 0x00, 0x85, 0x03, 0x05, 0x08, 0x0B, 
            0x0E, 0x10, 0x02, 0x12, 0x85, 0x11, 0x0F, 0x0C, 0x09, 0x05, 0x01, 0x48, 0x00, 0x83, 0x01, 0x03, 0x05, 0x07, 0x01, 0x08, 0x85, 0x09, 0x08, 0x07, 
            0x06, 0x04, 0x02, 0x1B, 0x00, 0x96, 0x01, 0x06, 0x0C, 0x12, 0x18, 0x1E, 0x24, 0x2A, 0x2F, 0x35, 0x3B, 0x3F, 0x43, 0x46, 0x48, 0x49, 0x4A, 0x4B, 
            0x4D, 0x4E, 0x4F, 0x50, 0x52, 0x03, 0x53, 0x8B, 0x52, 0x51, 0x4E, 0x4A, 0x46, 0x3F, 0x38, 0x30, 0x26, 0x1A, 0x0E, 0x03, 0x05, 0x00, 0x91, 0x07, 
            0x0E, 0x14, 0x19, 0x1E, 0x22, 0x26, 0x2B, 0x30, 0x35, 0x3A, 0x3E, 0x43, 0x47, 0x4B, 0x4F, 0x52, 0x53, 0x06, 0x54, 0x82, 0x53, 0x51, 0x4F, 0x01, 
            0x4C, 0x82, 0x4F, 0x51, 0x52, 0x04, 0x53, 0x02, 0x52, 0x02, 0x51, 0x02, 0x50, 0x02, 0x4F, 0x01, 0x4E, 0xA8, 0x4D, 0x4C, 0x4B, 0x49, 0x48, 0x46, 
            0x45, 0x43, 0x41, 0x3F, 0x3C, 0x39, 0x36, 0x32, 0x2D, 0x27, 0x21, 0x1B, 0x14, 0x0D, 0x09, 0x0F, 0x15, 0x1A, 0x1F, 0x23, 0x27, 0x2B, 0x2E, 0x31, 
            0x34, 0x36, 0x39, 0x3B, 0x3E, 0x41, 0x44, 0x48, 0x4B, 0x4E, 0x51, 0x01, 0x53, 0x03, 0x54, 0x94, 0x53, 0x52, 0x51, 0x50, 0x4F, 0x4D, 0x4A, 0x47, 
            0x43, 0x3F, 0x3A, 0x36, 0x33, 0x2F, 0x29, 0x24, 0x1D, 0x16, 0x10, 0x09, 0x04, 0x0F, 0x00, 0x84, 0x01, 0x02, 0x03, 0x02, 0x01, 0x26, 0x00, 0x8E, 
            0x09, 0x12, 0x1C, 0x25, 0x2C, 0x32, 0x37, 0x3C, 0x40, 0x45, 0x49, 0x4C, 0x4E, 0x50, 0x51, 0x03, 0x52, 0xA7, 0x51, 0x50, 0x4F, 0x4E, 0x4C, 0x49, 
            0x45, 0x41, 0x3C, 0x36, 0x31, 0x2C, 0x27, 0x22, 0x1D, 0x18, 0x12, 0x0D, 0x07, 0x04, 0x09, 0x0D, 0x12, 0x15, 0x18, 0x1B, 0x1E, 0x21, 0x24, 0x28, 
            0x2B, 0x2F, 0x33, 0x38, 0x3D, 0x42, 0x48, 0x4C, 0x4E, 0x4F, 0x02, 0x50, 0x8E, 0x4E, 0x4D, 0x4A, 0x46, 0x41, 0x3B, 0x37, 0x3B, 0x3F, 0x42, 0x44, 
            0x46, 0x48, 0x4A, 0x4B, 0x01, 0x4C, 0x05, 0x4D, 0x80, 0x5B, 0x01, 0x5C, 0x80, 0x5D, 0x01, 0x5C, 0x8D, 0x5A, 0x57, 0x53, 0x4F, 0x49, 0x42, 0x3A, 
            0x33, 0x2B, 0x22, 0x19, 0x10, 0x08, 0x01, 0x37, 0x00, 0x8A, 0x02, 0x04, 0x07, 0x09, 0x0B, 0x0C, 0x0B, 0x0A, 0x08, 0x04, 0x01, 0x4D, 0x00, 0x80, 
            0x01, 0x01, 0x03, 0x83, 0x04, 0x03, 0x02, 0x01, 0x1C, 0x00, 0x97, 0x05, 0x0A, 0x10, 0x16, 0x1D, 0x22, 0x28, 0x2E, 0x34, 0x3A, 0x41, 0x46, 0x4B, 
            0x4F, 0x52, 0x53, 0x54, 0x56, 0x58, 0x59, 0x5A, 0x5B, 0x5C, 0x5D, 0x02, 0x5E, 0x8B, 0x5D, 0x5B, 0x57, 0x53, 0x4E, 0x48, 0x40, 0x37, 0x2B, 0x1E, 
            0x10, 0x03, 0x05, 0x00, 0x92, 0x06, 0x0E, 0x16, 0x1C, 0x22, 0x27, 0x2B, 0x2F, 0x34, 0x39, 0x3F, 0x44, 0x49, 0x4D, 0x52, 0x56, 0x5A, 0x5D, 0x5F, 
            0x06, 0x60, 0x87, 0x5F, 0x5E, 0x5C, 0x5A, 0x56, 0x58, 0x5B, 0x5D, 0x01, 0x5E, 0x04, 0x5F, 0x02, 0x5E, 0x04, 0x5D, 0x02, 0x5C, 0x01, 0x5B, 0xA9, 
            0x5A, 0x58, 0x57, 0x54, 0x53, 0x51, 0x50, 0x4E, 0x4B, 0x48, 0x44, 0x40, 0x3C, 0x37, 0x31, 0x2B, 0x24, 0x1D, 0x15, 0x0D, 0x10, 0x16, 0x1C, 0x21, 
            0x26, 0x2B, 0x2F, 0x33, 0x37, 0x3A, 0x3C, 0x3F, 0x42, 0x44, 0x47, 0x4A, 0x4E, 0x52, 0x56, 0x5A, 0x5C, 0x5E, 0x01, 0x5F, 0x01, 0x5E, 0x93, 0x5D, 
            0x5C, 0x5A, 0x59, 0x57, 0x55, 0x52, 0x4E, 0x49, 0x43, 0x3E, 0x3A, 0x36, 0x31, 0x2A, 0x24, 0x1C, 0x14, 0x0D, 0x06, 0x3B, 0x00, 0x8F, 0x01, 0x0C, 
            0x17, 0x22, 0x2D, 0x35, 0x3C, 0x42, 0x48, 0x4D, 0x52, 0x56, 0x59, 0x5C, 0x5D, 0x5E, 0x03, 0x5F, 0x01, 0x5E, 0xA4, 0x5D, 0x5C, 0x5A, 0x57, 0x53, 
            0x4E, 0x49, 0x43, 0x3E, 0x38, 0x33, 0x2E, 0x29, 0x23, 0x1E, 0x18, 0x12, 0x0C, 0x06, 0x07, 0x0C, 0x10, 0x14, 0x18, 0x1B, 0x1F, 0x24, 0x28, 0x2E, 
            0x33, 0x38, 0x3D, 0x43, 0x4A, 0x50, 0x54, 0x57, 0x03, 0x58, 0x8F, 0x56, 0x54, 0x51, 0x4B, 0x44, 0x3D, 0x44, 0x48, 0x4B, 0x4E, 0x51, 0x54, 0x56, 
            0x57, 0x58, 0x59, 0x06, 0x5A, 0x80, 0x68, 0x01, 0x69, 0x80, 0x6A, 0x01, 0x69, 0x8E, 0x67, 0x64, 0x60, 0x5B, 0x55, 0x4F, 0x47, 0x3E, 0x35, 0x2C, 
            0x23, 0x1A, 0x11, 0x09, 0x01, 0x39, 0x00, 0x84, 0x01, 0x02, 0x03, 0x02, 0x01, 0x72, 0x00, 0x95, 0x05, 0x0B, 0x11, 0x17, 0x1D, 0x22, 0x28, 0x2D, 
            0x33, 0x39, 0x3F, 0x46, 0x4D, 0x52, 0x57, 0x5A, 0x5C, 0x5E, 0x60, 0x62, 0x64, 0x65, 0x01, 0x66, 0x02, 0x68, 0x8C, 0x67, 0x65, 0x63, 0x5F, 0x5A, 
            0x55, 0x4F, 0x46, 0x3C, 0x30, 0x21, 0x12, 0x04, 0x05, 0x00, 0x93, 0x02, 0x0C, 0x15, 0x1D, 0x24, 0x2A, 0x2F, 0x34, 0x38, 0x3D, 0x42, 0x48, 0x4E, 
            0x53, 0x58, 0x5D, 0x61, 0x65, 0x68, 0x6A, 0x08, 0x6B, 0x87, 0x69, 0x67, 0x64, 0x60, 0x64, 0x67, 0x68, 0x69, 0x02, 0x6A, 0x02, 0x6B, 0x08, 0x6A, 
            0x01, 0x69, 0x01, 0x68, 0xA9, 0x66, 0x64, 0x62, 0x60, 0x5E, 0x5D, 0x5B, 0x58, 0x54, 0x50, 0x4C, 0x47, 0x42, 0x3C, 0x36, 0x2E, 0x27, 0x1F, 0x17, 
            0x10, 0x16, 0x1C, 0x22, 0x28, 0x2D, 0x31, 0x36, 0x39, 0x3D, 0x40, 0x43, 0x46, 0x48, 0x4B, 0x4D, 0x52, 0x56, 0x5B, 0x5F, 0x63, 0x65, 0x66, 0x01, 
            0x67, 0x94, 0x66, 0x65, 0x64, 0x62, 0x60, 0x5E, 0x5C, 0x57, 0x53, 0x4D, 0x46, 0x41, 0x3D, 0x38, 0x31, 0x2A, 0x22, 0x19, 0x11, 0x08, 0x01, 0x3B, 
            0x00, 0x8E, 0x03, 0x10, 0x1D, 0x2B, 0x37, 0x40, 0x49, 0x50, 0x56, 0x5B, 0x60, 0x64, 0x67, 0x69, 0x6A, 0x06, 0x6B, 0xA4, 0x6A, 0x69, 0x67, 0x64, 
            0x61, 0x5D, 0x57, 0x51, 0x4B, 0x46, 0x40, 0x3B, 0x36, 0x31, 0x2B, 0x25, 0x1F, 0x18, 0x12, 0x0C, 0x06, 0x07, 0x0C, 0x11, 0x16, 0x1B, 0x20, 0x27, 
            0x2E, 0x35, 0x3B, 0x42, 0x49, 0x50, 0x56, 0x5B, 0x5D, 0x02, 0x5E, 0x8F, 0x5D, 0x5B, 0x59, 0x54, 0x4D, 0x46, 0x4A, 0x50, 0x55, 0x58, 0x5C, 0x5F, 
            0x62, 0x64, 0x65, 0x66, 0x04, 0x67, 0x02, 0x68, 0x04, 0x76, 0x90, 0x75, 0x74, 0x71, 0x6C, 0x67, 0x62, 0x5C, 0x53, 0x4A, 0x41, 0x37, 0x2E, 0x24, 
            0x1B, 0x13, 0x0A, 0x01, 0x7F, 0x00, 0x2E, 0x00, 0x95, 0x06, 0x0D, 0x13, 0x1A, 0x20, 0x25, 0x2A, 0x2F, 0x34, 0x39, 0x3F, 0x45, 0x4C, 0x53, 0x59, 
            0x5E, 0x62, 0x65, 0x67, 0x69, 0x6B, 0x6D, 0x01, 0x6F, 0x90, 0x70, 0x71, 0x72, 0x71, 0x70, 0x6D, 0x6A, 0x65, 0x60, 0x5A, 0x54, 0x4A, 0x40, 0x33, 
            0x24, 0x13, 0x04, 0x06, 0x00, 0x93, 0x06, 0x10, 0x1A, 0x23, 0x2A, 0x31, 0x37, 0x3C, 0x40, 0x46, 0x4B, 0x51, 0x56, 0x5C, 0x61, 0x66, 0x6B, 0x6F, 
            0x71, 0x74, 0x01, 0x76, 0x06, 0x77, 0x87, 0x76, 0x74, 0x72, 0x6E, 0x6B, 0x6F, 0x72, 0x73, 0x01, 0x75, 0x10, 0x76, 0xA9, 0x75, 0x73, 0x71, 0x6F, 
            0x6D, 0x6B, 0x69, 0x65, 0x61, 0x5D, 0x58, 0x53, 0x4E, 0x48, 0x42, 0x3A, 0x32, 0x2A, 0x22, 0x19, 0x15, 0x1C, 0x21, 0x27, 0x2C, 0x31, 0x36, 0x39, 
            0x3D, 0x40, 0x43, 0x46, 0x49, 0x4C, 0x50, 0x54, 0x59, 0x5D, 0x61, 0x64, 0x68, 0x6A, 0x02, 0x6C, 0x92, 0x6B, 0x6A, 0x68, 0x66, 0x64, 0x61, 0x5C, 
            0x56, 0x4E, 0x48, 0x43, 0x3E, 0x37, 0x30, 0x28, 0x1F, 0x16, 0x0C, 0x03, 0x3C, 0x00, 0x8D, 0x07, 0x16, 0x26, 0x34, 0x40, 0x4C, 0x55, 0x5D, 0x64, 
            0x69, 0x6E, 0x71, 0x74, 0x76, 0x07, 0x77, 0x01, 0x76, 0xA2, 0x74, 0x72, 0x6F, 0x6A, 0x66, 0x60, 0x5A, 0x54, 0x4F, 0x49, 0x44, 0x3F, 0x3A, 0x33, 
            0x2D, 0x26, 0x1F, 0x19, 0x12, 0x0A, 0x03, 0x07, 0x0E, 0x14, 0x1C, 0x24, 0x2C, 0x35, 0x3C, 0x44, 0x4C, 0x53, 0x59, 0x5E, 0x60, 0x02, 0x62, 0x8E, 
            0x61, 0x5F, 0x5B, 0x55, 0x4E, 0x4C, 0x55, 0x5D, 0x62, 0x66, 0x69, 0x6C, 0x6F, 0x71, 0x73, 0x02, 0x74, 0x05, 0x75, 0x80, 0x82, 0x02, 0x83, 0x01, 
            0x82, 0x90, 0x80, 0x7D, 0x78, 0x73, 0x6E, 0x68, 0x60, 0x58, 0x4E, 0x43, 0x39, 0x30, 0x27, 0x1D, 0x14, 0x0B, 0x02, 0x7F, 0x00, 0x2B, 0x00, 0x98, 
            0x06, 0x0D, 0x16, 0x1D, 0x24, 0x2A, 0x30, 0x34, 0x39, 0x3D, 0x42, 0x48, 0x4D, 0x54, 0x5B, 0x61, 0x66, 0x6B, 0x6D, 0x6F, 0x72, 0x74, 0x76, 0x77, 
            0x78, 0x02, 0x7A, 0x8D, 0x79, 0x77, 0x74, 0x70, 0x6A, 0x65, 0x5F, 0x56, 0x4E, 0x43, 0x35, 0x26, 0x15, 0x04, 0x07, 0x00, 0x96, 0x09, 0x14, 0x1E, 
            0x27, 0x2E, 0x35, 0x3B, 0x41, 0x46, 0x4C, 0x52, 0x58, 0x5E, 0x64, 0x6A, 0x6E, 0x72, 0x77, 0x7A, 0x7D, 0x7F, 0x81, 0x82, 0x05, 0x83, 0x88, 0x82, 
            0x81, 0x7F, 0x7D, 0x79, 0x76, 0x7A, 0x7D, 0x7E, 0x01, 0x80, 0x01, 0x81, 0x08, 0x82, 0x04, 0x83, 0xAB, 0x82, 0x81, 0x80, 0x7E, 0x7B, 0x78, 0x76, 
            0x72, 0x6E, 0x6A, 0x66, 0x60, 0x5A, 0x54, 0x4D, 0x46, 0x3E, 0x36, 0x2E, 0x26, 0x1D, 0x19, 0x1F, 0x25, 0x2B, 0x30, 0x34, 0x37, 0x3A, 0x3D, 0x40, 
            0x44, 0x47, 0x4B, 0x4F, 0x54, 0x59, 0x5F, 0x63, 0x66, 0x69, 0x6C, 0x6E, 0x6F, 0x01, 0x70, 0x90, 0x6F, 0x6D, 0x6B, 0x68, 0x64, 0x5E, 0x57, 0x4F, 
            0x49, 0x42, 0x3C, 0x35, 0x2D, 0x24, 0x1A, 0x11, 0x07, 0x3D, 0x00, 0x8D, 0x0B, 0x1D, 0x2E, 0x3F, 0x4C, 0x57, 0x61, 0x6A, 0x71, 0x77, 0x7B, 0x7E, 
            0x81, 0x82, 0x08, 0x83, 0xA4, 0x82, 0x81, 0x7F, 0x7C, 0x78, 0x73, 0x6E, 0x69, 0x64, 0x5E, 0x59, 0x54, 0x4E, 0x49, 0x43, 0x3C, 0x35, 0x2D, 0x26, 
            0x1E, 0x16, 0x0D, 0x04, 0x03, 0x0B, 0x15, 0x1F, 0x29, 0x33, 0x3B, 0x43, 0x4C, 0x53, 0x5A, 0x5F, 0x61, 0x63, 0x01, 0x65, 0x8E, 0x64, 0x60, 0x5B, 
            0x55, 0x4C, 0x56, 0x60, 0x69, 0x6F, 0x73, 0x76, 0x79, 0x7B, 0x7E, 0x7F, 0x02, 0x81, 0x05, 0x82, 0x05, 0x8E, 0x91, 0x8D, 0x8A, 0x85, 0x80, 0x7B, 
            0x75, 0x6E, 0x65, 0x5B, 0x50, 0x46, 0x3C, 0x32, 0x29, 0x1F, 0x15, 0x0C, 0x04, 0x7F, 0x00, 0x28, 0x00, 0xAA, 0x04, 0x0C, 0x15, 0x1F, 0x28, 0x2F, 
            0x36, 0x3B, 0x40, 0x45, 0x4A, 0x4E, 0x53, 0x58, 0x5E, 0x64, 0x69, 0x6F, 0x74, 0x76, 0x78, 0x7B, 0x7C, 0x7E, 0x7F, 0x81, 0x83, 0x82, 0x81, 0x7F, 
            0x7C, 0x79, 0x75, 0x70, 0x69, 0x63, 0x59, 0x4F, 0x44, 0x36, 0x27, 0x15, 0x04, 0x08, 0x00, 0x96, 0x0A, 0x15, 0x1F, 0x28, 0x30, 0x37, 0x3D, 0x43, 
            0x49, 0x4F, 0x56, 0x5C, 0x63, 0x6A, 0x70, 0x75, 0x79, 0x7E, 0x82, 0x85, 0x88, 0x8B, 0x8D, 0x07, 0x8E, 0x8A, 0x8C, 0x8A, 0x87, 0x83, 0x80, 0x84, 
            0x87, 0x89, 0x8A, 0x8B, 0x8C, 0x02, 0x8D, 0x0D, 0x8E, 0xA8, 0x8C, 0x8A, 0x87, 0x84, 0x80, 0x7C, 0x78, 0x73, 0x6E, 0x68, 0x61, 0x5A, 0x53, 0x4B, 
            0x43, 0x3B, 0x33, 0x2B, 0x23, 0x1B, 0x21, 0x27, 0x2D, 0x31, 0x35, 0x38, 0x3B, 0x3E, 0x41, 0x44, 0x48, 0x4C, 0x52, 0x58, 0x5E, 0x64, 0x67, 0x6A, 
            0x6D, 0x6E, 0x6F, 0x03, 0x70, 0x8E, 0x6E, 0x6A, 0x65, 0x5F, 0x57, 0x50, 0x48, 0x3F, 0x38, 0x31, 0x29, 0x20, 0x15, 0x0C, 0x02, 0x3D, 0x00, 0x8C, 
            0x11, 0x24, 0x37, 0x49, 0x57, 0x62, 0x6D, 0x77, 0x7E, 0x84, 0x88, 0x8B, 0x8D, 0x0A, 0x8E, 0xA8, 0x8D, 0x8B, 0x89, 0x86, 0x81, 0x7C, 0x77, 0x73, 
            0x6E, 0x69, 0x65, 0x5F, 0x59, 0x53, 0x4C, 0x44, 0x3D, 0x35, 0x2C, 0x22, 0x18, 0x0E, 0x02, 0x00, 0x0A, 0x16, 0x22, 0x2E, 0x38, 0x40, 0x48, 0x51, 
            0x57, 0x5C, 0x60, 0x63, 0x65, 0x66, 0x64, 0x60, 0x5A, 0x01, 0x53, 0x89, 0x5E, 0x68, 0x73, 0x7A, 0x7E, 0x83, 0x85, 0x88, 0x8A, 0x8C, 0x01, 0x8D, 
            0x06, 0x8E, 0x05, 0x9A, 0x92, 0x99, 0x96, 0x92, 0x8D, 0x88, 0x83, 0x7C, 0x72, 0x69, 0x5E, 0x53, 0x48, 0x3E, 0x34, 0x2A, 0x1F, 0x16, 0x0D, 0x06, 
            0x7F, 0x00, 0x26, 0x00, 0x96, 0x09, 0x13, 0x1D, 0x27, 0x31, 0x3A, 0x41, 0x48, 0x4E, 0x54, 0x58, 0x5C, 0x61, 0x66, 0x6B, 0x6F, 0x74, 0x79, 0x7D, 
            0x7F, 0x82, 0x84, 0x85, 0x01, 0x87, 0x80, 0x89, 0x01, 0x8A, 0x8E, 0x88, 0x85, 0x81, 0x7E, 0x79, 0x74, 0x6D, 0x66, 0x5C, 0x50, 0x44, 0x37, 0x27, 
            0x15, 0x04, 0x09, 0x00, 0x98, 0x07, 0x12, 0x1C, 0x25, 0x2D, 0x34, 0x3B, 0x41, 0x48, 0x4E, 0x55, 0x5D, 0x65, 0x6D, 0x74, 0x7A, 0x7F, 0x84, 0x88, 
            0x8D, 0x90, 0x94, 0x97, 0x98, 0x99, 0x04, 0x9A, 0x01, 0x99, 0x8C, 0x97, 0x95, 0x92, 0x8E, 0x8A, 0x8E, 0x91, 0x93, 0x94, 0x95, 0x96, 0x97, 0x98, 
            0x02, 0x99, 0x0A, 0x9A, 0xA8, 0x99, 0x98, 0x96, 0x92, 0x8E, 0x8A, 0x86, 0x80, 0x7B, 0x75, 0x6F, 0x68, 0x61, 0x59, 0x52, 0x4A, 0x41, 0x39, 0x31, 
            0x29, 0x20, 0x21, 0x27, 0x2C, 0x30, 0x33, 0x35, 0x38, 0x3A, 0x3D, 0x41, 0x46, 0x4C, 0x53, 0x5A, 0x61, 0x66, 0x68, 0x6B, 0x6C, 0x6E, 0x04, 0x6F, 
            0x8C, 0x6C, 0x66, 0x5F, 0x55, 0x4D, 0x45, 0x3D, 0x35, 0x2D, 0x24, 0x1B, 0x11, 0x07, 0x3D, 0x00, 0x8D, 0x02, 0x16, 0x2B, 0x40, 0x53, 0x62, 0x6F, 
            0x7A, 0x83, 0x8B, 0x90, 0x94, 0x97, 0x99, 0x0A, 0x9A, 0x96, 0x99, 0x97, 0x95, 0x92, 0x8F, 0x8B, 0x86, 0x81, 0x7D, 0x79, 0x75, 0x70, 0x6B, 0x64, 
            0x5D, 0x55, 0x4C, 0x43, 0x3A, 0x30, 0x25, 0x17, 0x09, 0x01, 0x00, 0x8A, 0x0A, 0x17, 0x24, 0x30, 0x3A, 0x42, 0x4A, 0x52, 0x57, 0x5D, 0x61, 0x01, 
            0x64, 0x8F, 0x62, 0x5E, 0x58, 0x50, 0x58, 0x64, 0x6F, 0x7A, 0x83, 0x88, 0x8D, 0x91, 0x93, 0x95, 0x97, 0x98, 0x01, 0x99, 0x05, 0x9A, 0x05, 0xA5, 
            0x94, 0xA4, 0xA2, 0x9E, 0x9A, 0x95, 0x90, 0x89, 0x80, 0x76, 0x6B, 0x60, 0x54, 0x49, 0x3F, 0x34, 0x2A, 0x1F, 0x16, 0x0F, 0x08, 0x03, 0x53, 0x00, 
            0x85, 0x01, 0x03, 0x04, 0x03, 0x02, 0x01, 0x48, 0x00, 0x97, 0x03, 0x0E, 0x1A, 0x25, 0x30, 0x3A, 0x44, 0x4D, 0x56, 0x5C, 0x62, 0x68, 0x6D, 0x72, 
            0x75, 0x79, 0x7C, 0x80, 0x84, 0x87, 0x89, 0x8C, 0x8D, 0x8E, 0x01, 0x8F, 0x01, 0x90, 0x8F, 0x8F, 0x8D, 0x89, 0x85, 0x80, 0x7B, 0x76, 0x70, 0x68, 
            0x5E, 0x52, 0x44, 0x35, 0x25, 0x15, 0x03, 0x0B, 0x00, 0x97, 0x0B, 0x15, 0x1E, 0x26, 0x2D, 0x35, 0x3B, 0x43, 0x4A, 0x53, 0x5B, 0x63, 0x6D, 0x76, 
            0x7D, 0x83, 0x89, 0x8E, 0x94, 0x99, 0x9D, 0xA0, 0xA3, 0xA4, 0x05, 0xA5, 0x85, 0xA4, 0xA3, 0xA2, 0xA0, 0x9D, 0x99, 0x01, 0x96, 0x86, 0x99, 0x9C, 
            0x9E, 0x9F, 0xA0, 0xA2, 0xA3, 0x01, 0xA4, 0x0C, 0xA5, 0xA8, 0xA3, 0xA0, 0x9C, 0x99, 0x95, 0x90, 0x8A, 0x84, 0x7E, 0x77, 0x6F, 0x68, 0x60, 0x59, 
            0x51, 0x48, 0x40, 0x38, 0x2F, 0x26, 0x1E, 0x21, 0x25, 0x29, 0x2B, 0x2E, 0x30, 0x33, 0x37, 0x3C, 0x42, 0x49, 0x52, 0x5A, 0x5E, 0x62, 0x65, 0x68, 
            0x6A, 0x6B, 0x6C, 0x01, 0x6D, 0x8D, 0x6C, 0x68, 0x64, 0x5C, 0x53, 0x4A, 0x41, 0x38, 0x30, 0x27, 0x1E, 0x15, 0x0B, 0x02, 0x3D, 0x00, 0x8D, 0x05, 
            0x1B, 0x31, 0x48, 0x5B, 0x6D, 0x7C, 0x87, 0x8F, 0x96, 0x9B, 0x9F, 0xA2, 0xA4, 0x0B, 0xA5, 0x96, 0xA3, 0xA1, 0x9E, 0x9B, 0x98, 0x94, 0x90, 0x8C, 
            0x88, 0x84, 0x80, 0x7B, 0x74, 0x6D, 0x65, 0x5B, 0x51, 0x47, 0x3C, 0x30, 0x21, 0x12, 0x03, 0x01, 0x00, 0x89, 0x0A, 0x17, 0x24, 0x2F, 0x39, 0x41, 
            0x49, 0x51, 0x56, 0x5B, 0x01, 0x5F, 0x8E, 0x5D, 0x59, 0x53, 0x4B, 0x59, 0x68, 0x75, 0x7F, 0x87, 0x90, 0x96, 0x9B, 0x9E, 0xA1, 0xA2, 0x01, 0xA4, 
            0x06, 0xA5, 0x05, 0xB1, 0x97, 0xB0, 0xAE, 0xAB, 0xA6, 0xA2, 0x9C, 0x96, 0x8D, 0x83, 0x78, 0x6D, 0x61, 0x56, 0x4B, 0x3F, 0x34, 0x29, 0x1F, 0x17, 
            0x10, 0x0B, 0x07, 0x04, 0x01, 0x4E, 0x00, 0x8A, 0x05, 0x0B, 0x10, 0x13, 0x14, 0x13, 0x12, 0x0F, 0x0C, 0x07, 0x02, 0x44, 0x00, 0x94, 0x06, 0x13, 
            0x20, 0x2C, 0x38, 0x43, 0x4E, 0x58, 0x61, 0x6A, 0x72, 0x79, 0x7D, 0x81, 0x84, 0x87, 0x8A, 0x8D, 0x8F, 0x90, 0x93, 0x01, 0x95, 0x03, 0x97, 0x90, 
            0x96, 0x94, 0x90, 0x8C, 0x87, 0x81, 0x7C, 0x76, 0x70, 0x68, 0x5E, 0x51, 0x42, 0x32, 0x22, 0x11, 0x01, 0x0D, 0x00, 0x96, 0x09, 0x13, 0x1B, 0x22, 
            0x2A, 0x31, 0x39, 0x42, 0x4B, 0x56, 0x60, 0x6B, 0x75, 0x7E, 0x86, 0x8D, 0x94, 0x9A, 0xA1, 0xA6, 0xAA, 0xAD, 0xAF, 0x05, 0xB0, 0x01, 0xAF, 0x8F, 
            0xAE, 0xAC, 0xAA, 0xA8, 0xA5, 0xA2, 0xA0, 0x9F, 0xA2, 0xA5, 0xA8, 0xAA, 0xAB, 0xAD, 0xAE, 0xAF, 0x01, 0xB0, 0x08, 0xB1, 0xA9, 0xB0, 0xAF, 0xAD, 
            0xAA, 0xA7, 0xA3, 0x9E, 0x99, 0x93, 0x8C, 0x85, 0x7D, 0x75, 0x6E, 0x66, 0x5E, 0x57, 0x4F, 0x46, 0x3D, 0x34, 0x2B, 0x24, 0x1E, 0x1A, 0x1D, 0x1F, 
            0x21, 0x24, 0x28, 0x2E, 0x34, 0x3C, 0x45, 0x4C, 0x51, 0x55, 0x58, 0x5C, 0x61, 0x63, 0x65, 0x01, 0x66, 0x8C, 0x65, 0x61, 0x5D, 0x56, 0x4D, 0x45, 
            0x3D, 0x33, 0x29, 0x20, 0x17, 0x0E, 0x04, 0x3E, 0x00, 0x8E, 0x08, 0x1F, 0x37, 0x4E, 0x63, 0x76, 0x85, 0x91, 0x9A, 0xA0, 0xA5, 0xA9, 0xAD, 0xAF, 
            0xB0, 0x08, 0xB1, 0x01, 0xB0, 0x96, 0xAE, 0xAC, 0xA9, 0xA6, 0xA2, 0x9F, 0x9C, 0x99, 0x96, 0x92, 0x8E, 0x89, 0x83, 0x7B, 0x72, 0x68, 0x5F, 0x54, 
            0x48, 0x3A, 0x2B, 0x1C, 0x0A, 0x02, 0x00, 0x9B, 0x08, 0x15, 0x21, 0x2B, 0x34, 0x3D, 0x46, 0x4B, 0x50, 0x54, 0x56, 0x54, 0x4F, 0x4A, 0x48, 0x5A, 
            0x69, 0x77, 0x83, 0x8C, 0x93, 0x9A, 0xA0, 0xA5, 0xAA, 0xAC, 0xAE, 0xAF, 0x03, 0xB0, 0x02, 0xB1, 0x05, 0xBC, 0x99, 0xBB, 0xBA, 0xB7, 0xB3, 0xAE, 
            0xA9, 0xA2, 0x9B, 0x91, 0x87, 0x7B, 0x70, 0x64, 0x58, 0x4C, 0x3F, 0x33, 0x29, 0x21, 0x19, 0x13, 0x0E, 0x0A, 0x07, 0x04, 0x01, 0x4A, 0x00, 0x85, 
            0x03, 0x0D, 0x15, 0x1C, 0x22, 0x25, 0x01, 0x26, 0x86, 0x24, 0x21, 0x1D, 0x17, 0x11, 0x0A, 0x03, 0x41, 0x00, 0x97, 0x09, 0x17, 0x25, 0x32, 0x3F, 
            0x4B, 0x57, 0x62, 0x6C, 0x77, 0x80, 0x87, 0x8C, 0x90, 0x93, 0x95, 0x97, 0x98, 0x99, 0x9B, 0x9C, 0x9D, 0x9E, 0x9F, 0x02, 0x9E, 0x8F, 0x9C, 0x98, 
            0x92, 0x8C, 0x87, 0x80, 0x7C, 0x76, 0x6E, 0x65, 0x5A, 0x4C, 0x3C, 0x2B, 0x1B, 0x0B, 0x10, 0x00, 0x96, 0x04, 0x0C, 0x14, 0x1C, 0x24, 0x2C, 0x36, 
            0x40, 0x4C, 0x5A, 0x67, 0x73, 0x7E, 0x88, 0x91, 0x9A, 0xA1, 0xA8, 0xAF, 0xB3, 0xB7, 0xBA, 0xBB, 0x03, 0xBC, 0x01, 0xBB, 0x93, 0xBA, 0xB9, 0xB8, 
            0xB6, 0xB4, 0xB2, 0xB1, 0xAF, 0xAD, 0xAA, 0xA7, 0xAB, 0xAE, 0xB1, 0xB4, 0xB6, 0xB7, 0xB9, 0xBA, 0xBB, 0x08, 0xBC, 0xB6, 0xBB, 0xB9, 0xB7, 0xB3, 
            0xB0, 0xAB, 0xA6, 0xA0, 0x9A, 0x93, 0x8A, 0x82, 0x7A, 0x72, 0x6A, 0x63, 0x5A, 0x52, 0x48, 0x3E, 0x35, 0x2D, 0x26, 0x20, 0x1B, 0x15, 0x10, 0x12, 
            0x16, 0x1C, 0x22, 0x2A, 0x32, 0x39, 0x3F, 0x43, 0x47, 0x4A, 0x50, 0x53, 0x56, 0x57, 0x59, 0x5A, 0x57, 0x54, 0x4E, 0x47, 0x3E, 0x36, 0x2D, 0x22, 
            0x18, 0x0F, 0x07, 0x3F, 0x00, 0x8E, 0x09, 0x23, 0x3B, 0x53, 0x69, 0x7D, 0x8C, 0x98, 0xA0, 0xA7, 0xAE, 0xB3, 0xB6, 0xBA, 0xBB, 0x09, 0xBC, 0x97, 
            0xBB, 0xB9, 0xB7, 0xB4, 0xB0, 0xAC, 0xA9, 0xA6, 0xA4, 0xA1, 0x9E, 0x9B, 0x96, 0x90, 0x89, 0x7F, 0x74, 0x69, 0x5E, 0x51, 0x43, 0x34, 0x23, 0x0F, 
            0x03, 0x00, 0x9C, 0x04, 0x10, 0x1B, 0x25, 0x2F, 0x36, 0x3D, 0x42, 0x46, 0x48, 0x47, 0x42, 0x3C, 0x42, 0x56, 0x66, 0x74, 0x81, 0x8D, 0x96, 0x9B, 
            0xA2, 0xA9, 0xAE, 0xB3, 0xB6, 0xB8, 0xB9, 0xBA, 0x02, 0xBB, 0x01, 0xBC, 0x06, 0xC7, 0x98, 0xC5, 0xC3, 0xBF, 0xBB, 0xB6, 0xAF, 0xA9, 0xA0, 0x96, 
            0x8B, 0x80, 0x74, 0x69, 0x5C, 0x4F, 0x41, 0x36, 0x2C, 0x23, 0x1C, 0x15, 0x10, 0x0B, 0x07, 0x03, 0x49, 0x00, 0x91, 0x04, 0x11, 0x1D, 0x25, 0x2D, 
            0x33, 0x36, 0x38, 0x39, 0x37, 0x33, 0x2E, 0x29, 0x22, 0x1A, 0x13, 0x0C, 0x05, 0x3E, 0x00, 0x91, 0x0A, 0x19, 0x28, 0x36, 0x45, 0x52, 0x5F, 0x6B, 
            0x76, 0x82, 0x8C, 0x93, 0x99, 0x9D, 0xA0, 0xA1, 0xA2, 0xA3, 0x02, 0xA5, 0x81, 0xA6, 0xA7, 0x02, 0xA6, 0x90, 0xA4, 0xA1, 0x9A, 0x92, 0x8C, 0x86, 
            0x7F, 0x79, 0x72, 0x6A, 0x60, 0x54, 0x44, 0x32, 0x21, 0x10, 0x01, 0x13, 0x00, 0x94, 0x03, 0x0B, 0x13, 0x1D, 0x27, 0x33, 0x41, 0x50, 0x60, 0x70, 
            0x7D, 0x89, 0x94, 0x9E, 0xA7, 0xAF, 0xB7, 0xBC, 0xC1, 0xC4, 0xC6, 0x04, 0xC7, 0x96, 0xC6, 0xC5, 0xC4, 0xC2, 0xC1, 0xC0, 0xBE, 0xBC, 0xBB, 0xB9, 
            0xB7, 0xB5, 0xB2, 0xAF, 0xB4, 0xB7, 0xBB, 0xBD, 0xC0, 0xC2, 0xC3, 0xC5, 0xC6, 0x06, 0xC7, 0xB5, 0xC6, 0xC4, 0xC2, 0xBF, 0xBB, 0xB7, 0xB3, 0xAE, 
            0xA7, 0xA0, 0x98, 0x90, 0x87, 0x7E, 0x75, 0x6D, 0x64, 0x5B, 0x51, 0x46, 0x3C, 0x32, 0x2A, 0x22, 0x1B, 0x15, 0x0E, 0x07, 0x01, 0x06, 0x0C, 0x14, 
            0x1B, 0x23, 0x2A, 0x30, 0x34, 0x38, 0x3E, 0x41, 0x44, 0x46, 0x49, 0x4B, 0x4A, 0x47, 0x42, 0x3D, 0x35, 0x2D, 0x25, 0x1B, 0x11, 0x07, 0x40, 0x00, 
            0x8E, 0x0B, 0x24, 0x3D, 0x55, 0x6B, 0x7F, 0x8E, 0x9A, 0xA2, 0xAA, 0xB3, 0xB9, 0xBD, 0xC2, 0xC5, 0x09, 0xC7, 0x97, 0xC5, 0xC3, 0xC0, 0xBE, 0xBA, 
            0xB6, 0xB1, 0xAD, 0xAA, 0xA7, 0xA5, 0xA2, 0x9E, 0x99, 0x92, 0x88, 0x7D, 0x72, 0x65, 0x58, 0x49, 0x39, 0x26, 0x11, 0x05, 0x00, 0x86, 0x09, 0x13, 
            0x1D, 0x24, 0x2A, 0x30, 0x33, 0x01, 0x35, 0x93, 0x31, 0x2B, 0x38, 0x4C, 0x5D, 0x6D, 0x7C, 0x87, 0x91, 0x9A, 0xA3, 0xAA, 0xB0, 0xB5, 0xBA, 0xBD, 
            0xC0, 0xC2, 0xC3, 0xC4, 0x01, 0xC5, 0x80, 0xC6, 0x81, 0xD0, 0xD1, 0x03, 0xD2, 0x99, 0xD1, 0xD0, 0xCE, 0xCB, 0xC7, 0xC2, 0xBC, 0xB6, 0xAF, 0xA6, 
            0x9D, 0x92, 0x86, 0x7A, 0x6E, 0x61, 0x53, 0x45, 0x39, 0x2D, 0x23, 0x1A, 0x13, 0x0C, 0x07, 0x02, 0x48, 0x00, 0x94, 0x01, 0x10, 0x1F, 0x2B, 0x34, 
            0x3B, 0x41, 0x45, 0x48, 0x4A, 0x49, 0x45, 0x40, 0x3A, 0x34, 0x2C, 0x24, 0x1D, 0x15, 0x0D, 0x07, 0x3B, 0x00, 0x8F, 0x06, 0x17, 0x28, 0x38, 0x48, 
            0x57, 0x66, 0x73, 0x80, 0x8C, 0x96, 0x9E, 0xA5, 0xA9, 0xAB, 0xAC, 0x02, 0xAE, 0x82, 0xAF, 0xB0, 0xAF, 0x02, 0xAE, 0x90, 0xAC, 0xA9, 0xA3, 0x9A, 
            0x92, 0x8C, 0x84, 0x7B, 0x75, 0x6C, 0x63, 0x58, 0x49, 0x38, 0x25, 0x14, 0x03, 0x17, 0x00, 0x93, 0x02, 0x0B, 0x17, 0x25, 0x34, 0x46, 0x59, 0x6B, 
            0x7C, 0x8A, 0x96, 0xA2, 0xAD, 0xB5, 0xBE, 0xC5, 0xC9, 0xCE, 0xD0, 0xD1, 0x03, 0xD2, 0x8D, 0xD1, 0xD0, 0xCF, 0xCD, 0xCB, 0xCA, 0xC8, 0xC7, 0xC5, 
            0xC3, 0xC1, 0xBF, 0xBC, 0xBA, 0x01, 0xB6, 0x88, 0xBB, 0xBF, 0xC3, 0xC6, 0xC8, 0xCA, 0xCC, 0xCD, 0xCF, 0x02, 0xD0, 0x01, 0xCF, 0x9B, 0xCE, 0xCD, 
            0xCC, 0xCA, 0xC7, 0xC3, 0xBE, 0xB9, 0xB3, 0xAC, 0xA4, 0x9C, 0x93, 0x89, 0x80, 0x76, 0x6D, 0x62, 0x57, 0x4B, 0x3F, 0x34, 0x2A, 0x21, 0x18, 0x10, 
            0x08, 0x01, 0x03, 0x00, 0x95, 0x07, 0x0E, 0x15, 0x1A, 0x1F, 0x25, 0x2A, 0x2F, 0x33, 0x35, 0x38, 0x3A, 0x39, 0x36, 0x33, 0x30, 0x2A, 0x23, 0x1B, 
            0x13, 0x09, 0x01, 0x40, 0x00, 0x8F, 0x0E, 0x26, 0x3E, 0x55, 0x69, 0x7B, 0x8B, 0x98, 0xA3, 0xAC, 0xB4, 0xBB, 0xC2, 0xC7, 0xCD, 0xD0, 0x08, 0xD2, 
            0x97, 0xD0, 0xCD, 0xCA, 0xC7, 0xC3, 0xBE, 0xB9, 0xB4, 0xB0, 0xAC, 0xA8, 0xA4, 0xA0, 0x9B, 0x94, 0x8C, 0x81, 0x75, 0x68, 0x59, 0x4A, 0x38, 0x24, 
            0x0E, 0x06, 0x00, 0x9E, 0x01, 0x0A, 0x10, 0x16, 0x1A, 0x1E, 0x1F, 0x1E, 0x1B, 0x17, 0x29, 0x3E, 0x4F, 0x5D, 0x6C, 0x7A, 0x86, 0x91, 0x9C, 0xA6, 
            0xAE, 0xB5, 0xB9, 0xBE, 0xC2, 0xC5, 0xC8, 0xCA, 0xCC, 0xCE, 0xCF, 0x82, 0xD8, 0xDA, 0xDB, 0x03, 0xDC, 0x97, 0xDA, 0xD9, 0xD7, 0xD3, 0xCF, 0xC9, 
            0xC3, 0xBE, 0xB7, 0xAE, 0xA5, 0x9A, 0x8D, 0x80, 0x72, 0x64, 0x55, 0x45, 0x37, 0x2A, 0x1E, 0x14, 0x0B, 0x03, 0x49, 0x00, 0x96, 0x0A, 0x1B, 0x2A, 
            0x37, 0x40, 0x47, 0x4E, 0x52, 0x55, 0x58, 0x57, 0x55, 0x51, 0x4B, 0x44, 0x3D, 0x36, 0x2E, 0x26, 0x1E, 0x15, 0x0D, 0x05, 0x39, 0x00, 0x8D, 0x10, 
            0x22, 0x35, 0x48, 0x59, 0x6A, 0x79, 0x88, 0x95, 0x9F, 0xA7, 0xAF, 0xB2, 0xB5, 0x01, 0xB7, 0x82, 0xB8, 0xB9, 0xB8, 0x02, 0xB7, 0x91, 0xB6, 0xB4, 
            0xB1, 0xAA, 0xA0, 0x99, 0x91, 0x88, 0x7E, 0x76, 0x6D, 0x63, 0x59, 0x4B, 0x3A, 0x28, 0x16, 0x04, 0x1B, 0x00, 0x91, 0x07, 0x15, 0x26, 0x3A, 0x4F, 
            0x65, 0x79, 0x89, 0x97, 0xA4, 0xB1, 0xBA, 0xC3, 0xCC, 0xD1, 0xD5, 0xD9, 0xDB, 0x01, 0xDC, 0x80, 0xDD, 0x01, 0xDC, 0x96, 0xDB, 0xDA, 0xD8, 0xD6, 
            0xD3, 0xD1, 0xCE, 0xCC, 0xC9, 0xC6, 0xC4, 0xC1, 0xBF, 0xBC, 0xB9, 0xB8, 0xBC, 0xC1, 0xC4, 0xC8, 0xCB, 0xCD, 0xCE, 0x01, 0xCF, 0x80, 0xD0, 0x05, 
            0xD1, 0x96, 0xCF, 0xCE, 0xCC, 0xC8, 0xC3, 0xBD, 0xB7, 0xAF, 0xA6, 0x9C, 0x93, 0x89, 0x80, 0x75, 0x68, 0x5B, 0x4D, 0x40, 0x32, 0x26, 0x1B, 0x11, 
            0x08, 0x07, 0x00, 0x88, 0x02, 0x07, 0x0B, 0x10, 0x15, 0x1A, 0x1D, 0x22, 0x26, 0x01, 0x27, 0x87, 0x25, 0x22, 0x20, 0x1C, 0x17, 0x11, 0x0A, 0x02, 
            0x41, 0x00, 0x90, 0x11, 0x27, 0x3D, 0x51, 0x64, 0x74, 0x84, 0x92, 0x9E, 0xA9, 0xB2, 0xBA, 0xC2, 0xCA, 0xD0, 0xD7, 0xDB, 0x06, 0xDD, 0x98, 0xDC, 
            0xD9, 0xD6, 0xD3, 0xCF, 0xCA, 0xC4, 0xBE, 0xB8, 0xB3, 0xAE, 0xAA, 0xA5, 0xA0, 0x99, 0x92, 0x88, 0x7D, 0x70, 0x63, 0x53, 0x43, 0x30, 0x1A, 0x04, 
            0x09, 0x00, 0x9B, 0x02, 0x05, 0x07, 0x08, 0x07, 0x05, 0x03, 0x16, 0x29, 0x3A, 0x49, 0x57, 0x64, 0x72, 0x7F, 0x8B, 0x98, 0xA3, 0xAC, 0xB4, 0xBB, 
            0xC0, 0xC5, 0xC9, 0xCD, 0xD1, 0xD3, 0xD6, 0x82, 0xDE, 0xE1, 0xE3, 0x03, 0xE5, 0x96, 0xE4, 0xE2, 0xE1, 0xDF, 0xDB, 0xD6, 0xD0, 0xCB, 0xC5, 0xBE, 
            0xB6, 0xAD, 0xA1, 0x94, 0x86, 0x76, 0x65, 0x54, 0x42, 0x30, 0x20, 0x12, 0x06, 0x49, 0x00, 0x98, 0x03, 0x13, 0x23, 0x32, 0x3F, 0x49, 0x50, 0x56, 
            0x5C, 0x60, 0x62, 0x63, 0x62, 0x5F, 0x5B, 0x55, 0x4D, 0x46, 0x3F, 0x36, 0x2E, 0x25, 0x1C, 0x12, 0x08, 0x37, 0x00, 0x8F, 0x04, 0x17, 0x2C, 0x42, 
            0x56, 0x6A, 0x7D, 0x8E, 0x9C, 0xA7, 0xB0, 0xB7, 0xBA, 0xBE, 0xBF, 0xC0, 0x01, 0xC1, 0x01, 0xBF, 0x92, 0xC0, 0xBF, 0xBC, 0xB7, 0xAF, 0xA6, 0x9E, 
            0x96, 0x8C, 0x81, 0x78, 0x6E, 0x64, 0x58, 0x4A, 0x39, 0x27, 0x16, 0x05, 0x1E, 0x00, 0x92, 0x06, 0x18, 0x2E, 0x44, 0x5C, 0x73, 0x87, 0x97, 0xA5, 
            0xB3, 0xBE, 0xC6, 0xCF, 0xD6, 0xDB, 0xE0, 0xE3, 0xE5, 0xE6, 0x01, 0xE7, 0x01, 0xE6, 0x94, 0xE5, 0xE2, 0xE0, 0xDC, 0xD9, 0xD5, 0xD1, 0xCC, 0xC7, 
            0xC3, 0xC0, 0xBE, 0xBC, 0xB9, 0xB6, 0xB5, 0xBA, 0xBF, 0xC2, 0xC5, 0xC7, 0x02, 0xC9, 0x01, 0xCA, 0x80, 0xCB, 0x01, 0xCC, 0x97, 0xCD, 0xCE, 0xCF, 
            0xCE, 0xCC, 0xCA, 0xC8, 0xC5, 0xBF, 0xB7, 0xAE, 0xA4, 0x99, 0x8E, 0x82, 0x75, 0x67, 0x59, 0x4A, 0x3B, 0x2C, 0x1E, 0x12, 0x07, 0x0C, 0x00, 0x84, 
            0x01, 0x05, 0x08, 0x0D, 0x10, 0x01, 0x13, 0x86, 0x12, 0x11, 0x0F, 0x0D, 0x0A, 0x06, 0x01, 0x41, 0x00, 0x93, 0x01, 0x14, 0x28, 0x3A, 0x4B, 0x5B, 
            0x69, 0x77, 0x86, 0x94, 0x9F, 0xA9, 0xB3, 0xBD, 0xC7, 0xD0, 0xD8, 0xE0, 0xE5, 0xE7, 0x03, 0xE8, 0x98, 0xE7, 0xE5, 0xE1, 0xDD, 0xD8, 0xD3, 0xCD, 
            0xC7, 0xC0, 0xB9, 0xB3, 0xAC, 0xA7, 0xA1, 0x9C, 0x94, 0x8A, 0x80, 0x74, 0x66, 0x56, 0x46, 0x34, 0x20, 0x0C, 0x11, 0x00, 0x94, 0x01, 0x0F, 0x1E, 
            0x2C, 0x3B, 0x49, 0x57, 0x65, 0x73, 0x81, 0x8F, 0x9C, 0xA7, 0xB0, 0xB9, 0xC1, 0xC7, 0xCC, 0xD1, 0xD6, 0xDA, 0x83, 0xE1, 0xE6, 0xEA, 0xEC, 0x03, 
            0xED, 0x94, 0xEC, 0xEA, 0xE8, 0xE6, 0xE2, 0xDD, 0xD8, 0xD3, 0xCD, 0xC5, 0xBC, 0xB2, 0xA5, 0x96, 0x85, 0x73, 0x60, 0x4C, 0x37, 0x22, 0x0F, 0x4A, 
            0x00, 0x99, 0x0B, 0x1B, 0x29, 0x36, 0x42, 0x4C, 0x55, 0x5C, 0x62, 0x67, 0x6A, 0x6C, 0x6D, 0x6B, 0x68, 0x63, 0x5D, 0x56, 0x4E, 0x46, 0x3E, 0x35, 
            0x2B, 0x21, 0x15, 0x0A, 0x36, 0x00, 0xA4, 0x06, 0x1C, 0x35, 0x4C, 0x65, 0x7C, 0x90, 0xA0, 0xAC, 0xB7, 0xBE, 0xC2, 0xC5, 0xC6, 0xC7, 0xC8, 0xC7, 
            0xC6, 0xC7, 0xC6, 0xC3, 0xBD, 0xB4, 0xAC, 0xA4, 0x9B, 0x91, 0x85, 0x7B, 0x70, 0x64, 0x58, 0x48, 0x37, 0x25, 0x13, 0x03, 0x21, 0x00, 0x92, 0x0A, 
            0x20, 0x38, 0x51, 0x69, 0x80, 0x93, 0xA3, 0xB1, 0xBE, 0xC7, 0xCF, 0xD8, 0xDF, 0xE3, 0xE8, 0xEB, 0xED, 0xEF, 0x01, 0xF0, 0x95, 0xEF, 0xEE, 0xEC, 
            0xE9, 0xE5, 0xE0, 0xD9, 0xD2, 0xCC, 0xC5, 0xBE, 0xBA, 0xB8, 0xB6, 0xB4, 0xB1, 0xAD, 0xAF, 0xB3, 0xB7, 0xBA, 0xBC, 0x01, 0xBD, 0x02, 0xBE, 0x83, 
            0xBF, 0xC1, 0xC3, 0xC5, 0x01, 0xC7, 0x93, 0xC6, 0xC5, 0xC4, 0xC2, 0xBF, 0xBB, 0xB6, 0xAE, 0xA4, 0x99, 0x8C, 0x7E, 0x71, 0x62, 0x52, 0x42, 0x31, 
            0x21, 0x13, 0x06, 0x14, 0x00, 0x01, 0x01, 0x46, 0x00, 0x94, 0x06, 0x15, 0x25, 0x34, 0x42, 0x4F, 0x5C, 0x68, 0x76, 0x84, 0x92, 0x9F, 0xA9, 0xB4, 
            0xBF, 0xCA, 0xD5, 0xE0, 0xE8, 0xEE, 0xF1, 0x01, 0xF2, 0x98, 0xF1, 0xEF, 0xEC, 0xE7, 0xE2, 0xDB, 0xD6, 0xD0, 0xC8, 0xC0, 0xB8, 0xAF, 0xA8, 0xA1, 
            0x9A, 0x94, 0x8B, 0x80, 0x73, 0x65, 0x55, 0x45, 0x34, 0x21, 0x0E, 0x14, 0x00, 0x92, 0x01, 0x0C, 0x18, 0x26, 0x35, 0x45, 0x54, 0x64, 0x74, 0x83, 
            0x92, 0xA0, 0xAC, 0xB7, 0xC1, 0xC9, 0xD0, 0xD6, 0xDC, 0x83, 0xDA, 0xE0, 0xE6, 0xE9, 0x04, 0xEC, 0x93, 0xEB, 0xE9, 0xE6, 0xE3, 0xE0, 0xDC, 0xD8, 
            0xD3, 0xCB, 0xC2, 0xB6, 0xAA, 0x9B, 0x89, 0x77, 0x63, 0x4E, 0x38, 0x21, 0x0B, 0x49, 0x00, 0x9B, 0x01, 0x11, 0x1F, 0x2B, 0x36, 0x40, 0x49, 0x52, 
            0x5B, 0x62, 0x67, 0x6B, 0x6F, 0x70, 0x71, 0x70, 0x6C, 0x68, 0x62, 0x5B, 0x53, 0x4B, 0x42, 0x39, 0x2E, 0x22, 0x16, 0x09, 0x35, 0x00, 0x8D, 0x07, 
            0x1F, 0x39, 0x55, 0x70, 0x87, 0x9B, 0xA9, 0xB5, 0xBC, 0xC0, 0xC3, 0xC4, 0xC6, 0x02, 0xC5, 0x90, 0xC4, 0xC1, 0xBB, 0xB2, 0xAB, 0xA3, 0x9A, 0x90, 
            0x84, 0x7A, 0x6E, 0x62, 0x55, 0x44, 0x32, 0x20, 0x0E, 0x25, 0x00, 0x92, 0x10, 0x28, 0x41, 0x59, 0x72, 0x87, 0x98, 0xA6, 0xB3, 0xBE, 0xC7, 0xCE, 
            0xD5, 0xDC, 0xE2, 0xE5, 0xE8, 0xEA, 0xEC, 0x01, 0xED, 0x95, 0xEC, 0xEA, 0xE7, 0xE3, 0xDE, 0xD6, 0xCD, 0xC4, 0xBB, 0xB3, 0xAB, 0xA6, 0xA4, 0xA2, 
            0xA0, 0x9C, 0x99, 0x9C, 0xA1, 0xA4, 0xA7, 0xA8, 0x02, 0xA9, 0x01, 0xAA, 0x84, 0xAB, 0xAC, 0xAD, 0xB0, 0xB3, 0x01, 0xB4, 0x90, 0xB3, 0xB0, 0xAC, 
            0xA8, 0xA3, 0x9C, 0x93, 0x87, 0x7B, 0x6E, 0x60, 0x52, 0x42, 0x32, 0x21, 0x13, 0x05, 0x5E, 0x00, 0x94, 0x08, 0x14, 0x20, 0x2A, 0x34, 0x3D, 0x47, 
            0x53, 0x60, 0x6E, 0x7C, 0x8A, 0x97, 0xA4, 0xAF, 0xBC, 0xC8, 0xD4, 0xE0, 0xE8, 0xED, 0x01, 0xEF, 0x97, 0xEE, 0xEB, 0xE7, 0xE2, 0xDC, 0xD6, 0xD0, 
            0xC9, 0xC1, 0xB8, 0xAD, 0xA4, 0x9D, 0x95, 0x8C, 0x82, 0x78, 0x6C, 0x5F, 0x4F, 0x3F, 0x2F, 0x1E, 0x0C, 0x18, 0x00, 0x8F, 0x02, 0x0F, 0x1E, 0x2F, 
            0x40, 0x51, 0x62, 0x73, 0x84, 0x95, 0xA4, 0xB0, 0xB9, 0xC3, 0xCC, 0xD3, 0x84, 0xCE, 0xD6, 0xDD, 0xE2, 0xE6, 0x04, 0xE8, 0x92, 0xE7, 0xE5, 0xE2, 
            0xDF, 0xDB, 0xD7, 0xD2, 0xCB, 0xC2, 0xB7, 0xAB, 0x9C, 0x8B, 0x79, 0x62, 0x4B, 0x33, 0x1B, 0x04, 0x49, 0x00, 0x9C, 0x06, 0x15, 0x21, 0x2B, 0x34, 
            0x3C, 0x44, 0x4C, 0x54, 0x5C, 0x64, 0x6A, 0x6F, 0x72, 0x73, 0x74, 0x73, 0x70, 0x6C, 0x66, 0x5F, 0x57, 0x4F, 0x46, 0x3C, 0x31, 0x24, 0x16, 0x0A, 
            0x34, 0x00, 0x8B, 0x08, 0x20, 0x3D, 0x5C, 0x78, 0x8E, 0xA0, 0xAD, 0xB6, 0xBB, 0xBD, 0xBE, 0x03, 0xC0, 0x8F, 0xBE, 0xB8, 0xB0, 0xA8, 0xA0, 0x97, 
            0x8D, 0x82, 0x78, 0x6D, 0x60, 0x52, 0x41, 0x2F, 0x1C, 0x0A, 0x28, 0x00, 0x92, 0x15, 0x2E, 0x47, 0x5F, 0x76, 0x88, 0x98, 0xA5, 0xB0, 0xBA, 0xC2, 
            0xC9, 0xCF, 0xD6, 0xDB, 0xDF, 0xE1, 0xE3, 0xE4, 0x01, 0xE5, 0xB0, 0xE3, 0xE0, 0xDB, 0xD7, 0xCF, 0xC4, 0xB9, 0xAE, 0xA4, 0x9C, 0x94, 0x8F, 0x8B, 
            0x8A, 0x88, 0x86, 0x85, 0x86, 0x87, 0x89, 0x8C, 0x8D, 0x8E, 0x8D, 0x8B, 0x8D, 0x90, 0x92, 0x94, 0x96, 0x98, 0x9A, 0x9C, 0x9B, 0x99, 0x94, 0x8F, 
            0x8A, 0x83, 0x79, 0x6D, 0x61, 0x55, 0x49, 0x3B, 0x2B, 0x1C, 0x0E, 0x01, 0x5F, 0x00, 0x94, 0x07, 0x12, 0x1A, 0x21, 0x27, 0x2D, 0x34, 0x3D, 0x48, 
            0x56, 0x65, 0x74, 0x82, 0x90, 0x9E, 0xAB, 0xB9, 0xC5, 0xD2, 0xDE, 0xE4, 0x01, 0xE6, 0x96, 0xE5, 0xE3, 0xDE, 0xD8, 0xD2, 0xCC, 0xC6, 0xBE, 0xB5, 
            0xAC, 0xA1, 0x97, 0x8E, 0x85, 0x7A, 0x6F, 0x62, 0x55, 0x47, 0x39, 0x2A, 0x1A, 0x09, 0x1C, 0x00, 0x8C, 0x0B, 0x1B, 0x2D, 0x3F, 0x53, 0x66, 0x78, 
            0x8B, 0x9B, 0xA7, 0xB1, 0xBC, 0xC7, 0x86, 0xC0, 0xC8, 0xD0, 0xD8, 0xDE, 0xE2, 0xE3, 0x02, 0xE4, 0x91, 0xE3, 0xE2, 0xE1, 0xDE, 0xDB, 0xD7, 0xD1, 
            0xC9, 0xC0, 0xB5, 0xA8, 0x98, 0x88, 0x78, 0x61, 0x47, 0x2E, 0x14, 0x4A, 0x00, 0x9D, 0x08, 0x16, 0x21, 0x29, 0x30, 0x37, 0x3D, 0x45, 0x4C, 0x55, 
            0x5E, 0x67, 0x6E, 0x72, 0x76, 0x78, 0x7A, 0x79, 0x76, 0x73, 0x6C, 0x65, 0x5D, 0x55, 0x4C, 0x41, 0x35, 0x27, 0x19, 0x0C, 0x33, 0x00, 0x8A, 0x07, 
            0x24, 0x43, 0x62, 0x7C, 0x90, 0xA0, 0xAD, 0xB3, 0xB6, 0xB8, 0x03, 0xBA, 0x8E, 0xB7, 0xAF, 0xA6, 0x9E, 0x94, 0x8A, 0x7F, 0x76, 0x6B, 0x60, 0x52, 
            0x41, 0x2F, 0x1C, 0x09, 0x2A, 0x00, 0x91, 0x01, 0x17, 0x31, 0x4A, 0x61, 0x76, 0x87, 0x94, 0xA0, 0xAA, 0xB3, 0xBB, 0xC3, 0xC8, 0xCE, 0xD2, 0xD6, 
            0xD8, 0x03, 0xDA, 0x8C, 0xD7, 0xD3, 0xCD, 0xC5, 0xB9, 0xAD, 0xA1, 0x96, 0x8D, 0x85, 0x7E, 0x78, 0x74, 0x01, 0x71, 0x9E, 0x72, 0x74, 0x77, 0x7B, 
            0x7F, 0x82, 0x84, 0x85, 0x83, 0x80, 0x7A, 0x74, 0x78, 0x7B, 0x7D, 0x7F, 0x80, 0x81, 0x7F, 0x7A, 0x73, 0x6C, 0x64, 0x5A, 0x4F, 0x44, 0x38, 0x2C, 
            0x1F, 0x13, 0x07, 0x61, 0x00, 0x94, 0x04, 0x0C, 0x12, 0x17, 0x1A, 0x1E, 0x23, 0x2A, 0x34, 0x41, 0x50, 0x60, 0x6F, 0x7D, 0x8D, 0x9B, 0xA9, 0xB7, 
            0xC5, 0xD2, 0xDA, 0x01, 0xDC, 0x95, 0xDB, 0xD9, 0xD3, 0xCD, 0xC6, 0xC1, 0xBA, 0xB2, 0xA8, 0x9E, 0x94, 0x89, 0x7F, 0x75, 0x6A, 0x5E, 0x50, 0x42, 
            0x34, 0x26, 0x17, 0x08, 0x1F, 0x00, 0x8A, 0x0C, 0x1F, 0x32, 0x47, 0x5C, 0x70, 0x83, 0x93, 0x9F, 0xAA, 0xB6, 0x87, 0xAE, 0xB8, 0xC0, 0xCA, 0xD2, 
            0xD8, 0xDC, 0xDE, 0x02, 0xDF, 0x90, 0xDE, 0xDD, 0xDB, 0xD9, 0xD5, 0xD0, 0xC8, 0xBF, 0xB3, 0xA6, 0x94, 0x84, 0x72, 0x5C, 0x42, 0x26, 0x0C, 0x4A, 
            0x00, 0x90, 0x07, 0x14, 0x1E, 0x26, 0x2C, 0x31, 0x37, 0x3D, 0x45, 0x4D, 0x57, 0x62, 0x6C, 0x73, 0x79, 0x7D, 0x81, 0x01, 0x83, 0x8C, 0x7F, 0x7A, 
            0x74, 0x6D, 0x66, 0x5D, 0x53, 0x48, 0x3B, 0x2D, 0x1E, 0x10, 0x04, 0x31, 0x00, 0x8A, 0x09, 0x26, 0x45, 0x62, 0x7B, 0x8E, 0x9E, 0xA8, 0xAD, 0xB0, 
            0xB3, 0x01, 0xB4, 0x8E, 0xB3, 0xAE, 0xA6, 0x9D, 0x94, 0x88, 0x7E, 0x74, 0x6A, 0x60, 0x54, 0x44, 0x32, 0x1F, 0x0D, 0x2E, 0x00, 0x8F, 0x17, 0x31, 
            0x49, 0x5F, 0x73, 0x82, 0x8E, 0x99, 0xA2, 0xAB, 0xB4, 0xBB, 0xC0, 0xC4, 0xC7, 0xCA, 0x01, 0xCD, 0xA0, 0xCC, 0xCB, 0xCA, 0xC6, 0xC1, 0xB9, 0xAE, 
            0x9F, 0x93, 0x88, 0x7C, 0x73, 0x6C, 0x68, 0x63, 0x5E, 0x5C, 0x5D, 0x5F, 0x62, 0x67, 0x6B, 0x6F, 0x72, 0x73, 0x72, 0x6F, 0x6A, 0x63, 0x5A, 0x59, 
            0x5E, 0x61, 0x01, 0x63, 0x8A, 0x61, 0x5C, 0x56, 0x4C, 0x41, 0x38, 0x2E, 0x23, 0x19, 0x0F, 0x05, 0x64, 0x00, 0xAA, 0x05, 0x0A, 0x0D, 0x10, 0x12, 
            0x16, 0x1C, 0x25, 0x31, 0x3F, 0x4F, 0x5E, 0x6D, 0x7C, 0x8D, 0x9A, 0xA8, 0xB8, 0xC5, 0xCD, 0xD1, 0xD0, 0xCF, 0xCC, 0xC7, 0xC0, 0xBA, 0xB4, 0xAD, 
            0xA4, 0x9A, 0x90, 0x87, 0x7C, 0x71, 0x67, 0x5C, 0x4E, 0x40, 0x32, 0x24, 0x16, 0x08, 0x21, 0x00, 0x89, 0x03, 0x15, 0x2A, 0x40, 0x54, 0x69, 0x7B, 
            0x8B, 0x98, 0xA3, 0x9B, 0x9A, 0xA5, 0xAF, 0xB9, 0xC3, 0xCB, 0xD1, 0xD5, 0xD8, 0xD9, 0xDA, 0xD9, 0xD8, 0xD6, 0xD4, 0xD1, 0xCD, 0xC6, 0xBC, 0xAE, 
            0x9F, 0x8E, 0x7C, 0x68, 0x51, 0x37, 0x1C, 0x02, 0x4A, 0x00, 0xA0, 0x05, 0x0F, 0x19, 0x20, 0x26, 0x2B, 0x31, 0x37, 0x3E, 0x47, 0x51, 0x5D, 0x69, 
            0x74, 0x7C, 0x83, 0x89, 0x8D, 0x8F, 0x8E, 0x89, 0x83, 0x7F, 0x78, 0x70, 0x67, 0x5D, 0x51, 0x44, 0x35, 0x25, 0x16, 0x0A, 0x30, 0x00, 0x89, 0x09, 
            0x26, 0x44, 0x61, 0x78, 0x8B, 0x98, 0xA1, 0xA6, 0xAA, 0x01, 0xAC, 0x8E, 0xAA, 0xA6, 0x9E, 0x95, 0x8A, 0x7D, 0x73, 0x69, 0x5F, 0x55, 0x48, 0x38, 
            0x26, 0x13, 0x02, 0x30, 0x00, 0x8E, 0x15, 0x2E, 0x46, 0x5A, 0x6C, 0x7B, 0x86, 0x90, 0x9A, 0xA3, 0xAB, 0xB2, 0xB6, 0xB9, 0xBB, 0x01, 0xBC, 0x01, 
            0xBB, 0x8D, 0xB8, 0xB4, 0xAF, 0xAA, 0xA1, 0x93, 0x85, 0x78, 0x6D, 0x64, 0x5E, 0x59, 0x55, 0x51, 0x01, 0x4E, 0x8E, 0x4F, 0x52, 0x56, 0x5A, 0x5E, 
            0x60, 0x62, 0x61, 0x5E, 0x58, 0x51, 0x48, 0x3E, 0x38, 0x3B, 0x01, 0x3D, 0x87, 0x3A, 0x36, 0x30, 0x27, 0x1E, 0x15, 0x0B, 0x03, 0x68, 0x00, 0x92, 
            0x02, 0x05, 0x07, 0x09, 0x0C, 0x12, 0x1A, 0x25, 0x33, 0x42, 0x50, 0x5F, 0x6E, 0x7D, 0x8B, 0x99, 0xA9, 0xB7, 0xBF, 0x01, 0xC4, 0x93, 0xC3, 0xC0, 
            0xBA, 0xB3, 0xAC, 0xA5, 0x9E, 0x96, 0x8C, 0x83, 0x79, 0x6F, 0x64, 0x5A, 0x4E, 0x41, 0x33, 0x25, 0x17, 0x0A, 0x24, 0x00, 0x87, 0x0E, 0x23, 0x39, 
            0x4C, 0x61, 0x73, 0x82, 0x8F, 0x89, 0x82, 0x90, 0x9C, 0xA6, 0xB1, 0xBB, 0xC3, 0xC9, 0xCD, 0xD0, 0x01, 0xD2, 0x8E, 0xD1, 0xCF, 0xCE, 0xCB, 0xC6, 
            0xBF, 0xB5, 0xA7, 0x97, 0x85, 0x71, 0x5A, 0x44, 0x2B, 0x10, 0x4B, 0x00, 0xA2, 0x03, 0x0B, 0x13, 0x1A, 0x1F, 0x25, 0x2A, 0x30, 0x37, 0x40, 0x4B, 
            0x58, 0x65, 0x73, 0x7F, 0x88, 0x91, 0x97, 0x9B, 0x9C, 0x9A, 0x93, 0x8E, 0x8A, 0x83, 0x7A, 0x71, 0x66, 0x5A, 0x4C, 0x3C, 0x2D, 0x1E, 0x11, 0x07, 
            0x2E, 0x00, 0x98, 0x08, 0x23, 0x3F, 0x59, 0x6F, 0x82, 0x90, 0x99, 0x9E, 0xA1, 0xA2, 0xA0, 0x9C, 0x95, 0x8C, 0x80, 0x75, 0x6A, 0x60, 0x55, 0x4A, 
            0x3E, 0x2E, 0x1C, 0x0A, 0x33, 0x00, 0x8C, 0x13, 0x2B, 0x40, 0x53, 0x63, 0x71, 0x7C, 0x86, 0x90, 0x99, 0xA0, 0xA6, 0xAA, 0x01, 0xAB, 0x90, 0xAA, 
            0xA9, 0xA8, 0xA5, 0xA1, 0x9C, 0x96, 0x8F, 0x84, 0x76, 0x69, 0x5E, 0x54, 0x4D, 0x48, 0x43, 0x3E, 0x01, 0x3C, 0x94, 0x3E, 0x41, 0x45, 0x49, 0x4D, 
            0x50, 0x51, 0x50, 0x4D, 0x47, 0x3E, 0x34, 0x2A, 0x1E, 0x14, 0x15, 0x14, 0x12, 0x0E, 0x08, 0x02, 0x6F, 0x00, 0xA5, 0x02, 0x04, 0x09, 0x11, 0x1B, 
            0x28, 0x36, 0x44, 0x51, 0x60, 0x6D, 0x7B, 0x8A, 0x99, 0xA7, 0xAF, 0xB5, 0xB6, 0xB5, 0xB3, 0xAC, 0xA5, 0x9F, 0x98, 0x91, 0x89, 0x80, 0x77, 0x6D, 
            0x63, 0x58, 0x4E, 0x42, 0x35, 0x27, 0x1A, 0x0D, 0x01, 0x25, 0x00, 0x86, 0x07, 0x1C, 0x31, 0x45, 0x59, 0x69, 0x75, 0x89, 0x6B, 0x78, 0x85, 0x93, 
            0x9F, 0xAB, 0xB5, 0xBC, 0xC1, 0xC4, 0x02, 0xC7, 0x8D, 0xC6, 0xC4, 0xC1, 0xBD, 0xB6, 0xAB, 0x9D, 0x8B, 0x78, 0x64, 0x4C, 0x35, 0x1C, 0x03, 0x4C, 
            0x00, 0x91, 0x07, 0x0D, 0x13, 0x18, 0x1D, 0x23, 0x2A, 0x32, 0x3B, 0x46, 0x54, 0x63, 0x72, 0x80, 0x8D, 0x98, 0xA0, 0xA6, 0x01, 0xA9, 0x90, 0xA6, 
            0xA0, 0x9B, 0x95, 0x8D, 0x83, 0x79, 0x6E, 0x61, 0x52, 0x43, 0x34, 0x26, 0x1A, 0x10, 0x09, 0x03, 0x2B, 0x00, 0x97, 0x04, 0x1D, 0x37, 0x4E, 0x64, 
            0x76, 0x84, 0x8D, 0x92, 0x95, 0x94, 0x90, 0x8A, 0x83, 0x78, 0x6D, 0x62, 0x57, 0x4B, 0x40, 0x34, 0x24, 0x13, 0x02, 0x35, 0x00, 0x8B, 0x10, 0x26, 
            0x3A, 0x4B, 0x59, 0x66, 0x71, 0x7C, 0x86, 0x8E, 0x94, 0x99, 0x01, 0x9B, 0x82, 0x99, 0x97, 0x93, 0x01, 0x8E, 0x9B, 0x88, 0x80, 0x79, 0x70, 0x65, 
            0x58, 0x4C, 0x43, 0x3B, 0x36, 0x30, 0x2B, 0x28, 0x27, 0x29, 0x2B, 0x2F, 0x33, 0x36, 0x38, 0x39, 0x38, 0x34, 0x2E, 0x26, 0x1C, 0x11, 0x06, 0x78, 
            0x00, 0xA2, 0x03, 0x09, 0x13, 0x1F, 0x2C, 0x39, 0x46, 0x53, 0x60, 0x6D, 0x7C, 0x8A, 0x98, 0xA1, 0xA6, 0xA7, 0xA6, 0xA4, 0x9E, 0x97, 0x91, 0x8A, 
            0x83, 0x7D, 0x75, 0x6B, 0x62, 0x58, 0x4D, 0x43, 0x37, 0x2A, 0x1C, 0x0F, 0x03, 0x27, 0x00, 0x85, 0x01, 0x14, 0x2A, 0x3E, 0x50, 0x5E, 0x99, 0x56, 
            0x63, 0x71, 0x7E, 0x8C, 0x99, 0xA4, 0xAD, 0xB4, 0xB8, 0xBA, 0xBB, 0xBA, 0xB9, 0xB7, 0xB4, 0xAF, 0xA8, 0x9E, 0x8E, 0x7B, 0x67, 0x52, 0x3A, 0x23, 
            0x0B, 0x24, 0x00, 0x82, 0x03, 0x06, 0x08, 0x02, 0x09, 0x01, 0x0A, 0x01, 0x0B, 0x01, 0x0C, 0x84, 0x0B, 0x09, 0x07, 0x04, 0x02, 0x17, 0x00, 0xA7, 
            0x04, 0x09, 0x0E, 0x12, 0x17, 0x1C, 0x23, 0x2C, 0x37, 0x43, 0x52, 0x62, 0x72, 0x82, 0x91, 0x9E, 0xA9, 0xB0, 0xB5, 0xB7, 0xB5, 0xB2, 0xAC, 0xA6, 
            0x9E, 0x95, 0x8B, 0x7F, 0x72, 0x65, 0x56, 0x47, 0x39, 0x2D, 0x23, 0x1B, 0x14, 0x0E, 0x08, 0x02, 0x29, 0x00, 0x94, 0x15, 0x2E, 0x44, 0x57, 0x68, 
            0x76, 0x7F, 0x84, 0x85, 0x82, 0x7D, 0x78, 0x6F, 0x64, 0x5A, 0x4F, 0x43, 0x37, 0x2A, 0x1B, 0x0B, 0x38, 0x00, 0x8A, 0x0E, 0x22, 0x33, 0x41, 0x4E, 
            0x5A, 0x66, 0x70, 0x79, 0x80, 0x86, 0x01, 0x88, 0x91, 0x85, 0x81, 0x7D, 0x79, 0x77, 0x73, 0x6B, 0x63, 0x5A, 0x50, 0x44, 0x39, 0x2F, 0x28, 0x22, 
            0x1D, 0x18, 0x15, 0x01, 0x14, 0x83, 0x16, 0x19, 0x1B, 0x1E, 0x01, 0x1F, 0x84, 0x1D, 0x19, 0x12, 0x09, 0x01, 0x7B, 0x00, 0x8D, 0x05, 0x0E, 0x19, 
            0x25, 0x31, 0x3D, 0x49, 0x54, 0x61, 0x70, 0x7C, 0x89, 0x93, 0x96, 0x01, 0x98, 0x94, 0x95, 0x8F, 0x8A, 0x84, 0x7C, 0x76, 0x71, 0x69, 0x5F, 0x56, 
            0x4D, 0x43, 0x38, 0x2C, 0x20, 0x19, 0x15, 0x10, 0x0B, 0x06, 0x02, 0x26, 0x00, 0x83, 0x10, 0x25, 0x37, 0x47, 0x89, 0x41, 0x50, 0x5E, 0x6C, 0x79, 
            0x87, 0x94, 0x9D, 0xA5, 0xA9, 0x01, 0xAC, 0x8C, 0xAB, 0xAA, 0xA8, 0xA4, 0x9F, 0x96, 0x8A, 0x7A, 0x67, 0x53, 0x3D, 0x25, 0x0F, 0x21, 0x00, 0x85, 
            0x0B, 0x16, 0x20, 0x27, 0x2C, 0x2F, 0x02, 0x30, 0x92, 0x2F, 0x2E, 0x2D, 0x2C, 0x2B, 0x2A, 0x29, 0x27, 0x25, 0x22, 0x1E, 0x1B, 0x17, 0x15, 0x12, 
            0x0E, 0x0A, 0x06, 0x01, 0x10, 0x00, 0xAB, 0x01, 0x05, 0x0A, 0x0E, 0x13, 0x18, 0x1F, 0x28, 0x34, 0x42, 0x51, 0x62, 0x72, 0x84, 0x95, 0xA4, 0xB0, 
            0xBA, 0xBE, 0xC3, 0xC2, 0xBE, 0xB9, 0xB4, 0xAE, 0xA5, 0x9B, 0x90, 0x83, 0x74, 0x66, 0x58, 0x4B, 0x3F, 0x35, 0x2D, 0x26, 0x20, 0x19, 0x13, 0x0E, 
            0x09, 0x05, 0x01, 0x25, 0x00, 0x93, 0x0E, 0x26, 0x39, 0x4B, 0x5C, 0x68, 0x70, 0x74, 0x72, 0x6E, 0x6A, 0x63, 0x5A, 0x50, 0x45, 0x39, 0x2E, 0x21, 
            0x13, 0x04, 0x3A, 0x00, 0x89, 0x0C, 0x1C, 0x2A, 0x37, 0x42, 0x4E, 0x59, 0x62, 0x6A, 0x70, 0x01, 0x72, 0x91, 0x6E, 0x6A, 0x65, 0x62, 0x60, 0x5B, 
            0x54, 0x4B, 0x43, 0x3A, 0x2F, 0x25, 0x1C, 0x14, 0x0F, 0x0A, 0x06, 0x04, 0x02, 0x02, 0x80, 0x03, 0x02, 0x04, 0x81, 0x03, 0x01, 0x7F, 0x00, 0x8D, 
            0x03, 0x0B, 0x15, 0x21, 0x2C, 0x37, 0x41, 0x4B, 0x57, 0x64, 0x70, 0x7C, 0x84, 0x87, 0x01, 0x8A, 0x96, 0x87, 0x81, 0x7C, 0x77, 0x6F, 0x69, 0x64, 
            0x5D, 0x53, 0x4A, 0x43, 0x39, 0x32, 0x30, 0x2C, 0x26, 0x22, 0x1D, 0x18, 0x13, 0x0E, 0x08, 0x03, 0x25, 0x00, 0x82, 0x0E, 0x20, 0x31, 0x89, 0x2F, 
            0x3D, 0x4C, 0x5B, 0x69, 0x77, 0x84, 0x8E, 0x95, 0x99, 0x01, 0x9C, 0x8B, 0x9B, 0x99, 0x97, 0x92, 0x8B, 0x80, 0x71, 0x61, 0x50, 0x3C, 0x25, 0x0F, 
            0x1F, 0x00, 0xA0, 0x07, 0x17, 0x27, 0x34, 0x3F, 0x49, 0x4F, 0x52, 0x54, 0x55, 0x54, 0x52, 0x50, 0x4E, 0x4D, 0x4B, 0x49, 0x47, 0x45, 0x43, 0x40, 
            0x3D, 0x39, 0x34, 0x30, 0x2D, 0x2A, 0x26, 0x21, 0x1C, 0x16, 0x0F, 0x07, 0x0F, 0x00, 0xAD, 0x03, 0x07, 0x0C, 0x10, 0x16, 0x1D, 0x27, 0x33, 0x42, 
            0x52, 0x63, 0x74, 0x85, 0x97, 0xA9, 0xB6, 0xC1, 0xC7, 0xCC, 0xCD, 0xC9, 0xC4, 0xC0, 0xB9, 0xB2, 0xA9, 0x9E, 0x91, 0x83, 0x74, 0x66, 0x5A, 0x4F, 
            0x45, 0x3E, 0x37, 0x32, 0x2B, 0x25, 0x1F, 0x1A, 0x16, 0x11, 0x0C, 0x07, 0x01, 0x22, 0x00, 0x91, 0x09, 0x1D, 0x2F, 0x3F, 0x4D, 0x59, 0x5F, 0x61, 
            0x5E, 0x5B, 0x55, 0x4E, 0x45, 0x3B, 0x2F, 0x23, 0x18, 0x0A, 0x3D, 0x00, 0x98, 0x08, 0x15, 0x20, 0x2B, 0x36, 0x41, 0x4A, 0x52, 0x58, 0x5A, 0x59, 
            0x56, 0x51, 0x4C, 0x47, 0x43, 0x40, 0x3A, 0x32, 0x2A, 0x22, 0x19, 0x10, 0x08, 0x03, 0x7F, 0x00, 0x0C, 0x00, 0x8D, 0x03, 0x0B, 0x15, 0x1F, 0x29, 
            0x32, 0x3B, 0x44, 0x4F, 0x5B, 0x66, 0x70, 0x76, 0x7A, 0x01, 0x7D, 0x98, 0x79, 0x73, 0x6D, 0x69, 0x64, 0x5D, 0x57, 0x50, 0x47, 0x3F, 0x40, 0x41, 
            0x3E, 0x3C, 0x38, 0x33, 0x2E, 0x29, 0x25, 0x21, 0x1C, 0x15, 0x0E, 0x08, 0x01, 0x24, 0x00, 0x81, 0x0E, 0x1E, 0x89, 0x1F, 0x2D, 0x3B, 0x4A, 0x59, 
            0x67, 0x74, 0x7E, 0x85, 0x89, 0x01, 0x8B, 0x8A, 0x89, 0x86, 0x82, 0x7B, 0x72, 0x67, 0x58, 0x49, 0x37, 0x23, 0x0E, 0x1E, 0x00, 0x88, 0x0A, 0x1C, 
            0x2E, 0x3E, 0x4D, 0x59, 0x63, 0x6C, 0x72, 0x02, 0x74, 0x98, 0x72, 0x70, 0x6E, 0x6B, 0x69, 0x66, 0x64, 0x61, 0x5E, 0x5C, 0x59, 0x55, 0x51, 0x4D, 
            0x49, 0x45, 0x41, 0x3D, 0x38, 0x32, 0x2C, 0x25, 0x1C, 0x12, 0x07, 0x0D, 0x00, 0xAE, 0x02, 0x06, 0x0B, 0x10, 0x16, 0x1D, 0x27, 0x34, 0x43, 0x54, 
            0x65, 0x76, 0x87, 0x99, 0xAB, 0xBA, 0xC5, 0xCD, 0xD3, 0xD5, 0xD3, 0xCF, 0xCA, 0xC4, 0xBC, 0xB4, 0xA9, 0x9D, 0x8F, 0x81, 0x73, 0x67, 0x5D, 0x54, 
            0x4D, 0x48, 0x42, 0x3D, 0x37, 0x31, 0x2C, 0x27, 0x22, 0x1C, 0x16, 0x0E, 0x04, 0x21, 0x00, 0x85, 0x03, 0x13, 0x23, 0x31, 0x3E, 0x47, 0x01, 0x4B, 
            0x88, 0x4A, 0x46, 0x3F, 0x38, 0x30, 0x25, 0x19, 0x0D, 0x02, 0x3F, 0x00, 0x94, 0x02, 0x0B, 0x15, 0x1F, 0x29, 0x31, 0x39, 0x3E, 0x40, 0x3E, 0x3A, 
            0x36, 0x32, 0x2C, 0x28, 0x24, 0x1F, 0x18, 0x11, 0x09, 0x02, 0x7F, 0x00, 0x0F, 0x00, 0x99, 0x03, 0x0B, 0x15, 0x1E, 0x27, 0x2F, 0x38, 0x40, 0x49, 
            0x53, 0x5D, 0x66, 0x6B, 0x6F, 0x71, 0x70, 0x6D, 0x66, 0x60, 0x5C, 0x58, 0x52, 0x4B, 0x44, 0x45, 0x48, 0x01, 0x4B, 0x8D, 0x4A, 0x48, 0x44, 0x3F, 
            0x3A, 0x36, 0x32, 0x2E, 0x29, 0x22, 0x1B, 0x14, 0x0D, 0x05, 0x23, 0x00, 0x81, 0x01, 0x0F, 0x95, 0x10, 0x1E, 0x2C, 0x3B, 0x4A, 0x58, 0x65, 0x6F, 
            0x75, 0x79, 0x7A, 0x79, 0x75, 0x70, 0x6A, 0x63, 0x5A, 0x4F, 0x40, 0x30, 0x1E, 0x0A, 0x1D, 0x00, 0x8A, 0x09, 0x1B, 0x2E, 0x40, 0x4F, 0x5F, 0x6E, 
            0x7A, 0x82, 0x88, 0x8C, 0x02, 0x8D, 0x9A, 0x8B, 0x89, 0x87, 0x85, 0x83, 0x80, 0x7E, 0x7A, 0x77, 0x73, 0x70, 0x6C, 0x68, 0x64, 0x5F, 0x5C, 0x58, 
            0x54, 0x4E, 0x48, 0x41, 0x39, 0x30, 0x26, 0x1A, 0x0F, 0x04, 0x0B, 0x00, 0x92, 0x03, 0x07, 0x0C, 0x11, 0x17, 0x1F, 0x29, 0x36, 0x45, 0x57, 0x68, 
            0x79, 0x8A, 0x9D, 0xAE, 0xBD, 0xC8, 0xD2, 0xD8, 0x01, 0xDA, 0x9A, 0xD7, 0xD2, 0xCC, 0xC5, 0xBD, 0xB2, 0xA5, 0x98, 0x8B, 0x7E, 0x73, 0x69, 0x61, 
            0x5B, 0x57, 0x52, 0x4E, 0x48, 0x43, 0x3E, 0x38, 0x32, 0x2B, 0x24, 0x1B, 0x10, 0x04, 0x21, 0x00, 0x84, 0x09, 0x16, 0x23, 0x2D, 0x33, 0x01, 0x36, 
            0x86, 0x34, 0x30, 0x2A, 0x23, 0x19, 0x0E, 0x03, 0x43, 0x00, 0x8E, 0x01, 0x08, 0x10, 0x18, 0x1E, 0x22, 0x24, 0x22, 0x1E, 0x1A, 0x16, 0x11, 0x0D, 
            0x0A, 0x05, 0x7F, 0x00, 0x13, 0x00, 0xAA, 0x03, 0x0C, 0x15, 0x1D, 0x25, 0x2D, 0x34, 0x3C, 0x44, 0x4D, 0x56, 0x5D, 0x61, 0x64, 0x66, 0x65, 0x61, 
            0x5A, 0x55, 0x51, 0x4D, 0x46, 0x48, 0x4D, 0x50, 0x53, 0x55, 0x56, 0x55, 0x53, 0x50, 0x4B, 0x47, 0x43, 0x3F, 0x3B, 0x36, 0x2F, 0x28, 0x20, 0x19, 
            0x10, 0x07, 0x23, 0x00, 0x80, 0x03, 0x88, 0x04, 0x10, 0x1E, 0x2D, 0x3C, 0x49, 0x54, 0x5D, 0x63, 0x01, 0x66, 0x89, 0x63, 0x5F, 0x5A, 0x54, 0x4C, 
            0x43, 0x36, 0x27, 0x17, 0x05, 0x1C, 0x00, 0x8C, 0x05, 0x16, 0x29, 0x3B, 0x4D, 0x5D, 0x6D, 0x7C, 0x88, 0x92, 0x9B, 0x9F, 0xA2, 0x01, 0xA3, 0x9C, 
            0xA2, 0xA1, 0x9E, 0x9C, 0x99, 0x97, 0x95, 0x92, 0x90, 0x8C, 0x89, 0x84, 0x81, 0x7D, 0x79, 0x75, 0x71, 0x6D, 0x68, 0x63, 0x5C, 0x55, 0x4D, 0x43, 
            0x39, 0x2E, 0x22, 0x15, 0x09, 0x0A, 0x00, 0x92, 0x04, 0x09, 0x0F, 0x14, 0x1B, 0x22, 0x2C, 0x39, 0x49, 0x5B, 0x6C, 0x7D, 0x8D, 0xA0, 0xB1, 0xC0, 
            0xCC, 0xD6, 0xDC, 0x01, 0xDE, 0x9B, 0xDC, 0xD8, 0xD2, 0xCC, 0xC5, 0xBA, 0xAD, 0xA1, 0x94, 0x87, 0x7C, 0x74, 0x6D, 0x68, 0x65, 0x61, 0x5D, 0x58, 
            0x54, 0x4E, 0x48, 0x41, 0x39, 0x30, 0x27, 0x1C, 0x0F, 0x01, 0x21, 0x00, 0x83, 0x08, 0x13, 0x1B, 0x20, 0x01, 0x21, 0x84, 0x1F, 0x1A, 0x14, 0x0C, 
            0x03, 0x48, 0x00, 0x86, 0x01, 0x05, 0x07, 0x08, 0x07, 0x05, 0x01, 0x7F, 0x00, 0x18, 0x00, 0x92, 0x03, 0x0B, 0x13, 0x1B, 0x23, 0x2A, 0x30, 0x37, 
            0x3F, 0x47, 0x4F, 0x54, 0x57, 0x5A, 0x5B, 0x59, 0x55, 0x4F, 0x4A, 0x01, 0x46, 0x85, 0x4D, 0x53, 0x57, 0x5A, 0x5D, 0x5F, 0x01, 0x60, 0x8E, 0x5F, 
            0x5B, 0x57, 0x53, 0x4F, 0x4B, 0x47, 0x42, 0x3C, 0x35, 0x2D, 0x25, 0x1C, 0x13, 0x09, 0x23, 0x00, 0x88, 0x00, 0x04, 0x10, 0x1E, 0x2C, 0x38, 0x42, 
            0x4A, 0x4F, 0x01, 0x51, 0x87, 0x4E, 0x49, 0x43, 0x3C, 0x34, 0x2A, 0x1D, 0x0E, 0x1D, 0x00, 0x8D, 0x0C, 0x1F, 0x33, 0x46, 0x58, 0x69, 0x78, 0x87, 
            0x95, 0xA1, 0xAA, 0xB1, 0xB4, 0xB7, 0x01, 0xB8, 0x9E, 0xB7, 0xB4, 0xB2, 0xAF, 0xAC, 0xAA, 0xA7, 0xA4, 0xA1, 0x9E, 0x9B, 0x98, 0x94, 0x90, 0x8D, 
            0x89, 0x84, 0x80, 0x7B, 0x76, 0x70, 0x69, 0x60, 0x56, 0x4B, 0x40, 0x34, 0x27, 0x1B, 0x0E, 0x01, 0x08, 0x00, 0x92, 0x06, 0x0C, 0x12, 0x18, 0x1F, 
            0x27, 0x31, 0x3E, 0x4E, 0x60, 0x71, 0x81, 0x91, 0xA3, 0xB4, 0xC4, 0xCF, 0xD8, 0xDE, 0x01, 0xE1, 0x9B, 0xDF, 0xDB, 0xD7, 0xD1, 0xCA, 0xC1, 0xB4, 
            0xA8, 0x9B, 0x90, 0x86, 0x7E, 0x78, 0x74, 0x71, 0x6E, 0x6B, 0x67, 0x63, 0x5D, 0x56, 0x4E, 0x45, 0x3C, 0x33, 0x27, 0x1A, 0x0B, 0x03, 0x00, 0x81, 
            0x06, 0x0B, 0x01, 0x0D, 0x81, 0x0B, 0x06, 0x18, 0x00, 0x82, 0x02, 0x08, 0x0B, 0x01, 0x0C, 0x81, 0x09, 0x05, 0x7F, 0x00, 0x6B, 0x00, 0x8C, 0x01, 
            0x09, 0x10, 0x18, 0x1F, 0x25, 0x2A, 0x31, 0x39, 0x40, 0x46, 0x49, 0x4D, 0x01, 0x4F, 0x8B, 0x4D, 0x49, 0x43, 0x3F, 0x47, 0x4F, 0x57, 0x5D, 0x61, 
            0x65, 0x68, 0x6A, 0x01, 0x6B, 0x90, 0x69, 0x66, 0x62, 0x5F, 0x5B, 0x57, 0x52, 0x4D, 0x48, 0x41, 0x39, 0x31, 0x28, 0x1E, 0x14, 0x0A, 0x01, 0x21, 
            0x00, 0x01, 0x00, 0x8F, 0x04, 0x10, 0x1B, 0x26, 0x2F, 0x36, 0x3A, 0x3B, 0x3A, 0x36, 0x31, 0x2A, 0x23, 0x1A, 0x10, 0x04, 0x1D, 0x00, 0xB0, 0x0F, 
            0x23, 0x37, 0x4B, 0x5D, 0x6E, 0x7E, 0x8D, 0x9B, 0xA9, 0xB3, 0xBB, 0xC1, 0xC4, 0xC6, 0xC7, 0xC8, 0xC7, 0xC5, 0xC3, 0xC0, 0xBD, 0xBA, 0xB8, 0xB5, 
            0xB2, 0xAF, 0xAC, 0xA9, 0xA6, 0xA2, 0x9F, 0x9A, 0x96, 0x92, 0x8D, 0x89, 0x83, 0x7B, 0x71, 0x67, 0x5C, 0x51, 0x46, 0x38, 0x2B, 0x1E, 0x0F, 0x01, 
            0x06, 0x00, 0xB7, 0x03, 0x0A, 0x10, 0x17, 0x1D, 0x25, 0x2D, 0x38, 0x45, 0x55, 0x66, 0x76, 0x86, 0x95, 0xA6, 0xB7, 0xC6, 0xD1, 0xDA, 0xDF, 0xE1, 
            0xE2, 0xE0, 0xDD, 0xDA, 0xD5, 0xCD, 0xC4, 0xB9, 0xAC, 0xA0, 0x96, 0x8E, 0x87, 0x83, 0x7F, 0x7D, 0x7B, 0x78, 0x74, 0x70, 0x6A, 0x63, 0x59, 0x50, 
            0x47, 0x3E, 0x32, 0x25, 0x16, 0x05, 0x00, 0x09, 0x13, 0x1B, 0x20, 0x01, 0x23, 0x84, 0x21, 0x1C, 0x15, 0x0B, 0x02, 0x7F, 0x00, 0x7F, 0x00, 0x09, 
            0x00, 0x8B, 0x05, 0x0C, 0x13, 0x18, 0x1D, 0x23, 0x29, 0x30, 0x36, 0x39, 0x3C, 0x3F, 0x01, 0x41, 0x9E, 0x3F, 0x3B, 0x40, 0x4A, 0x52, 0x59, 0x61, 
            0x67, 0x6B, 0x6F, 0x71, 0x73, 0x74, 0x75, 0x73, 0x70, 0x6C, 0x69, 0x66, 0x62, 0x5C, 0x57, 0x52, 0x4C, 0x44, 0x3B, 0x32, 0x29, 0x1F, 0x14, 0x0A, 
            0x21, 0x00, 0x02, 0x00, 0x84, 0x04, 0x0D, 0x15, 0x1C, 0x21, 0x01, 0x24, 0x85, 0x22, 0x1E, 0x18, 0x11, 0x09, 0x02, 0x1E, 0x00, 0x8F, 0x0A, 0x1F, 
            0x34, 0x48, 0x5B, 0x6D, 0x7D, 0x8C, 0x9C, 0xAA, 0xB6, 0xBF, 0xC6, 0xCB, 0xCE, 0xD1, 0x02, 0xD2, 0x9E, 0xD1, 0xD0, 0xCE, 0xCC, 0xC9, 0xC6, 0xC3, 
            0xC0, 0xBE, 0xBB, 0xB8, 0xB5, 0xB2, 0xAE, 0xAA, 0xA6, 0xA2, 0x9E, 0x98, 0x92, 0x8B, 0x82, 0x76, 0x6B, 0x61, 0x56, 0x48, 0x3B, 0x2D, 0x1E, 0x0E, 
            0x06, 0x00, 0x93, 0x08, 0x10, 0x17, 0x1D, 0x24, 0x2C, 0x35, 0x40, 0x4D, 0x5C, 0x6B, 0x7A, 0x8A, 0x99, 0xA8, 0xB8, 0xC7, 0xD2, 0xDB, 0xDF, 0x01, 
            0xE1, 0xA9, 0xE0, 0xDD, 0xDA, 0xD6, 0xCF, 0xC7, 0xBC, 0xB0, 0xA5, 0x9B, 0x94, 0x8F, 0x8C, 0x8A, 0x88, 0x86, 0x84, 0x80, 0x7C, 0x76, 0x6E, 0x63, 
            0x5A, 0x52, 0x48, 0x3C, 0x2F, 0x20, 0x0E, 0x13, 0x1E, 0x27, 0x2F, 0x35, 0x38, 0x37, 0x36, 0x31, 0x2A, 0x20, 0x15, 0x09, 0x7F, 0x00, 0x7F, 0x00, 
            0x09, 0x00, 0x8A, 0x06, 0x0B, 0x10, 0x14, 0x19, 0x1F, 0x24, 0x28, 0x2A, 0x2C, 0x2F, 0x01, 0x31, 0x8B, 0x34, 0x41, 0x4B, 0x55, 0x5D, 0x64, 0x6B, 
            0x70, 0x75, 0x78, 0x7A, 0x7B, 0x01, 0x7D, 0x91, 0x7C, 0x79, 0x75, 0x72, 0x6F, 0x6B, 0x66, 0x60, 0x5B, 0x54, 0x4C, 0x43, 0x3A, 0x31, 0x28, 0x1D, 
            0x13, 0x08, 0x20, 0x00, 0x03, 0x00, 0x87, 0x01, 0x06, 0x0A, 0x0D, 0x0E, 0x0D, 0x0A, 0x05, 0x21, 0x00, 0x91, 0x01, 0x15, 0x2A, 0x40, 0x53, 0x66, 
            0x77, 0x86, 0x95, 0xA5, 0xB2, 0xBD, 0xC6, 0xCD, 0xD2, 0xD5, 0xD7, 0xD8, 0x01, 0xD9, 0x9F, 0xD8, 0xD7, 0xD6, 0xD5, 0xD3, 0xD1, 0xCF, 0xCC, 0xCA, 
            0xC7, 0xC5, 0xC2, 0xBF, 0xBB, 0xB7, 0xB3, 0xB0, 0xAC, 0xA6, 0x9F, 0x97, 0x90, 0x86, 0x7A, 0x6E, 0x63, 0x56, 0x48, 0x3A, 0x2C, 0x1B, 0x0A, 0x04, 
            0x00, 0x94, 0x04, 0x0E, 0x16, 0x1E, 0x25, 0x2C, 0x33, 0x3C, 0x47, 0x54, 0x62, 0x70, 0x7E, 0x8D, 0x9C, 0xAA, 0xB9, 0xC8, 0xD2, 0xDA, 0xDF, 0x01, 
            0xE0, 0xAB, 0xDF, 0xDD, 0xDA, 0xD6, 0xD0, 0xC9, 0xBF, 0xB4, 0xAA, 0xA1, 0x9A, 0x96, 0x93, 0x92, 0x91, 0x90, 0x8E, 0x8A, 0x86, 0x80, 0x77, 0x6E, 
            0x65, 0x5C, 0x51, 0x45, 0x38, 0x28, 0x18, 0x26, 0x32, 0x3B, 0x42, 0x48, 0x4B, 0x4A, 0x48, 0x44, 0x3D, 0x34, 0x29, 0x1C, 0x10, 0x04, 0x7F, 0x00, 
            0x7F, 0x00, 0x08, 0x00, 0xAC, 0x03, 0x07, 0x0A, 0x0E, 0x11, 0x15, 0x17, 0x19, 0x1B, 0x1D, 0x1F, 0x30, 0x40, 0x4D, 0x56, 0x5F, 0x68, 0x6F, 0x75, 
            0x7A, 0x7D, 0x80, 0x81, 0x82, 0x84, 0x85, 0x84, 0x81, 0x7D, 0x7A, 0x77, 0x73, 0x6D, 0x68, 0x62, 0x5B, 0x52, 0x4A, 0x42, 0x39, 0x2F, 0x25, 0x1A, 
            0x0F, 0x04, 0x1F, 0x00, 0x2D, 0x00, 0x91, 0x07, 0x1C, 0x31, 0x46, 0x5A, 0x6C, 0x7D, 0x8D, 0x9C, 0xAA, 0xB8, 0xC3, 0xCC, 0xD2, 0xD6, 0xD9, 0xDA, 
            0xDB, 0x01, 0xDC, 0x01, 0xDB, 0x9E, 0xDA, 0xD9, 0xD8, 0xD6, 0xD5, 0xD4, 0xD2, 0xD0, 0xCE, 0xCC, 0xC9, 0xC6, 0xC2, 0xBF, 0xBB, 0xB7, 0xB2, 0xAB, 
            0xA3, 0x9C, 0x93, 0x87, 0x7A, 0x6E, 0x62, 0x54, 0x46, 0x38, 0x29, 0x17, 0x06, 0x03, 0x00, 0x94, 0x0A, 0x14, 0x1D, 0x25, 0x2C, 0x33, 0x3B, 0x43, 
            0x4D, 0x59, 0x66, 0x74, 0x82, 0x90, 0x9E, 0xAB, 0xBA, 0xC8, 0xD2, 0xDA, 0xDE, 0x01, 0xDF, 0xA1, 0xDE, 0xDC, 0xDA, 0xD6, 0xD0, 0xCA, 0xC2, 0xB8, 
            0xAF, 0xA7, 0xA1, 0x9D, 0x9A, 0x99, 0x98, 0x97, 0x95, 0x92, 0x8D, 0x87, 0x80, 0x78, 0x6F, 0x65, 0x59, 0x4D, 0x40, 0x2E, 0x29, 0x37, 0x43, 0x4B, 
            0x52, 0x58, 0x01, 0x5B, 0x88, 0x59, 0x56, 0x4E, 0x45, 0x3A, 0x2E, 0x20, 0x14, 0x09, 0x39, 0x00, 0x80, 0x01, 0x04, 0x02, 0x02, 0x01, 0x7F, 0x00, 
            0x47, 0x00, 0xA9, 0x02, 0x04, 0x05, 0x06, 0x08, 0x09, 0x14, 0x29, 0x3C, 0x4C, 0x59, 0x61, 0x6A, 0x72, 0x78, 0x7E, 0x82, 0x84, 0x86, 0x88, 0x89, 
            0x8A, 0x8B, 0x8A, 0x87, 0x84, 0x80, 0x7D, 0x79, 0x74, 0x6E, 0x68, 0x60, 0x58, 0x50, 0x48, 0x3F, 0x36, 0x2C, 0x21, 0x16, 0x0A, 0x1F, 0x00, 0x2D, 
            0x00, 0x90, 0x0A, 0x1F, 0x34, 0x48, 0x5C, 0x6E, 0x7E, 0x8F, 0x9F, 0xAE, 0xBC, 0xC6, 0xCD, 0xD3, 0xD7, 0xDA, 0xDB, 0x01, 0xDC, 0x80, 0xDD, 0x02, 
            0xDC, 0x9E, 0xDB, 0xDA, 0xD9, 0xD8, 0xD7, 0xD6, 0xD5, 0xD4, 0xD2, 0xD1, 0xCF, 0xCC, 0xC8, 0xC4, 0xC1, 0xBC, 0xB6, 0xAE, 0xA6, 0x9D, 0x92, 0x86, 
            0x79, 0x6D, 0x5F, 0x51, 0x43, 0x35, 0x24, 0x13, 0x03, 0x01, 0x00, 0x95, 0x01, 0x0E, 0x19, 0x23, 0x2B, 0x33, 0x3B, 0x43, 0x4B, 0x55, 0x60, 0x6D, 
            0x7B, 0x88, 0x95, 0xA1, 0xAE, 0xBC, 0xC9, 0xD2, 0xD9, 0xDC, 0x01, 0xDD, 0xA1, 0xDC, 0xDB, 0xD9, 0xD5, 0xD1, 0xCB, 0xC4, 0xBC, 0xB4, 0xAD, 0xA8, 
            0xA4, 0xA2, 0xA1, 0xA0, 0x9F, 0x9D, 0x9A, 0x95, 0x8F, 0x89, 0x80, 0x77, 0x6C, 0x60, 0x53, 0x44, 0x32, 0x39, 0x47, 0x52, 0x5A, 0x61, 0x67, 0x01, 
            0x69, 0x8A, 0x68, 0x64, 0x5D, 0x53, 0x48, 0x3C, 0x2F, 0x22, 0x17, 0x0D, 0x03, 0x33, 0x00, 0x88, 0x03, 0x08, 0x0D, 0x11, 0x15, 0x18, 0x1B, 0x1C, 
            0x1D, 0x02, 0x1E, 0x01, 0x1D, 0x86, 0x1C, 0x1A, 0x18, 0x14, 0x0F, 0x0A, 0x04, 0x7F, 0x00, 0x44, 0x00, 0xA5, 0x0A, 0x1F, 0x34, 0x46, 0x56, 0x62, 
            0x6B, 0x73, 0x7A, 0x80, 0x85, 0x88, 0x8A, 0x8B, 0x8D, 0x8E, 0x8F, 0x90, 0x8F, 0x8D, 0x89, 0x86, 0x83, 0x7F, 0x7A, 0x74, 0x6D, 0x66, 0x5D, 0x56, 
            0x4E, 0x46, 0x3C, 0x33, 0x28, 0x1D, 0x11, 0x06, 0x1E, 0x00, 0x2D, 0x00, 0x91, 0x0A, 0x1E, 0x33, 0x46, 0x5A, 0x6C, 0x7C, 0x8C, 0x9D, 0xAD, 0xB9, 
            0xC3, 0xCB, 0xD1, 0xD5, 0xD8, 0xDA, 0xDB, 0x03, 0xDC, 0x02, 0xDB, 0x81, 0xDA, 0xD9, 0x01, 0xD8, 0x01, 0xD7, 0xAE, 0xD6, 0xD5, 0xD4, 0xD2, 0xCF, 
            0xCC, 0xC8, 0xC4, 0xBE, 0xB8, 0xB0, 0xA7, 0x9D, 0x91, 0x85, 0x78, 0x6B, 0x5D, 0x4F, 0x41, 0x31, 0x21, 0x10, 0x02, 0x00, 0x03, 0x10, 0x1C, 0x27, 
            0x31, 0x3A, 0x43, 0x4B, 0x54, 0x5D, 0x69, 0x77, 0x85, 0x91, 0x9C, 0xA8, 0xB3, 0xC0, 0xCB, 0xD2, 0xD8, 0xDB, 0x01, 0xDC, 0xA1, 0xDB, 0xDA, 0xD8, 
            0xD5, 0xD1, 0xCC, 0xC7, 0xC0, 0xBA, 0xB4, 0xB0, 0xAD, 0xAB, 0xAA, 0xA9, 0xA7, 0xA5, 0xA1, 0x9D, 0x97, 0x90, 0x87, 0x7D, 0x71, 0x65, 0x57, 0x46, 
            0x39, 0x49, 0x56, 0x61, 0x69, 0x70, 0x74, 0x01, 0x76, 0x8B, 0x74, 0x70, 0x69, 0x5F, 0x54, 0x47, 0x3A, 0x2E, 0x23, 0x19, 0x0E, 0x03, 0x30, 0x00, 
            0x8A, 0x01, 0x07, 0x0F, 0x17, 0x1E, 0x24, 0x2A, 0x2F, 0x33, 0x36, 0x38, 0x04, 0x3A, 0x87, 0x39, 0x36, 0x32, 0x2C, 0x25, 0x1D, 0x13, 0x09, 0x7F, 
            0x00, 0x43, 0x00, 0x8B, 0x11, 0x28, 0x3C, 0x4E, 0x5D, 0x69, 0x72, 0x7A, 0x80, 0x85, 0x89, 0x8D, 0x01, 0x8E, 0x82, 0x90, 0x91, 0x92, 0x01, 0x93, 
            0x93, 0x91, 0x8E, 0x8B, 0x88, 0x84, 0x80, 0x7A, 0x74, 0x6C, 0x64, 0x5D, 0x55, 0x4D, 0x44, 0x3B, 0x31, 0x26, 0x1A, 0x0E, 0x04, 0x1D, 0x00, 0x2D, 
            0x00, 0x91, 0x09, 0x1C, 0x2F, 0x42, 0x55, 0x67, 0x77, 0x86, 0x97, 0xA6, 0xB3, 0xBD, 0xC5, 0xCC, 0xD2, 0xD5, 0xD7, 0xD9, 0x06, 0xDA, 0x02, 0xD9, 
            0x02, 0xD8, 0x01, 0xD7, 0xAB, 0xD6, 0xD5, 0xD3, 0xD1, 0xCE, 0xCB, 0xC6, 0xC0, 0xB9, 0xB1, 0xA7, 0x9C, 0x91, 0x85, 0x77, 0x69, 0x5C, 0x4D, 0x3E, 
            0x2F, 0x1F, 0x10, 0x03, 0x02, 0x11, 0x1E, 0x2A, 0x35, 0x3F, 0x49, 0x54, 0x5F, 0x6A, 0x76, 0x82, 0x8F, 0x9A, 0xA6, 0xB2, 0xBC, 0xC6, 0xCE, 0xD4, 
            0xD8, 0x03, 0xDA, 0xA0, 0xD9, 0xD7, 0xD5, 0xD2, 0xCE, 0xCA, 0xC5, 0xBF, 0xBB, 0xB7, 0xB4, 0xB2, 0xB1, 0xB0, 0xAE, 0xAC, 0xA8, 0xA3, 0x9D, 0x95, 
            0x8C, 0x81, 0x75, 0x68, 0x58, 0x47, 0x49, 0x59, 0x65, 0x6F, 0x78, 0x7C, 0x80, 0x01, 0x82, 0x8C, 0x7F, 0x7B, 0x74, 0x69, 0x5C, 0x4F, 0x43, 0x37, 
            0x2D, 0x22, 0x17, 0x0C, 0x02, 0x2E, 0x00, 0x8C, 0x02, 0x09, 0x12, 0x1B, 0x25, 0x2E, 0x36, 0x3D, 0x43, 0x49, 0x4D, 0x51, 0x53, 0x01, 0x54, 0x8A, 
            0x55, 0x54, 0x53, 0x50, 0x4B, 0x43, 0x3A, 0x2F, 0x23, 0x16, 0x09, 0x7F, 0x00, 0x41, 0x00, 0x8C, 0x02, 0x17, 0x2D, 0x41, 0x53, 0x62, 0x6D, 0x76, 
            0x7E, 0x84, 0x88, 0x8B, 0x8E, 0x01, 0x90, 0x82, 0x91, 0x93, 0x94, 0x01, 0x96, 0x94, 0x95, 0x93, 0x90, 0x8D, 0x8A, 0x86, 0x81, 0x7B, 0x74, 0x6D, 
            0x65, 0x5E, 0x56, 0x4E, 0x45, 0x3B, 0x30, 0x25, 0x19, 0x0E, 0x05, 0x1C, 0x00, 0x2D, 0x00, 0x92, 0x07, 0x18, 0x2A, 0x3C, 0x4E, 0x5F, 0x6F, 0x7E, 
            0x8D, 0x9C, 0xA9, 0xB4, 0xBD, 0xC5, 0xCB, 0xD0, 0xD3, 0xD5, 0xD7, 0x02, 0xD8, 0x01, 0xD9, 0x04, 0xD8, 0x04, 0xD7, 0xAA, 0xD6, 0xD5, 0xD4, 0xD2, 
            0xCF, 0xCC, 0xC6, 0xC1, 0xBA, 0xB2, 0xA8, 0x9D, 0x92, 0x85, 0x77, 0x69, 0x5B, 0x4C, 0x3D, 0x2E, 0x1F, 0x11, 0x04, 0x0F, 0x1F, 0x2C, 0x38, 0x45, 
            0x52, 0x5F, 0x6B, 0x76, 0x82, 0x8E, 0x9A, 0xA6, 0xB2, 0xBD, 0xC4, 0xCC, 0xD1, 0xD6, 0xD8, 0x03, 0xD9, 0xB0, 0xD8, 0xD7, 0xD6, 0xD3, 0xD0, 0xCD, 
            0xC9, 0xC4, 0xC0, 0xBD, 0xBB, 0xB9, 0xB7, 0xB5, 0xB3, 0xB0, 0xAC, 0xA7, 0xA1, 0x99, 0x8F, 0x83, 0x76, 0x68, 0x58, 0x47, 0x59, 0x68, 0x72, 0x7C, 
            0x84, 0x87, 0x8B, 0x8D, 0x8C, 0x89, 0x84, 0x7C, 0x6F, 0x62, 0x56, 0x4A, 0x3E, 0x34, 0x2A, 0x1F, 0x14, 0x0A, 0x01, 0x2D, 0x00, 0x8D, 0x08, 0x11, 
            0x1B, 0x26, 0x31, 0x3B, 0x45, 0x4E, 0x56, 0x5C, 0x61, 0x65, 0x68, 0x69, 0x02, 0x6A, 0x89, 0x68, 0x65, 0x5F, 0x58, 0x4E, 0x41, 0x34, 0x25, 0x16, 
            0x08, 0x7F, 0x00, 0x40, 0x00, 0x8C, 0x04, 0x1A, 0x2F, 0x43, 0x54, 0x64, 0x6F, 0x77, 0x7E, 0x84, 0x88, 0x8B, 0x8D, 0x01, 0x90, 0x9B, 0x91, 0x93, 
            0x95, 0x96, 0x97, 0x98, 0x97, 0x94, 0x92, 0x8F, 0x8C, 0x88, 0x83, 0x7D, 0x76, 0x6F, 0x68, 0x61, 0x5A, 0x51, 0x48, 0x3E, 0x33, 0x27, 0x1D, 0x12, 
            0x09, 0x01, 0x1A, 0x00, 0x2D, 0x00, 0x94, 0x03, 0x12, 0x23, 0x34, 0x45, 0x56, 0x65, 0x73, 0x82, 0x91, 0x9E, 0xA8, 0xB2, 0xBA, 0xC2, 0xC7, 0xCC, 
            0xCF, 0xD2, 0xD3, 0xD5, 0x01, 0xD6, 0x03, 0xD7, 0x08, 0xD6, 0xA7, 0xD5, 0xD4, 0xD2, 0xD0, 0xCC, 0xC7, 0xC1, 0xBB, 0xB3, 0xA9, 0x9E, 0x92, 0x85, 
            0x78, 0x6A, 0x5B, 0x4C, 0x3D, 0x2E, 0x1F, 0x10, 0x0D, 0x1E, 0x2D, 0x3D, 0x4C, 0x5A, 0x68, 0x76, 0x84, 0x90, 0x9D, 0xA8, 0xB4, 0xBE, 0xC6, 0xCD, 
            0xD2, 0xD5, 0xD6, 0x05, 0xD7, 0x01, 0xD6, 0xAD, 0xD4, 0xD2, 0xCF, 0xCC, 0xC8, 0xC5, 0xC2, 0xBF, 0xBD, 0xBB, 0xB9, 0xB6, 0xB2, 0xAE, 0xA9, 0xA2, 
            0x99, 0x8E, 0x82, 0x75, 0x67, 0x55, 0x56, 0x68, 0x75, 0x7F, 0x88, 0x8E, 0x93, 0x96, 0x97, 0x96, 0x92, 0x8B, 0x80, 0x72, 0x66, 0x5B, 0x4E, 0x43, 
            0x39, 0x2F, 0x25, 0x1B, 0x11, 0x07, 0x2C, 0x00, 0x8D, 0x04, 0x0E, 0x18, 0x23, 0x2E, 0x3B, 0x46, 0x52, 0x5C, 0x65, 0x6C, 0x71, 0x76, 0x79, 0x01, 
            0x7B, 0x8C, 0x7C, 0x7B, 0x79, 0x76, 0x70, 0x68, 0x5E, 0x51, 0x43, 0x33, 0x25, 0x17, 0x09, 0x7F, 0x00, 0x3F, 0x00, 0x93, 0x05, 0x1A, 0x2F, 0x42, 
            0x53, 0x62, 0x6E, 0x76, 0x7D, 0x82, 0x86, 0x8A, 0x8C, 0x8E, 0x8F, 0x90, 0x91, 0x94, 0x96, 0x98, 0x01, 0x99, 0x95, 0x98, 0x96, 0x94, 0x92, 0x8F, 
            0x8B, 0x86, 0x80, 0x7A, 0x73, 0x6D, 0x66, 0x5F, 0x56, 0x4D, 0x43, 0x38, 0x2D, 0x24, 0x1A, 0x10, 0x07, 0x19, 0x00, 0x2E, 0x00, 0x95, 0x0B, 0x1B, 
            0x2B, 0x3B, 0x4B, 0x5A, 0x68, 0x77, 0x84, 0x90, 0x9A, 0xA4, 0xAD, 0xB5, 0xBC, 0xC2, 0xC6, 0xCA, 0xCD, 0xD0, 0xD1, 0xD3, 0x01, 0xD4, 0x0B, 0xD5, 
            0xA4, 0xD4, 0xD3, 0xD2, 0xCF, 0xCC, 0xC7, 0xC2, 0xBC, 0xB3, 0xAA, 0x9F, 0x93, 0x86, 0x78, 0x69, 0x59, 0x4A, 0x3C, 0x2C, 0x1C, 0x0C, 0x1D, 0x2F, 
            0x41, 0x52, 0x63, 0x74, 0x84, 0x92, 0xA0, 0xAB, 0xB6, 0xC0, 0xC9, 0xCF, 0xD2, 0xD4, 0x09, 0xD5, 0x9C, 0xD4, 0xD3, 0xD1, 0xCE, 0xCB, 0xC8, 0xC5, 
            0xC2, 0xBF, 0xBD, 0xBA, 0xB7, 0xB3, 0xAE, 0xA8, 0xA0, 0x97, 0x8B, 0x7F, 0x72, 0x62, 0x55, 0x66, 0x76, 0x82, 0x8C, 0x93, 0x99, 0x9E, 0x01, 0xA0, 
            0x8F, 0x9E, 0x97, 0x8F, 0x83, 0x75, 0x69, 0x5C, 0x50, 0x45, 0x3C, 0x33, 0x2A, 0x20, 0x16, 0x0D, 0x06, 0x2B, 0x00, 0x8E, 0x07, 0x12, 0x1D, 0x29, 
            0x35, 0x42, 0x4F, 0x5B, 0x65, 0x6F, 0x77, 0x7E, 0x83, 0x86, 0x88, 0x01, 0x89, 0x8E, 0x88, 0x86, 0x83, 0x7D, 0x75, 0x6B, 0x5F, 0x52, 0x43, 0x35, 
            0x28, 0x1B, 0x11, 0x08, 0x02, 0x18, 0x00, 0x88, 0x01, 0x07, 0x0C, 0x10, 0x11, 0x10, 0x0C, 0x08, 0x03, 0x7F, 0x00, 0x1A, 0x00, 0x94, 0x06, 0x1B, 
            0x2E, 0x40, 0x51, 0x5F, 0x6B, 0x74, 0x7A, 0x7F, 0x83, 0x87, 0x89, 0x8B, 0x8D, 0x8E, 0x8F, 0x91, 0x95, 0x97, 0x99, 0x02, 0x9A, 0x95, 0x99, 0x97, 
            0x95, 0x93, 0x8F, 0x8A, 0x85, 0x7F, 0x79, 0x73, 0x6C, 0x65, 0x5D, 0x54, 0x4A, 0x40, 0x36, 0x2D, 0x23, 0x1A, 0x10, 0x05, 0x17, 0x00, 0x2E, 0x00, 
            0x97, 0x04, 0x11, 0x21, 0x31, 0x40, 0x4E, 0x5C, 0x6A, 0x77, 0x82, 0x8C, 0x95, 0x9E, 0xA7, 0xAF, 0xB6, 0xBB, 0xC0, 0xC5, 0xC8, 0xCC, 0xCE, 0xCF, 
            0xD1, 0x01, 0xD2, 0x03, 0xD3, 0x06, 0xD4, 0xA1, 0xD3, 0xD2, 0xD1, 0xCF, 0xCC, 0xC7, 0xC2, 0xBB, 0xB3, 0xAA, 0x9F, 0x93, 0x85, 0x75, 0x65, 0x56, 
            0x47, 0x37, 0x26, 0x14, 0x1D, 0x31, 0x45, 0x59, 0x6C, 0x7F, 0x8F, 0x9E, 0xAB, 0xB7, 0xC2, 0xCA, 0xCF, 0xD2, 0x0B, 0xD4, 0x01, 0xD3, 0x99, 0xD1, 
            0xCF, 0xCC, 0xC9, 0xC5, 0xC2, 0xBF, 0xBC, 0xB9, 0xB5, 0xB1, 0xAB, 0xA5, 0x9C, 0x91, 0x85, 0x79, 0x6B, 0x5B, 0x66, 0x75, 0x83, 0x8E, 0x97, 0x9E, 
            0xA4, 0x02, 0xA8, 0x90, 0xA2, 0x9B, 0x92, 0x85, 0x76, 0x69, 0x5C, 0x51, 0x47, 0x3E, 0x35, 0x2C, 0x23, 0x1A, 0x12, 0x0B, 0x04, 0x2A, 0x00, 0x8E, 
            0x09, 0x15, 0x20, 0x2D, 0x3A, 0x47, 0x55, 0x61, 0x6C, 0x75, 0x7F, 0x86, 0x8C, 0x90, 0x92, 0x01, 0x94, 0x92, 0x93, 0x92, 0x8F, 0x8A, 0x82, 0x78, 
            0x6D, 0x61, 0x54, 0x47, 0x3B, 0x30, 0x27, 0x20, 0x1A, 0x15, 0x0F, 0x09, 0x03, 0x10, 0x00, 0x86, 0x04, 0x0A, 0x11, 0x19, 0x20, 0x27, 0x2C, 0x01, 
            0x2F, 0x85, 0x2B, 0x26, 0x1F, 0x17, 0x0E, 0x03, 0x7F, 0x00, 0x18, 0x00, 0x96, 0x09, 0x1C, 0x2E, 0x40, 0x50, 0x5D, 0x69, 0x71, 0x77, 0x7C, 0x80, 
            0x83, 0x86, 0x88, 0x8A, 0x8C, 0x8E, 0x90, 0x93, 0x96, 0x99, 0x9A, 0x9C, 0x01, 0x9D, 0x95, 0x9C, 0x9B, 0x9A, 0x97, 0x94, 0x8F, 0x8A, 0x85, 0x80, 
            0x79, 0x73, 0x6C, 0x65, 0x5C, 0x52, 0x49, 0x40, 0x37, 0x2D, 0x23, 0x16, 0x08, 0x16, 0x00, 0x2F, 0x00, 0x9A, 0x08, 0x16, 0x25, 0x34, 0x42, 0x50, 
            0x5C, 0x69, 0x73, 0x7D, 0x87, 0x90, 0x98, 0xA0, 0xA8, 0xAE, 0xB5, 0xBA, 0xBF, 0xC4, 0xC8, 0xCB, 0xCC, 0xCE, 0xCF, 0xD0, 0xD1, 0x0A, 0xD2, 0x9E, 
            0xD1, 0xCF, 0xCD, 0xCB, 0xC6, 0xC1, 0xBA, 0xB2, 0xA9, 0x9D, 0x90, 0x80, 0x70, 0x60, 0x51, 0x40, 0x2E, 0x1A, 0x1D, 0x32, 0x48, 0x5E, 0x74, 0x87, 
            0x97, 0xA7, 0xB5, 0xC1, 0xC9, 0xCE, 0xD1, 0x0D, 0xD2, 0x9A, 0xD1, 0xD0, 0xCE, 0xCB, 0xC7, 0xC4, 0xC0, 0xBD, 0xBA, 0xB6, 0xB2, 0xAC, 0xA6, 0x9E, 
            0x94, 0x89, 0x7C, 0x6F, 0x61, 0x66, 0x75, 0x83, 0x8F, 0x9A, 0xA2, 0xA9, 0xAE, 0x01, 0xAF, 0x92, 0xAC, 0xA6, 0x9D, 0x92, 0x84, 0x77, 0x69, 0x5D, 
            0x51, 0x47, 0x3E, 0x35, 0x2D, 0x25, 0x1D, 0x16, 0x0F, 0x08, 0x01, 0x29, 0x00, 0xA7, 0x09, 0x16, 0x22, 0x2F, 0x3D, 0x4B, 0x59, 0x65, 0x70, 0x7A, 
            0x83, 0x8B, 0x92, 0x97, 0x99, 0x9B, 0x9C, 0x9D, 0x9C, 0x99, 0x95, 0x8E, 0x85, 0x7B, 0x70, 0x64, 0x59, 0x4E, 0x45, 0x3D, 0x38, 0x34, 0x30, 0x2D, 
            0x28, 0x23, 0x1C, 0x15, 0x0D, 0x04, 0x04, 0x00, 0x97, 0x01, 0x05, 0x08, 0x0B, 0x0F, 0x13, 0x18, 0x1E, 0x25, 0x2D, 0x34, 0x3B, 0x42, 0x48, 0x4B, 
            0x4D, 0x4B, 0x45, 0x3E, 0x34, 0x2A, 0x1E, 0x10, 0x01, 0x7F, 0x00, 0x17, 0x00, 0x98, 0x0D, 0x20, 0x31, 0x41, 0x50, 0x5C, 0x67, 0x70, 0x76, 0x7A, 
            0x7E, 0x81, 0x84, 0x86, 0x88, 0x8A, 0x8D, 0x8F, 0x92, 0x95, 0x98, 0x9B, 0x9D, 0x9E, 0x9F, 0x01, 0xA0, 0x94, 0x9F, 0x9E, 0x9C, 0x99, 0x94, 0x90, 
            0x8B, 0x86, 0x80, 0x7A, 0x74, 0x6C, 0x64, 0x5B, 0x53, 0x4A, 0x40, 0x36, 0x29, 0x19, 0x08, 0x15, 0x00, 0x30, 0x00, 0x99, 0x0C, 0x1A, 0x28, 0x36, 
            0x43, 0x4F, 0x5B, 0x66, 0x70, 0x7A, 0x83, 0x8B, 0x93, 0x9A, 0xA2, 0xA9, 0xAF, 0xB6, 0xBB, 0xC0, 0xC4, 0xC8, 0xCA, 0xCC, 0xCD, 0xCF, 0x0B, 0xD0, 
            0x8F, 0xCF, 0xCE, 0xCC, 0xC9, 0xC5, 0xBF, 0xB8, 0xB0, 0xA5, 0x98, 0x89, 0x79, 0x69, 0x58, 0x47, 0x34, 0x01, 0x1E, 0x8A, 0x34, 0x4B, 0x63, 0x79, 
            0x8C, 0x9D, 0xAE, 0xBB, 0xC5, 0xCB, 0xCF, 0x0E, 0xD0, 0x99, 0xCF, 0xCD, 0xCB, 0xC7, 0xC4, 0xC0, 0xBC, 0xB8, 0xB4, 0xB0, 0xAB, 0xA5, 0x9E, 0x95, 
            0x8A, 0x7D, 0x70, 0x63, 0x67, 0x74, 0x82, 0x8F, 0x9B, 0xA4, 0xAB, 0xB1, 0x01, 0xB4, 0x93, 0xB3, 0xAE, 0xA7, 0x9C, 0x91, 0x85, 0x77, 0x6A, 0x5E, 
            0x52, 0x47, 0x3E, 0x36, 0x2F, 0x28, 0x21, 0x1A, 0x13, 0x0B, 0x04, 0x29, 0x00, 0x90, 0x08, 0x15, 0x23, 0x30, 0x3F, 0x4D, 0x5B, 0x67, 0x72, 0x7C, 
            0x85, 0x8C, 0x94, 0x9A, 0x9E, 0xA0, 0xA2, 0x01, 0xA3, 0xA7, 0xA1, 0x9D, 0x98, 0x91, 0x88, 0x7E, 0x74, 0x6B, 0x63, 0x5B, 0x56, 0x52, 0x4F, 0x4D, 
            0x4A, 0x47, 0x42, 0x3D, 0x36, 0x2E, 0x24, 0x19, 0x0E, 0x08, 0x0F, 0x16, 0x1C, 0x21, 0x25, 0x2A, 0x2E, 0x33, 0x38, 0x3E, 0x44, 0x4B, 0x53, 0x5A, 
            0x60, 0x63, 0x01, 0x64, 0x87, 0x61, 0x5C, 0x52, 0x46, 0x3A, 0x2B, 0x1B, 0x09, 0x7F, 0x00, 0x16, 0x00, 0x9B, 0x03, 0x14, 0x25, 0x35, 0x44, 0x51, 
            0x5D, 0x67, 0x6F, 0x75, 0x79, 0x7D, 0x80, 0x83, 0x85, 0x88, 0x8A, 0x8C, 0x8F, 0x92, 0x95, 0x98, 0x9B, 0x9E, 0xA0, 0xA2, 0xA4, 0xA5, 0x01, 0xA4, 
            0x93, 0xA3, 0xA1, 0x9E, 0x9A, 0x95, 0x91, 0x8C, 0x86, 0x80, 0x7A, 0x73, 0x6C, 0x64, 0x5C, 0x52, 0x47, 0x39, 0x29, 0x15, 0x02, 0x14, 0x00, 0x30, 
            0x00, 0x99, 0x03, 0x0F, 0x1D, 0x2A, 0x37, 0x42, 0x4E, 0x5A, 0x64, 0x6E, 0x78, 0x81, 0x89, 0x90, 0x97, 0x9E, 0xA5, 0xAC, 0xB3, 0xB9, 0xBE, 0xC2, 
            0xC6, 0xC8, 0xCB, 0xCC, 0x01, 0xCE, 0x09, 0xCF, 0x8F, 0xCE, 0xCD, 0xCC, 0xC9, 0xC6, 0xC2, 0xBC, 0xB4, 0xAA, 0x9E, 0x8F, 0x7F, 0x6E, 0x5D, 0x4B, 
            0x37, 0x01, 0x1F, 0x8A, 0x36, 0x4F, 0x67, 0x7C, 0x8F, 0xA1, 0xB1, 0xBD, 0xC6, 0xCB, 0xCE, 0x0C, 0xCF, 0x01, 0xCE, 0x99, 0xCC, 0xC9, 0xC6, 0xC2, 
            0xBE, 0xB9, 0xB5, 0xB0, 0xAC, 0xA6, 0xA1, 0x9A, 0x91, 0x87, 0x7B, 0x6F, 0x63, 0x69, 0x75, 0x81, 0x8E, 0x9A, 0xA4, 0xAB, 0xB2, 0xB6, 0x01, 0xB7, 
            0x93, 0xB4, 0xAE, 0xA5, 0x9C, 0x91, 0x86, 0x79, 0x6C, 0x5E, 0x53, 0x49, 0x40, 0x39, 0x33, 0x2C, 0x25, 0x1E, 0x16, 0x0E, 0x05, 0x29, 0x00, 0xB9, 
            0x06, 0x13, 0x22, 0x30, 0x3E, 0x4C, 0x59, 0x66, 0x71, 0x7C, 0x85, 0x8C, 0x93, 0x99, 0x9F, 0xA2, 0xA4, 0xA6, 0xA7, 0xA6, 0xA3, 0xA0, 0x9B, 0x94, 
            0x8C, 0x84, 0x7D, 0x77, 0x72, 0x6E, 0x6B, 0x6A, 0x69, 0x67, 0x64, 0x60, 0x5B, 0x54, 0x4C, 0x42, 0x36, 0x29, 0x22, 0x2B, 0x33, 0x39, 0x3E, 0x43, 
            0x48, 0x4D, 0x51, 0x56, 0x5B, 0x61, 0x68, 0x6E, 0x73, 0x76, 0x01, 0x77, 0x89, 0x76, 0x73, 0x6A, 0x5F, 0x52, 0x44, 0x34, 0x22, 0x10, 0x01, 0x7F, 
            0x00, 0x15, 0x00, 0x9A, 0x0C, 0x1C, 0x2C, 0x3B, 0x48, 0x54, 0x5F, 0x69, 0x70, 0x75, 0x79, 0x7D, 0x80, 0x83, 0x86, 0x89, 0x8B, 0x8E, 0x91, 0x94, 
            0x97, 0x9A, 0x9D, 0xA0, 0xA3, 0xA5, 0xA7, 0x02, 0xA9, 0x93, 0xA8, 0xA7, 0xA5, 0xA2, 0x9F, 0x9B, 0x96, 0x91, 0x8C, 0x86, 0x80, 0x7A, 0x73, 0x6B, 
            0x62, 0x56, 0x48, 0x37, 0x23, 0x0E, 0x14, 0x00, 0x31, 0x00, 0x9A, 0x05, 0x12, 0x1F, 0x2B, 0x37, 0x43, 0x4F, 0x5A, 0x64, 0x6E, 0x78, 0x80, 0x88, 
            0x8F, 0x96, 0x9D, 0xA3, 0xAA, 0xB1, 0xB6, 0xBC, 0xC0, 0xC4, 0xC7, 0xC9, 0xCB, 0xCC, 0x0B, 0xCD, 0x9A, 0xCC, 0xCA, 0xC7, 0xC3, 0xBE, 0xB7, 0xAE, 
            0xA3, 0x94, 0x83, 0x72, 0x60, 0x4D, 0x37, 0x1E, 0x21, 0x39, 0x52, 0x69, 0x7E, 0x91, 0xA3, 0xB2, 0xBE, 0xC5, 0xCA, 0xCC, 0x0C, 0xCD, 0x9A, 0xCC, 
            0xCA, 0xC7, 0xC3, 0xBF, 0xBA, 0xB5, 0xB0, 0xAB, 0xA5, 0xA0, 0x9A, 0x93, 0x8B, 0x82, 0x78, 0x6D, 0x62, 0x6D, 0x77, 0x83, 0x8E, 0x99, 0xA3, 0xAB, 
            0xB2, 0xB7, 0x01, 0xB9, 0x94, 0xB8, 0xB3, 0xAC, 0xA4, 0x9B, 0x91, 0x86, 0x79, 0x6B, 0x5F, 0x54, 0x4B, 0x44, 0x3D, 0x37, 0x30, 0x29, 0x21, 0x19, 
            0x10, 0x06, 0x29, 0x00, 0x91, 0x04, 0x11, 0x1F, 0x2E, 0x3D, 0x4A, 0x57, 0x63, 0x6E, 0x78, 0x82, 0x8B, 0x91, 0x97, 0x9D, 0xA2, 0xA5, 0xA7, 0x01, 
            0xA8, 0x89, 0xA7, 0xA5, 0xA2, 0x9E, 0x99, 0x94, 0x8F, 0x8B, 0x87, 0x85, 0x01, 0x84, 0xA5, 0x83, 0x81, 0x7F, 0x7B, 0x76, 0x6F, 0x66, 0x5A, 0x4B, 
            0x3D, 0x3C, 0x46, 0x4D, 0x53, 0x59, 0x5D, 0x62, 0x66, 0x6A, 0x6F, 0x74, 0x7A, 0x7F, 0x83, 0x85, 0x87, 0x88, 0x87, 0x84, 0x7E, 0x74, 0x67, 0x5A, 
            0x4A, 0x39, 0x27, 0x15, 0x05, 0x7F, 0x00, 0x14, 0x00, 0x9C, 0x07, 0x17, 0x26, 0x34, 0x41, 0x4E, 0x59, 0x62, 0x6B, 0x71, 0x76, 0x7A, 0x7E, 0x82, 
            0x85, 0x88, 0x8B, 0x8E, 0x91, 0x94, 0x97, 0x9A, 0x9D, 0xA0, 0xA2, 0xA5, 0xA8, 0xAB, 0xAD, 0x02, 0xAE, 0x93, 0xAD, 0xAB, 0xA9, 0xA6, 0xA2, 0x9E, 
            0x9A, 0x96, 0x91, 0x8B, 0x85, 0x7E, 0x77, 0x6E, 0x63, 0x55, 0x44, 0x30, 0x1A, 0x04, 0x13, 0x00, 0x32, 0x00, 0x99, 0x06, 0x13, 0x20, 0x2D, 0x3A, 
            0x46, 0x51, 0x5C, 0x66, 0x70, 0x78, 0x80, 0x88, 0x8E, 0x95, 0x9B, 0xA2, 0xA8, 0xAE, 0xB4, 0xB9, 0xBE, 0xC2, 0xC5, 0xC8, 0xCA, 0x0C, 0xCB, 0x99, 
            0xC9, 0xC7, 0xC4, 0xC0, 0xB9, 0xB1, 0xA6, 0x98, 0x87, 0x75, 0x63, 0x4E, 0x36, 0x1C, 0x23, 0x3C, 0x54, 0x6B, 0x80, 0x93, 0xA5, 0xB4, 0xBE, 0xC4, 
            0xC8, 0xCA, 0x0A, 0xCB, 0x90, 0xCA, 0xC8, 0xC6, 0xC3, 0xBE, 0xBA, 0xB5, 0xB0, 0xAA, 0xA4, 0x9E, 0x98, 0x91, 0x8B, 0x83, 0x7B, 0x72, 0x01, 0x69, 
            0xA0, 0x73, 0x7C, 0x86, 0x90, 0x9A, 0xA3, 0xAA, 0xB1, 0xB6, 0xBA, 0xBB, 0xBA, 0xB7, 0xB1, 0xAA, 0xA3, 0x9A, 0x90, 0x84, 0x77, 0x6A, 0x5F, 0x56, 
            0x4E, 0x47, 0x40, 0x3A, 0x34, 0x2D, 0x25, 0x1C, 0x12, 0x07, 0x29, 0x00, 0x92, 0x01, 0x0E, 0x1C, 0x2B, 0x39, 0x46, 0x52, 0x5D, 0x68, 0x73, 0x7D, 
            0x86, 0x8F, 0x95, 0x9A, 0x9F, 0xA3, 0xA6, 0xA8, 0x01, 0xA9, 0x87, 0xA8, 0xA7, 0xA5, 0xA3, 0xA1, 0x9F, 0x9D, 0x9C, 0x01, 0x9A, 0xA6, 0x99, 0x98, 
            0x96, 0x94, 0x90, 0x8A, 0x82, 0x79, 0x6B, 0x5C, 0x4D, 0x54, 0x5D, 0x64, 0x6A, 0x6E, 0x73, 0x77, 0x7B, 0x80, 0x85, 0x8A, 0x8F, 0x92, 0x94, 0x96, 
            0x97, 0x96, 0x93, 0x8E, 0x87, 0x7B, 0x6D, 0x5F, 0x4D, 0x3B, 0x29, 0x18, 0x09, 0x7F, 0x00, 0x13, 0x00, 0x9D, 0x05, 0x14, 0x22, 0x30, 0x3C, 0x48, 
            0x53, 0x5D, 0x66, 0x6D, 0x73, 0x78, 0x7C, 0x80, 0x84, 0x88, 0x8B, 0x8E, 0x91, 0x95, 0x99, 0x9C, 0x9F, 0xA1, 0xA4, 0xA6, 0xA9, 0xAB, 0xAF, 0xB1, 
            0x03, 0xB3, 0x92, 0xB1, 0xAF, 0xAC, 0xA9, 0xA6, 0xA1, 0x9D, 0x99, 0x95, 0x90, 0x89, 0x82, 0x79, 0x6E, 0x61, 0x50, 0x3C, 0x27, 0x10, 0x13, 0x00, 
            0x33, 0x00, 0x99, 0x08, 0x16, 0x23, 0x31, 0x3D, 0x49, 0x55, 0x5F, 0x69, 0x71, 0x79, 0x81, 0x87, 0x8E, 0x94, 0x9A, 0x9F, 0xA5, 0xAB, 0xB1, 0xB6, 
            0xBC, 0xC0, 0xC3, 0xC6, 0xC8, 0x0C, 0xC9, 0x99, 0xC7, 0xC5, 0xC1, 0xBC, 0xB4, 0xA9, 0x9C, 0x8C, 0x79, 0x65, 0x4F, 0x36, 0x1B, 0x25, 0x3E, 0x56, 
            0x6C, 0x81, 0x94, 0xA5, 0xB4, 0xBD, 0xC2, 0xC5, 0xC7, 0xC8, 0x04, 0xC9, 0x02, 0xC8, 0x90, 0xC7, 0xC5, 0xC3, 0xC1, 0xBE, 0xBA, 0xB5, 0xB0, 0xAB, 
            0xA5, 0x9E, 0x97, 0x90, 0x89, 0x82, 0x7B, 0x73, 0x01, 0x6B, 0x8A, 0x73, 0x7B, 0x84, 0x8D, 0x95, 0x9D, 0xA4, 0xAA, 0xB0, 0xB6, 0xBA, 0x01, 0xBC, 
            0x95, 0xBA, 0xB5, 0xAF, 0xA8, 0xA1, 0x98, 0x8D, 0x81, 0x75, 0x6A, 0x60, 0x58, 0x50, 0x4A, 0x44, 0x3E, 0x38, 0x31, 0x28, 0x1F, 0x14, 0x08, 0x2A, 
            0x00, 0x92, 0x0A, 0x18, 0x26, 0x34, 0x41, 0x4C, 0x57, 0x61, 0x6B, 0x75, 0x80, 0x89, 0x91, 0x98, 0x9C, 0xA1, 0xA5, 0xA7, 0xA9, 0x07, 0xAB, 0x02, 
            0xAA, 0x97, 0xA9, 0xA8, 0xA7, 0xA4, 0x9F, 0x98, 0x90, 0x86, 0x79, 0x6A, 0x5E, 0x68, 0x6F, 0x76, 0x7C, 0x81, 0x86, 0x8C, 0x90, 0x95, 0x99, 0x9C, 
            0x9F, 0xA1, 0x01, 0xA3, 0x8D, 0xA2, 0x9F, 0x9A, 0x95, 0x8B, 0x7E, 0x70, 0x60, 0x4E, 0x3B, 0x2A, 0x1A, 0x0C, 0x01, 0x7F, 0x00, 0x11, 0x00, 0x9F, 
            0x07, 0x14, 0x21, 0x2E, 0x3A, 0x45, 0x50, 0x59, 0x62, 0x6A, 0x70, 0x76, 0x7B, 0x7F, 0x83, 0x87, 0x8B, 0x8F, 0x93, 0x96, 0x9A, 0x9D, 0xA1, 0xA4, 
            0xA6, 0xA8, 0xAA, 0xAD, 0xB0, 0xB2, 0xB4, 0xB7, 0x02, 0xB8, 0x93, 0xB7, 0xB5, 0xB2, 0xB0, 0xAD, 0xA9, 0xA5, 0xA2, 0x9E, 0x9A, 0x94, 0x8C, 0x83, 
            0x78, 0x6B, 0x5B, 0x48, 0x33, 0x1C, 0x06, 0x12, 0x00, 0x34, 0x00, 0x99, 0x0B, 0x19, 0x27, 0x35, 0x42, 0x4E, 0x58, 0x62, 0x6B, 0x73, 0x7A, 0x80, 
            0x86, 0x8C, 0x92, 0x97, 0x9C, 0xA2, 0xA8, 0xAD, 0xB3, 0xB8, 0xBC, 0xC0, 0xC4, 0xC6, 0x0C, 0xC7, 0x96, 0xC5, 0xC2, 0xBD, 0xB6, 0xAC, 0x9F, 0x90, 
            0x7D, 0x68, 0x50, 0x37, 0x1A, 0x25, 0x3F, 0x57, 0x6C, 0x81, 0x93, 0xA4, 0xB2, 0xBA, 0xBF, 0xC2, 0x01, 0xC4, 0x01, 0xC5, 0x01, 0xC4, 0xA0, 0xC3, 
            0xC2, 0xC1, 0xC0, 0xBF, 0xBD, 0xBB, 0xB7, 0xB3, 0xAF, 0xAB, 0xA5, 0x9F, 0x98, 0x91, 0x89, 0x82, 0x7A, 0x71, 0x6A, 0x71, 0x78, 0x80, 0x87, 0x8F, 
            0x96, 0x9D, 0xA2, 0xA8, 0xAD, 0xB2, 0xB7, 0xBA, 0x01, 0xBD, 0x96, 0xBC, 0xB8, 0xB3, 0xAD, 0xA7, 0x9F, 0x95, 0x8A, 0x7F, 0x74, 0x6A, 0x61, 0x5A, 
            0x53, 0x4C, 0x46, 0x3F, 0x39, 0x32, 0x29, 0x1F, 0x14, 0x07, 0x2A, 0x00, 0x9A, 0x05, 0x12, 0x1F, 0x2D, 0x3A, 0x45, 0x50, 0x5A, 0x64, 0x6E, 0x78, 
            0x82, 0x8C, 0x94, 0x9A, 0x9E, 0xA2, 0xA6, 0xA8, 0xAB, 0xAD, 0xAF, 0xB0, 0xB1, 0xB2, 0xB3, 0xB4, 0x03, 0xB5, 0x95, 0xB4, 0xB2, 0xAF, 0xAB, 0xA4, 
            0x9C, 0x91, 0x85, 0x75, 0x70, 0x79, 0x80, 0x86, 0x8C, 0x93, 0x99, 0x9D, 0xA1, 0xA5, 0xA8, 0xAB, 0xAD, 0x01, 0xAE, 0x8E, 0xAC, 0xA9, 0xA5, 0xA0, 
            0x98, 0x8D, 0x7F, 0x71, 0x60, 0x4E, 0x3C, 0x2B, 0x1C, 0x0F, 0x05, 0x7F, 0x00, 0x0F, 0x00, 0xA2, 0x01, 0x0C, 0x18, 0x24, 0x2F, 0x3A, 0x45, 0x4F, 
            0x58, 0x61, 0x69, 0x6F, 0x75, 0x7A, 0x7F, 0x83, 0x87, 0x8B, 0x8F, 0x94, 0x98, 0x9C, 0x9F, 0xA3, 0xA6, 0xA9, 0xAC, 0xAE, 0xAF, 0xB1, 0xB4, 0xB6, 
            0xB7, 0xB9, 0xBB, 0x02, 0xBC, 0x92, 0xBB, 0xB9, 0xB6, 0xB3, 0xB1, 0xAD, 0xAA, 0xA6, 0xA2, 0x9D, 0x96, 0x8D, 0x81, 0x74, 0x65, 0x53, 0x3F, 0x29, 
            0x13, 0x12, 0x00, 0x34, 0x00, 0x9B, 0x01, 0x0F, 0x1E, 0x2D, 0x3A, 0x46, 0x52, 0x5C, 0x64, 0x6C, 0x73, 0x7A, 0x7F, 0x84, 0x89, 0x8E, 0x93, 0x99, 
            0x9E, 0xA4, 0xA9, 0xAF, 0xB4, 0xB8, 0xBD, 0xC1, 0xC4, 0xC5, 0x0A, 0xC6, 0x96, 0xC5, 0xC3, 0xBF, 0xB8, 0xAE, 0xA2, 0x93, 0x80, 0x6B, 0x52, 0x38, 
            0x1B, 0x24, 0x3D, 0x55, 0x6A, 0x7F, 0x90, 0xA1, 0xAE, 0xB7, 0xBB, 0xBE, 0x01, 0xBF, 0x80, 0xBE, 0x01, 0xBD, 0xBA, 0xBC, 0xBB, 0xBA, 0xB8, 0xB6, 
            0xB4, 0xB2, 0xB0, 0xAD, 0xA9, 0xA4, 0x9F, 0x99, 0x91, 0x8A, 0x82, 0x7A, 0x71, 0x6E, 0x75, 0x7D, 0x85, 0x8D, 0x93, 0x9B, 0xA1, 0xA5, 0xAA, 0xAE, 
            0xB2, 0xB6, 0xB9, 0xBC, 0xBE, 0xBF, 0xBE, 0xBC, 0xB7, 0xB2, 0xAC, 0xA6, 0x9D, 0x92, 0x88, 0x7E, 0x74, 0x6C, 0x64, 0x5B, 0x54, 0x4D, 0x47, 0x40, 
            0x39, 0x31, 0x28, 0x1E, 0x13, 0x07, 0x2B, 0x00, 0x99, 0x0B, 0x18, 0x24, 0x31, 0x3D, 0x48, 0x52, 0x5D, 0x67, 0x71, 0x7B, 0x85, 0x8F, 0x96, 0x9C, 
            0xA0, 0xA4, 0xA8, 0xAB, 0xAE, 0xB1, 0xB4, 0xB6, 0xB8, 0xBA, 0xBB, 0x02, 0xBC, 0xA8, 0xBB, 0xBA, 0xB9, 0xB6, 0xB3, 0xAE, 0xA5, 0x9A, 0x8D, 0x7C, 
            0x7D, 0x87, 0x8E, 0x94, 0x9B, 0xA2, 0xA7, 0xAC, 0xB0, 0xB2, 0xB4, 0xB6, 0xB7, 0xB6, 0xB3, 0xB0, 0xAD, 0xA9, 0xA3, 0x9A, 0x8D, 0x7F, 0x71, 0x60, 
            0x4F, 0x3D, 0x2C, 0x1E, 0x13, 0x0A, 0x03, 0x7F, 0x00, 0x0C, 0x00, 0xA5, 0x01, 0x0A, 0x15, 0x20, 0x2A, 0x34, 0x3F, 0x48, 0x52, 0x5A, 0x63, 0x6A, 
            0x71, 0x76, 0x7B, 0x80, 0x85, 0x89, 0x8D, 0x91, 0x95, 0x99, 0x9E, 0xA1, 0xA5, 0xA7, 0xAA, 0xAD, 0xB0, 0xB2, 0xB3, 0xB5, 0xB7, 0xB9, 0xBA, 0xBB, 
            0xBD, 0xBE, 0x02, 0xBF, 0x92, 0xBE, 0xBC, 0xBA, 0xB7, 0xB4, 0xB1, 0xAE, 0xA9, 0xA5, 0x9E, 0x96, 0x8A, 0x7D, 0x6F, 0x5D, 0x4B, 0x36, 0x21, 0x0C, 
            0x11, 0x00, 0x35, 0x00, 0x9B, 0x05, 0x14, 0x23, 0x32, 0x3F, 0x4A, 0x55, 0x5E, 0x66, 0x6D, 0x73, 0x78, 0x7C, 0x80, 0x84, 0x88, 0x8D, 0x92, 0x98, 
            0x9E, 0xA4, 0xAA, 0xB0, 0xB4, 0xB9, 0xBE, 0xC1, 0xC3, 0x0A, 0xC4, 0x94, 0xC2, 0xBF, 0xB9, 0xAF, 0xA3, 0x94, 0x82, 0x6D, 0x55, 0x3B, 0x1D, 0x21, 
            0x39, 0x51, 0x66, 0x79, 0x8B, 0x9A, 0xA8, 0xB1, 0xB6, 0x02, 0xB8, 0xBD, 0xB7, 0xB6, 0xB5, 0xB4, 0xB2, 0xB0, 0xAE, 0xAB, 0xA9, 0xA6, 0xA4, 0xA0, 
            0x9C, 0x97, 0x91, 0x8B, 0x84, 0x7C, 0x73, 0x6E, 0x77, 0x7F, 0x88, 0x90, 0x98, 0x9E, 0xA4, 0xA9, 0xAD, 0xB1, 0xB5, 0xB8, 0xBA, 0xBC, 0xBE, 0xBF, 
            0xC0, 0xBF, 0xBE, 0xBB, 0xB7, 0xB2, 0xAC, 0xA5, 0x9C, 0x92, 0x89, 0x7F, 0x77, 0x6E, 0x66, 0x5D, 0x55, 0x4E, 0x47, 0x40, 0x38, 0x30, 0x27, 0x1C, 
            0x11, 0x06, 0x2B, 0x00, 0x99, 0x04, 0x10, 0x1D, 0x29, 0x34, 0x40, 0x4A, 0x55, 0x5F, 0x6A, 0x74, 0x7E, 0x88, 0x91, 0x98, 0x9E, 0xA2, 0xA6, 0xAA, 
            0xAE, 0xB2, 0xB5, 0xB9, 0xBB, 0xBD, 0xBF, 0x03, 0xC0, 0x92, 0xBF, 0xBD, 0xBB, 0xB9, 0xB4, 0xAC, 0xA1, 0x92, 0x80, 0x88, 0x93, 0x9B, 0xA2, 0xA8, 
            0xAE, 0xB3, 0xB7, 0xBA, 0xBC, 0x01, 0xBD, 0x94, 0xBC, 0xBA, 0xB7, 0xB3, 0xAF, 0xA8, 0xA1, 0x98, 0x8C, 0x7F, 0x70, 0x61, 0x50, 0x3E, 0x2E, 0x21, 
            0x17, 0x0F, 0x08, 0x04, 0x01, 0x7F, 0x00, 0x08, 0x00, 0xA6, 0x03, 0x0B, 0x14, 0x1E, 0x28, 0x32, 0x3C, 0x45, 0x4E, 0x57, 0x5F, 0x67, 0x6E, 0x74, 
            0x7A, 0x7F, 0x84, 0x88, 0x8C, 0x90, 0x94, 0x98, 0x9C, 0x9F, 0xA3, 0xA6, 0xA9, 0xAB, 0xAD, 0xAF, 0xB1, 0xB4, 0xB6, 0xB7, 0xB9, 0xBB, 0xBD, 0xBE, 
            0xBF, 0x01, 0xC0, 0x01, 0xC1, 0x01, 0xC0, 0x91, 0xBE, 0xBC, 0xBA, 0xB7, 0xB4, 0xB0, 0xAB, 0xA5, 0x9E, 0x93, 0x86, 0x78, 0x68, 0x56, 0x43, 0x2F, 
            0x1B, 0x08, 0x10, 0x00, 0x36, 0x00, 0x9B, 0x0A, 0x19, 0x27, 0x35, 0x41, 0x4C, 0x55, 0x5E, 0x65, 0x6A, 0x6F, 0x73, 0x76, 0x79, 0x7D, 0x80, 0x85, 
            0x8A, 0x90, 0x96, 0x9E, 0xA5, 0xAB, 0xB0, 0xB5, 0xBA, 0xBE, 0xC1, 0x09, 0xC2, 0x94, 0xC1, 0xBE, 0xB9, 0xB0, 0xA3, 0x95, 0x84, 0x70, 0x59, 0x3E, 
            0x21, 0x1C, 0x34, 0x4B, 0x60, 0x72, 0x83, 0x92, 0x9F, 0xA9, 0xAE, 0x01, 0xB1, 0xA1, 0xB0, 0xAF, 0xAE, 0xAD, 0xAB, 0xA9, 0xA7, 0xA3, 0x9F, 0x9C, 
            0x98, 0x95, 0x90, 0x8D, 0x88, 0x83, 0x7D, 0x76, 0x6E, 0x6F, 0x79, 0x83, 0x8D, 0x96, 0x9E, 0xA5, 0xAB, 0xB0, 0xB4, 0xB7, 0xBA, 0xBC, 0xBE, 0xBF, 
            0x03, 0xC0, 0x98, 0xBF, 0xBE, 0xBB, 0xB7, 0xB2, 0xAC, 0xA5, 0x9D, 0x94, 0x8B, 0x82, 0x7A, 0x71, 0x67, 0x5E, 0x56, 0x4E, 0x47, 0x3F, 0x36, 0x2E, 
            0x24, 0x1A, 0x0F, 0x04, 0x2C, 0x00, 0x99, 0x08, 0x15, 0x22, 0x2D, 0x39, 0x43, 0x4E, 0x59, 0x63, 0x6E, 0x79, 0x82, 0x8B, 0x92, 0x99, 0x9F, 0xA4, 
            0xA9, 0xAD, 0xB1, 0xB5, 0xB8, 0xBB, 0xBE, 0xBF, 0xC0, 0x02, 0xC1, 0x91, 0xC0, 0xBF, 0xBE, 0xBB, 0xB7, 0xB0, 0xA4, 0x94, 0x81, 0x91, 0x9D, 0xA6, 
            0xAC, 0xB3, 0xB8, 0xBB, 0xBD, 0xBE, 0x01, 0xBF, 0x99, 0xBE, 0xBC, 0xBA, 0xB7, 0xB3, 0xAE, 0xA7, 0x9F, 0x96, 0x8C, 0x7F, 0x71, 0x61, 0x50, 0x3F, 
            0x31, 0x25, 0x1B, 0x14, 0x0E, 0x09, 0x06, 0x04, 0x03, 0x02, 0x01, 0x7F, 0x00, 0x01, 0x00, 0xA8, 0x02, 0x08, 0x0F, 0x16, 0x1E, 0x27, 0x30, 0x39, 
            0x43, 0x4C, 0x54, 0x5C, 0x64, 0x6C, 0x73, 0x79, 0x7F, 0x84, 0x89, 0x8D, 0x91, 0x94, 0x98, 0x9B, 0x9E, 0xA1, 0xA4, 0xA6, 0xA8, 0xAA, 0xAC, 0xAE, 
            0xB0, 0xB1, 0xB4, 0xB6, 0xB8, 0xBA, 0xBC, 0xBE, 0xBF, 0x01, 0xC0, 0x03, 0xC1, 0x93, 0xC0, 0xBF, 0xBE, 0xBD, 0xBB, 0xB8, 0xB4, 0xB0, 0xAA, 0xA3, 
            0x9B, 0x90, 0x82, 0x71, 0x61, 0x4F, 0x3D, 0x2A, 0x17, 0x06, 0x0F, 0x00, 0x37, 0x00, 0x9C, 0x0D, 0x1B, 0x29, 0x35, 0x40, 0x49, 0x52, 0x59, 0x5F, 
            0x63, 0x67, 0x6A, 0x6D, 0x71, 0x74, 0x78, 0x7C, 0x82, 0x88, 0x8E, 0x96, 0x9E, 0xA5, 0xAB, 0xB1, 0xB6, 0xBB, 0xBE, 0xBF, 0x07, 0xC0, 0xB6, 0xBF, 
            0xBD, 0xB9, 0xB1, 0xA4, 0x95, 0x84, 0x72, 0x5B, 0x42, 0x26, 0x14, 0x2C, 0x43, 0x58, 0x69, 0x79, 0x87, 0x94, 0x9E, 0xA4, 0xA8, 0xA9, 0xA7, 0xA6, 
            0xA5, 0xA3, 0xA1, 0x9F, 0x9C, 0x99, 0x94, 0x90, 0x8B, 0x86, 0x81, 0x7D, 0x79, 0x74, 0x6F, 0x68, 0x6C, 0x76, 0x82, 0x8D, 0x97, 0xA1, 0xA9, 0xAF, 
            0xB4, 0xB7, 0xBA, 0xBC, 0xBE, 0xBF, 0x03, 0xC0, 0x01, 0xBF, 0x98, 0xBE, 0xBC, 0xBA, 0xB7, 0xB2, 0xAC, 0xA6, 0x9F, 0x97, 0x8F, 0x86, 0x7C, 0x73, 
            0x69, 0x5F, 0x57, 0x4E, 0x46, 0x3D, 0x35, 0x2C, 0x23, 0x19, 0x0E, 0x04, 0x2C, 0x00, 0x98, 0x01, 0x0C, 0x19, 0x25, 0x31, 0x3C, 0x48, 0x53, 0x5F, 
            0x6A, 0x74, 0x7F, 0x87, 0x8E, 0x95, 0x9B, 0xA1, 0xA7, 0xAB, 0xAF, 0xB3, 0xB7, 0xBA, 0xBD, 0xBF, 0x04, 0xC0, 0x8E, 0xBF, 0xBE, 0xBC, 0xB8, 0xB0, 
            0xA4, 0x95, 0x89, 0x98, 0xA4, 0xAD, 0xB5, 0xBB, 0xBD, 0xBE, 0x02, 0xBF, 0x9A, 0xBE, 0xBD, 0xBB, 0xB9, 0xB6, 0xB1, 0xAA, 0xA3, 0x9C, 0x92, 0x87, 
            0x7B, 0x6E, 0x5F, 0x50, 0x42, 0x35, 0x2A, 0x21, 0x19, 0x13, 0x0E, 0x0A, 0x08, 0x05, 0x04, 0x02, 0x7F, 0x00, 0xA9, 0x04, 0x0A, 0x11, 0x18, 0x1F, 
            0x27, 0x2F, 0x38, 0x40, 0x48, 0x51, 0x59, 0x61, 0x69, 0x70, 0x76, 0x7C, 0x82, 0x88, 0x8D, 0x92, 0x96, 0x99, 0x9C, 0x9E, 0xA1, 0xA3, 0xA5, 0xA7, 
            0xA8, 0xA9, 0xAB, 0xAC, 0xAD, 0xAF, 0xB0, 0xB2, 0xB5, 0xB7, 0xB9, 0xBC, 0xBE, 0x01, 0xBF, 0x05, 0xC0, 0x01, 0xBF, 0x91, 0xBE, 0xBC, 0xBA, 0xB6, 
            0xB2, 0xAD, 0xA7, 0xA0, 0x96, 0x8A, 0x7B, 0x6B, 0x5A, 0x4A, 0x39, 0x27, 0x15, 0x06, 0x0E, 0x00, 0x37, 0x00, 0x9D, 0x02, 0x0E, 0x1B, 0x27, 0x31, 
            0x3B, 0x44, 0x4B, 0x51, 0x55, 0x59, 0x5C, 0x60, 0x63, 0x66, 0x6A, 0x6F, 0x74, 0x79, 0x80, 0x87, 0x8E, 0x97, 0x9F, 0xA6, 0xAC, 0xB2, 0xB7, 0xBB, 
            0xBD, 0x06, 0xBE, 0x95, 0xBD, 0xBC, 0xB8, 0xB1, 0xA5, 0x96, 0x85, 0x72, 0x5D, 0x45, 0x2B, 0x0F, 0x23, 0x39, 0x4E, 0x5E, 0x6E, 0x7C, 0x87, 0x91, 
            0x98, 0x9C, 0x01, 0x9E, 0x9B, 0x9D, 0x9B, 0x99, 0x97, 0x93, 0x90, 0x8D, 0x89, 0x84, 0x7E, 0x78, 0x72, 0x6D, 0x69, 0x65, 0x60, 0x65, 0x72, 0x7D, 
            0x89, 0x95, 0x9F, 0xA9, 0xB0, 0xB5, 0xB9, 0xBC, 0xBD, 0x07, 0xBE, 0x99, 0xBD, 0xBC, 0xBA, 0xB8, 0xB6, 0xB2, 0xAD, 0xA7, 0xA0, 0x99, 0x91, 0x88, 
            0x7E, 0x74, 0x69, 0x5F, 0x56, 0x4C, 0x43, 0x3B, 0x33, 0x2B, 0x22, 0x18, 0x0E, 0x04, 0x2D, 0x00, 0x97, 0x03, 0x0F, 0x1C, 0x28, 0x34, 0x40, 0x4D, 
            0x59, 0x65, 0x70, 0x7B, 0x85, 0x8C, 0x92, 0x98, 0x9E, 0xA4, 0xA9, 0xAE, 0xB2, 0xB6, 0xBA, 0xBC, 0xBD, 0x06, 0xBE, 0x8A, 0xBB, 0xB6, 0xAF, 0xA1, 
            0x92, 0x8E, 0x9E, 0xAA, 0xB3, 0xB9, 0xBD, 0x03, 0xBE, 0x9B, 0xBD, 0xBB, 0xBA, 0xB8, 0xB5, 0xB0, 0xAA, 0xA3, 0x9B, 0x93, 0x8A, 0x7F, 0x74, 0x68, 
            0x5C, 0x50, 0x44, 0x38, 0x2E, 0x24, 0x1D, 0x16, 0x10, 0x0C, 0x09, 0x06, 0x04, 0x02, 0x7E, 0x00, 0x9D, 0x08, 0x10, 0x18, 0x1F, 0x26, 0x2E, 0x36, 
            0x3E, 0x46, 0x4D, 0x55, 0x5D, 0x65, 0x6C, 0x73, 0x79, 0x7F, 0x85, 0x8B, 0x91, 0x95, 0x99, 0x9C, 0x9F, 0xA1, 0xA3, 0xA5, 0xA6, 0xA7, 0xA8, 0x01, 
            0xA9, 0x01, 0xAA, 0x89, 0xAB, 0xAC, 0xAE, 0xB0, 0xB2, 0xB5, 0xB8, 0xBA, 0xBC, 0xBD, 0x08, 0xBE, 0x92, 0xBD, 0xBC, 0xBA, 0xB7, 0xB3, 0xAF, 0xAA, 
            0xA3, 0x9B, 0x90, 0x83, 0x74, 0x65, 0x54, 0x44, 0x34, 0x23, 0x13, 0x05, 0x0D, 0x00, 0x38, 0x00, 0x9D, 0x02, 0x0D, 0x18, 0x23, 0x2C, 0x34, 0x3B, 
            0x41, 0x46, 0x4A, 0x4E, 0x52, 0x55, 0x59, 0x5D, 0x60, 0x65, 0x6A, 0x70, 0x77, 0x7F, 0x87, 0x8F, 0x98, 0xA1, 0xA8, 0xAE, 0xB4, 0xB7, 0xBA, 0x06, 
            0xBC, 0x95, 0xBA, 0xB6, 0xB0, 0xA5, 0x97, 0x86, 0x73, 0x5F, 0x47, 0x2E, 0x15, 0x17, 0x2C, 0x40, 0x52, 0x61, 0x6F, 0x7A, 0x83, 0x8A, 0x8F, 0x90, 
            0x01, 0x91, 0x98, 0x8F, 0x8D, 0x8A, 0x86, 0x83, 0x80, 0x7B, 0x76, 0x70, 0x6A, 0x65, 0x5F, 0x5B, 0x56, 0x59, 0x67, 0x75, 0x82, 0x8F, 0x9C, 0xA6, 
            0xAF, 0xB4, 0xB8, 0xBB, 0x09, 0xBC, 0x99, 0xBB, 0xBA, 0xB9, 0xB7, 0xB5, 0xB1, 0xAD, 0xA7, 0xA1, 0x9A, 0x92, 0x88, 0x7E, 0x73, 0x68, 0x5E, 0x54, 
            0x4A, 0x41, 0x38, 0x30, 0x28, 0x20, 0x17, 0x0E, 0x05, 0x2E, 0x00, 0x95, 0x06, 0x12, 0x1F, 0x2B, 0x38, 0x45, 0x51, 0x5E, 0x6A, 0x75, 0x7F, 0x88, 
            0x8F, 0x95, 0x9B, 0xA2, 0xA8, 0xAD, 0xB2, 0xB6, 0xB9, 0xBB, 0x07, 0xBC, 0x89, 0xBA, 0xB4, 0xAC, 0x9D, 0x8E, 0x92, 0xA2, 0xAD, 0xB5, 0xBB, 0x04, 
            0xBC, 0x9A, 0xBA, 0xB8, 0xB6, 0xB2, 0xAD, 0xA7, 0x9F, 0x97, 0x8F, 0x87, 0x7E, 0x75, 0x6A, 0x60, 0x57, 0x4C, 0x42, 0x38, 0x2E, 0x25, 0x1D, 0x16, 
            0x11, 0x0C, 0x09, 0x06, 0x03, 0x7E, 0x00, 0x9C, 0x09, 0x12, 0x1A, 0x22, 0x2A, 0x31, 0x39, 0x41, 0x48, 0x4F, 0x57, 0x5E, 0x65, 0x6C, 0x73, 0x7A, 
            0x80, 0x86, 0x8C, 0x92, 0x97, 0x9B, 0x9F, 0xA1, 0xA3, 0xA4, 0xA5, 0xA6, 0xA7, 0x04, 0xA8, 0x01, 0xA9, 0x87, 0xAA, 0xAB, 0xAD, 0xB0, 0xB3, 0xB6, 
            0xB8, 0xBA, 0x0A, 0xBC, 0x92, 0xBB, 0xBA, 0xB7, 0xB4, 0xB0, 0xAB, 0xA5, 0x9D, 0x94, 0x88, 0x7B, 0x6C, 0x5D, 0x4D, 0x3D, 0x2D, 0x1D, 0x0E, 0x01, 
            0x0C, 0x00, 0x39, 0x00, 0x9E, 0x01, 0x0A, 0x13, 0x1C, 0x24, 0x2B, 0x31, 0x36, 0x3B, 0x3F, 0x43, 0x47, 0x4B, 0x4F, 0x53, 0x57, 0x5C, 0x61, 0x68, 
            0x6F, 0x77, 0x80, 0x89, 0x93, 0x9C, 0xA4, 0xAB, 0xB0, 0xB4, 0xB7, 0xB9, 0x03, 0xBA, 0x95, 0xB9, 0xB8, 0xB4, 0xAE, 0xA4, 0x97, 0x87, 0x74, 0x60, 
            0x49, 0x31, 0x19, 0x09, 0x1D, 0x30, 0x41, 0x52, 0x60, 0x6A, 0x73, 0x7A, 0x80, 0x01, 0x82, 0x8C, 0x83, 0x82, 0x7F, 0x7B, 0x79, 0x76, 0x72, 0x6E, 
            0x68, 0x63, 0x5D, 0x57, 0x51, 0x01, 0x4C, 0x89, 0x5A, 0x67, 0x77, 0x86, 0x94, 0xA0, 0xA9, 0xB1, 0xB6, 0xB9, 0x0B, 0xBA, 0x98, 0xB9, 0xB8, 0xB6, 
            0xB4, 0xB1, 0xAC, 0xA7, 0xA0, 0x99, 0x90, 0x86, 0x7B, 0x70, 0x66, 0x5C, 0x52, 0x48, 0x3F, 0x37, 0x2F, 0x27, 0x20, 0x17, 0x0F, 0x06, 0x2F, 0x00, 
            0x93, 0x09, 0x15, 0x22, 0x2F, 0x3D, 0x4A, 0x57, 0x62, 0x6E, 0x79, 0x83, 0x8C, 0x93, 0x9A, 0xA2, 0xA8, 0xAC, 0xB1, 0xB5, 0xB8, 0x08, 0xBA, 0x88, 
            0xB7, 0xB1, 0xA8, 0x99, 0x88, 0x97, 0xA5, 0xAF, 0xB6, 0x04, 0xBA, 0x9A, 0xB9, 0xB7, 0xB3, 0xAE, 0xA8, 0xA2, 0x9B, 0x94, 0x8D, 0x85, 0x7D, 0x74, 
            0x6B, 0x62, 0x5A, 0x51, 0x47, 0x3E, 0x35, 0x2C, 0x23, 0x1B, 0x14, 0x0F, 0x0A, 0x06, 0x03, 0x7E, 0x00, 0x9A, 0x08, 0x11, 0x1A, 0x23, 0x2B, 0x32, 
            0x39, 0x41, 0x48, 0x4F, 0x56, 0x5D, 0x64, 0x6A, 0x71, 0x77, 0x7D, 0x84, 0x8A, 0x90, 0x96, 0x9A, 0x9E, 0xA0, 0xA2, 0xA4, 0xA5, 0x01, 0xA6, 0x01, 
            0xA7, 0x80, 0xA8, 0x01, 0xA7, 0x02, 0xA6, 0x87, 0xA7, 0xA9, 0xAB, 0xAE, 0xB1, 0xB4, 0xB7, 0xB8, 0x0B, 0xBA, 0x91, 0xB9, 0xB7, 0xB3, 0xB0, 0xAB, 
            0xA5, 0x9E, 0x95, 0x89, 0x7D, 0x71, 0x62, 0x53, 0x43, 0x33, 0x23, 0x14, 0x05, 0x0C, 0x00, 0x10, 0x00, 0x80, 0x02, 0x01, 0x03, 0x80, 0x02, 0x26, 
            0x00, 0x9D, 0x04, 0x0C, 0x14, 0x1A, 0x20, 0x25, 0x29, 0x2D, 0x32, 0x36, 0x3A, 0x3E, 0x43, 0x48, 0x4D, 0x53, 0x59, 0x60, 0x68, 0x71, 0x7B, 0x85, 
            0x8F, 0x98, 0xA1, 0xA8, 0xAD, 0xB2, 0xB5, 0xB7, 0x02, 0xB8, 0x97, 0xB7, 0xB5, 0xB2, 0xAC, 0xA2, 0x96, 0x87, 0x75, 0x60, 0x4A, 0x32, 0x1B, 0x04, 
            0x0B, 0x1D, 0x2E, 0x3E, 0x4D, 0x58, 0x60, 0x67, 0x6D, 0x70, 0x72, 0x01, 0x73, 0x95, 0x70, 0x6D, 0x6B, 0x68, 0x64, 0x5F, 0x59, 0x54, 0x4E, 0x48, 
            0x42, 0x3C, 0x4B, 0x59, 0x68, 0x78, 0x88, 0x96, 0xA1, 0xAA, 0xB1, 0xB6, 0x0C, 0xB8, 0x99, 0xB7, 0xB6, 0xB5, 0xB2, 0xAF, 0xAA, 0xA5, 0x9E, 0x96, 
            0x8D, 0x83, 0x78, 0x6E, 0x64, 0x5A, 0x4F, 0x46, 0x3D, 0x36, 0x2E, 0x27, 0x20, 0x18, 0x10, 0x08, 0x01, 0x2F, 0x00, 0x92, 0x0B, 0x18, 0x26, 0x35, 
            0x43, 0x51, 0x5D, 0x69, 0x74, 0x7F, 0x88, 0x91, 0x98, 0xA0, 0xA7, 0xAB, 0xB0, 0xB4, 0xB7, 0x07, 0xB8, 0x89, 0xB7, 0xB4, 0xAD, 0xA4, 0x93, 0x86, 
            0x99, 0xA7, 0xAF, 0xB6, 0x04, 0xB8, 0x99, 0xB6, 0xB1, 0xAB, 0xA6, 0xA0, 0x9A, 0x93, 0x8C, 0x85, 0x7E, 0x76, 0x6D, 0x63, 0x5A, 0x52, 0x4A, 0x42, 
            0x3A, 0x31, 0x28, 0x20, 0x18, 0x11, 0x0B, 0x06, 0x02, 0x7E, 0x00, 0x9B, 0x05, 0x0F, 0x19, 0x21, 0x29, 0x31, 0x38, 0x3F, 0x45, 0x4C, 0x53, 0x5A, 
            0x60, 0x66, 0x6C, 0x72, 0x79, 0x7F, 0x85, 0x8B, 0x91, 0x97, 0x9B, 0x9E, 0xA0, 0xA2, 0xA3, 0xA4, 0x01, 0xA5, 0x02, 0xA6, 0x80, 0xA5, 0x01, 0xA4, 
            0x80, 0xA3, 0x01, 0xA4, 0x86, 0xA6, 0xA8, 0xAB, 0xAE, 0xB2, 0xB4, 0xB6, 0x0B, 0xB8, 0x91, 0xB7, 0xB5, 0xB2, 0xAE, 0xAA, 0xA4, 0x9D, 0x94, 0x89, 
            0x7E, 0x71, 0x64, 0x55, 0x46, 0x35, 0x25, 0x16, 0x07, 0x0C, 0x00, 0x0C, 0x00, 0x83, 0x05, 0x0D, 0x11, 0x12, 0x02, 0x14, 0x83, 0x13, 0x10, 0x0B, 
            0x05, 0x25, 0x00, 0x9D, 0x03, 0x09, 0x0E, 0x13, 0x17, 0x1C, 0x20, 0x24, 0x29, 0x2D, 0x32, 0x37, 0x3D, 0x44, 0x4B, 0x52, 0x5A, 0x62, 0x6C, 0x76, 
            0x81, 0x8B, 0x95, 0x9E, 0xA5, 0xAA, 0xAF, 0xB2, 0xB4, 0xB5, 0x01, 0xB4, 0xAE, 0xB2, 0xAE, 0xA9, 0xA0, 0x94, 0x86, 0x75, 0x60, 0x49, 0x32, 0x1C, 
            0x05, 0x00, 0x09, 0x19, 0x29, 0x37, 0x42, 0x4B, 0x52, 0x57, 0x5B, 0x5F, 0x61, 0x62, 0x60, 0x5E, 0x5B, 0x58, 0x54, 0x4F, 0x4A, 0x45, 0x3F, 0x39, 
            0x33, 0x3B, 0x49, 0x58, 0x66, 0x77, 0x87, 0x94, 0x9F, 0xA8, 0xB0, 0xB4, 0x0C, 0xB6, 0x99, 0xB5, 0xB4, 0xB2, 0xB0, 0xAD, 0xA8, 0xA3, 0x9B, 0x93, 
            0x89, 0x7F, 0x75, 0x6A, 0x60, 0x56, 0x4C, 0x43, 0x3B, 0x34, 0x2D, 0x26, 0x20, 0x19, 0x12, 0x0B, 0x03, 0x2F, 0x00, 0x92, 0x02, 0x0F, 0x1D, 0x2C, 
            0x3C, 0x4A, 0x58, 0x64, 0x70, 0x7C, 0x86, 0x8F, 0x97, 0x9F, 0xA6, 0xAB, 0xAF, 0xB3, 0xB5, 0x07, 0xB6, 0x89, 0xB4, 0xB0, 0xA8, 0x9D, 0x8C, 0x8A, 
            0x9B, 0xA7, 0xB0, 0xB5, 0x03, 0xB6, 0x98, 0xB5, 0xB1, 0xAA, 0xA4, 0x9F, 0x9A, 0x94, 0x8D, 0x85, 0x7D, 0x76, 0x6D, 0x65, 0x5D, 0x54, 0x4C, 0x44, 
            0x3C, 0x34, 0x2C, 0x24, 0x1B, 0x13, 0x0C, 0x05, 0x7F, 0x00, 0x9B, 0x03, 0x0C, 0x16, 0x1F, 0x27, 0x2F, 0x36, 0x3D, 0x42, 0x48, 0x4E, 0x54, 0x5A, 
            0x61, 0x67, 0x6D, 0x73, 0x79, 0x7F, 0x85, 0x8B, 0x91, 0x96, 0x9A, 0x9D, 0x9F, 0xA0, 0xA1, 0x01, 0xA2, 0x03, 0xA3, 0x80, 0xA2, 0x01, 0xA1, 0x01, 
            0xA0, 0x88, 0xA1, 0xA2, 0xA5, 0xA8, 0xAC, 0xAF, 0xB2, 0xB4, 0xB5, 0x0A, 0xB6, 0x91, 0xB5, 0xB3, 0xB0, 0xAC, 0xA7, 0xA1, 0x9A, 0x91, 0x86, 0x7C, 
            0x70, 0x62, 0x53, 0x43, 0x34, 0x24, 0x15, 0x05, 0x0C, 0x00, 0x0A, 0x00, 0x85, 0x09, 0x14, 0x1D, 0x23, 0x25, 0x27, 0x01, 0x28, 0x87, 0x27, 0x24, 
            0x1F, 0x1A, 0x14, 0x0E, 0x08, 0x02, 0x25, 0x00, 0xA8, 0x02, 0x05, 0x0A, 0x0E, 0x13, 0x17, 0x1C, 0x21, 0x26, 0x2C, 0x33, 0x3A, 0x42, 0x4B, 0x54, 
            0x5D, 0x67, 0x73, 0x7E, 0x88, 0x92, 0x9B, 0xA2, 0xA8, 0xAC, 0xAE, 0xB0, 0xB1, 0xB0, 0xAE, 0xAA, 0xA5, 0x9D, 0x91, 0x83, 0x72, 0x5E, 0x47, 0x30, 
            0x1A, 0x04, 0x01, 0x00, 0xA1, 0x03, 0x10, 0x1D, 0x29, 0x33, 0x3A, 0x3F, 0x45, 0x49, 0x4D, 0x4E, 0x4D, 0x4C, 0x4A, 0x48, 0x44, 0x3F, 0x3A, 0x35, 
            0x2F, 0x29, 0x2A, 0x39, 0x47, 0x55, 0x64, 0x74, 0x83, 0x90, 0x9D, 0xA6, 0xAC, 0xB1, 0xB3, 0x0A, 0xB4, 0x9A, 0xB3, 0xB2, 0xB0, 0xAF, 0xAC, 0xA9, 
            0xA4, 0x9E, 0x97, 0x8F, 0x85, 0x7B, 0x70, 0x65, 0x5A, 0x50, 0x47, 0x3F, 0x38, 0x31, 0x2B, 0x25, 0x1F, 0x19, 0x13, 0x0D, 0x06, 0x30, 0x00, 0x91, 
            0x06, 0x13, 0x23, 0x33, 0x42, 0x51, 0x60, 0x6D, 0x79, 0x84, 0x8D, 0x96, 0x9D, 0xA4, 0xAA, 0xAF, 0xB1, 0xB3, 0x07, 0xB4, 0x89, 0xB1, 0xAB, 0xA1, 
            0x94, 0x83, 0x8C, 0x9B, 0xA6, 0xAE, 0xB3, 0x02, 0xB4, 0x98, 0xB3, 0xAF, 0xAA, 0xA4, 0x9D, 0x97, 0x91, 0x8A, 0x82, 0x7A, 0x73, 0x6B, 0x63, 0x5B, 
            0x53, 0x4C, 0x44, 0x3D, 0x35, 0x2D, 0x25, 0x1D, 0x14, 0x0C, 0x04, 0x7F, 0x00, 0x9A, 0x00, 0x09, 0x13, 0x1C, 0x25, 0x2D, 0x34, 0x3A, 0x40, 0x45, 
            0x4A, 0x4F, 0x55, 0x5B, 0x61, 0x67, 0x6D, 0x73, 0x79, 0x7F, 0x85, 0x8B, 0x90, 0x94, 0x97, 0x9A, 0x9C, 0x01, 0x9E, 0x02, 0x9F, 0x01, 0xA0, 0x80, 
            0x9F, 0x01, 0x9E, 0x02, 0x9D, 0x88, 0x9E, 0x9F, 0xA2, 0xA5, 0xA9, 0xAD, 0xB0, 0xB2, 0xB3, 0x0A, 0xB4, 0x91, 0xB2, 0xB0, 0xAD, 0xA8, 0xA3, 0x9C, 
            0x95, 0x8C, 0x82, 0x78, 0x6D, 0x5F, 0x4F, 0x3F, 0x2F, 0x1F, 0x10, 0x01, 0x0C, 0x00, 0x08, 0x00, 0x86, 0x02, 0x12, 0x21, 0x2D, 0x34, 0x38, 0x39, 
            0x02, 0x3A, 0x89, 0x37, 0x33, 0x2E, 0x28, 0x22, 0x1B, 0x15, 0x0F, 0x09, 0x04, 0x27, 0x00, 0x96, 0x01, 0x06, 0x0B, 0x10, 0x15, 0x1B, 0x22, 0x29, 
            0x31, 0x3A, 0x44, 0x4F, 0x59, 0x64, 0x6F, 0x7A, 0x83, 0x8E, 0x97, 0x9F, 0xA5, 0xA8, 0xAA, 0x01, 0xAB, 0x8B, 0xA9, 0xA5, 0xA0, 0x98, 0x8D, 0x80, 
            0x6F, 0x5A, 0x44, 0x2E, 0x18, 0x02, 0x03, 0x00, 0x88, 0x02, 0x0C, 0x15, 0x1E, 0x25, 0x2C, 0x32, 0x36, 0x37, 0x01, 0x38, 0x95, 0x37, 0x35, 0x31, 
            0x2D, 0x29, 0x24, 0x1E, 0x19, 0x27, 0x36, 0x45, 0x54, 0x62, 0x70, 0x7E, 0x8B, 0x96, 0xA0, 0xA6, 0xAB, 0xAF, 0xB0, 0x01, 0xB1, 0x04, 0xB2, 0x01, 
            0xB1, 0x9C, 0xB0, 0xAF, 0xAE, 0xAC, 0xAA, 0xA7, 0xA4, 0x9F, 0x98, 0x91, 0x89, 0x7F, 0x74, 0x6A, 0x5F, 0x54, 0x4A, 0x42, 0x3A, 0x33, 0x2E, 0x28, 
            0x23, 0x1D, 0x18, 0x13, 0x0D, 0x07, 0x02, 0x30, 0x00, 0x90, 0x0A, 0x19, 0x29, 0x3A, 0x4A, 0x59, 0x68, 0x75, 0x81, 0x8B, 0x94, 0x9C, 0xA3, 0xA9, 
            0xAD, 0xAF, 0xB1, 0x06, 0xB2, 0x8A, 0xB0, 0xAC, 0xA4, 0x99, 0x8B, 0x7C, 0x8D, 0x9B, 0xA4, 0xAB, 0xB0, 0x01, 0xB2, 0x98, 0xB0, 0xAD, 0xAA, 0xA3, 
            0x9A, 0x92, 0x8C, 0x85, 0x7E, 0x77, 0x6F, 0x67, 0x5E, 0x56, 0x4F, 0x48, 0x41, 0x3A, 0x33, 0x2B, 0x24, 0x1C, 0x14, 0x0C, 0x04, 0x7F, 0x00, 0x9B, 
            0x00, 0x04, 0x0E, 0x18, 0x22, 0x2A, 0x31, 0x38, 0x3D, 0x42, 0x47, 0x4C, 0x51, 0x56, 0x5B, 0x61, 0x67, 0x6C, 0x72, 0x79, 0x7E, 0x84, 0x89, 0x8D, 
            0x91, 0x94, 0x96, 0x98, 0x01, 0x9A, 0x02, 0x9B, 0x01, 0x9C, 0x01, 0x9B, 0x80, 0x9A, 0x02, 0x99, 0x88, 0x9A, 0x9C, 0x9F, 0xA2, 0xA6, 0xAA, 0xAD, 
            0xB0, 0xB1, 0x0A, 0xB2, 0x90, 0xB0, 0xAD, 0xA9, 0xA4, 0x9E, 0x97, 0x8F, 0x87, 0x7E, 0x73, 0x67, 0x59, 0x49, 0x39, 0x28, 0x19, 0x0A, 0x0D, 0x00, 
            0x07, 0x00, 0x87, 0x04, 0x17, 0x28, 0x37, 0x40, 0x45, 0x49, 0x4B, 0x01, 0x4C, 0x8D, 0x4A, 0x47, 0x43, 0x3D, 0x36, 0x30, 0x29, 0x23, 0x1D, 0x17, 
            0x11, 0x0C, 0x07, 0x02, 0x28, 0x00, 0x9F, 0x04, 0x0A, 0x10, 0x18, 0x20, 0x29, 0x33, 0x3E, 0x4A, 0x55, 0x5F, 0x6A, 0x74, 0x7E, 0x88, 0x93, 0x9B, 
            0xA0, 0xA3, 0xA4, 0xA5, 0xA3, 0x9F, 0x9A, 0x93, 0x89, 0x7D, 0x6D, 0x57, 0x41, 0x2A, 0x13, 0x07, 0x00, 0x85, 0x03, 0x0A, 0x11, 0x17, 0x1C, 0x1F, 
            0x02, 0x21, 0x97, 0x20, 0x1D, 0x1A, 0x17, 0x12, 0x0C, 0x17, 0x25, 0x34, 0x42, 0x50, 0x5D, 0x69, 0x76, 0x82, 0x8D, 0x95, 0x9B, 0xA2, 0xA6, 0xA8, 
            0xAA, 0xAB, 0xAC, 0x03, 0xAD, 0x01, 0xAC, 0x9C, 0xAB, 0xAA, 0xA8, 0xA6, 0xA3, 0xA0, 0x9B, 0x96, 0x8F, 0x88, 0x80, 0x77, 0x6C, 0x62, 0x57, 0x4D, 
            0x44, 0x3C, 0x35, 0x2F, 0x29, 0x24, 0x1F, 0x1A, 0x15, 0x11, 0x0C, 0x07, 0x02, 0x30, 0x00, 0x90, 0x01, 0x10, 0x20, 0x30, 0x42, 0x52, 0x61, 0x6F, 
            0x7C, 0x87, 0x92, 0x9B, 0xA1, 0xA7, 0xAA, 0xAD, 0xAF, 0x05, 0xB0, 0xA5, 0xAF, 0xAC, 0xA6, 0x9C, 0x8F, 0x7E, 0x7F, 0x8E, 0x99, 0xA2, 0xA8, 0xAC, 
            0xAD, 0xAC, 0xAA, 0xA7, 0xA2, 0x99, 0x8F, 0x87, 0x80, 0x79, 0x72, 0x6B, 0x63, 0x5B, 0x53, 0x4A, 0x42, 0x3C, 0x36, 0x30, 0x29, 0x22, 0x1B, 0x13, 
            0x0B, 0x04, 0x46, 0x00, 0x81, 0x03, 0x05, 0x02, 0x06, 0x81, 0x04, 0x02, 0x33, 0x00, 0x9B, 0x08, 0x13, 0x1D, 0x25, 0x2D, 0x34, 0x3A, 0x3F, 0x44, 
            0x48, 0x4D, 0x52, 0x56, 0x5B, 0x60, 0x66, 0x6B, 0x71, 0x77, 0x7C, 0x81, 0x85, 0x89, 0x8D, 0x90, 0x92, 0x94, 0x95, 0x02, 0x96, 0x04, 0x97, 0x02, 
            0x96, 0x89, 0x97, 0x98, 0x9A, 0x9D, 0xA1, 0xA5, 0xA8, 0xAB, 0xAE, 0xAF, 0x09, 0xB0, 0x91, 0xAF, 0xAD, 0xAA, 0xA6, 0xA0, 0x99, 0x92, 0x8A, 0x81, 
            0x77, 0x6C, 0x60, 0x51, 0x42, 0x32, 0x22, 0x12, 0x03, 0x0D, 0x00, 0x06, 0x00, 0x9A, 0x03, 0x19, 0x2B, 0x3C, 0x47, 0x4F, 0x55, 0x59, 0x5B, 0x5C, 
            0x5B, 0x5A, 0x57, 0x52, 0x4C, 0x45, 0x3E, 0x38, 0x31, 0x2B, 0x25, 0x20, 0x1A, 0x15, 0x0F, 0x0A, 0x05, 0x29, 0x00, 0x9C, 0x06, 0x0E, 0x17, 0x21, 
            0x2C, 0x38, 0x43, 0x4F, 0x5A, 0x65, 0x6F, 0x79, 0x84, 0x8D, 0x95, 0x99, 0x9A, 0x9B, 0x9A, 0x98, 0x93, 0x8C, 0x84, 0x78, 0x68, 0x54, 0x3D, 0x26, 
            0x0F, 0x0B, 0x00, 0x9D, 0x03, 0x07, 0x0A, 0x0B, 0x0C, 0x0B, 0x0A, 0x07, 0x04, 0x00, 0x07, 0x15, 0x23, 0x30, 0x3E, 0x4B, 0x57, 0x62, 0x6C, 0x77, 
            0x82, 0x8A, 0x8F, 0x95, 0x99, 0x9C, 0x9F, 0xA0, 0xA2, 0xA3, 0x03, 0xA4, 0x9C, 0xA3, 0xA2, 0xA1, 0x9F, 0x9D, 0x9A, 0x96, 0x91, 0x8B, 0x85, 0x7E, 
            0x76, 0x6C, 0x62, 0x57, 0x4D, 0x44, 0x3C, 0x35, 0x2E, 0x28, 0x23, 0x1E, 0x1A, 0x15, 0x11, 0x0C, 0x08, 0x03, 0x32, 0x00, 0x8F, 0x06, 0x16, 0x27, 
            0x39, 0x4B, 0x5A, 0x69, 0x77, 0x83, 0x8E, 0x97, 0x9F, 0xA4, 0xA8, 0xAB, 0xAD, 0x05, 0xAE, 0xA4, 0xAB, 0xA6, 0x9D, 0x92, 0x82, 0x71, 0x82, 0x8E, 
            0x98, 0x9E, 0xA3, 0xA5, 0xA6, 0xA4, 0xA2, 0x9E, 0x98, 0x90, 0x85, 0x7C, 0x75, 0x6E, 0x68, 0x61, 0x59, 0x52, 0x4B, 0x42, 0x39, 0x32, 0x2C, 0x25, 
            0x1F, 0x19, 0x12, 0x0B, 0x04, 0x43, 0x00, 0x85, 0x03, 0x0B, 0x12, 0x17, 0x1A, 0x1C, 0x01, 0x1D, 0x85, 0x1B, 0x18, 0x14, 0x0F, 0x0A, 0x05, 0x2F, 
            0x00, 0x9D, 0x01, 0x0B, 0x15, 0x1F, 0x27, 0x2E, 0x35, 0x3B, 0x40, 0x45, 0x4A, 0x4F, 0x53, 0x58, 0x5C, 0x61, 0x66, 0x6B, 0x70, 0x75, 0x7A, 0x7E, 
            0x82, 0x85, 0x88, 0x8B, 0x8D, 0x8E, 0x8F, 0x90, 0x02, 0x91, 0x01, 0x92, 0x03, 0x93, 0x8A, 0x94, 0x95, 0x97, 0x99, 0x9C, 0xA0, 0xA4, 0xA7, 0xAA, 
            0xAC, 0xAD, 0x09, 0xAE, 0x90, 0xAD, 0xAA, 0xA7, 0xA2, 0x9C, 0x95, 0x8C, 0x83, 0x7B, 0x70, 0x64, 0x57, 0x49, 0x39, 0x29, 0x19, 0x0A, 0x0E, 0x00, 
            0x05, 0x00, 0x89, 0x01, 0x16, 0x2B, 0x3D, 0x4A, 0x55, 0x5D, 0x63, 0x66, 0x69, 0x01, 0x6A, 0x92, 0x67, 0x65, 0x60, 0x5A, 0x53, 0x4D, 0x46, 0x3F, 
            0x39, 0x33, 0x2D, 0x28, 0x22, 0x1D, 0x17, 0x12, 0x0C, 0x07, 0x02, 0x28, 0x00, 0x8E, 0x04, 0x0E, 0x18, 0x24, 0x30, 0x3B, 0x47, 0x53, 0x5F, 0x69, 
            0x72, 0x7C, 0x85, 0x8B, 0x8E, 0x01, 0x8F, 0x89, 0x8D, 0x8A, 0x84, 0x7B, 0x70, 0x62, 0x50, 0x3A, 0x23, 0x0C, 0x15, 0x00, 0xB3, 0x04, 0x12, 0x1F, 
            0x2D, 0x39, 0x44, 0x4F, 0x59, 0x62, 0x6A, 0x72, 0x7A, 0x80, 0x86, 0x8A, 0x8E, 0x91, 0x93, 0x94, 0x96, 0x97, 0x98, 0x99, 0x98, 0x97, 0x96, 0x95, 
            0x93, 0x90, 0x8D, 0x89, 0x84, 0x7F, 0x79, 0x73, 0x6B, 0x61, 0x57, 0x4D, 0x44, 0x3B, 0x33, 0x2C, 0x25, 0x20, 0x1B, 0x16, 0x11, 0x0D, 0x09, 0x05, 
            0x02, 0x34, 0x00, 0x8E, 0x0C, 0x1D, 0x2F, 0x42, 0x53, 0x64, 0x72, 0x7E, 0x89, 0x93, 0x9B, 0xA1, 0xA5, 0xA9, 0xAB, 0x04, 0xAC, 0x8B, 0xAA, 0xA6, 
            0x9E, 0x93, 0x85, 0x72, 0x76, 0x84, 0x8F, 0x95, 0x9B, 0x9E, 0x01, 0x9F, 0x96, 0x9C, 0x99, 0x94, 0x8D, 0x86, 0x7C, 0x73, 0x6B, 0x64, 0x5E, 0x58, 
            0x51, 0x4A, 0x43, 0x3C, 0x33, 0x2B, 0x24, 0x1D, 0x16, 0x10, 0x09, 0x03, 0x42, 0x00, 0x85, 0x06, 0x0F, 0x19, 0x22, 0x29, 0x2E, 0x01, 0x31, 0x89, 
            0x32, 0x30, 0x2D, 0x29, 0x25, 0x20, 0x1A, 0x13, 0x0D, 0x06, 0x2D, 0x00, 0x9D, 0x01, 0x0B, 0x15, 0x1E, 0x27, 0x2E, 0x35, 0x3B, 0x41, 0x46, 0x4B, 
            0x50, 0x54, 0x59, 0x5D, 0x62, 0x66, 0x6A, 0x6E, 0x73, 0x77, 0x7A, 0x7D, 0x80, 0x83, 0x85, 0x86, 0x87, 0x88, 0x89, 0x01, 0x8A, 0x83, 0x8B, 0x8C, 
            0x8D, 0x8E, 0x01, 0x8F, 0x8B, 0x91, 0x92, 0x94, 0x96, 0x99, 0x9C, 0xA0, 0xA3, 0xA6, 0xA9, 0xAA, 0xAB, 0x08, 0xAC, 0x91, 0xAB, 0xAA, 0xA7, 0xA4, 
            0x9E, 0x97, 0x90, 0x88, 0x7F, 0x75, 0x69, 0x5B, 0x4D, 0x3E, 0x2F, 0x1F, 0x10, 0x01, 0x0E, 0x00, 0x05, 0x00, 0x89, 0x11, 0x28, 0x3B, 0x4B, 0x56, 
            0x62, 0x69, 0x6D, 0x72, 0x74, 0x01, 0x75, 0x94, 0x72, 0x70, 0x6C, 0x67, 0x61, 0x5A, 0x53, 0x4C, 0x45, 0x3F, 0x39, 0x34, 0x2E, 0x29, 0x24, 0x1E, 
            0x19, 0x13, 0x0E, 0x08, 0x04, 0x28, 0x00, 0x8D, 0x04, 0x0F, 0x1B, 0x27, 0x32, 0x3E, 0x49, 0x55, 0x5E, 0x68, 0x71, 0x78, 0x7D, 0x7F, 0x01, 0x81, 
            0x88, 0x7F, 0x7B, 0x73, 0x68, 0x59, 0x47, 0x33, 0x1D, 0x07, 0x16, 0x00, 0x90, 0x0E, 0x1B, 0x28, 0x34, 0x3E, 0x48, 0x50, 0x56, 0x5C, 0x63, 0x6A, 
            0x6F, 0x74, 0x79, 0x7D, 0x81, 0x84, 0x01, 0x86, 0x9C, 0x87, 0x88, 0x89, 0x8A, 0x8B, 0x8A, 0x88, 0x86, 0x83, 0x80, 0x7C, 0x78, 0x73, 0x6D, 0x66, 
            0x5E, 0x55, 0x4B, 0x42, 0x39, 0x30, 0x28, 0x21, 0x1B, 0x15, 0x10, 0x0C, 0x07, 0x04, 0x37, 0x00, 0x8E, 0x03, 0x14, 0x27, 0x3A, 0x4C, 0x5E, 0x6C, 
            0x79, 0x85, 0x8F, 0x97, 0x9E, 0xA3, 0xA6, 0xA9, 0x03, 0xAA, 0x8B, 0xA9, 0xA5, 0x9D, 0x93, 0x87, 0x75, 0x6C, 0x7B, 0x87, 0x8E, 0x93, 0x98, 0x01, 
            0x99, 0x96, 0x97, 0x94, 0x90, 0x8A, 0x83, 0x7C, 0x73, 0x6B, 0x63, 0x5C, 0x55, 0x50, 0x4A, 0x43, 0x3D, 0x36, 0x2E, 0x25, 0x1D, 0x16, 0x10, 0x09, 
            0x03, 0x41, 0x00, 0x87, 0x07, 0x11, 0x1B, 0x26, 0x2F, 0x37, 0x3D, 0x41, 0x01, 0x43, 0x8B, 0x42, 0x3F, 0x3C, 0x39, 0x35, 0x31, 0x2A, 0x23, 0x1B, 
            0x12, 0x0A, 0x02, 0x2B, 0x00, 0x9A, 0x01, 0x09, 0x12, 0x1B, 0x24, 0x2C, 0x33, 0x39, 0x3F, 0x45, 0x4A, 0x4F, 0x54, 0x58, 0x5D, 0x61, 0x66, 0x6A, 
            0x6E, 0x72, 0x75, 0x78, 0x7B, 0x7D, 0x7E, 0x80, 0x81, 0x01, 0x82, 0x80, 0x83, 0x01, 0x84, 0x91, 0x85, 0x86, 0x87, 0x88, 0x8A, 0x8C, 0x8E, 0x90, 
            0x93, 0x96, 0x99, 0x9D, 0xA0, 0xA3, 0xA5, 0xA7, 0xA8, 0xA9, 0x06, 0xAA, 0x01, 0xA9, 0x90, 0xA8, 0xA6, 0xA3, 0x9E, 0x98, 0x92, 0x8B, 0x83, 0x79, 
            0x6E, 0x61, 0x53, 0x43, 0x34, 0x24, 0x15, 0x06, 0x0F, 0x00, 0x04, 0x00, 0x89, 0x0D, 0x23, 0x37, 0x48, 0x55, 0x61, 0x6B, 0x71, 0x76, 0x7A, 0x01, 
            0x7D, 0x98, 0x7C, 0x7B, 0x78, 0x75, 0x71, 0x6C, 0x66, 0x5F, 0x58, 0x51, 0x4B, 0x45, 0x40, 0x3A, 0x34, 0x2F, 0x2A, 0x24, 0x1F, 0x19, 0x14, 0x0F, 
            0x0A, 0x05, 0x01, 0x27, 0x00, 0x8C, 0x03, 0x0D, 0x19, 0x24, 0x2F, 0x3B, 0x47, 0x50, 0x59, 0x60, 0x67, 0x6C, 0x6F, 0x01, 0x70, 0x87, 0x6D, 0x67, 
            0x5C, 0x4E, 0x3E, 0x2A, 0x15, 0x01, 0x16, 0x00, 0x93, 0x07, 0x14, 0x21, 0x2C, 0x36, 0x3E, 0x44, 0x49, 0x4F, 0x54, 0x59, 0x5D, 0x61, 0x66, 0x6A, 
            0x6F, 0x72, 0x75, 0x77, 0x78, 0x01, 0x79, 0x80, 0x7A, 0x01, 0x7B, 0x94, 0x7A, 0x78, 0x75, 0x71, 0x6D, 0x68, 0x63, 0x5D, 0x57, 0x4F, 0x47, 0x3E, 
            0x35, 0x2D, 0x25, 0x1D, 0x16, 0x10, 0x0A, 0x05, 0x01, 0x3A, 0x00, 0x8D, 0x0D, 0x20, 0x34, 0x47, 0x59, 0x68, 0x75, 0x82, 0x8C, 0x94, 0x9B, 0xA0, 
            0xA3, 0xA6, 0x02, 0xA8, 0x8B, 0xA7, 0xA4, 0x9D, 0x93, 0x88, 0x77, 0x64, 0x71, 0x7E, 0x86, 0x8C, 0x92, 0x01, 0x94, 0x96, 0x92, 0x90, 0x8C, 0x87, 
            0x80, 0x7A, 0x73, 0x6C, 0x65, 0x5E, 0x57, 0x50, 0x4A, 0x44, 0x3E, 0x38, 0x31, 0x29, 0x21, 0x19, 0x11, 0x09, 0x03, 0x3E, 0x00, 0x9A, 0x01, 0x05, 
            0x0C, 0x13, 0x1C, 0x25, 0x30, 0x39, 0x41, 0x48, 0x4E, 0x51, 0x53, 0x52, 0x50, 0x4D, 0x4A, 0x47, 0x44, 0x3F, 0x38, 0x30, 0x27, 0x1E, 0x15, 0x0C, 
            0x03, 0x2B, 0x00, 0x98, 0x06, 0x0F, 0x18, 0x20, 0x28, 0x2F, 0x36, 0x3C, 0x42, 0x47, 0x4C, 0x51, 0x55, 0x59, 0x5E, 0x63, 0x67, 0x6B, 0x6F, 0x72, 
            0x75, 0x77, 0x78, 0x7A, 0x7B, 0x01, 0x7C, 0x80, 0x7D, 0x01, 0x7E, 0x91, 0x7F, 0x80, 0x81, 0x83, 0x85, 0x87, 0x89, 0x8B, 0x8E, 0x91, 0x95, 0x98, 
            0x9B, 0x9F, 0xA1, 0xA3, 0xA5, 0xA6, 0x03, 0xA7, 0x80, 0xA8, 0x02, 0xA7, 0x91, 0xA6, 0xA5, 0xA4, 0xA1, 0x9D, 0x98, 0x92, 0x8C, 0x85, 0x7D, 0x72, 
            0x66, 0x59, 0x4A, 0x3A, 0x29, 0x19, 0x0A, 0x10, 0x00, 0x03, 0x00, 0x8A, 0x08, 0x1D, 0x32, 0x44, 0x53, 0x5F, 0x6A, 0x73, 0x78, 0x7D, 0x81, 0x02, 
            0x83, 0x98, 0x82, 0x80, 0x7D, 0x79, 0x74, 0x6F, 0x69, 0x62, 0x5B, 0x55, 0x4F, 0x49, 0x44, 0x3E, 0x39, 0x34, 0x2F, 0x2A, 0x25, 0x20, 0x1A, 0x15, 
            0x10, 0x0A, 0x04, 0x29, 0x00, 0x92, 0x0A, 0x14, 0x20, 0x2B, 0x36, 0x3F, 0x47, 0x4E, 0x55, 0x5B, 0x5F, 0x5E, 0x5B, 0x56, 0x4D, 0x3F, 0x2F, 0x1D, 
            0x0B, 0x18, 0x00, 0x95, 0x09, 0x15, 0x1F, 0x28, 0x2F, 0x35, 0x3C, 0x41, 0x45, 0x49, 0x4E, 0x52, 0x55, 0x58, 0x5C, 0x5F, 0x62, 0x65, 0x67, 0x68, 
            0x6A, 0x6B, 0x02, 0x6C, 0x90, 0x6A, 0x67, 0x62, 0x5E, 0x59, 0x53, 0x4D, 0x46, 0x3F, 0x37, 0x2F, 0x27, 0x1F, 0x18, 0x10, 0x0A, 0x04, 0x3D, 0x00, 
            0x8D, 0x08, 0x1B, 0x2F, 0x43, 0x55, 0x64, 0x72, 0x80, 0x8A, 0x92, 0x99, 0x9D, 0xA1, 0xA4, 0x02, 0xA5, 0x8A, 0xA3, 0x9E, 0x94, 0x89, 0x7A, 0x68, 
            0x67, 0x75, 0x7F, 0x86, 0x8C, 0x01, 0x8F, 0x96, 0x8E, 0x8C, 0x88, 0x84, 0x7E, 0x78, 0x72, 0x6C, 0x65, 0x5F, 0x59, 0x52, 0x4B, 0x45, 0x3F, 0x39, 
            0x33, 0x2C, 0x25, 0x1D, 0x14, 0x0C, 0x04, 0x39, 0x00, 0x91, 0x03, 0x07, 0x0B, 0x0E, 0x11, 0x14, 0x17, 0x1C, 0x22, 0x29, 0x30, 0x39, 0x42, 0x4A, 
            0x51, 0x57, 0x5B, 0x5D, 0x01, 0x5E, 0x8D, 0x5C, 0x59, 0x57, 0x54, 0x50, 0x4A, 0x43, 0x3B, 0x33, 0x2A, 0x20, 0x16, 0x0B, 0x02, 0x2A, 0x00, 0x96, 
            0x02, 0x0A, 0x12, 0x1A, 0x22, 0x29, 0x30, 0x37, 0x3C, 0x41, 0x46, 0x4A, 0x4E, 0x53, 0x57, 0x5B, 0x60, 0x64, 0x67, 0x6A, 0x6D, 0x6F, 0x70, 0x01, 
            0x72, 0x95, 0x73, 0x74, 0x75, 0x76, 0x78, 0x79, 0x7B, 0x7D, 0x7F, 0x81, 0x84, 0x86, 0x89, 0x8C, 0x8F, 0x92, 0x95, 0x99, 0x9C, 0x9E, 0xA0, 0xA2, 
            0x01, 0xA3, 0x04, 0xA4, 0x92, 0xA3, 0xA2, 0xA1, 0xA0, 0x9D, 0x9A, 0x96, 0x91, 0x8C, 0x86, 0x7E, 0x75, 0x6A, 0x5D, 0x4E, 0x3F, 0x2E, 0x1E, 0x0E, 
            0x11, 0x00, 0x02, 0x00, 0xA8, 0x03, 0x17, 0x2D, 0x40, 0x50, 0x5D, 0x69, 0x73, 0x7B, 0x7F, 0x83, 0x86, 0x88, 0x89, 0x8A, 0x89, 0x87, 0x84, 0x80, 
            0x7B, 0x75, 0x70, 0x6A, 0x64, 0x5E, 0x58, 0x53, 0x4D, 0x48, 0x43, 0x3E, 0x39, 0x34, 0x2F, 0x2A, 0x24, 0x1F, 0x19, 0x13, 0x0C, 0x06, 0x2A, 0x00, 
            0x8F, 0x04, 0x0E, 0x19, 0x23, 0x2C, 0x34, 0x3B, 0x42, 0x47, 0x49, 0x46, 0x40, 0x38, 0x2D, 0x1E, 0x0F, 0x1A, 0x00, 0x95, 0x07, 0x10, 0x18, 0x20, 
            0x27, 0x2D, 0x31, 0x34, 0x39, 0x3D, 0x40, 0x43, 0x46, 0x49, 0x4C, 0x4F, 0x52, 0x54, 0x56, 0x58, 0x5A, 0x5B, 0x01, 0x5C, 0x8E, 0x5A, 0x57, 0x53, 
            0x4E, 0x48, 0x42, 0x3B, 0x34, 0x2C, 0x25, 0x1E, 0x17, 0x10, 0x09, 0x02, 0x3F, 0x00, 0x8D, 0x05, 0x18, 0x2C, 0x40, 0x52, 0x62, 0x71, 0x7E, 0x88, 
            0x90, 0x96, 0x9B, 0x9E, 0xA1, 0x01, 0xA2, 0x8B, 0xA1, 0x9D, 0x96, 0x8B, 0x7D, 0x6C, 0x5B, 0x6A, 0x76, 0x7E, 0x85, 0x89, 0x01, 0x8A, 0x95, 0x88, 
            0x85, 0x80, 0x7B, 0x75, 0x70, 0x6A, 0x64, 0x5E, 0x59, 0x53, 0x4D, 0x46, 0x40, 0x39, 0x34, 0x2D, 0x26, 0x1F, 0x17, 0x0E, 0x06, 0x35, 0x00, 0xA7, 
            0x02, 0x0A, 0x11, 0x18, 0x1D, 0x21, 0x25, 0x28, 0x2A, 0x2C, 0x2E, 0x30, 0x33, 0x37, 0x3D, 0x43, 0x4B, 0x52, 0x5A, 0x60, 0x63, 0x65, 0x68, 0x69, 
            0x6A, 0x68, 0x65, 0x61, 0x5D, 0x59, 0x53, 0x4D, 0x46, 0x3D, 0x35, 0x2B, 0x21, 0x16, 0x0B, 0x02, 0x2A, 0x00, 0xAF, 0x04, 0x0B, 0x13, 0x1B, 0x22, 
            0x28, 0x2E, 0x33, 0x38, 0x3C, 0x41, 0x45, 0x49, 0x4E, 0x52, 0x56, 0x5A, 0x5D, 0x60, 0x63, 0x65, 0x66, 0x67, 0x68, 0x69, 0x6A, 0x6B, 0x6D, 0x6F, 
            0x71, 0x73, 0x76, 0x79, 0x7C, 0x7F, 0x82, 0x85, 0x88, 0x8C, 0x8F, 0x93, 0x96, 0x98, 0x9A, 0x9C, 0x9D, 0x9E, 0x9F, 0x01, 0xA0, 0x01, 0x9F, 0x93, 
            0x9E, 0x9D, 0x9B, 0x9A, 0x98, 0x95, 0x92, 0x8E, 0x89, 0x84, 0x7D, 0x75, 0x6C, 0x60, 0x51, 0x42, 0x32, 0x21, 0x12, 0x03, 0x11, 0x00, 0x02, 0x00, 
            0x8C, 0x11, 0x26, 0x3A, 0x4B, 0x5A, 0x66, 0x71, 0x7A, 0x80, 0x84, 0x87, 0x8A, 0x8D, 0x01, 0x8E, 0x9A, 0x8D, 0x8B, 0x88, 0x84, 0x7F, 0x7A, 0x75, 
            0x6F, 0x6A, 0x65, 0x60, 0x5B, 0x56, 0x50, 0x4B, 0x45, 0x3F, 0x3A, 0x35, 0x30, 0x2B, 0x26, 0x1F, 0x19, 0x12, 0x0A, 0x03, 0x2C, 0x00, 0x85, 0x04, 
            0x0D, 0x15, 0x1D, 0x24, 0x2A, 0x01, 0x2D, 0x84, 0x29, 0x22, 0x18, 0x0D, 0x01, 0x1B, 0x00, 0x93, 0x02, 0x09, 0x10, 0x17, 0x1C, 0x20, 0x24, 0x28, 
            0x2B, 0x2E, 0x32, 0x35, 0x37, 0x39, 0x3C, 0x3F, 0x42, 0x45, 0x48, 0x4A, 0x01, 0x4B, 0x8D, 0x4A, 0x48, 0x46, 0x41, 0x3B, 0x35, 0x2F, 0x29, 0x22, 
            0x1B, 0x14, 0x0D, 0x06, 0x01, 0x41, 0x00, 0x8D, 0x04, 0x17, 0x2B, 0x3F, 0x51, 0x61, 0x70, 0x7D, 0x86, 0x8E, 0x94, 0x98, 0x9C, 0x9E, 0x01, 0x9F, 
            0x8A, 0x9C, 0x97, 0x8D, 0x81, 0x71, 0x5F, 0x5E, 0x6C, 0x76, 0x7D, 0x83, 0x01, 0x85, 0x95, 0x84, 0x82, 0x7D, 0x79, 0x73, 0x6E, 0x68, 0x63, 0x5D, 
            0x57, 0x52, 0x4D, 0x47, 0x41, 0x3A, 0x34, 0x2D, 0x27, 0x1F, 0x17, 0x0F, 0x07, 0x33, 0x00, 0x99, 0x02, 0x0C, 0x15, 0x1E, 0x27, 0x2F, 0x35, 0x39, 
            0x3D, 0x3F, 0x41, 0x43, 0x45, 0x46, 0x47, 0x49, 0x4C, 0x50, 0x55, 0x5A, 0x61, 0x67, 0x6A, 0x6C, 0x6E, 0x71, 0x01, 0x73, 0x8F, 0x71, 0x6C, 0x68, 
            0x64, 0x5F, 0x5B, 0x55, 0x4E, 0x47, 0x3E, 0x36, 0x2D, 0x22, 0x16, 0x0A, 0x01, 0x2A, 0x00, 0xAD, 0x04, 0x0B, 0x11, 0x18, 0x1E, 0x24, 0x2A, 0x2E, 
            0x33, 0x37, 0x3B, 0x3F, 0x43, 0x47, 0x4B, 0x4F, 0x52, 0x55, 0x57, 0x59, 0x5A, 0x5B, 0x5D, 0x5E, 0x5F, 0x61, 0x63, 0x65, 0x68, 0x6B, 0x6E, 0x71, 
            0x75, 0x78, 0x7C, 0x80, 0x84, 0x88, 0x8B, 0x8E, 0x90, 0x92, 0x93, 0x95, 0x97, 0x98, 0x01, 0x99, 0x95, 0x98, 0x97, 0x96, 0x95, 0x93, 0x92, 0x90, 
            0x8E, 0x8C, 0x89, 0x85, 0x80, 0x7A, 0x73, 0x6B, 0x60, 0x53, 0x44, 0x35, 0x25, 0x15, 0x07, 0x12, 0x00, 0x01, 0x00, 0x8D, 0x0B, 0x1F, 0x33, 0x46, 
            0x56, 0x63, 0x6E, 0x78, 0x80, 0x84, 0x87, 0x8B, 0x8D, 0x90, 0x01, 0x91, 0x9A, 0x90, 0x8E, 0x8B, 0x87, 0x82, 0x7D, 0x78, 0x73, 0x6E, 0x69, 0x65, 
            0x60, 0x5B, 0x55, 0x4F, 0x49, 0x44, 0x3F, 0x3A, 0x36, 0x31, 0x2C, 0x25, 0x1E, 0x16, 0x0E, 0x07, 0x30, 0x00, 0x86, 0x05, 0x0A, 0x0E, 0x0F, 0x0E, 
            0x09, 0x03, 0x1F, 0x00, 0x9E, 0x01, 0x07, 0x0C, 0x11, 0x14, 0x17, 0x1A, 0x1D, 0x20, 0x23, 0x26, 0x28, 0x2B, 0x2E, 0x31, 0x34, 0x37, 0x39, 0x3A, 
            0x39, 0x37, 0x35, 0x32, 0x2D, 0x27, 0x21, 0x1B, 0x15, 0x0E, 0x08, 0x02, 0x44, 0x00, 0xB1, 0x04, 0x18, 0x2C, 0x40, 0x51, 0x61, 0x70, 0x7C, 0x85, 
            0x8C, 0x92, 0x96, 0x99, 0x9A, 0x9B, 0x9A, 0x96, 0x90, 0x84, 0x76, 0x66, 0x52, 0x5E, 0x6B, 0x74, 0x7B, 0x7F, 0x80, 0x81, 0x7F, 0x7B, 0x77, 0x72, 
            0x6C, 0x66, 0x61, 0x5B, 0x56, 0x50, 0x4C, 0x46, 0x40, 0x3A, 0x34, 0x2D, 0x26, 0x1F, 0x17, 0x0F, 0x07, 0x32, 0x00, 0x8B, 0x04, 0x0E, 0x19, 0x24, 
            0x2D, 0x36, 0x3F, 0x46, 0x4D, 0x51, 0x54, 0x56, 0x01, 0x58, 0x9F, 0x59, 0x5A, 0x5B, 0x5C, 0x5E, 0x61, 0x64, 0x68, 0x6C, 0x6F, 0x71, 0x74, 0x76, 
            0x77, 0x79, 0x7A, 0x77, 0x72, 0x6D, 0x69, 0x65, 0x61, 0x5C, 0x56, 0x4F, 0x48, 0x3F, 0x37, 0x2D, 0x21, 0x15, 0x0A, 0x2B, 0x00, 0xC3, 0x04, 0x08, 
            0x0D, 0x13, 0x18, 0x1D, 0x22, 0x26, 0x2A, 0x2E, 0x32, 0x35, 0x39, 0x3D, 0x41, 0x44, 0x47, 0x49, 0x4B, 0x4D, 0x4E, 0x50, 0x51, 0x53, 0x55, 0x58, 
            0x5B, 0x5E, 0x62, 0x66, 0x6A, 0x6E, 0x73, 0x78, 0x7C, 0x80, 0x83, 0x86, 0x88, 0x8A, 0x8B, 0x8C, 0x8E, 0x8F, 0x90, 0x8F, 0x8E, 0x8C, 0x8B, 0x89, 
            0x88, 0x86, 0x85, 0x84, 0x82, 0x80, 0x7D, 0x79, 0x75, 0x6F, 0x67, 0x5E, 0x52, 0x44, 0x36, 0x27, 0x18, 0x0A, 0x13, 0x00, 0x8F, 0x00, 0x05, 0x18, 
            0x2C, 0x3F, 0x50, 0x5F, 0x6B, 0x75, 0x7D, 0x83, 0x87, 0x8A, 0x8D, 0x8F, 0x91, 0x01, 0x92, 0x9B, 0x91, 0x8F, 0x8C, 0x88, 0x84, 0x80, 0x7B, 0x77, 
            0x72, 0x6D, 0x68, 0x63, 0x5D, 0x57, 0x51, 0x4C, 0x47, 0x43, 0x3E, 0x3A, 0x35, 0x2F, 0x28, 0x21, 0x19, 0x11, 0x08, 0x01, 0x54, 0x00, 0x92, 0x05, 
            0x0A, 0x0E, 0x10, 0x12, 0x11, 0x10, 0x0F, 0x0D, 0x0E, 0x11, 0x14, 0x17, 0x19, 0x1C, 0x1E, 0x21, 0x23, 0x25, 0x01, 0x27, 0x88, 0x25, 0x23, 0x20, 
            0x1D, 0x18, 0x12, 0x0C, 0x07, 0x02, 0x47, 0x00, 0x8C, 0x06, 0x1A, 0x2E, 0x41, 0x52, 0x61, 0x71, 0x7B, 0x84, 0x8B, 0x90, 0x93, 0x96, 0x01, 0x97, 
            0x8B, 0x95, 0x90, 0x87, 0x7A, 0x6C, 0x5B, 0x4E, 0x5D, 0x69, 0x71, 0x78, 0x7A, 0x01, 0x7B, 0x93, 0x79, 0x75, 0x71, 0x6B, 0x66, 0x60, 0x5A, 0x55, 
            0x4F, 0x4A, 0x45, 0x3F, 0x39, 0x33, 0x2C, 0x25, 0x1E, 0x17, 0x0F, 0x07, 0x31, 0x00, 0x8D, 0x02, 0x0C, 0x18, 0x23, 0x2E, 0x39, 0x42, 0x4A, 0x52, 
            0x58, 0x5D, 0x61, 0x64, 0x66, 0x01, 0x68, 0x01, 0x69, 0x9E, 0x6A, 0x6B, 0x6D, 0x6F, 0x71, 0x73, 0x74, 0x76, 0x78, 0x7A, 0x7B, 0x7C, 0x7E, 0x7D, 
            0x7B, 0x76, 0x72, 0x6E, 0x6A, 0x66, 0x61, 0x5C, 0x56, 0x50, 0x48, 0x3F, 0x36, 0x2C, 0x21, 0x15, 0x09, 0x25, 0x00, 0x8B, 0x01, 0x06, 0x0B, 0x11, 
            0x17, 0x1B, 0x1F, 0x22, 0x24, 0x26, 0x28, 0x29, 0x02, 0x2A, 0x80, 0x29, 0x01, 0x28, 0x9B, 0x2C, 0x30, 0x33, 0x36, 0x39, 0x3B, 0x3D, 0x3F, 0x41, 
            0x43, 0x46, 0x49, 0x4C, 0x50, 0x54, 0x58, 0x5D, 0x62, 0x68, 0x6D, 0x72, 0x76, 0x79, 0x7C, 0x7F, 0x81, 0x82, 0x83, 0x02, 0x84, 0x96, 0x83, 0x81, 
            0x7F, 0x7E, 0x7C, 0x7B, 0x7A, 0x79, 0x78, 0x77, 0x75, 0x73, 0x70, 0x6C, 0x66, 0x60, 0x57, 0x4D, 0x42, 0x35, 0x28, 0x1A, 0x0C, 0x14, 0x00, 0x8F, 
            0x01, 0x13, 0x26, 0x39, 0x4B, 0x5A, 0x67, 0x72, 0x7A, 0x81, 0x86, 0x89, 0x8C, 0x8E, 0x90, 0x91, 0x01, 0x92, 0x9B, 0x91, 0x8F, 0x8D, 0x89, 0x86, 
            0x82, 0x7E, 0x79, 0x74, 0x6F, 0x69, 0x64, 0x5E, 0x59, 0x53, 0x4E, 0x49, 0x45, 0x40, 0x3C, 0x36, 0x30, 0x29, 0x22, 0x1A, 0x12, 0x09, 0x02, 0x51, 
            0x00, 0x85, 0x02, 0x0B, 0x12, 0x18, 0x1E, 0x21, 0x01, 0x23, 0x8D, 0x22, 0x20, 0x1F, 0x1C, 0x1A, 0x18, 0x16, 0x13, 0x0F, 0x0D, 0x0E, 0x10, 0x11, 
            0x12, 0x01, 0x13, 0x85, 0x11, 0x0F, 0x0C, 0x09, 0x05, 0x01, 0x4A, 0x00, 0xAF, 0x0A, 0x1D, 0x31, 0x43, 0x54, 0x63, 0x71, 0x7B, 0x83, 0x8A, 0x8E, 
            0x91, 0x92, 0x93, 0x92, 0x8E, 0x88, 0x7D, 0x71, 0x63, 0x50, 0x4D, 0x5A, 0x66, 0x6E, 0x74, 0x75, 0x76, 0x75, 0x73, 0x6F, 0x6B, 0x66, 0x60, 0x5A, 
            0x54, 0x4F, 0x49, 0x44, 0x3F, 0x39, 0x32, 0x2C, 0x25, 0x1E, 0x17, 0x0F, 0x07, 0x31, 0x00, 0x90, 0x08, 0x13, 0x1F, 0x2B, 0x36, 0x41, 0x4A, 0x53, 
            0x5B, 0x62, 0x68, 0x6C, 0x70, 0x72, 0x74, 0x75, 0x76, 0x03, 0x75, 0x83, 0x76, 0x77, 0x79, 0x7A, 0x01, 0x7B, 0x97, 0x7C, 0x7D, 0x7E, 0x7F, 0x80, 
            0x7F, 0x7D, 0x7A, 0x76, 0x71, 0x6D, 0x69, 0x65, 0x60, 0x5B, 0x56, 0x4F, 0x48, 0x3F, 0x36, 0x2C, 0x20, 0x13, 0x07, 0x21, 0x00, 0x8B, 0x01, 0x07, 
            0x0E, 0x15, 0x1B, 0x21, 0x27, 0x2C, 0x30, 0x34, 0x37, 0x39, 0x01, 0x3B, 0x80, 0x3C, 0x02, 0x3D, 0x01, 0x3C, 0x86, 0x3B, 0x3A, 0x38, 0x36, 0x34, 
            0x32, 0x30, 0x01, 0x2D, 0x93, 0x30, 0x33, 0x36, 0x3A, 0x3E, 0x43, 0x48, 0x4E, 0x54, 0x59, 0x5F, 0x65, 0x6A, 0x6D, 0x71, 0x74, 0x76, 0x77, 0x78, 
            0x79, 0x01, 0x78, 0x97, 0x76, 0x74, 0x73, 0x72, 0x70, 0x6F, 0x6D, 0x6C, 0x6A, 0x69, 0x67, 0x65, 0x62, 0x5E, 0x5A, 0x54, 0x4E, 0x46, 0x3C, 0x32, 
            0x27, 0x1A, 0x0D, 0x02, 0x14, 0x00, 0x8E, 0x0E, 0x21, 0x33, 0x45, 0x55, 0x62, 0x6E, 0x77, 0x7F, 0x84, 0x88, 0x8B, 0x8D, 0x8F, 0x90, 0x01, 0x91, 
            0x9C, 0x92, 0x91, 0x90, 0x8D, 0x8A, 0x87, 0x83, 0x7F, 0x7B, 0x75, 0x70, 0x6B, 0x65, 0x5F, 0x5A, 0x54, 0x4E, 0x4A, 0x45, 0x41, 0x3B, 0x35, 0x2F, 
            0x28, 0x21, 0x19, 0x11, 0x09, 0x02, 0x50, 0x00, 0x86, 0x05, 0x11, 0x1B, 0x24, 0x2A, 0x2E, 0x31, 0x01, 0x33, 0x8C, 0x32, 0x2F, 0x2D, 0x2A, 0x28, 
            0x26, 0x23, 0x20, 0x1C, 0x16, 0x10, 0x0A, 0x04, 0x01, 0x02, 0x80, 0x01, 0x50, 0x00, 0xAF, 0x0D, 0x20, 0x33, 0x45, 0x55, 0x64, 0x71, 0x7B, 0x83, 
            0x88, 0x8C, 0x8E, 0x8F, 0x8E, 0x8C, 0x86, 0x7F, 0x73, 0x68, 0x59, 0x45, 0x49, 0x56, 0x61, 0x69, 0x6D, 0x6E, 0x6F, 0x6E, 0x6C, 0x69, 0x66, 0x61, 
            0x5B, 0x55, 0x4F, 0x4A, 0x44, 0x40, 0x3A, 0x34, 0x2D, 0x26, 0x1F, 0x18, 0x10, 0x08, 0x01, 0x2F, 0x00, 0x90, 0x04, 0x0E, 0x19, 0x24, 0x30, 0x3B, 
            0x45, 0x4F, 0x59, 0x61, 0x69, 0x6F, 0x75, 0x79, 0x7C, 0x7F, 0x80, 0x01, 0x81, 0x01, 0x80, 0x80, 0x7F, 0x02, 0x7E, 0x80, 0x7F, 0x04, 0x80, 0x02, 
            0x81, 0x93, 0x80, 0x7F, 0x7C, 0x79, 0x74, 0x71, 0x6D, 0x69, 0x64, 0x60, 0x5B, 0x55, 0x4F, 0x48, 0x3F, 0x35, 0x29, 0x1D, 0x10, 0x03, 0x1E, 0x00, 
            0x90, 0x05, 0x0C, 0x14, 0x1B, 0x22, 0x29, 0x2F, 0x35, 0x3A, 0x3E, 0x42, 0x45, 0x48, 0x49, 0x4A, 0x4B, 0x4C, 0x04, 0x4D, 0xB5, 0x4C, 0x4B, 0x4A, 
            0x48, 0x46, 0x44, 0x42, 0x40, 0x3E, 0x3B, 0x38, 0x35, 0x31, 0x2D, 0x34, 0x3B, 0x41, 0x48, 0x4E, 0x55, 0x5C, 0x61, 0x64, 0x67, 0x69, 0x6B, 0x6C, 
            0x6D, 0x6C, 0x6B, 0x6A, 0x68, 0x66, 0x65, 0x62, 0x60, 0x5D, 0x5A, 0x57, 0x55, 0x54, 0x52, 0x50, 0x4D, 0x4A, 0x45, 0x40, 0x3A, 0x33, 0x2B, 0x22, 
            0x17, 0x0C, 0x02, 0x15, 0x00, 0x8F, 0x1B, 0x2E, 0x41, 0x50, 0x5E, 0x6A, 0x74, 0x7C, 0x82, 0x87, 0x8B, 0x8D, 0x8E, 0x8F, 0x90, 0x91, 0x01, 0x92, 
            0x9A, 0x91, 0x8F, 0x8D, 0x8A, 0x87, 0x84, 0x80, 0x7B, 0x76, 0x70, 0x6A, 0x64, 0x5E, 0x58, 0x52, 0x4D, 0x48, 0x42, 0x3C, 0x36, 0x2F, 0x29, 0x22, 
            0x1C, 0x14, 0x0C, 0x05, 0x50, 0x00, 0x86, 0x01, 0x10, 0x1E, 0x29, 0x32, 0x38, 0x3D, 0x02, 0x41, 0x8E, 0x40, 0x3D, 0x3A, 0x37, 0x35, 0x32, 0x2F, 
            0x2C, 0x28, 0x23, 0x1D, 0x17, 0x10, 0x0A, 0x05, 0x51, 0x00, 0x8A, 0x10, 0x23, 0x35, 0x46, 0x56, 0x65, 0x70, 0x79, 0x81, 0x86, 0x89, 0x01, 0x8A, 
            0xA1, 0x89, 0x85, 0x7E, 0x76, 0x6A, 0x5E, 0x4E, 0x3A, 0x43, 0x4F, 0x5A, 0x62, 0x66, 0x67, 0x68, 0x67, 0x66, 0x63, 0x61, 0x5D, 0x57, 0x51, 0x4B, 
            0x45, 0x40, 0x3B, 0x36, 0x2F, 0x28, 0x21, 0x1A, 0x13, 0x0B, 0x03, 0x2E, 0x00, 0x91, 0x01, 0x09, 0x12, 0x1C, 0x27, 0x32, 0x3D, 0x47, 0x52, 0x5B, 
            0x64, 0x6B, 0x73, 0x79, 0x7E, 0x82, 0x85, 0x87, 0x02, 0x88, 0x01, 0x87, 0x01, 0x86, 0x02, 0x85, 0x02, 0x84, 0x03, 0x83, 0x95, 0x82, 0x81, 0x80, 
            0x7E, 0x7B, 0x77, 0x74, 0x70, 0x6D, 0x69, 0x65, 0x60, 0x5B, 0x56, 0x50, 0x48, 0x3E, 0x33, 0x28, 0x1B, 0x0D, 0x01, 0x1B, 0x00, 0x92, 0x06, 0x0F, 
            0x17, 0x1F, 0x27, 0x2F, 0x36, 0x3C, 0x42, 0x47, 0x4B, 0x4F, 0x53, 0x55, 0x57, 0x59, 0x5A, 0x5B, 0x5C, 0x05, 0x5D, 0x98, 0x5C, 0x5B, 0x5A, 0x59, 
            0x57, 0x55, 0x52, 0x4F, 0x4C, 0x49, 0x46, 0x42, 0x3D, 0x38, 0x33, 0x32, 0x3A, 0x42, 0x49, 0x4F, 0x54, 0x57, 0x59, 0x5C, 0x5D, 0x02, 0x5F, 0x96, 
            0x5D, 0x5C, 0x5A, 0x57, 0x53, 0x4F, 0x4A, 0x46, 0x43, 0x40, 0x3E, 0x3C, 0x3A, 0x38, 0x35, 0x32, 0x2E, 0x2A, 0x25, 0x1F, 0x19, 0x10, 0x08, 0x16, 
            0x00, 0x80, 0x09, 0x8D, 0x27, 0x3A, 0x4B, 0x59, 0x65, 0x70, 0x78, 0x7F, 0x84, 0x89, 0x8C, 0x8E, 0x8F, 0x90, 0x01, 0x91, 0x01, 0x92, 0x99, 0x91, 
            0x8F, 0x8D, 0x8B, 0x89, 0x84, 0x80, 0x7B, 0x75, 0x6F, 0x68, 0x62, 0x5B, 0x54, 0x4D, 0x47, 0x40, 0x3A, 0x34, 0x2D, 0x27, 0x21, 0x1A, 0x13, 0x0C, 
            0x05, 0x51, 0x00, 0x87, 0x08, 0x19, 0x28, 0x34, 0x3F, 0x45, 0x4A, 0x4E, 0x01, 0x4F, 0x90, 0x4D, 0x4B, 0x48, 0x45, 0x42, 0x3F, 0x3B, 0x38, 0x34, 
            0x30, 0x2B, 0x25, 0x1E, 0x18, 0x11, 0x0B, 0x04, 0x4E, 0x00, 0xAE, 0x02, 0x12, 0x24, 0x36, 0x47, 0x55, 0x64, 0x6E, 0x77, 0x7E, 0x83, 0x85, 0x86, 
            0x85, 0x83, 0x7D, 0x77, 0x6E, 0x62, 0x55, 0x45, 0x31, 0x3A, 0x46, 0x50, 0x58, 0x5D, 0x5F, 0x61, 0x60, 0x5F, 0x5D, 0x5B, 0x58, 0x53, 0x4D, 0x47, 
            0x41, 0x3C, 0x37, 0x31, 0x2B, 0x24, 0x1D, 0x16, 0x0F, 0x07, 0x2D, 0x00, 0x93, 0x02, 0x08, 0x0F, 0x17, 0x20, 0x29, 0x33, 0x3C, 0x46, 0x51, 0x5A, 
            0x62, 0x6A, 0x72, 0x78, 0x7E, 0x83, 0x87, 0x89, 0x8B, 0x03, 0x8C, 0x01, 0x8B, 0x02, 0x8A, 0x80, 0x89, 0x01, 0x88, 0x81, 0x87, 0x86, 0x01, 0x85, 
            0x96, 0x84, 0x83, 0x82, 0x81, 0x7F, 0x7D, 0x7A, 0x77, 0x74, 0x71, 0x6E, 0x6B, 0x67, 0x63, 0x5E, 0x58, 0x50, 0x48, 0x3E, 0x33, 0x27, 0x19, 0x0B, 
            0x19, 0x00, 0x92, 0x04, 0x0E, 0x18, 0x21, 0x2A, 0x33, 0x3B, 0x42, 0x48, 0x4E, 0x53, 0x58, 0x5C, 0x60, 0x63, 0x65, 0x67, 0x68, 0x69, 0x01, 0x6A, 
            0x03, 0x6B, 0x02, 0x6A, 0x97, 0x69, 0x68, 0x67, 0x65, 0x64, 0x62, 0x5F, 0x5D, 0x5A, 0x56, 0x52, 0x4D, 0x47, 0x40, 0x3A, 0x32, 0x31, 0x39, 0x3F, 
            0x45, 0x49, 0x4C, 0x4E, 0x50, 0x01, 0x52, 0x96, 0x51, 0x4F, 0x4B, 0x47, 0x43, 0x3E, 0x39, 0x34, 0x2F, 0x2B, 0x28, 0x25, 0x23, 0x21, 0x1F, 0x1C, 
            0x1A, 0x16, 0x12, 0x0E, 0x0A, 0x06, 0x01, 0x16, 0x00, 0x81, 0x02, 0x14, 0x8D, 0x30, 0x42, 0x52, 0x5E, 0x69, 0x73, 0x7A, 0x81, 0x86, 0x8A, 0x8D, 
            0x8E, 0x8F, 0x90, 0x01, 0x91, 0x80, 0x92, 0x01, 0x91, 0x97, 0x8F, 0x8E, 0x8C, 0x89, 0x84, 0x7F, 0x7A, 0x74, 0x6D, 0x65, 0x5D, 0x55, 0x4D, 0x44, 
            0x3D, 0x36, 0x2F, 0x28, 0x22, 0x1B, 0x15, 0x0F, 0x08, 0x03, 0x52, 0x00, 0x87, 0x0A, 0x1C, 0x2D, 0x3C, 0x47, 0x50, 0x56, 0x5A, 0x02, 0x5B, 0x90, 
            0x58, 0x55, 0x52, 0x4F, 0x4C, 0x48, 0x44, 0x40, 0x3C, 0x37, 0x32, 0x2D, 0x27, 0x20, 0x18, 0x10, 0x08, 0x4D, 0x00, 0xAE, 0x03, 0x13, 0x24, 0x36, 
            0x46, 0x54, 0x62, 0x6B, 0x74, 0x7A, 0x7E, 0x80, 0x81, 0x80, 0x7B, 0x75, 0x6F, 0x66, 0x5A, 0x4E, 0x3D, 0x2A, 0x2E, 0x39, 0x44, 0x4D, 0x53, 0x56, 
            0x59, 0x5A, 0x59, 0x57, 0x55, 0x53, 0x4E, 0x48, 0x43, 0x3D, 0x38, 0x32, 0x2D, 0x26, 0x1F, 0x18, 0x11, 0x0A, 0x03, 0x2B, 0x00, 0x95, 0x03, 0x09, 
            0x10, 0x17, 0x1E, 0x25, 0x2D, 0x34, 0x3C, 0x45, 0x4E, 0x56, 0x5F, 0x66, 0x6D, 0x74, 0x7B, 0x80, 0x85, 0x89, 0x8B, 0x8C, 0x01, 0x8D, 0x02, 0x8E, 
            0x03, 0x8D, 0x85, 0x8C, 0x8B, 0x8A, 0x89, 0x88, 0x87, 0x01, 0x86, 0x96, 0x85, 0x83, 0x82, 0x81, 0x7F, 0x7D, 0x7A, 0x78, 0x76, 0x74, 0x71, 0x6D, 
            0x69, 0x65, 0x5F, 0x59, 0x51, 0x48, 0x3E, 0x33, 0x27, 0x18, 0x0A, 0x17, 0x00, 0x92, 0x07, 0x12, 0x1E, 0x29, 0x34, 0x3E, 0x46, 0x4D, 0x54, 0x5A, 
            0x5F, 0x64, 0x68, 0x6C, 0x6F, 0x71, 0x73, 0x74, 0x75, 0x03, 0x76, 0x05, 0x75, 0x01, 0x74, 0x95, 0x73, 0x72, 0x70, 0x6E, 0x6C, 0x6A, 0x67, 0x63, 
            0x5F, 0x5A, 0x54, 0x4D, 0x46, 0x3E, 0x36, 0x2E, 0x30, 0x36, 0x3A, 0x3D, 0x40, 0x42, 0x01, 0x43, 0x90, 0x40, 0x3D, 0x39, 0x34, 0x2F, 0x29, 0x23, 
            0x1D, 0x17, 0x12, 0x0F, 0x0C, 0x0A, 0x08, 0x06, 0x04, 0x02, 0x1C, 0x00, 0x81, 0x0B, 0x1D, 0x8B, 0x37, 0x49, 0x58, 0x64, 0x6D, 0x74, 0x7B, 0x81, 
            0x87, 0x8C, 0x8E, 0x8F, 0x02, 0x90, 0x01, 0x91, 0x01, 0x90, 0x95, 0x8F, 0x8D, 0x8B, 0x88, 0x84, 0x7E, 0x78, 0x71, 0x68, 0x5F, 0x56, 0x4C, 0x42, 
            0x39, 0x30, 0x29, 0x22, 0x1B, 0x14, 0x0E, 0x08, 0x02, 0x54, 0x00, 0x87, 0x0A, 0x1D, 0x2F, 0x3E, 0x4B, 0x55, 0x5E, 0x63, 0x02, 0x66, 0x91, 0x65, 
            0x63, 0x60, 0x5D, 0x59, 0x56, 0x52, 0x4D, 0x49, 0x45, 0x40, 0x3B, 0x35, 0x2F, 0x27, 0x1D, 0x14, 0x09, 0x4C, 0x00, 0xAD, 0x02, 0x12, 0x23, 0x33, 
            0x43, 0x51, 0x5E, 0x66, 0x6F, 0x74, 0x77, 0x79, 0x7A, 0x78, 0x73, 0x6D, 0x67, 0x5E, 0x53, 0x47, 0x37, 0x24, 0x21, 0x2C, 0x36, 0x40, 0x48, 0x4B, 
            0x4E, 0x51, 0x52, 0x50, 0x4E, 0x4C, 0x48, 0x43, 0x3E, 0x38, 0x32, 0x2D, 0x27, 0x21, 0x1A, 0x13, 0x0D, 0x06, 0x2A, 0x00, 0x97, 0x01, 0x07, 0x0E, 
            0x15, 0x1C, 0x23, 0x29, 0x30, 0x36, 0x3D, 0x44, 0x4B, 0x52, 0x59, 0x60, 0x67, 0x6F, 0x75, 0x7C, 0x81, 0x85, 0x88, 0x8A, 0x8C, 0x01, 0x8D, 0x06, 
            0x8E, 0x01, 0x8D, 0x9D, 0x8C, 0x8B, 0x8A, 0x89, 0x88, 0x87, 0x86, 0x85, 0x84, 0x82, 0x81, 0x7F, 0x7D, 0x7B, 0x79, 0x78, 0x76, 0x72, 0x6F, 0x6A, 
            0x66, 0x61, 0x5B, 0x53, 0x4A, 0x40, 0x34, 0x27, 0x18, 0x09, 0x15, 0x00, 0x91, 0x07, 0x13, 0x20, 0x2D, 0x3A, 0x45, 0x4F, 0x56, 0x5D, 0x64, 0x69, 
            0x6D, 0x71, 0x75, 0x77, 0x7A, 0x7C, 0x7D, 0x03, 0x7E, 0x07, 0x7D, 0x01, 0x7C, 0x94, 0x7B, 0x7A, 0x79, 0x77, 0x75, 0x73, 0x71, 0x6E, 0x6A, 0x66, 
            0x60, 0x59, 0x51, 0x49, 0x41, 0x39, 0x32, 0x2B, 0x2A, 0x2D, 0x30, 0x02, 0x31, 0x88, 0x2E, 0x2B, 0x26, 0x21, 0x1B, 0x14, 0x0D, 0x07, 0x02, 0x23, 
            0x00, 0x82, 0x02, 0x13, 0x25, 0x8A, 0x3D, 0x4E, 0x5C, 0x66, 0x6E, 0x75, 0x7B, 0x81, 0x87, 0x8B, 0x8D, 0x08, 0x8E, 0x92, 0x8D, 0x8A, 0x87, 0x83, 
            0x7D, 0x75, 0x6D, 0x63, 0x58, 0x4D, 0x41, 0x36, 0x2C, 0x23, 0x1B, 0x14, 0x0D, 0x07, 0x02, 0x46, 0x00, 0x84, 0x04, 0x09, 0x0D, 0x0F, 0x10, 0x01, 
            0x11, 0x82, 0x10, 0x0B, 0x06, 0x05, 0x00, 0x88, 0x08, 0x1B, 0x2E, 0x3E, 0x4B, 0x56, 0x60, 0x68, 0x6D, 0x01, 0x6F, 0x92, 0x6E, 0x6D, 0x6B, 0x69, 
            0x66, 0x63, 0x5F, 0x5B, 0x57, 0x52, 0x4D, 0x48, 0x42, 0x3C, 0x33, 0x29, 0x1E, 0x14, 0x08, 0x42, 0x00, 0x84, 0x01, 0x04, 0x06, 0x08, 0x09, 0x01, 
            0x0A, 0xAF, 0x09, 0x08, 0x06, 0x0F, 0x1F, 0x2F, 0x3E, 0x4C, 0x57, 0x60, 0x67, 0x6C, 0x6F, 0x71, 0x72, 0x6F, 0x69, 0x64, 0x60, 0x57, 0x4C, 0x3F, 
            0x2F, 0x1D, 0x14, 0x1D, 0x27, 0x33, 0x3A, 0x3E, 0x42, 0x46, 0x49, 0x48, 0x47, 0x44, 0x41, 0x3C, 0x37, 0x31, 0x2C, 0x27, 0x21, 0x1B, 0x15, 0x0E, 
            0x08, 0x01, 0x29, 0x00, 0x9A, 0x04, 0x0A, 0x11, 0x18, 0x1F, 0x25, 0x2C, 0x32, 0x37, 0x3D, 0x42, 0x48, 0x4E, 0x54, 0x5A, 0x61, 0x67, 0x6E, 0x75, 
            0x7C, 0x80, 0x84, 0x86, 0x88, 0x8A, 0x8B, 0x8C, 0x08, 0x8D, 0x01, 0x8C, 0x82, 0x8B, 0x8A, 0x89, 0x01, 0x88, 0x97, 0x87, 0x86, 0x84, 0x83, 0x82, 
            0x80, 0x7F, 0x7D, 0x7B, 0x79, 0x76, 0x73, 0x6F, 0x6A, 0x66, 0x61, 0x5B, 0x54, 0x4B, 0x41, 0x34, 0x26, 0x17, 0x07, 0x13, 0x00, 0x91, 0x05, 0x12, 
            0x1F, 0x2D, 0x3B, 0x48, 0x53, 0x5C, 0x63, 0x6B, 0x70, 0x74, 0x77, 0x7B, 0x7D, 0x7F, 0x81, 0x83, 0x01, 0x84, 0x03, 0x83, 0x08, 0x82, 0x95, 0x81, 
            0x80, 0x7F, 0x7E, 0x7C, 0x7A, 0x77, 0x74, 0x71, 0x6D, 0x68, 0x62, 0x5B, 0x54, 0x4B, 0x44, 0x3C, 0x36, 0x30, 0x2A, 0x25, 0x20, 0x01, 0x1D, 0x85, 
            0x1C, 0x18, 0x14, 0x0E, 0x08, 0x02, 0x26, 0x00, 0x82, 0x07, 0x19, 0x2B, 0x89, 0x40, 0x4E, 0x5B, 0x67, 0x6F, 0x75, 0x7C, 0x82, 0x87, 0x8A, 0x09, 
            0x8C, 0x90, 0x8B, 0x88, 0x85, 0x80, 0x79, 0x71, 0x68, 0x5C, 0x4F, 0x43, 0x37, 0x2B, 0x20, 0x17, 0x0E, 0x08, 0x02, 0x45, 0x00, 0x87, 0x04, 0x0A, 
            0x11, 0x18, 0x1F, 0x24, 0x25, 0x27, 0x01, 0x28, 0x85, 0x26, 0x22, 0x1C, 0x15, 0x0D, 0x03, 0x02, 0x00, 0x9E, 0x06, 0x18, 0x2B, 0x3C, 0x4A, 0x56, 
            0x61, 0x6B, 0x71, 0x75, 0x76, 0x77, 0x76, 0x74, 0x72, 0x70, 0x6D, 0x6B, 0x68, 0x63, 0x5E, 0x59, 0x54, 0x4E, 0x48, 0x40, 0x35, 0x2A, 0x1E, 0x10, 
            0x02, 0x3E, 0x00, 0x86, 0x02, 0x06, 0x0A, 0x0E, 0x11, 0x14, 0x15, 0x02, 0x17, 0xAE, 0x16, 0x14, 0x12, 0x0F, 0x1A, 0x28, 0x37, 0x44, 0x50, 0x58, 
            0x5F, 0x64, 0x67, 0x69, 0x68, 0x64, 0x60, 0x5C, 0x57, 0x4D, 0x42, 0x36, 0x27, 0x17, 0x07, 0x0F, 0x19, 0x23, 0x2C, 0x31, 0x35, 0x39, 0x3D, 0x3F, 
            0x3E, 0x3B, 0x38, 0x34, 0x30, 0x2A, 0x25, 0x20, 0x1B, 0x15, 0x0F, 0x09, 0x03, 0x29, 0x00, 0x9B, 0x05, 0x0B, 0x12, 0x18, 0x1F, 0x26, 0x2C, 0x32, 
            0x37, 0x3C, 0x41, 0x45, 0x4A, 0x4F, 0x54, 0x5A, 0x60, 0x66, 0x6D, 0x74, 0x7B, 0x7F, 0x82, 0x84, 0x86, 0x88, 0x89, 0x8A, 0x01, 0x8B, 0x06, 0x8C, 
            0x02, 0x8B, 0x01, 0x8A, 0x01, 0x89, 0x98, 0x88, 0x87, 0x86, 0x85, 0x84, 0x82, 0x81, 0x7F, 0x7D, 0x7B, 0x78, 0x75, 0x72, 0x6E, 0x6A, 0x65, 0x60, 
            0x5A, 0x53, 0x4A, 0x3F, 0x32, 0x24, 0x14, 0x04, 0x12, 0x00, 0x8F, 0x0C, 0x1B, 0x2A, 0x39, 0x49, 0x55, 0x5F, 0x67, 0x6D, 0x73, 0x77, 0x7C, 0x7F, 
            0x81, 0x83, 0x85, 0x04, 0x86, 0x08, 0x85, 0x02, 0x84, 0x01, 0x83, 0x9B, 0x82, 0x81, 0x80, 0x7F, 0x7D, 0x7A, 0x77, 0x72, 0x6D, 0x68, 0x62, 0x5C, 
            0x54, 0x4D, 0x46, 0x40, 0x3A, 0x34, 0x30, 0x2B, 0x25, 0x20, 0x1B, 0x16, 0x11, 0x0B, 0x06, 0x02, 0x26, 0x00, 0x82, 0x0C, 0x1E, 0x30, 0x89, 0x40, 
            0x4E, 0x5B, 0x65, 0x6D, 0x74, 0x7C, 0x82, 0x86, 0x89, 0x09, 0x8A, 0x8E, 0x88, 0x85, 0x81, 0x7C, 0x75, 0x6C, 0x61, 0x54, 0x47, 0x3B, 0x2E, 0x21, 
            0x15, 0x0B, 0x04, 0x44, 0x00, 0x93, 0x02, 0x08, 0x0E, 0x16, 0x1E, 0x26, 0x2C, 0x32, 0x38, 0x3B, 0x3E, 0x3F, 0x3E, 0x3B, 0x37, 0x32, 0x2B, 0x22, 
            0x18, 0x0C, 0x01, 0x00, 0x8B, 0x04, 0x16, 0x28, 0x39, 0x49, 0x57, 0x62, 0x6C, 0x75, 0x78, 0x7A, 0x7C, 0x01, 0x7D, 0x90, 0x7B, 0x79, 0x76, 0x73, 
            0x70, 0x6C, 0x67, 0x63, 0x5E, 0x59, 0x54, 0x4C, 0x42, 0x35, 0x28, 0x18, 0x08, 0x3C, 0x00, 0x88, 0x04, 0x09, 0x0E, 0x13, 0x17, 0x1B, 0x1E, 0x20, 
            0x22, 0x02, 0x24, 0xA0, 0x23, 0x21, 0x1E, 0x1A, 0x16, 0x21, 0x2F, 0x3C, 0x47, 0x50, 0x58, 0x5D, 0x5F, 0x60, 0x5E, 0x5A, 0x57, 0x54, 0x4C, 0x43, 
            0x38, 0x2C, 0x1F, 0x10, 0x02, 0x03, 0x0C, 0x15, 0x1E, 0x24, 0x29, 0x2D, 0x31, 0x01, 0x34, 0x8A, 0x31, 0x2E, 0x2B, 0x27, 0x22, 0x1E, 0x19, 0x14, 
            0x0F, 0x09, 0x04, 0x29, 0x00, 0x9C, 0x05, 0x0A, 0x10, 0x17, 0x1D, 0x23, 0x2A, 0x30, 0x35, 0x3A, 0x3F, 0x43, 0x47, 0x4B, 0x4F, 0x54, 0x59, 0x5E, 
            0x64, 0x6B, 0x72, 0x78, 0x7C, 0x7F, 0x82, 0x84, 0x85, 0x87, 0x88, 0x01, 0x89, 0x09, 0x8A, 0x03, 0x89, 0x80, 0x88, 0x01, 0x87, 0x95, 0x86, 0x85, 
            0x83, 0x81, 0x7F, 0x7E, 0x7C, 0x7A, 0x77, 0x74, 0x70, 0x6C, 0x68, 0x63, 0x5E, 0x58, 0x50, 0x47, 0x3B, 0x2D, 0x1E, 0x0D, 0x11, 0x00, 0x8E, 0x06, 
            0x15, 0x25, 0x35, 0x45, 0x54, 0x5F, 0x68, 0x6E, 0x74, 0x79, 0x7E, 0x82, 0x85, 0x86, 0x08, 0x87, 0x07, 0x86, 0x02, 0x85, 0x01, 0x84, 0x9C, 0x83, 
            0x82, 0x81, 0x7F, 0x7E, 0x7B, 0x78, 0x73, 0x6E, 0x67, 0x61, 0x5B, 0x55, 0x4F, 0x49, 0x44, 0x3F, 0x3A, 0x36, 0x31, 0x2C, 0x27, 0x22, 0x1C, 0x16, 
            0x11, 0x0B, 0x06, 0x01, 0x23, 0x00, 0x83, 0x02, 0x10, 0x20, 0x30, 0x89, 0x41, 0x4F, 0x5B, 0x64, 0x6B, 0x73, 0x7C, 0x81, 0x85, 0x87, 0x08, 0x88, 
            0x8E, 0x87, 0x84, 0x81, 0x7C, 0x76, 0x6F, 0x65, 0x59, 0x4C, 0x3F, 0x32, 0x24, 0x17, 0x0B, 0x02, 0x42, 0x00, 0xA5, 0x01, 0x06, 0x0B, 0x12, 0x18, 
            0x1F, 0x28, 0x31, 0x39, 0x40, 0x46, 0x4B, 0x4E, 0x51, 0x52, 0x51, 0x4E, 0x49, 0x45, 0x3D, 0x35, 0x2B, 0x1F, 0x12, 0x04, 0x02, 0x15, 0x27, 0x37, 
            0x48, 0x58, 0x65, 0x6E, 0x76, 0x7B, 0x7D, 0x7F, 0x80, 0x01, 0x81, 0x8F, 0x7E, 0x7C, 0x78, 0x75, 0x72, 0x6F, 0x6B, 0x68, 0x63, 0x5F, 0x59, 0x4F, 
            0x42, 0x34, 0x22, 0x0F, 0x3A, 0x00, 0x8A, 0x03, 0x09, 0x10, 0x15, 0x1A, 0x1E, 0x22, 0x26, 0x29, 0x2C, 0x2D, 0x02, 0x2F, 0x97, 0x2E, 0x2C, 0x29, 
            0x25, 0x20, 0x1B, 0x26, 0x34, 0x3E, 0x46, 0x4E, 0x54, 0x56, 0x55, 0x53, 0x50, 0x4D, 0x49, 0x41, 0x39, 0x2F, 0x23, 0x16, 0x08, 0x01, 0x00, 0x92, 
            0x01, 0x08, 0x10, 0x17, 0x1D, 0x22, 0x25, 0x27, 0x28, 0x26, 0x23, 0x20, 0x1D, 0x19, 0x15, 0x10, 0x0B, 0x06, 0x02, 0x29, 0x00, 0x9C, 0x02, 0x07, 
            0x0D, 0x13, 0x18, 0x1E, 0x24, 0x2B, 0x31, 0x36, 0x3B, 0x40, 0x44, 0x47, 0x4B, 0x4F, 0x53, 0x58, 0x5D, 0x63, 0x69, 0x6F, 0x74, 0x79, 0x7C, 0x7F, 
            0x81, 0x83, 0x85, 0x01, 0x86, 0x01, 0x87, 0x0C, 0x88, 0x02, 0x87, 0x96, 0x86, 0x85, 0x83, 0x82, 0x80, 0x7E, 0x7C, 0x7A, 0x77, 0x75, 0x71, 0x6E, 
            0x6A, 0x66, 0x61, 0x5C, 0x55, 0x4C, 0x41, 0x33, 0x24, 0x14, 0x04, 0x0F, 0x00, 0x8E, 0x01, 0x0D, 0x1C, 0x2D, 0x3D, 0x4D, 0x5B, 0x66, 0x6D, 0x73, 
            0x79, 0x7E, 0x82, 0x85, 0x86, 0x0D, 0x87, 0x04, 0x86, 0x02, 0x85, 0x80, 0x84, 0x01, 0x83, 0x9B, 0x82, 0x81, 0x7F, 0x7D, 0x7A, 0x77, 0x73, 0x6E, 
            0x68, 0x62, 0x5C, 0x58, 0x53, 0x4F, 0x4A, 0x46, 0x42, 0x3D, 0x38, 0x33, 0x2D, 0x26, 0x20, 0x1A, 0x14, 0x0E, 0x09, 0x04, 0x22, 0x00, 0x83, 0x05, 
            0x14, 0x22, 0x31, 0x89, 0x41, 0x4F, 0x5A, 0x63, 0x6B, 0x73, 0x7A, 0x80, 0x83, 0x85, 0x07, 0x86, 0x8E, 0x84, 0x82, 0x7F, 0x7B, 0x75, 0x6E, 0x66, 
            0x5C, 0x50, 0x43, 0x37, 0x28, 0x1B, 0x0E, 0x03, 0x41, 0x00, 0x8E, 0x02, 0x07, 0x0C, 0x12, 0x19, 0x21, 0x28, 0x30, 0x38, 0x41, 0x49, 0x50, 0x56, 
            0x5B, 0x5E, 0x02, 0x61, 0x93, 0x5E, 0x5A, 0x54, 0x4D, 0x45, 0x3C, 0x31, 0x24, 0x16, 0x06, 0x14, 0x28, 0x38, 0x48, 0x59, 0x66, 0x70, 0x77, 0x7D, 
            0x80, 0x01, 0x83, 0x92, 0x84, 0x83, 0x82, 0x7F, 0x7D, 0x7A, 0x77, 0x74, 0x72, 0x70, 0x6D, 0x68, 0x60, 0x57, 0x4B, 0x3C, 0x2B, 0x17, 0x04, 0x38, 
            0x00, 0x8C, 0x06, 0x0E, 0x15, 0x1B, 0x20, 0x24, 0x28, 0x2C, 0x2F, 0x33, 0x35, 0x37, 0x38, 0x02, 0x39, 0x96, 0x37, 0x33, 0x2F, 0x2A, 0x26, 0x21, 
            0x2A, 0x33, 0x3C, 0x43, 0x49, 0x4C, 0x4A, 0x48, 0x45, 0x42, 0x3D, 0x36, 0x2E, 0x25, 0x19, 0x0C, 0x01, 0x03, 0x00, 0x84, 0x04, 0x0A, 0x10, 0x15, 
            0x18, 0x01, 0x1A, 0x87, 0x19, 0x17, 0x15, 0x11, 0x0D, 0x0A, 0x06, 0x02, 0x2B, 0x00, 0x9C, 0x02, 0x08, 0x0D, 0x12, 0x18, 0x1E, 0x24, 0x2A, 0x30, 
            0x36, 0x3B, 0x3F, 0x43, 0x47, 0x4B, 0x4F, 0x53, 0x57, 0x5C, 0x61, 0x66, 0x6C, 0x71, 0x75, 0x79, 0x7C, 0x7F, 0x81, 0x82, 0x01, 0x84, 0x01, 0x85, 
            0x0E, 0x86, 0x01, 0x85, 0x95, 0x84, 0x83, 0x81, 0x7F, 0x7E, 0x7C, 0x7A, 0x78, 0x75, 0x72, 0x6F, 0x6B, 0x67, 0x63, 0x5E, 0x57, 0x4F, 0x44, 0x37, 
            0x27, 0x17, 0x07, 0x0F, 0x00, 0x8D, 0x06, 0x14, 0x22, 0x32, 0x44, 0x53, 0x5F, 0x69, 0x71, 0x79, 0x7F, 0x82, 0x84, 0x85, 0x0F, 0x86, 0x04, 0x85, 
            0x02, 0x84, 0x80, 0x83, 0x01, 0x82, 0x9C, 0x81, 0x7F, 0x7E, 0x7C, 0x79, 0x75, 0x71, 0x6D, 0x68, 0x64, 0x5F, 0x5B, 0x58, 0x54, 0x51, 0x4D, 0x48, 
            0x43, 0x3D, 0x37, 0x30, 0x2A, 0x23, 0x1D, 0x17, 0x11, 0x0B, 0x07, 0x03, 0x20, 0x00, 0x83, 0x08, 0x15, 0x23, 0x32, 0x8A, 0x42, 0x4F, 0x5A, 0x64, 
            0x6C, 0x73, 0x79, 0x7D, 0x80, 0x82, 0x83, 0x03, 0x84, 0x01, 0x83, 0x8E, 0x81, 0x7F, 0x7C, 0x78, 0x73, 0x6C, 0x66, 0x5D, 0x52, 0x46, 0x39, 0x2C, 
            0x1F, 0x11, 0x05, 0x41, 0x00, 0xA6, 0x04, 0x0A, 0x11, 0x18, 0x1F, 0x26, 0x2E, 0x36, 0x3E, 0x47, 0x4F, 0x56, 0x5D, 0x62, 0x66, 0x6A, 0x6C, 0x6D, 
            0x6C, 0x69, 0x64, 0x60, 0x5A, 0x52, 0x49, 0x3F, 0x32, 0x24, 0x13, 0x14, 0x28, 0x3A, 0x4A, 0x59, 0x66, 0x70, 0x78, 0x7D, 0x81, 0x04, 0x83, 0x8F, 
            0x81, 0x80, 0x7E, 0x7B, 0x78, 0x76, 0x73, 0x70, 0x6C, 0x66, 0x5E, 0x52, 0x43, 0x31, 0x1D, 0x0A, 0x36, 0x00, 0x8D, 0x02, 0x09, 0x11, 0x18, 0x1F, 
            0x25, 0x2A, 0x2D, 0x31, 0x35, 0x39, 0x3C, 0x3F, 0x41, 0x01, 0x42, 0x97, 0x43, 0x42, 0x41, 0x3D, 0x39, 0x35, 0x30, 0x2C, 0x24, 0x28, 0x31, 0x39, 
            0x3E, 0x40, 0x3F, 0x3E, 0x3B, 0x37, 0x31, 0x2A, 0x23, 0x19, 0x0E, 0x03, 0x06, 0x00, 0x82, 0x04, 0x08, 0x0B, 0x01, 0x0C, 0x84, 0x0B, 0x0A, 0x08, 
            0x05, 0x02, 0x2E, 0x00, 0x9E, 0x02, 0x06, 0x0C, 0x11, 0x16, 0x1C, 0x22, 0x28, 0x2F, 0x34, 0x3A, 0x3E, 0x42, 0x46, 0x4A, 0x4D, 0x51, 0x55, 0x59, 
            0x5E, 0x63, 0x68, 0x6D, 0x72, 0x76, 0x79, 0x7C, 0x7E, 0x80, 0x81, 0x82, 0x02, 0x83, 0x0E, 0x84, 0x01, 0x83, 0x94, 0x82, 0x80, 0x7E, 0x7D, 0x7B, 
            0x79, 0x77, 0x75, 0x72, 0x6E, 0x6B, 0x67, 0x63, 0x5D, 0x57, 0x4E, 0x44, 0x36, 0x27, 0x18, 0x08, 0x0F, 0x00, 0x8A, 0x0B, 0x17, 0x26, 0x37, 0x49, 
            0x57, 0x61, 0x6A, 0x74, 0x7C, 0x80, 0x01, 0x83, 0x13, 0x84, 0x04, 0x83, 0x01, 0x82, 0x9F, 0x81, 0x80, 0x7F, 0x7E, 0x7C, 0x7A, 0x78, 0x74, 0x70, 
            0x6C, 0x68, 0x65, 0x61, 0x5E, 0x5B, 0x58, 0x54, 0x50, 0x4B, 0x46, 0x40, 0x39, 0x33, 0x2C, 0x26, 0x1F, 0x18, 0x13, 0x0D, 0x09, 0x04, 0x01, 0x1E, 
            0x00, 0x83, 0x0B, 0x17, 0x25, 0x33, 0x89, 0x42, 0x4E, 0x59, 0x63, 0x6B, 0x71, 0x77, 0x7A, 0x7D, 0x7F, 0x01, 0x80, 0x01, 0x81, 0x90, 0x80, 0x7F, 
            0x7D, 0x7B, 0x79, 0x75, 0x6F, 0x69, 0x63, 0x5A, 0x51, 0x47, 0x39, 0x2D, 0x21, 0x13, 0x06, 0x41, 0x00, 0xA7, 0x05, 0x0B, 0x12, 0x19, 0x20, 0x28, 
            0x30, 0x39, 0x41, 0x49, 0x52, 0x5A, 0x61, 0x67, 0x6B, 0x6F, 0x72, 0x74, 0x75, 0x73, 0x71, 0x6D, 0x68, 0x63, 0x5C, 0x54, 0x49, 0x3D, 0x2F, 0x1F, 
            0x13, 0x28, 0x3A, 0x4A, 0x58, 0x65, 0x6F, 0x77, 0x7D, 0x80, 0x05, 0x81, 0x8F, 0x80, 0x7F, 0x7D, 0x7B, 0x78, 0x75, 0x72, 0x6E, 0x69, 0x62, 0x57, 
            0x47, 0x34, 0x22, 0x10, 0x01, 0x34, 0x00, 0x8E, 0x05, 0x0D, 0x15, 0x1C, 0x22, 0x28, 0x2D, 0x31, 0x35, 0x39, 0x3D, 0x41, 0x45, 0x48, 0x4A, 0x01, 
            0x4B, 0x01, 0x4A, 0x8A, 0x49, 0x47, 0x44, 0x40, 0x3B, 0x36, 0x2E, 0x24, 0x27, 0x2E, 0x32, 0x01, 0x34, 0x87, 0x33, 0x2F, 0x2B, 0x25, 0x1F, 0x17, 
            0x0E, 0x04, 0x41, 0x00, 0x9C, 0x05, 0x0A, 0x0F, 0x14, 0x1A, 0x20, 0x26, 0x2C, 0x32, 0x37, 0x3C, 0x40, 0x44, 0x47, 0x4A, 0x4E, 0x52, 0x57, 0x5C, 
            0x60, 0x65, 0x6A, 0x6F, 0x73, 0x76, 0x79, 0x7C, 0x7D, 0x7F, 0x01, 0x80, 0x12, 0x81, 0x94, 0x80, 0x7F, 0x7D, 0x7C, 0x7A, 0x78, 0x76, 0x73, 0x70, 
            0x6D, 0x6A, 0x66, 0x61, 0x5B, 0x55, 0x4D, 0x42, 0x35, 0x26, 0x17, 0x08, 0x0E, 0x00, 0x8B, 0x04, 0x0E, 0x1B, 0x29, 0x3A, 0x4A, 0x58, 0x63, 0x6C, 
            0x76, 0x7C, 0x80, 0x1C, 0x81, 0x01, 0x80, 0x9E, 0x7F, 0x7E, 0x7D, 0x7B, 0x79, 0x76, 0x73, 0x70, 0x6D, 0x69, 0x66, 0x63, 0x60, 0x5D, 0x5A, 0x56, 
            0x52, 0x4E, 0x49, 0x43, 0x3C, 0x33, 0x2C, 0x25, 0x1E, 0x18, 0x13, 0x0E, 0x09, 0x05, 0x01, 0x1C, 0x00, 0x84, 0x02, 0x0D, 0x1A, 0x27, 0x34, 0x8A, 
            0x42, 0x4D, 0x59, 0x62, 0x69, 0x6E, 0x73, 0x76, 0x78, 0x7A, 0x7B, 0x02, 0x7C, 0x8F, 0x7B, 0x79, 0x77, 0x74, 0x71, 0x6C, 0x66, 0x60, 0x57, 0x4E, 
            0x45, 0x3A, 0x2D, 0x21, 0x14, 0x06, 0x41, 0x00, 0x91, 0x03, 0x0A, 0x11, 0x19, 0x21, 0x29, 0x30, 0x39, 0x41, 0x49, 0x52, 0x5A, 0x61, 0x68, 0x6E, 
            0x72, 0x75, 0x78, 0x01, 0x79, 0x93, 0x78, 0x75, 0x72, 0x6D, 0x69, 0x62, 0x5A, 0x4F, 0x43, 0x36, 0x27, 0x15, 0x25, 0x38, 0x48, 0x57, 0x64, 0x6E, 
            0x75, 0x7B, 0x07, 0x7F, 0x8E, 0x7E, 0x7D, 0x7B, 0x79, 0x76, 0x73, 0x6F, 0x6A, 0x63, 0x58, 0x49, 0x38, 0x26, 0x15, 0x04, 0x32, 0x00, 0x90, 0x03, 
            0x0A, 0x12, 0x19, 0x20, 0x26, 0x2B, 0x30, 0x35, 0x39, 0x3D, 0x41, 0x45, 0x49, 0x4D, 0x4F, 0x51, 0x02, 0x52, 0x94, 0x51, 0x50, 0x4F, 0x4E, 0x4A, 
            0x44, 0x3E, 0x37, 0x2D, 0x24, 0x22, 0x26, 0x27, 0x28, 0x26, 0x23, 0x1F, 0x19, 0x13, 0x0C, 0x03, 0x42, 0x00, 0x9D, 0x03, 0x08, 0x0D, 0x12, 0x18, 
            0x1E, 0x23, 0x29, 0x2F, 0x34, 0x39, 0x3D, 0x40, 0x44, 0x47, 0x4B, 0x4F, 0x53, 0x58, 0x5D, 0x62, 0x67, 0x6C, 0x70, 0x73, 0x76, 0x79, 0x7B, 0x7C, 
            0x7D, 0x01, 0x7E, 0x11, 0x7F, 0x94, 0x7E, 0x7D, 0x7C, 0x7A, 0x78, 0x76, 0x73, 0x70, 0x6E, 0x6B, 0x67, 0x63, 0x5E, 0x59, 0x53, 0x4A, 0x40, 0x33, 
            0x24, 0x15, 0x07, 0x0E, 0x00, 0x8B, 0x07, 0x11, 0x1E, 0x2C, 0x3C, 0x4A, 0x57, 0x63, 0x6C, 0x74, 0x7A, 0x7D, 0x1E, 0x7F, 0x01, 0x7E, 0x9D, 0x7C, 
            0x7B, 0x7A, 0x78, 0x75, 0x73, 0x70, 0x6D, 0x6B, 0x69, 0x66, 0x64, 0x61, 0x5D, 0x59, 0x54, 0x4E, 0x48, 0x41, 0x39, 0x31, 0x2A, 0x24, 0x1E, 0x18, 
            0x13, 0x0E, 0x09, 0x05, 0x01, 0x1B, 0x00, 0x84, 0x05, 0x10, 0x1C, 0x29, 0x36, 0x8A, 0x43, 0x4E, 0x58, 0x60, 0x66, 0x6B, 0x6F, 0x71, 0x72, 0x74, 
            0x75, 0x01, 0x76, 0x8F, 0x75, 0x73, 0x72, 0x6F, 0x6C, 0x67, 0x62, 0x5C, 0x54, 0x4B, 0x42, 0x37, 0x2B, 0x20, 0x13, 0x06, 0x42, 0x00, 0x90, 0x06, 
            0x0E, 0x15, 0x1D, 0x25, 0x2E, 0x37, 0x3F, 0x49, 0x51, 0x59, 0x60, 0x67, 0x6D, 0x72, 0x77, 0x7A, 0x02, 0x7B, 0x94, 0x7A, 0x78, 0x74, 0x70, 0x6B, 
            0x65, 0x5D, 0x53, 0x48, 0x3C, 0x2C, 0x19, 0x25, 0x37, 0x46, 0x55, 0x61, 0x6C, 0x73, 0x79, 0x7C, 0x06, 0x7D, 0x8E, 0x7C, 0x7B, 0x7A, 0x78, 0x75, 
            0x73, 0x6F, 0x69, 0x61, 0x56, 0x49, 0x39, 0x27, 0x15, 0x05, 0x30, 0x00, 0x92, 0x02, 0x08, 0x0F, 0x16, 0x1D, 0x23, 0x29, 0x2F, 0x34, 0x38, 0x3C, 
            0x41, 0x44, 0x48, 0x4C, 0x50, 0x53, 0x56, 0x58, 0x01, 0x5A, 0x80, 0x59, 0x02, 0x58, 0x88, 0x56, 0x52, 0x4D, 0x46, 0x3E, 0x35, 0x2B, 0x1E, 0x19, 
            0x01, 0x1B, 0x84, 0x19, 0x16, 0x12, 0x0D, 0x07, 0x45, 0x00, 0x9C, 0x05, 0x0A, 0x0F, 0x15, 0x1B, 0x20, 0x26, 0x2B, 0x30, 0x35, 0x39, 0x3C, 0x40, 
            0x43, 0x47, 0x4B, 0x4F, 0x54, 0x59, 0x5E, 0x64, 0x69, 0x6D, 0x70, 0x74, 0x76, 0x78, 0x7A, 0x7B, 0x02, 0x7C, 0x10, 0x7D, 0x94, 0x7C, 0x7B, 0x7A, 
            0x78, 0x75, 0x72, 0x70, 0x6D, 0x6A, 0x67, 0x64, 0x5F, 0x5A, 0x55, 0x4E, 0x45, 0x3A, 0x2E, 0x20, 0x12, 0x03, 0x0D, 0x00, 0x8D, 0x01, 0x0A, 0x14, 
            0x20, 0x2E, 0x3B, 0x49, 0x56, 0x60, 0x69, 0x71, 0x76, 0x79, 0x7C, 0x1C, 0x7D, 0x02, 0x7C, 0x01, 0x7B, 0x9C, 0x7A, 0x78, 0x76, 0x74, 0x72, 0x70, 
            0x6E, 0x6C, 0x69, 0x67, 0x64, 0x61, 0x5D, 0x58, 0x53, 0x4C, 0x45, 0x3E, 0x36, 0x30, 0x2A, 0x24, 0x1E, 0x18, 0x13, 0x0E, 0x0A, 0x05, 0x01, 0x1A, 
            0x00, 0x84, 0x09, 0x14, 0x20, 0x2C, 0x38, 0x9B, 0x45, 0x4E, 0x56, 0x5E, 0x63, 0x67, 0x6A, 0x6B, 0x6D, 0x6E, 0x6F, 0x70, 0x6F, 0x6E, 0x6C, 0x6A, 
            0x67, 0x62, 0x5D, 0x57, 0x4F, 0x47, 0x3E, 0x33, 0x29, 0x1E, 0x13, 0x07, 0x42, 0x00, 0x91, 0x01, 0x08, 0x10, 0x18, 0x21, 0x29, 0x32, 0x3B, 0x45, 
            0x4E, 0x56, 0x5E, 0x66, 0x6C, 0x72, 0x76, 0x79, 0x7A, 0x02, 0x7B, 0x95, 0x7A, 0x78, 0x74, 0x71, 0x6C, 0x65, 0x5D, 0x54, 0x49, 0x3C, 0x2C, 0x1A, 
            0x25, 0x36, 0x45, 0x53, 0x5F, 0x6A, 0x71, 0x76, 0x79, 0x7A, 0x04, 0x7B, 0x8F, 0x7A, 0x79, 0x78, 0x76, 0x74, 0x72, 0x6F, 0x6B, 0x65, 0x5D, 0x52, 
            0x46, 0x36, 0x25, 0x14, 0x04, 0x2E, 0x00, 0x96, 0x01, 0x06, 0x0C, 0x12, 0x19, 0x1F, 0x26, 0x2C, 0x32, 0x37, 0x3B, 0x3F, 0x43, 0x47, 0x4B, 0x4E, 
            0x52, 0x56, 0x5A, 0x5C, 0x5E, 0x60, 0x61, 0x01, 0x60, 0x90, 0x5F, 0x5E, 0x5C, 0x59, 0x53, 0x4D, 0x45, 0x3C, 0x30, 0x23, 0x16, 0x0F, 0x0E, 0x0C, 
            0x0A, 0x05, 0x01, 0x11, 0x00, 0x81, 0x02, 0x03, 0x01, 0x04, 0x81, 0x03, 0x02, 0x2E, 0x00, 0x9D, 0x01, 0x05, 0x0B, 0x10, 0x16, 0x1C, 0x22, 0x27, 
            0x2C, 0x30, 0x34, 0x38, 0x3C, 0x3F, 0x43, 0x47, 0x4B, 0x50, 0x55, 0x5B, 0x60, 0x66, 0x6A, 0x6E, 0x71, 0x73, 0x75, 0x77, 0x78, 0x79, 0x02, 0x7A, 
            0x0E, 0x7B, 0x94, 0x7A, 0x79, 0x78, 0x76, 0x74, 0x71, 0x6E, 0x6C, 0x69, 0x66, 0x63, 0x5F, 0x5A, 0x54, 0x4D, 0x46, 0x3D, 0x32, 0x27, 0x1A, 0x0B, 
            0x0E, 0x00, 0x90, 0x04, 0x0D, 0x17, 0x22, 0x2E, 0x3A, 0x46, 0x51, 0x5B, 0x63, 0x6A, 0x6F, 0x72, 0x76, 0x78, 0x79, 0x7A, 0x10, 0x7B, 0x0B, 0x7A, 
            0x01, 0x79, 0x9D, 0x78, 0x77, 0x76, 0x75, 0x73, 0x71, 0x70, 0x6E, 0x6C, 0x69, 0x67, 0x64, 0x61, 0x5C, 0x57, 0x51, 0x4B, 0x43, 0x3C, 0x35, 0x2F, 
            0x29, 0x23, 0x1D, 0x18, 0x13, 0x0F, 0x0A, 0x05, 0x01, 0x18, 0x00, 0x85, 0x04, 0x0E, 0x19, 0x24, 0x30, 0x3A, 0x87, 0x46, 0x4F, 0x56, 0x5C, 0x60, 
            0x63, 0x65, 0x67, 0x01, 0x68, 0x80, 0x69, 0x01, 0x68, 0x8D, 0x67, 0x64, 0x61, 0x5D, 0x59, 0x53, 0x4C, 0x44, 0x3C, 0x32, 0x28, 0x1E, 0x13, 0x07, 
            0x43, 0x00, 0x8F, 0x03, 0x09, 0x11, 0x1A, 0x23, 0x2C, 0x35, 0x3F, 0x48, 0x52, 0x5B, 0x63, 0x6A, 0x70, 0x75, 0x78, 0x04, 0x79, 0x96, 0x78, 0x77, 
            0x73, 0x6F, 0x69, 0x62, 0x5A, 0x51, 0x46, 0x39, 0x28, 0x16, 0x26, 0x36, 0x46, 0x52, 0x5E, 0x67, 0x6E, 0x71, 0x74, 0x76, 0x77, 0x03, 0x78, 0x8F, 
            0x77, 0x75, 0x74, 0x71, 0x6E, 0x6B, 0x68, 0x64, 0x5E, 0x56, 0x4B, 0x3F, 0x30, 0x20, 0x10, 0x02, 0x2D, 0x00, 0x96, 0x04, 0x09, 0x0E, 0x14, 0x1A, 
            0x20, 0x27, 0x2D, 0x32, 0x38, 0x3D, 0x41, 0x45, 0x49, 0x4D, 0x51, 0x54, 0x58, 0x5B, 0x5E, 0x60, 0x63, 0x65, 0x02, 0x66, 0x8D, 0x65, 0x64, 0x61, 
            0x5D, 0x58, 0x52, 0x4A, 0x40, 0x34, 0x26, 0x18, 0x0A, 0x02, 0x01, 0x12, 0x00, 0x82, 0x05, 0x0A, 0x0D, 0x02, 0x0F, 0x89, 0x0E, 0x0C, 0x0B, 0x0A, 
            0x09, 0x08, 0x07, 0x06, 0x05, 0x03, 0x28, 0x00, 0x9C, 0x05, 0x0B, 0x11, 0x17, 0x1D, 0x22, 0x27, 0x2C, 0x30, 0x34, 0x38, 0x3B, 0x3F, 0x43, 0x48, 
            0x4D, 0x52, 0x58, 0x5D, 0x63, 0x67, 0x6B, 0x6E, 0x71, 0x73, 0x74, 0x75, 0x76, 0x77, 0x02, 0x78, 0x0B, 0x79, 0x01, 0x78, 0x94, 0x77, 0x76, 0x74, 
            0x71, 0x6E, 0x6C, 0x69, 0x67, 0x64, 0x60, 0x5C, 0x57, 0x51, 0x4B, 0x44, 0x3C, 0x33, 0x29, 0x1D, 0x10, 0x02, 0x0E, 0x00, 0x92, 0x07, 0x10, 0x18, 
            0x22, 0x2C, 0x38, 0x42, 0x4D, 0x55, 0x5C, 0x62, 0x67, 0x6B, 0x6E, 0x71, 0x73, 0x75, 0x76, 0x77, 0x0C, 0x78, 0x04, 0x77, 0x01, 0x76, 0x08, 0x77, 
            0x80, 0x76, 0x01, 0x75, 0x9B, 0x74, 0x73, 0x72, 0x70, 0x6F, 0x6D, 0x6B, 0x69, 0x66, 0x63, 0x5F, 0x5A, 0x55, 0x4F, 0x49, 0x42, 0x3B, 0x35, 0x2E, 
            0x28, 0x23, 0x1E, 0x19, 0x15, 0x10, 0x0B, 0x06, 0x01, 0x17, 0x00, 0x85, 0x0A, 0x14, 0x1E, 0x29, 0x33, 0x3D, 0x86, 0x48, 0x4F, 0x55, 0x59, 0x5D, 
            0x60, 0x61, 0x01, 0x62, 0x02, 0x61, 0x8D, 0x60, 0x5E, 0x5B, 0x57, 0x53, 0x4F, 0x48, 0x41, 0x39, 0x31, 0x28, 0x1E, 0x14, 0x09, 0x44, 0x00, 0x8E, 
            0x03, 0x0A, 0x13, 0x1C, 0x24, 0x2D, 0x37, 0x41, 0x4B, 0x55, 0x5F, 0x66, 0x6C, 0x72, 0x75, 0x06, 0x76, 0x96, 0x74, 0x70, 0x6B, 0x65, 0x5D, 0x55, 
            0x4C, 0x40, 0x32, 0x21, 0x16, 0x27, 0x36, 0x44, 0x51, 0x5B, 0x63, 0x68, 0x6C, 0x6F, 0x71, 0x72, 0x73, 0x01, 0x74, 0x8F, 0x73, 0x72, 0x70, 0x6D, 
            0x6B, 0x68, 0x65, 0x62, 0x5D, 0x56, 0x4E, 0x44, 0x37, 0x29, 0x1A, 0x0B, 0x2D, 0x00, 0x97, 0x04, 0x08, 0x0D, 0x13, 0x18, 0x1F, 0x25, 0x2C, 0x32, 
            0x37, 0x3C, 0x41, 0x46, 0x4A, 0x4D, 0x51, 0x55, 0x58, 0x5C, 0x5F, 0x61, 0x64, 0x66, 0x68, 0x02, 0x6A, 0x8B, 0x69, 0x68, 0x65, 0x61, 0x5C, 0x55, 
            0x4D, 0x42, 0x35, 0x26, 0x17, 0x09, 0x12, 0x00, 0x8C, 0x03, 0x0A, 0x0F, 0x14, 0x17, 0x18, 0x19, 0x18, 0x17, 0x16, 0x15, 0x13, 0x12, 0x01, 0x11, 
            0x85, 0x10, 0x0F, 0x0D, 0x09, 0x05, 0x01, 0x26, 0x00, 0x99, 0x05, 0x0B, 0x12, 0x18, 0x1D, 0x23, 0x28, 0x2C, 0x31, 0x35, 0x39, 0x3D, 0x41, 0x46, 
            0x4B, 0x50, 0x55, 0x5B, 0x60, 0x65, 0x69, 0x6C, 0x6E, 0x70, 0x72, 0x73, 0x01, 0x74, 0x01, 0x75, 0x0D, 0x76, 0x94, 0x74, 0x72, 0x70, 0x6D, 0x6B, 
            0x68, 0x66, 0x63, 0x60, 0x5B, 0x57, 0x52, 0x4C, 0x46, 0x3F, 0x38, 0x31, 0x29, 0x1E, 0x12, 0x05, 0x0E, 0x00, 0x95, 0x03, 0x0A, 0x11, 0x19, 0x22, 
            0x2C, 0x35, 0x3E, 0x47, 0x4E, 0x54, 0x5A, 0x5E, 0x62, 0x65, 0x68, 0x6B, 0x6D, 0x70, 0x71, 0x72, 0x73, 0x08, 0x74, 0x02, 0x73, 0x07, 0x72, 0x01, 
            0x73, 0x04, 0x74, 0x01, 0x73, 0x01, 0x72, 0x9A, 0x71, 0x70, 0x6F, 0x6E, 0x6C, 0x6A, 0x68, 0x66, 0x63, 0x5F, 0x5B, 0x56, 0x51, 0x4B, 0x45, 0x3F, 
            0x38, 0x32, 0x2C, 0x27, 0x22, 0x1D, 0x19, 0x14, 0x0F, 0x09, 0x04, 0x16, 0x00, 0x86, 0x06, 0x10, 0x1A, 0x23, 0x2D, 0x36, 0x40, 0x85, 0x48, 0x4E, 
            0x52, 0x56, 0x5A, 0x5B, 0x01, 0x5C, 0x02, 0x5B, 0x8E, 0x5A, 0x58, 0x55, 0x52, 0x4E, 0x4A, 0x45, 0x3F, 0x38, 0x30, 0x27, 0x1F, 0x15, 0x0B, 0x01, 
            0x44, 0x00, 0x8D, 0x04, 0x0B, 0x13, 0x1C, 0x25, 0x2E, 0x37, 0x41, 0x4C, 0x56, 0x5F, 0x67, 0x6E, 0x72, 0x06, 0x74, 0x89, 0x73, 0x70, 0x6B, 0x65, 
            0x5E, 0x56, 0x4E, 0x42, 0x35, 0x26, 0x01, 0x16, 0x89, 0x26, 0x34, 0x42, 0x4C, 0x56, 0x5D, 0x63, 0x67, 0x69, 0x6B, 0x01, 0x6D, 0x01, 0x6E, 0x8F, 
            0x6D, 0x6B, 0x69, 0x66, 0x64, 0x61, 0x5D, 0x58, 0x53, 0x4C, 0x44, 0x3B, 0x2F, 0x21, 0x14, 0x07, 0x2C, 0x00, 0x9A, 0x02, 0x06, 0x0A, 0x0F, 0x15, 
            0x1B, 0x21, 0x28, 0x2E, 0x35, 0x3A, 0x3F, 0x44, 0x48, 0x4C, 0x50, 0x53, 0x57, 0x5A, 0x5E, 0x61, 0x63, 0x66, 0x68, 0x6A, 0x6C, 0x6D, 0x01, 0x6C, 
            0x8A, 0x6B, 0x68, 0x64, 0x5E, 0x57, 0x4E, 0x42, 0x34, 0x24, 0x15, 0x06, 0x11, 0x00, 0x8D, 0x05, 0x0D, 0x13, 0x18, 0x1C, 0x1F, 0x20, 0x21, 0x20, 
            0x1F, 0x1E, 0x1C, 0x1B, 0x1A, 0x02, 0x19, 0x86, 0x17, 0x15, 0x12, 0x0F, 0x0B, 0x06, 0x01, 0x25, 0x00, 0x99, 0x06, 0x0C, 0x13, 0x19, 0x1F, 0x24, 
            0x29, 0x2E, 0x33, 0x37, 0x3B, 0x40, 0x45, 0x4A, 0x4F, 0x54, 0x59, 0x5E, 0x63, 0x67, 0x6A, 0x6C, 0x6E, 0x6F, 0x70, 0x71, 0x01, 0x72, 0x02, 0x73, 
            0x09, 0x74, 0x95, 0x73, 0x71, 0x6F, 0x6D, 0x6A, 0x67, 0x64, 0x62, 0x5E, 0x5A, 0x56, 0x51, 0x4C, 0x46, 0x40, 0x3A, 0x34, 0x2D, 0x25, 0x1C, 0x11, 
            0x06, 0x0F, 0x00, 0x96, 0x04, 0x0B, 0x12, 0x1A, 0x21, 0x29, 0x31, 0x38, 0x40, 0x46, 0x4C, 0x50, 0x53, 0x57, 0x5A, 0x5C, 0x5F, 0x62, 0x65, 0x68, 
            0x6A, 0x6C, 0x6D, 0x02, 0x6E, 0x80, 0x6F, 0x04, 0x6E, 0x01, 0x6D, 0x01, 0x6C, 0x02, 0x6B, 0x01, 0x6C, 0x80, 0x6D, 0x01, 0x6E, 0x01, 0x6F, 0x04, 
            0x70, 0x80, 0x6F, 0x01, 0x6E, 0x99, 0x6D, 0x6C, 0x6B, 0x6A, 0x69, 0x67, 0x64, 0x62, 0x5F, 0x5B, 0x56, 0x51, 0x4B, 0x46, 0x40, 0x3A, 0x35, 0x2F, 
            0x2A, 0x25, 0x21, 0x1C, 0x17, 0x11, 0x0C, 0x06, 0x15, 0x00, 0x87, 0x03, 0x0C, 0x15, 0x1F, 0x28, 0x32, 0x39, 0x41, 0x83, 0x47, 0x4C, 0x4F, 0x53, 
            0x01, 0x55, 0x01, 0x56, 0x80, 0x55, 0x01, 0x54, 0x8D, 0x53, 0x50, 0x4D, 0x4A, 0x47, 0x42, 0x3D, 0x37, 0x2F, 0x28, 0x20, 0x17, 0x0D, 0x04, 0x45, 
            0x00, 0x8D, 0x05, 0x0B, 0x13, 0x1B, 0x25, 0x2E, 0x38, 0x42, 0x4C, 0x55, 0x5E, 0x67, 0x6D, 0x71, 0x05, 0x72, 0x97, 0x71, 0x6E, 0x68, 0x63, 0x5D, 
            0x54, 0x4B, 0x41, 0x36, 0x28, 0x19, 0x09, 0x14, 0x24, 0x32, 0x3E, 0x48, 0x51, 0x56, 0x5B, 0x5E, 0x61, 0x64, 0x65, 0x02, 0x66, 0x8F, 0x65, 0x63, 
            0x61, 0x5F, 0x5C, 0x58, 0x54, 0x4F, 0x49, 0x43, 0x3B, 0x31, 0x27, 0x1A, 0x0E, 0x03, 0x2C, 0x00, 0x98, 0x02, 0x06, 0x0B, 0x10, 0x16, 0x1C, 0x22, 
            0x29, 0x2F, 0x36, 0x3B, 0x40, 0x45, 0x4A, 0x4E, 0x51, 0x54, 0x57, 0x5B, 0x5E, 0x61, 0x64, 0x67, 0x6A, 0x6B, 0x01, 0x6D, 0x8C, 0x6E, 0x6D, 0x6C, 
            0x69, 0x66, 0x5F, 0x57, 0x4D, 0x3F, 0x30, 0x21, 0x11, 0x02, 0x10, 0x00, 0x86, 0x06, 0x0E, 0x15, 0x1A, 0x1F, 0x23, 0x26, 0x01, 0x27, 0x84, 0x26, 
            0x25, 0x24, 0x23, 0x22, 0x01, 0x21, 0x01, 0x20, 0x88, 0x1F, 0x1E, 0x1C, 0x19, 0x15, 0x10, 0x0B, 0x06, 0x02, 0x23, 0x00, 0x97, 0x01, 0x08, 0x0F, 
            0x16, 0x1C, 0x22, 0x27, 0x2D, 0x31, 0x36, 0x3B, 0x3F, 0x44, 0x49, 0x4E, 0x53, 0x58, 0x5D, 0x61, 0x65, 0x68, 0x6A, 0x6B, 0x6D, 0x01, 0x6E, 0x01, 
            0x6F, 0x02, 0x70, 0x02, 0x71, 0x04, 0x72, 0x96, 0x71, 0x70, 0x6F, 0x6D, 0x6A, 0x66, 0x63, 0x60, 0x5D, 0x59, 0x55, 0x50, 0x4B, 0x45, 0x40, 0x3A, 
            0x34, 0x2E, 0x27, 0x20, 0x18, 0x0F, 0x05, 0x10, 0x00, 0x96, 0x04, 0x0B, 0x11, 0x18, 0x1E, 0x24, 0x2B, 0x31, 0x37, 0x3D, 0x42, 0x45, 0x48, 0x4B, 
            0x4D, 0x50, 0x53, 0x56, 0x5A, 0x5D, 0x60, 0x62, 0x64, 0x01, 0x66, 0x03, 0x67, 0x02, 0x66, 0x80, 0x65, 0x01, 0x64, 0x04, 0x63, 0x85, 0x64, 0x65, 
            0x67, 0x68, 0x69, 0x6A, 0x05, 0x6B, 0x01, 0x6A, 0x99, 0x69, 0x68, 0x67, 0x66, 0x65, 0x63, 0x61, 0x5F, 0x5C, 0x58, 0x54, 0x4F, 0x49, 0x44, 0x3F, 
            0x3A, 0x35, 0x30, 0x2B, 0x26, 0x22, 0x1D, 0x17, 0x11, 0x0B, 0x05, 0x15, 0x00, 0x87, 0x08, 0x11, 0x1A, 0x23, 0x2C, 0x33, 0x3A, 0x41, 0x82, 0x44, 
            0x48, 0x4C, 0x01, 0x4E, 0x02, 0x4F, 0x8F, 0x4E, 0x4D, 0x4C, 0x4A, 0x48, 0x45, 0x42, 0x3F, 0x3B, 0x36, 0x2F, 0x28, 0x21, 0x19, 0x10, 0x07, 0x07, 
            0x00, 0x80, 0x03, 0x02, 0x06, 0x81, 0x04, 0x02, 0x38, 0x00, 0x8C, 0x06, 0x0D, 0x15, 0x1C, 0x25, 0x2E, 0x37, 0x41, 0x4B, 0x55, 0x5E, 0x66, 0x6C, 
            0x05, 0x70, 0x98, 0x6F, 0x6C, 0x67, 0x61, 0x5A, 0x52, 0x49, 0x3E, 0x33, 0x28, 0x1A, 0x0B, 0x03, 0x11, 0x1F, 0x2C, 0x38, 0x41, 0x49, 0x4E, 0x52, 
            0x56, 0x59, 0x5B, 0x5D, 0x02, 0x5E, 0x8E, 0x5C, 0x5A, 0x58, 0x56, 0x53, 0x50, 0x4C, 0x46, 0x40, 0x39, 0x31, 0x28, 0x1E, 0x13, 0x08, 0x2D, 0x00, 
            0x99, 0x02, 0x06, 0x0B, 0x10, 0x16, 0x1C, 0x22, 0x29, 0x2F, 0x36, 0x3C, 0x41, 0x46, 0x4A, 0x4E, 0x51, 0x54, 0x57, 0x5A, 0x5E, 0x62, 0x65, 0x68, 
            0x6A, 0x6C, 0x6D, 0x01, 0x6E, 0x8A, 0x6D, 0x6C, 0x69, 0x66, 0x60, 0x57, 0x4A, 0x3C, 0x2C, 0x1C, 0x0C, 0x10, 0x00, 0x8B, 0x07, 0x0F, 0x16, 0x1C, 
            0x21, 0x25, 0x29, 0x2B, 0x2C, 0x2D, 0x2C, 0x2A, 0x01, 0x29, 0x03, 0x28, 0x01, 0x27, 0x89, 0x26, 0x25, 0x22, 0x1F, 0x1C, 0x17, 0x13, 0x0E, 0x09, 
            0x04, 0x22, 0x00, 0x97, 0x04, 0x0B, 0x13, 0x1A, 0x20, 0x26, 0x2C, 0x31, 0x36, 0x3B, 0x3F, 0x44, 0x49, 0x4E, 0x52, 0x57, 0x5C, 0x60, 0x63, 0x66, 
            0x67, 0x69, 0x6A, 0x6B, 0x01, 0x6C, 0x03, 0x6D, 0x03, 0x6E, 0x02, 0x6F, 0x96, 0x6E, 0x6D, 0x6C, 0x69, 0x67, 0x63, 0x60, 0x5C, 0x58, 0x53, 0x4F, 
            0x4A, 0x44, 0x3F, 0x39, 0x33, 0x2D, 0x27, 0x21, 0x1A, 0x13, 0x0B, 0x03, 0x11, 0x00, 0x97, 0x02, 0x08, 0x0E, 0x14, 0x19, 0x1F, 0x24, 0x29, 0x2D, 
            0x32, 0x34, 0x37, 0x3A, 0x3C, 0x3E, 0x41, 0x44, 0x48, 0x4B, 0x4F, 0x53, 0x56, 0x58, 0x5A, 0x04, 0x5B, 0x01, 0x5A, 0x01, 0x59, 0x04, 0x58, 0x89, 
            0x59, 0x5A, 0x5B, 0x5C, 0x5E, 0x60, 0x61, 0x63, 0x64, 0x65, 0x02, 0x66, 0x01, 0x65, 0x01, 0x64, 0x98, 0x63, 0x62, 0x61, 0x60, 0x5F, 0x5D, 0x5A, 
            0x57, 0x54, 0x50, 0x4B, 0x47, 0x42, 0x3E, 0x39, 0x35, 0x30, 0x2B, 0x26, 0x21, 0x1C, 0x16, 0x10, 0x0A, 0x04, 0x14, 0x00, 0x88, 0x03, 0x0C, 0x14, 
            0x1C, 0x24, 0x2B, 0x33, 0x39, 0x3F, 0x84, 0x3E, 0x42, 0x45, 0x46, 0x47, 0x01, 0x48, 0x90, 0x47, 0x46, 0x45, 0x43, 0x41, 0x3F, 0x3D, 0x3B, 0x37, 
            0x34, 0x30, 0x2A, 0x23, 0x1B, 0x13, 0x0B, 0x02, 0x05, 0x00, 0x83, 0x03, 0x08, 0x0C, 0x10, 0x01, 0x11, 0x86, 0x10, 0x0E, 0x0C, 0x09, 0x07, 0x05, 
            0x03, 0x01, 0x02, 0x02, 0x01, 0x2D, 0x00, 0x8E, 0x02, 0x08, 0x0F, 0x16, 0x1D, 0x25, 0x2E, 0x37, 0x40, 0x49, 0x53, 0x5D, 0x66, 0x6A, 0x6D, 0x03, 
            0x6E, 0x99, 0x6C, 0x69, 0x65, 0x60, 0x58, 0x4F, 0x46, 0x3B, 0x30, 0x25, 0x18, 0x0B, 0x00, 0x06, 0x12, 0x1E, 0x29, 0x32, 0x3A, 0x40, 0x45, 0x49, 
            0x4D, 0x50, 0x52, 0x54, 0x02, 0x55, 0x8E, 0x54, 0x52, 0x50, 0x4E, 0x4B, 0x47, 0x43, 0x3E, 0x37, 0x30, 0x28, 0x20, 0x16, 0x0C, 0x02, 0x2D, 0x00, 
            0x98, 0x03, 0x07, 0x0C, 0x11, 0x16, 0x1C, 0x22, 0x28, 0x2E, 0x35, 0x3B, 0x40, 0x45, 0x49, 0x4D, 0x50, 0x53, 0x57, 0x5B, 0x5F, 0x62, 0x66, 0x68, 
            0x6A, 0x6C, 0x03, 0x6D, 0x89, 0x6C, 0x6A, 0x66, 0x5F, 0x53, 0x46, 0x37, 0x27, 0x17, 0x06, 0x0E, 0x00, 0x89, 0x01, 0x08, 0x0F, 0x16, 0x1C, 0x21, 
            0x25, 0x29, 0x2C, 0x2E, 0x02, 0x30, 0x80, 0x2F, 0x04, 0x2D, 0x01, 0x2E, 0x8C, 0x2F, 0x2E, 0x2D, 0x2C, 0x29, 0x26, 0x23, 0x1F, 0x1B, 0x17, 0x12, 
            0x0C, 0x05, 0x20, 0x00, 0x95, 0x01, 0x09, 0x11, 0x18, 0x20, 0x26, 0x2C, 0x31, 0x36, 0x3B, 0x40, 0x44, 0x49, 0x4D, 0x52, 0x57, 0x5B, 0x5F, 0x61, 
            0x64, 0x65, 0x67, 0x01, 0x68, 0x03, 0x69, 0x03, 0x6A, 0x03, 0x6B, 0x96, 0x6A, 0x69, 0x68, 0x66, 0x63, 0x60, 0x5C, 0x57, 0x52, 0x4D, 0x48, 0x43, 
            0x3E, 0x38, 0x32, 0x2C, 0x26, 0x20, 0x1A, 0x14, 0x0E, 0x07, 0x01, 0x13, 0x00, 0x97, 0x04, 0x09, 0x0D, 0x12, 0x17, 0x1A, 0x1E, 0x22, 0x25, 0x27, 
            0x29, 0x2B, 0x2D, 0x2F, 0x32, 0x35, 0x38, 0x3C, 0x40, 0x43, 0x46, 0x49, 0x4C, 0x4D, 0x04, 0x4E, 0x01, 0x4D, 0x80, 0x4C, 0x01, 0x4B, 0x02, 0x4A, 
            0x89, 0x4B, 0x4C, 0x4E, 0x50, 0x53, 0x55, 0x57, 0x59, 0x5B, 0x5D, 0x01, 0x5E, 0x03, 0x5F, 0x98, 0x5E, 0x5D, 0x5C, 0x5B, 0x5A, 0x59, 0x57, 0x54, 
            0x51, 0x4F, 0x4B, 0x47, 0x43, 0x3E, 0x3A, 0x36, 0x31, 0x2D, 0x28, 0x23, 0x1E, 0x19, 0x13, 0x0D, 0x06, 0x15, 0x00, 0x88, 0x05, 0x0D, 0x14, 0x1C, 
            0x23, 0x29, 0x2F, 0x35, 0x3A, 0x84, 0x36, 0x39, 0x3B, 0x3D, 0x3E, 0x01, 0x3F, 0x81, 0x3E, 0x3D, 0x01, 0x3C, 0x8B, 0x3A, 0x38, 0x36, 0x34, 0x30, 
            0x2D, 0x2A, 0x25, 0x1F, 0x17, 0x0F, 0x06, 0x05, 0x00, 0x85, 0x01, 0x08, 0x0E, 0x13, 0x17, 0x1A, 0x01, 0x1B, 0x85, 0x1A, 0x18, 0x16, 0x14, 0x12, 
            0x10, 0x01, 0x0F, 0x02, 0x0E, 0x02, 0x0D, 0x87, 0x0C, 0x0B, 0x0A, 0x09, 0x07, 0x05, 0x03, 0x01, 0x22, 0x00, 0xA9, 0x04, 0x0A, 0x11, 0x18, 0x20, 
            0x28, 0x30, 0x38, 0x40, 0x49, 0x53, 0x5C, 0x63, 0x67, 0x6A, 0x6B, 0x6C, 0x6B, 0x69, 0x66, 0x62, 0x5C, 0x55, 0x4D, 0x43, 0x38, 0x2E, 0x22, 0x17, 
            0x0B, 0x01, 0x08, 0x14, 0x21, 0x2C, 0x35, 0x3D, 0x44, 0x49, 0x4D, 0x50, 0x52, 0x01, 0x53, 0x81, 0x51, 0x4F, 0x02, 0x4C, 0x8E, 0x4B, 0x49, 0x47, 
            0x44, 0x40, 0x3B, 0x35, 0x2F, 0x28, 0x21, 0x1B, 0x15, 0x0E, 0x08, 0x02, 0x2C, 0x00, 0x98, 0x03, 0x07, 0x0C, 0x11, 0x17, 0x1C, 0x22, 0x28, 0x2E, 
            0x35, 0x3B, 0x40, 0x45, 0x49, 0x4D, 0x50, 0x54, 0x57, 0x5B, 0x5F, 0x62, 0x65, 0x68, 0x6A, 0x6B, 0x03, 0x6C, 0x88, 0x6B, 0x69, 0x64, 0x5B, 0x50, 
            0x42, 0x32, 0x23, 0x11, 0x0E, 0x00, 0x8B, 0x02, 0x09, 0x10, 0x16, 0x1C, 0x21, 0x25, 0x28, 0x2B, 0x2D, 0x30, 0x31, 0x01, 0x32, 0x80, 0x31, 0x02, 
            0x30, 0x84, 0x31, 0x32, 0x33, 0x34, 0x35, 0x01, 0x36, 0x8B, 0x35, 0x33, 0x31, 0x2E, 0x2B, 0x27, 0x23, 0x1F, 0x19, 0x13, 0x0C, 0x04, 0x1F, 0x00, 
            0x94, 0x07, 0x10, 0x18, 0x20, 0x27, 0x2D, 0x32, 0x37, 0x3C, 0x41, 0x45, 0x49, 0x4D, 0x52, 0x56, 0x5A, 0x5D, 0x60, 0x62, 0x63, 0x64, 0x01, 0x65, 
            0x02, 0x66, 0x02, 0x65, 0x04, 0x66, 0x01, 0x65, 0x93, 0x64, 0x62, 0x5F, 0x5C, 0x58, 0x53, 0x4D, 0x47, 0x42, 0x3C, 0x36, 0x30, 0x2A, 0x24, 0x1E, 
            0x19, 0x13, 0x0E, 0x08, 0x03, 0x16, 0x00, 0x96, 0x01, 0x05, 0x09, 0x0D, 0x10, 0x13, 0x16, 0x18, 0x1A, 0x1C, 0x1D, 0x1F, 0x22, 0x24, 0x27, 0x29, 
            0x2C, 0x30, 0x34, 0x37, 0x3A, 0x3D, 0x3F, 0x04, 0x40, 0x01, 0x3F, 0x80, 0x3E, 0x01, 0x3D, 0x02, 0x3C, 0x8B, 0x3D, 0x3E, 0x40, 0x43, 0x45, 0x48, 
            0x4B, 0x4E, 0x50, 0x52, 0x54, 0x56, 0x01, 0x57, 0x02, 0x58, 0x97, 0x57, 0x56, 0x55, 0x53, 0x51, 0x4F, 0x4D, 0x4B, 0x48, 0x44, 0x40, 0x3D, 0x39, 
            0x35, 0x31, 0x2C, 0x28, 0x23, 0x1E, 0x19, 0x13, 0x0D, 0x07, 0x01, 0x15, 0x00, 0x88, 0x03, 0x0A, 0x11, 0x18, 0x1E, 0x23, 0x29, 0x2E, 0x32, 0x85, 
            0x2B, 0x2D, 0x2F, 0x31, 0x32, 0x33, 0x02, 0x34, 0x01, 0x33, 0x8B, 0x32, 0x30, 0x2E, 0x2D, 0x2A, 0x27, 0x24, 0x20, 0x1A, 0x13, 0x0B, 0x03, 0x05, 
            0x00, 0x8D, 0x04, 0x0B, 0x11, 0x17, 0x1C, 0x1F, 0x21, 0x22, 0x23, 0x22, 0x21, 0x1F, 0x1E, 0x1D, 0x01, 0x1C, 0x02, 0x1B, 0x02, 0x1A, 0x01, 0x19, 
            0x87, 0x18, 0x16, 0x14, 0x12, 0x0F, 0x0C, 0x08, 0x04, 0x1F, 0x00, 0x8F, 0x02, 0x07, 0x0D, 0x13, 0x1A, 0x21, 0x29, 0x31, 0x38, 0x40, 0x49, 0x51, 
            0x59, 0x5F, 0x63, 0x66, 0x01, 0x68, 0x96, 0x66, 0x63, 0x5E, 0x58, 0x52, 0x49, 0x3F, 0x34, 0x2A, 0x1F, 0x14, 0x09, 0x00, 0x08, 0x14, 0x20, 0x2B, 
            0x35, 0x3E, 0x45, 0x4B, 0x4F, 0x54, 0x01, 0x56, 0x01, 0x57, 0x94, 0x55, 0x53, 0x50, 0x4D, 0x4A, 0x46, 0x42, 0x40, 0x3D, 0x39, 0x35, 0x32, 0x2F, 
            0x2B, 0x28, 0x23, 0x1D, 0x17, 0x10, 0x09, 0x03, 0x2A, 0x00, 0x97, 0x01, 0x04, 0x08, 0x0D, 0x12, 0x17, 0x1D, 0x22, 0x28, 0x2E, 0x34, 0x3A, 0x3F, 
            0x44, 0x48, 0x4C, 0x50, 0x53, 0x57, 0x5B, 0x5F, 0x62, 0x65, 0x67, 0x01, 0x69, 0x03, 0x6A, 0x88, 0x69, 0x66, 0x61, 0x57, 0x4B, 0x3C, 0x2D, 0x1C, 
            0x0A, 0x0D, 0x00, 0x8C, 0x04, 0x0B, 0x11, 0x17, 0x1D, 0x21, 0x25, 0x28, 0x2A, 0x2C, 0x2D, 0x2F, 0x31, 0x05, 0x32, 0x85, 0x33, 0x35, 0x37, 0x39, 
            0x3A, 0x3B, 0x02, 0x3C, 0x8B, 0x3A, 0x37, 0x35, 0x33, 0x2F, 0x2B, 0x26, 0x20, 0x19, 0x12, 0x0A, 0x02, 0x1D, 0x00, 0x92, 0x06, 0x0F, 0x18, 0x20, 
            0x27, 0x2D, 0x33, 0x38, 0x3D, 0x41, 0x45, 0x49, 0x4D, 0x52, 0x56, 0x59, 0x5C, 0x5E, 0x60, 0x01, 0x61, 0x02, 0x62, 0x02, 0x61, 0x06, 0x60, 0x93, 
            0x5F, 0x5E, 0x5C, 0x5A, 0x57, 0x53, 0x4E, 0x48, 0x42, 0x3C, 0x35, 0x2F, 0x29, 0x23, 0x1D, 0x17, 0x12, 0x0C, 0x07, 0x02, 0x1B, 0x00, 0x9D, 0x03, 
            0x05, 0x08, 0x0A, 0x0C, 0x0D, 0x0F, 0x10, 0x12, 0x14, 0x1B, 0x21, 0x26, 0x2A, 0x2C, 0x2E, 0x30, 0x32, 0x33, 0x34, 0x35, 0x36, 0x37, 0x39, 0x3A, 
            0x3B, 0x3D, 0x3E, 0x3F, 0x40, 0x02, 0x41, 0x8D, 0x40, 0x3F, 0x3D, 0x3B, 0x38, 0x3A, 0x3D, 0x40, 0x43, 0x46, 0x48, 0x4B, 0x4D, 0x4E, 0x02, 0x4F, 
            0x01, 0x4E, 0x94, 0x4C, 0x4B, 0x49, 0x47, 0x45, 0x43, 0x40, 0x3D, 0x39, 0x35, 0x32, 0x2E, 0x2A, 0x26, 0x22, 0x1D, 0x18, 0x13, 0x0D, 0x07, 0x01, 
            0x17, 0x00, 0x87, 0x05, 0x0B, 0x10, 0x15, 0x1A, 0x1F, 0x24, 0x28, 0x87, 0x1D, 0x20, 0x22, 0x25, 0x26, 0x28, 0x29, 0x2A, 0x02, 0x2B, 0x8B, 0x2A, 
            0x29, 0x27, 0x25, 0x23, 0x20, 0x1D, 0x19, 0x14, 0x0E, 0x07, 0x01, 0x05, 0x00, 0x88, 0x06, 0x0D, 0x14, 0x1A, 0x1E, 0x22, 0x25, 0x27, 0x28, 0x01, 
            0x29, 0x01, 0x28, 0x02, 0x27, 0x04, 0x26, 0x02, 0x25, 0x89, 0x24, 0x23, 0x21, 0x1F, 0x1B, 0x18, 0x13, 0x0E, 0x09, 0x04, 0x1D, 0x00, 0xA8, 0x03, 
            0x08, 0x0E, 0x14, 0x1B, 0x22, 0x29, 0x30, 0x38, 0x40, 0x47, 0x4F, 0x56, 0x5B, 0x5F, 0x62, 0x63, 0x62, 0x5E, 0x59, 0x53, 0x4D, 0x45, 0x3A, 0x30, 
            0x26, 0x1C, 0x12, 0x08, 0x00, 0x08, 0x13, 0x1E, 0x29, 0x34, 0x3D, 0x44, 0x4B, 0x50, 0x55, 0x58, 0x03, 0x59, 0x95, 0x58, 0x56, 0x53, 0x50, 0x4D, 
            0x4A, 0x47, 0x43, 0x40, 0x3D, 0x3A, 0x38, 0x35, 0x32, 0x2E, 0x29, 0x24, 0x1E, 0x17, 0x11, 0x0A, 0x04, 0x29, 0x00, 0x97, 0x02, 0x05, 0x09, 0x0D, 
            0x12, 0x17, 0x1D, 0x23, 0x28, 0x2E, 0x33, 0x39, 0x3E, 0x43, 0x47, 0x4A, 0x4E, 0x52, 0x56, 0x5A, 0x5E, 0x62, 0x64, 0x66, 0x05, 0x67, 0x88, 0x66, 
            0x63, 0x5C, 0x51, 0x44, 0x35, 0x25, 0x13, 0x02, 0x0C, 0x00, 0x8D, 0x06, 0x0D, 0x13, 0x19, 0x1E, 0x22, 0x26, 0x28, 0x2A, 0x2B, 0x2C, 0x2D, 0x2E, 
            0x2F, 0x01, 0x31, 0x01, 0x32, 0x01, 0x33, 0x86, 0x34, 0x36, 0x39, 0x3C, 0x3E, 0x40, 0x41, 0x02, 0x42, 0x8B, 0x40, 0x3D, 0x3C, 0x39, 0x35, 0x31, 
            0x2B, 0x25, 0x1E, 0x17, 0x0F, 0x07, 0x1C, 0x00, 0x91, 0x05, 0x0F, 0x18, 0x20, 0x28, 0x2E, 0x34, 0x39, 0x3D, 0x41, 0x45, 0x49, 0x4D, 0x51, 0x54, 
            0x57, 0x5A, 0x5B, 0x01, 0x5D, 0x01, 0x5E, 0x01, 0x5D, 0x01, 0x5C, 0x02, 0x5B, 0x01, 0x5A, 0x01, 0x59, 0x92, 0x58, 0x57, 0x55, 0x53, 0x50, 0x4C, 
            0x48, 0x42, 0x3C, 0x35, 0x2E, 0x28, 0x22, 0x1C, 0x16, 0x10, 0x0A, 0x05, 0x01, 0x21, 0x00, 0x99, 0x01, 0x03, 0x04, 0x05, 0x0C, 0x15, 0x1D, 0x24, 
            0x29, 0x2D, 0x31, 0x34, 0x35, 0x37, 0x39, 0x3A, 0x3C, 0x3D, 0x3F, 0x40, 0x42, 0x43, 0x45, 0x47, 0x48, 0x49, 0x02, 0x4A, 0x8E, 0x49, 0x48, 0x47, 
            0x45, 0x42, 0x40, 0x3D, 0x3A, 0x37, 0x39, 0x3C, 0x3E, 0x41, 0x42, 0x44, 0x02, 0x45, 0x93, 0x44, 0x43, 0x42, 0x41, 0x3F, 0x3D, 0x3A, 0x37, 0x35, 
            0x31, 0x2E, 0x2A, 0x27, 0x23, 0x1F, 0x1B, 0x16, 0x10, 0x0B, 0x05, 0x1A, 0x00, 0x86, 0x03, 0x07, 0x0C, 0x10, 0x14, 0x17, 0x1A, 0x88, 0x0F, 0x12, 
            0x15, 0x17, 0x1A, 0x1C, 0x1E, 0x20, 0x21, 0x02, 0x22, 0x89, 0x21, 0x20, 0x1E, 0x1C, 0x19, 0x16, 0x12, 0x0E, 0x09, 0x03, 0x06, 0x00, 0x89, 0x06, 
            0x0E, 0x15, 0x1B, 0x20, 0x24, 0x28, 0x2A, 0x2C, 0x2D, 0x01, 0x2E, 0x05, 0x2F, 0x05, 0x30, 0x8B, 0x2F, 0x2E, 0x2C, 0x2A, 0x27, 0x23, 0x1E, 0x19, 
            0x14, 0x0E, 0x08, 0x02, 0x1A, 0x00, 0xA9, 0x01, 0x05, 0x0A, 0x10, 0x16, 0x1D, 0x23, 0x2A, 0x31, 0x39, 0x3F, 0x46, 0x4C, 0x52, 0x56, 0x5A, 0x5D, 
            0x5C, 0x5A, 0x54, 0x4F, 0x48, 0x3F, 0x36, 0x2C, 0x23, 0x19, 0x0F, 0x05, 0x00, 0x07, 0x11, 0x1B, 0x26, 0x2F, 0x38, 0x41, 0x49, 0x4F, 0x54, 0x58, 
            0x5A, 0x01, 0x5B, 0x01, 0x5A, 0x96, 0x59, 0x58, 0x56, 0x53, 0x50, 0x4D, 0x4B, 0x47, 0x44, 0x41, 0x3F, 0x3C, 0x3A, 0x37, 0x33, 0x2F, 0x2A, 0x24, 
            0x1E, 0x18, 0x12, 0x0C, 0x06, 0x28, 0x00, 0x97, 0x03, 0x06, 0x0A, 0x0E, 0x13, 0x18, 0x1D, 0x23, 0x28, 0x2E, 0x33, 0x39, 0x3E, 0x43, 0x46, 0x4A, 
            0x4E, 0x52, 0x56, 0x5A, 0x5D, 0x60, 0x62, 0x64, 0x05, 0x65, 0x87, 0x62, 0x5E, 0x54, 0x48, 0x3C, 0x2C, 0x1C, 0x09, 0x0B, 0x00, 0x89, 0x01, 0x08, 
            0x0F, 0x15, 0x1B, 0x20, 0x24, 0x27, 0x29, 0x2B, 0x03, 0x2C, 0x01, 0x2D, 0x8D, 0x2E, 0x30, 0x31, 0x32, 0x33, 0x34, 0x36, 0x37, 0x3A, 0x3D, 0x40, 
            0x43, 0x45, 0x47, 0x01, 0x48, 0x8D, 0x47, 0x46, 0x44, 0x42, 0x3F, 0x3A, 0x36, 0x30, 0x2A, 0x23, 0x1C, 0x15, 0x0D, 0x05, 0x1A, 0x00, 0x91, 0x03, 
            0x0D, 0x17, 0x1F, 0x27, 0x2D, 0x33, 0x38, 0x3C, 0x40, 0x44, 0x48, 0x4C, 0x4F, 0x52, 0x55, 0x57, 0x58, 0x03, 0x59, 0x01, 0x58, 0x80, 0x57, 0x01, 
            0x56, 0x95, 0x55, 0x54, 0x53, 0x52, 0x51, 0x50, 0x4F, 0x4E, 0x4B, 0x48, 0x44, 0x40, 0x3B, 0x35, 0x2F, 0x28, 0x21, 0x1A, 0x14, 0x0F, 0x09, 0x04, 
            0x27, 0x00, 0x97, 0x02, 0x0B, 0x14, 0x1D, 0x24, 0x2A, 0x2F, 0x33, 0x36, 0x39, 0x3B, 0x3C, 0x3E, 0x40, 0x42, 0x44, 0x45, 0x47, 0x49, 0x4A, 0x4C, 
            0x4D, 0x4E, 0x4F, 0x02, 0x50, 0x8E, 0x4F, 0x4E, 0x4C, 0x4A, 0x48, 0x46, 0x43, 0x40, 0x3D, 0x3A, 0x38, 0x35, 0x37, 0x39, 0x3A, 0x02, 0x3B, 0x91, 
            0x3A, 0x39, 0x37, 0x34, 0x32, 0x30, 0x2D, 0x2B, 0x28, 0x25, 0x22, 0x1E, 0x1A, 0x16, 0x11, 0x0C, 0x07, 0x02, 0x1D, 0x00, 0x84, 0x02, 0x04, 0x07, 
            0x0A, 0x0C, 0x89, 0x03, 0x05, 0x08, 0x0B, 0x0D, 0x10, 0x13, 0x15, 0x16, 0x17, 0x01, 0x18, 0x88, 0x17, 0x16, 0x15, 0x14, 0x12, 0x0F, 0x0B, 0x06, 
            0x02, 0x07, 0x00, 0x8C, 0x05, 0x0D, 0x14, 0x1B, 0x21, 0x26, 0x2A, 0x2C, 0x2E, 0x30, 0x31, 0x32, 0x33, 0x01, 0x34, 0x80, 0x35, 0x01, 0x36, 0x01, 
            0x37, 0x01, 0x38, 0x8E, 0x39, 0x38, 0x37, 0x36, 0x35, 0x33, 0x30, 0x2D, 0x29, 0x24, 0x1E, 0x18, 0x11, 0x0B, 0x04, 0x19, 0x00, 0xA9, 0x03, 0x08, 
            0x0E, 0x13, 0x19, 0x1F, 0x25, 0x2C, 0x33, 0x38, 0x3E, 0x44, 0x48, 0x4D, 0x52, 0x54, 0x55, 0x54, 0x50, 0x4A, 0x44, 0x3B, 0x32, 0x2A, 0x20, 0x17, 
            0x0D, 0x03, 0x00, 0x04, 0x0E, 0x18, 0x21, 0x2A, 0x33, 0x3C, 0x44, 0x4B, 0x51, 0x56, 0x59, 0x5B, 0x01, 0x5C, 0x01, 0x5B, 0x98, 0x5A, 0x59, 0x58, 
            0x56, 0x53, 0x50, 0x4E, 0x4B, 0x48, 0x46, 0x43, 0x41, 0x3E, 0x3C, 0x39, 0x35, 0x30, 0x2B, 0x26, 0x20, 0x1A, 0x14, 0x0E, 0x08, 0x02, 0x26, 0x00, 
            0x97, 0x03, 0x06, 0x0A, 0x0F, 0x14, 0x19, 0x1E, 0x23, 0x29, 0x2E, 0x34, 0x39, 0x3D, 0x42, 0x46, 0x4A, 0x4E, 0x52, 0x56, 0x59, 0x5C, 0x5E, 0x60, 
            0x62, 0x03, 0x63, 0x88, 0x62, 0x61, 0x5D, 0x56, 0x4C, 0x40, 0x32, 0x21, 0x0F, 0x0B, 0x00, 0x89, 0x02, 0x09, 0x10, 0x16, 0x1C, 0x20, 0x24, 0x27, 
            0x2A, 0x2C, 0x03, 0x2D, 0x03, 0x2C, 0x8F, 0x2D, 0x2E, 0x30, 0x32, 0x33, 0x36, 0x38, 0x3B, 0x3E, 0x41, 0x45, 0x47, 0x49, 0x4B, 0x4C, 0x4D, 0x01, 
            0x4C, 0x8C, 0x4A, 0x47, 0x43, 0x3F, 0x3B, 0x36, 0x2F, 0x29, 0x22, 0x1B, 0x13, 0x0C, 0x05, 0x19, 0x00, 0x90, 0x0A, 0x14, 0x1D, 0x25, 0x2C, 0x32, 
            0x37, 0x3B, 0x3F, 0x43, 0x46, 0x49, 0x4C, 0x4F, 0x51, 0x52, 0x53, 0x02, 0x54, 0x01, 0x53, 0x97, 0x52, 0x51, 0x50, 0x4F, 0x4E, 0x4D, 0x4B, 0x4A, 
            0x48, 0x47, 0x45, 0x42, 0x3F, 0x3C, 0x39, 0x35, 0x2F, 0x29, 0x22, 0x1B, 0x14, 0x0E, 0x08, 0x03, 0x2A, 0x00, 0x96, 0x08, 0x11, 0x1A, 0x22, 0x28, 
            0x2E, 0x33, 0x37, 0x3A, 0x3C, 0x3F, 0x41, 0x43, 0x45, 0x47, 0x49, 0x4B, 0x4D, 0x4E, 0x50, 0x51, 0x52, 0x53, 0x02, 0x54, 0xA2, 0x53, 0x52, 0x51, 
            0x4F, 0x4E, 0x4C, 0x4A, 0x47, 0x45, 0x42, 0x3F, 0x3D, 0x3A, 0x38, 0x37, 0x35, 0x34, 0x32, 0x31, 0x30, 0x2E, 0x2C, 0x2A, 0x28, 0x25, 0x22, 0x1F, 
            0x1C, 0x18, 0x13, 0x0F, 0x0C, 0x09, 0x05, 0x02, 0x22, 0x00, 0x80, 0x01, 0x03, 0x00, 0x84, 0x02, 0x05, 0x07, 0x09, 0x0B, 0x03, 0x0C, 0x85, 0x0B, 
            0x0A, 0x09, 0x08, 0x06, 0x03, 0x09, 0x00, 0x91, 0x01, 0x09, 0x12, 0x19, 0x20, 0x25, 0x2A, 0x2D, 0x30, 0x32, 0x33, 0x34, 0x36, 0x37, 0x38, 0x39, 
            0x3A, 0x3B, 0x01, 0x3C, 0x81, 0x3D, 0x3E, 0x01, 0x3F, 0x8D, 0x3E, 0x3D, 0x3B, 0x3A, 0x37, 0x35, 0x31, 0x2D, 0x28, 0x22, 0x1C, 0x15, 0x0D, 0x06, 
            0x17, 0x00, 0x8E, 0x02, 0x07, 0x0C, 0x11, 0x17, 0x1C, 0x22, 0x28, 0x2D, 0x33, 0x38, 0x3C, 0x41, 0x45, 0x49, 0x02, 0x4C, 0x98, 0x4A, 0x46, 0x40, 
            0x37, 0x2F, 0x26, 0x1E, 0x15, 0x0B, 0x01, 0x00, 0x01, 0x0A, 0x14, 0x1D, 0x26, 0x2E, 0x37, 0x3F, 0x46, 0x4D, 0x52, 0x57, 0x5A, 0x5B, 0x01, 0x5C, 
            0x01, 0x5B, 0x99, 0x5A, 0x59, 0x58, 0x57, 0x56, 0x54, 0x51, 0x4F, 0x4D, 0x4B, 0x49, 0x46, 0x44, 0x41, 0x3F, 0x3C, 0x38, 0x33, 0x2E, 0x29, 0x24, 
            0x1E, 0x18, 0x11, 0x0B, 0x05, 0x25, 0x00, 0x97, 0x03, 0x07, 0x0B, 0x10, 0x15, 0x1A, 0x1F, 0x25, 0x2A, 0x2F, 0x33, 0x38, 0x3D, 0x42, 0x46, 0x4B, 
            0x4E, 0x52, 0x55, 0x58, 0x5B, 0x5D, 0x5E, 0x5F, 0x02, 0x60, 0x89, 0x5F, 0x5E, 0x5B, 0x55, 0x4C, 0x42, 0x35, 0x26, 0x15, 0x04, 0x0A, 0x00, 0x8A, 
            0x02, 0x09, 0x10, 0x16, 0x1B, 0x20, 0x25, 0x28, 0x2A, 0x2C, 0x2D, 0x01, 0x2E, 0x80, 0x2D, 0x01, 0x2C, 0x03, 0x2B, 0x8D, 0x2C, 0x2D, 0x2F, 0x32, 
            0x35, 0x38, 0x3B, 0x3F, 0x42, 0x45, 0x49, 0x4C, 0x4E, 0x50, 0x01, 0x51, 0x01, 0x50, 0x8D, 0x4F, 0x4C, 0x49, 0x44, 0x40, 0x3B, 0x35, 0x2E, 0x28, 
            0x21, 0x19, 0x12, 0x0A, 0x03, 0x17, 0x00, 0x8F, 0x05, 0x10, 0x19, 0x21, 0x28, 0x2F, 0x34, 0x38, 0x3C, 0x40, 0x43, 0x46, 0x49, 0x4B, 0x4C, 0x4D, 
            0x03, 0x4E, 0x97, 0x4D, 0x4C, 0x4B, 0x4A, 0x49, 0x47, 0x45, 0x43, 0x41, 0x3F, 0x3D, 0x3B, 0x38, 0x36, 0x34, 0x31, 0x2D, 0x27, 0x21, 0x1B, 0x15, 
            0x0E, 0x08, 0x03, 0x2C, 0x00, 0x96, 0x03, 0x0C, 0x15, 0x1D, 0x24, 0x2B, 0x30, 0x34, 0x38, 0x3B, 0x3E, 0x42, 0x45, 0x47, 0x49, 0x4B, 0x4E, 0x50, 
            0x51, 0x53, 0x54, 0x55, 0x56, 0x03, 0x57, 0xA2, 0x56, 0x55, 0x53, 0x52, 0x50, 0x4E, 0x4C, 0x4A, 0x48, 0x46, 0x43, 0x41, 0x3F, 0x3D, 0x3B, 0x3A, 
            0x39, 0x38, 0x37, 0x36, 0x34, 0x33, 0x30, 0x2D, 0x2A, 0x26, 0x23, 0x1F, 0x1A, 0x16, 0x13, 0x0F, 0x0B, 0x07, 0x03, 0x22, 0x00, 0x08, 0x00, 0x02, 
            0x01, 0x11, 0x00, 0x8F, 0x04, 0x0C, 0x15, 0x1C, 0x22, 0x28, 0x2C, 0x2F, 0x32, 0x35, 0x37, 0x38, 0x3A, 0x3B, 0x3D, 0x3E, 0x01, 0x3F, 0x81, 0x40, 
            0x41, 0x01, 0x42, 0x01, 0x43, 0x8D, 0x42, 0x41, 0x3F, 0x3D, 0x3B, 0x38, 0x34, 0x30, 0x2B, 0x25, 0x1E, 0x17, 0x0F, 0x07, 0x15, 0x00, 0x8F, 0x01, 
            0x05, 0x0A, 0x10, 0x15, 0x1A, 0x1F, 0x24, 0x29, 0x2E, 0x32, 0x36, 0x3A, 0x3D, 0x41, 0x43, 0x01, 0x44, 0x88, 0x43, 0x40, 0x3C, 0x35, 0x2C, 0x23, 
            0x1B, 0x13, 0x09, 0x02, 0x00, 0x8D, 0x05, 0x0F, 0x18, 0x20, 0x29, 0x31, 0x38, 0x3F, 0x47, 0x4D, 0x52, 0x56, 0x59, 0x5A, 0x02, 0x5B, 0x01, 0x5A, 
            0x01, 0x59, 0x98, 0x58, 0x57, 0x56, 0x54, 0x53, 0x51, 0x4F, 0x4E, 0x4C, 0x4A, 0x47, 0x45, 0x43, 0x40, 0x3C, 0x37, 0x32, 0x2E, 0x28, 0x22, 0x1C, 
            0x16, 0x10, 0x0A, 0x04, 0x23, 0x00, 0x97, 0x03, 0x08, 0x0C, 0x12, 0x17, 0x1C, 0x22, 0x26, 0x2B, 0x30, 0x35, 0x39, 0x3F, 0x43, 0x47, 0x4B, 0x4E, 
            0x52, 0x55, 0x57, 0x59, 0x5A, 0x5B, 0x5C, 0x01, 0x5D, 0x89, 0x5C, 0x5A, 0x56, 0x51, 0x4A, 0x41, 0x34, 0x27, 0x19, 0x08, 0x0A, 0x00, 0x8A, 0x01, 
            0x09, 0x0F, 0x15, 0x1B, 0x20, 0x24, 0x27, 0x2A, 0x2C, 0x2D, 0x03, 0x2E, 0x81, 0x2C, 0x2B, 0x04, 0x2A, 0x8D, 0x2B, 0x2D, 0x2F, 0x33, 0x37, 0x3B, 
            0x3E, 0x42, 0x45, 0x49, 0x4C, 0x4F, 0x52, 0x53, 0x03, 0x54, 0x8D, 0x52, 0x50, 0x4D, 0x49, 0x45, 0x40, 0x3A, 0x34, 0x2D, 0x26, 0x1D, 0x15, 0x0C, 
            0x04, 0x17, 0x00, 0x8C, 0x0A, 0x14, 0x1C, 0x24, 0x2B, 0x30, 0x35, 0x39, 0x3D, 0x40, 0x42, 0x44, 0x45, 0x01, 0x47, 0x01, 0x48, 0x01, 0x47, 0x95, 
            0x46, 0x45, 0x43, 0x42, 0x40, 0x3E, 0x3B, 0x39, 0x36, 0x34, 0x32, 0x2F, 0x2D, 0x2A, 0x27, 0x23, 0x1F, 0x1A, 0x14, 0x0E, 0x08, 0x03, 0x2D, 0x00, 
            0x96, 0x04, 0x09, 0x0E, 0x12, 0x16, 0x1D, 0x24, 0x2B, 0x30, 0x35, 0x39, 0x3D, 0x41, 0x44, 0x48, 0x4B, 0x4D, 0x50, 0x52, 0x53, 0x55, 0x56, 0x57, 
            0x01, 0x58, 0x01, 0x59, 0x01, 0x58, 0xA1, 0x57, 0x56, 0x54, 0x53, 0x51, 0x50, 0x4E, 0x4C, 0x4A, 0x48, 0x46, 0x44, 0x42, 0x41, 0x40, 0x3F, 0x3E, 
            0x3D, 0x3B, 0x3A, 0x38, 0x36, 0x33, 0x2F, 0x2B, 0x27, 0x24, 0x1F, 0x1B, 0x16, 0x12, 0x0E, 0x0A, 0x05, 0x22, 0x00, 0x1E, 0x00, 0x8E, 0x06, 0x0F, 
            0x16, 0x1D, 0x23, 0x28, 0x2C, 0x31, 0x34, 0x37, 0x3A, 0x3C, 0x3E, 0x40, 0x41, 0x01, 0x42, 0x80, 0x43, 0x01, 0x44, 0x03, 0x45, 0x8E, 0x44, 0x43, 
            0x42, 0x40, 0x3D, 0x3A, 0x36, 0x32, 0x2E, 0x28, 0x20, 0x18, 0x10, 0x08, 0x01, 0x13, 0x00, 0x99, 0x03, 0x08, 0x0D, 0x13, 0x18, 0x1C, 0x21, 0x26, 
            0x2A, 0x2D, 0x30, 0x33, 0x36, 0x38, 0x3B, 0x3C, 0x3D, 0x3C, 0x39, 0x37, 0x31, 0x29, 0x21, 0x18, 0x11, 0x08, 0x03, 0x00, 0x8D, 0x09, 0x12, 0x1A, 
            0x22, 0x2A, 0x32, 0x39, 0x3F, 0x46, 0x4C, 0x51, 0x54, 0x57, 0x59, 0x03, 0x5A, 0x02, 0x59, 0x81, 0x58, 0x57, 0x01, 0x56, 0x96, 0x55, 0x54, 0x53, 
            0x52, 0x51, 0x50, 0x4E, 0x4C, 0x49, 0x46, 0x43, 0x40, 0x3B, 0x37, 0x32, 0x2D, 0x27, 0x22, 0x1C, 0x16, 0x10, 0x09, 0x03, 0x21, 0x00, 0x95, 0x04, 
            0x09, 0x0E, 0x14, 0x19, 0x1F, 0x24, 0x29, 0x2E, 0x33, 0x38, 0x3C, 0x40, 0x44, 0x48, 0x4B, 0x4E, 0x51, 0x54, 0x55, 0x56, 0x57, 0x02, 0x59, 0x89, 
            0x58, 0x55, 0x51, 0x4C, 0x46, 0x3F, 0x33, 0x26, 0x19, 0x0A, 0x0B, 0x00, 0x8B, 0x08, 0x0F, 0x15, 0x1A, 0x1F, 0x22, 0x26, 0x28, 0x2B, 0x2D, 0x2E, 
            0x2F, 0x01, 0x2E, 0x83, 0x2D, 0x2C, 0x2B, 0x29, 0x02, 0x28, 0x8F, 0x29, 0x2A, 0x2C, 0x2E, 0x31, 0x35, 0x39, 0x3D, 0x41, 0x45, 0x49, 0x4B, 0x4F, 
            0x52, 0x54, 0x55, 0x03, 0x56, 0x8D, 0x54, 0x52, 0x4F, 0x4C, 0x49, 0x44, 0x3E, 0x38, 0x30, 0x28, 0x1F, 0x15, 0x0B, 0x03, 0x16, 0x00, 0x8B, 0x04, 
            0x0D, 0x16, 0x1F, 0x26, 0x2C, 0x32, 0x36, 0x38, 0x3B, 0x3D, 0x3F, 0x01, 0x40, 0x01, 0x41, 0x01, 0x40, 0x94, 0x3F, 0x3E, 0x3C, 0x3A, 0x38, 0x35, 
            0x33, 0x30, 0x2E, 0x2B, 0x29, 0x26, 0x24, 0x21, 0x1D, 0x1A, 0x16, 0x12, 0x0D, 0x08, 0x03, 0x2E, 0x00, 0x96, 0x03, 0x09, 0x10, 0x15, 0x19, 0x1C, 
            0x1E, 0x1F, 0x23, 0x29, 0x30, 0x35, 0x3A, 0x3F, 0x43, 0x48, 0x4B, 0x4E, 0x50, 0x53, 0x54, 0x55, 0x57, 0x01, 0x58, 0x03, 0x59, 0x01, 0x58, 0xA0, 
            0x57, 0x56, 0x55, 0x53, 0x52, 0x51, 0x4F, 0x4E, 0x4C, 0x4A, 0x48, 0x47, 0x45, 0x44, 0x43, 0x42, 0x41, 0x3F, 0x3E, 0x3B, 0x39, 0x36, 0x33, 0x2F, 
            0x2B, 0x27, 0x22, 0x1D, 0x18, 0x14, 0x0F, 0x09, 0x04, 0x22, 0x00, 0x1F, 0x00, 0x8D, 0x07, 0x0F, 0x17, 0x1D, 0x23, 0x28, 0x2C, 0x31, 0x36, 0x3A, 
            0x3D, 0x40, 0x42, 0x44, 0x01, 0x45, 0x01, 0x46, 0x02, 0x47, 0x80, 0x48, 0x01, 0x47, 0x8E, 0x46, 0x45, 0x44, 0x42, 0x3F, 0x3C, 0x38, 0x34, 0x2F, 
            0x29, 0x21, 0x1A, 0x12, 0x0A, 0x02, 0x12, 0x00, 0x98, 0x04, 0x09, 0x0F, 0x14, 0x18, 0x1D, 0x22, 0x25, 0x28, 0x2B, 0x2D, 0x2F, 0x31, 0x33, 0x34, 
            0x35, 0x34, 0x33, 0x31, 0x2D, 0x26, 0x1F, 0x17, 0x0F, 0x08, 0x03, 0x00, 0x8E, 0x02, 0x0A, 0x13, 0x1B, 0x23, 0x2B, 0x32, 0x39, 0x3F, 0x45, 0x4B, 
            0x4F, 0x53, 0x55, 0x57, 0x03, 0x59, 0x02, 0x58, 0x02, 0x57, 0x02, 0x56, 0x02, 0x55, 0x92, 0x54, 0x52, 0x51, 0x4E, 0x4C, 0x49, 0x46, 0x43, 0x3F, 
            0x3B, 0x37, 0x32, 0x2D, 0x27, 0x21, 0x1B, 0x15, 0x0D, 0x05, 0x1F, 0x00, 0xA2, 0x01, 0x05, 0x0A, 0x10, 0x16, 0x1C, 0x22, 0x28, 0x2D, 0x32, 0x36, 
            0x39, 0x3D, 0x41, 0x44, 0x48, 0x4A, 0x4D, 0x50, 0x51, 0x52, 0x54, 0x55, 0x56, 0x55, 0x53, 0x50, 0x4C, 0x47, 0x41, 0x3A, 0x2F, 0x24, 0x17, 0x0A, 
            0x0B, 0x00, 0x8B, 0x06, 0x0D, 0x13, 0x19, 0x1D, 0x21, 0x25, 0x28, 0x2A, 0x2C, 0x2D, 0x2E, 0x01, 0x2F, 0x85, 0x2E, 0x2C, 0x2B, 0x29, 0x28, 0x27, 
            0x01, 0x26, 0x90, 0x27, 0x28, 0x2A, 0x2D, 0x30, 0x34, 0x38, 0x3C, 0x3F, 0x44, 0x48, 0x4B, 0x4E, 0x51, 0x53, 0x55, 0x56, 0x02, 0x57, 0x8D, 0x56, 
            0x55, 0x53, 0x51, 0x4E, 0x4A, 0x46, 0x40, 0x39, 0x31, 0x27, 0x1D, 0x12, 0x08, 0x17, 0x00, 0x8A, 0x07, 0x10, 0x19, 0x20, 0x27, 0x2C, 0x30, 0x33, 
            0x35, 0x37, 0x38, 0x04, 0x39, 0x93, 0x38, 0x37, 0x35, 0x33, 0x31, 0x2E, 0x2B, 0x28, 0x26, 0x23, 0x20, 0x1D, 0x1A, 0x17, 0x14, 0x11, 0x0D, 0x09, 
            0x05, 0x01, 0x10, 0x00, 0x01, 0x01, 0x1D, 0x00, 0x86, 0x05, 0x0D, 0x14, 0x1A, 0x1F, 0x23, 0x26, 0x02, 0x27, 0x8B, 0x28, 0x2F, 0x36, 0x3C, 0x42, 
            0x47, 0x4B, 0x4E, 0x51, 0x53, 0x54, 0x55, 0x01, 0x57, 0x01, 0x58, 0x80, 0x59, 0x02, 0x58, 0x01, 0x57, 0x9F, 0x56, 0x55, 0x54, 0x53, 0x52, 0x51, 
            0x50, 0x4E, 0x4D, 0x4B, 0x4A, 0x48, 0x47, 0x46, 0x45, 0x44, 0x42, 0x40, 0x3E, 0x3B, 0x38, 0x34, 0x30, 0x2C, 0x28, 0x23, 0x1E, 0x19, 0x14, 0x0E, 
            0x08, 0x02, 0x22, 0x00, 0x20, 0x00, 0x8D, 0x08, 0x0F, 0x16, 0x1C, 0x22, 0x28, 0x2D, 0x33, 0x38, 0x3C, 0x40, 0x43, 0x45, 0x47, 0x02, 0x48, 0x02, 
            0x49, 0x01, 0x4A, 0x90, 0x49, 0x48, 0x47, 0x46, 0x44, 0x43, 0x40, 0x3D, 0x3A, 0x35, 0x30, 0x2A, 0x22, 0x1B, 0x13, 0x0A, 0x03, 0x11, 0x00, 0x8E, 
            0x03, 0x09, 0x0E, 0x12, 0x17, 0x1C, 0x1F, 0x22, 0x24, 0x26, 0x28, 0x2A, 0x2B, 0x2C, 0x2D, 0x01, 0x2C, 0x86, 0x2A, 0x27, 0x23, 0x1C, 0x16, 0x0F, 
            0x07, 0x04, 0x00, 0x8F, 0x02, 0x0B, 0x13, 0x1C, 0x24, 0x2B, 0x32, 0x38, 0x3D, 0x43, 0x48, 0x4D, 0x51, 0x54, 0x55, 0x56, 0x04, 0x57, 0x09, 0x56, 
            0x01, 0x55, 0x91, 0x53, 0x52, 0x50, 0x4E, 0x4C, 0x49, 0x46, 0x42, 0x3F, 0x3B, 0x36, 0x31, 0x2C, 0x26, 0x1E, 0x17, 0x0E, 0x05, 0x1E, 0x00, 0x94, 
            0x01, 0x06, 0x0C, 0x13, 0x19, 0x1F, 0x25, 0x2A, 0x2F, 0x33, 0x37, 0x3A, 0x3E, 0x41, 0x44, 0x47, 0x49, 0x4C, 0x4D, 0x4E, 0x50, 0x01, 0x51, 0x8A, 
            0x50, 0x4E, 0x4B, 0x46, 0x41, 0x3C, 0x35, 0x2B, 0x20, 0x14, 0x08, 0x0B, 0x00, 0x8A, 0x03, 0x0B, 0x12, 0x18, 0x1C, 0x20, 0x23, 0x26, 0x29, 0x2B, 
            0x2D, 0x04, 0x2E, 0x84, 0x2C, 0x2A, 0x28, 0x26, 0x24, 0x02, 0x23, 0x8F, 0x25, 0x27, 0x2A, 0x2E, 0x32, 0x37, 0x3B, 0x3F, 0x43, 0x47, 0x4A, 0x4D, 
            0x4F, 0x52, 0x54, 0x55, 0x01, 0x56, 0x80, 0x57, 0x01, 0x56, 0x8C, 0x55, 0x53, 0x51, 0x4E, 0x4A, 0x46, 0x3F, 0x38, 0x2E, 0x23, 0x18, 0x0E, 0x04, 
            0x16, 0x00, 0x88, 0x01, 0x0A, 0x13, 0x1B, 0x21, 0x26, 0x2A, 0x2D, 0x2F, 0x01, 0x31, 0x01, 0x30, 0x02, 0x31, 0x90, 0x30, 0x2E, 0x2C, 0x29, 0x27, 
            0x24, 0x21, 0x1E, 0x1B, 0x18, 0x15, 0x11, 0x0E, 0x0B, 0x08, 0x05, 0x01, 0x0C, 0x00, 0x84, 0x01, 0x03, 0x04, 0x06, 0x07, 0x01, 0x08, 0x02, 0x09, 
            0x83, 0x08, 0x06, 0x03, 0x01, 0x18, 0x00, 0x87, 0x06, 0x0F, 0x16, 0x1D, 0x23, 0x28, 0x2B, 0x2D, 0x02, 0x2E, 0x8B, 0x2D, 0x31, 0x38, 0x3F, 0x45, 
            0x4A, 0x4E, 0x51, 0x53, 0x54, 0x55, 0x56, 0x01, 0x57, 0x03, 0x58, 0x01, 0x57, 0x01, 0x56, 0x80, 0x55, 0x01, 0x54, 0x9A, 0x53, 0x52, 0x51, 0x50, 
            0x4F, 0x4E, 0x4C, 0x4B, 0x49, 0x48, 0x47, 0x45, 0x44, 0x42, 0x3F, 0x3B, 0x37, 0x33, 0x30, 0x2C, 0x28, 0x23, 0x1E, 0x18, 0x12, 0x0C, 0x06, 0x23, 
            0x00, 0x20, 0x00, 0x8D, 0x01, 0x08, 0x0F, 0x16, 0x1C, 0x23, 0x2A, 0x30, 0x36, 0x3B, 0x40, 0x44, 0x46, 0x48, 0x02, 0x4A, 0x02, 0x4B, 0x80, 0x4C, 
            0x01, 0x4B, 0x90, 0x4A, 0x49, 0x48, 0x47, 0x45, 0x43, 0x41, 0x3E, 0x3A, 0x36, 0x31, 0x2B, 0x24, 0x1C, 0x13, 0x0B, 0x03, 0x10, 0x00, 0x8B, 0x01, 
            0x06, 0x0B, 0x10, 0x14, 0x17, 0x1A, 0x1C, 0x1F, 0x21, 0x22, 0x23, 0x03, 0x24, 0x87, 0x23, 0x21, 0x1E, 0x19, 0x14, 0x0E, 0x07, 0x01, 0x04, 0x00, 
            0x8F, 0x02, 0x0A, 0x12, 0x1B, 0x22, 0x2A, 0x30, 0x36, 0x3B, 0x40, 0x45, 0x4A, 0x4E, 0x51, 0x53, 0x54, 0x01, 0x55, 0x01, 0x56, 0x0C, 0x55, 0x92, 
            0x54, 0x53, 0x52, 0x50, 0x4F, 0x4D, 0x4A, 0x48, 0x44, 0x41, 0x3D, 0x38, 0x33, 0x2E, 0x27, 0x1F, 0x15, 0x0C, 0x02, 0x1D, 0x00, 0x93, 0x02, 0x08, 
            0x0E, 0x15, 0x1B, 0x21, 0x26, 0x2C, 0x30, 0x34, 0x37, 0x3B, 0x3D, 0x40, 0x43, 0x46, 0x48, 0x49, 0x4A, 0x4C, 0x01, 0x4D, 0x8A, 0x4C, 0x49, 0x45, 
            0x40, 0x3B, 0x36, 0x2F, 0x26, 0x1B, 0x11, 0x06, 0x0C, 0x00, 0x8C, 0x07, 0x0F, 0x15, 0x1A, 0x1F, 0x22, 0x25, 0x27, 0x29, 0x2B, 0x2D, 0x2E, 0x2F, 
            0x01, 0x2E, 0x86, 0x2D, 0x2C, 0x2A, 0x27, 0x25, 0x23, 0x21, 0x01, 0x20, 0x8F, 0x21, 0x23, 0x27, 0x2B, 0x30, 0x35, 0x3A, 0x3D, 0x41, 0x45, 0x48, 
            0x4B, 0x4D, 0x50, 0x53, 0x54, 0x05, 0x55, 0x8B, 0x53, 0x52, 0x50, 0x4D, 0x4A, 0x44, 0x3C, 0x33, 0x28, 0x1D, 0x12, 0x08, 0x17, 0x00, 0x87, 0x03, 
            0x0C, 0x14, 0x1B, 0x1F, 0x23, 0x26, 0x28, 0x05, 0x29, 0x8F, 0x28, 0x27, 0x25, 0x22, 0x20, 0x1D, 0x1A, 0x17, 0x14, 0x10, 0x0D, 0x09, 0x06, 0x04, 
            0x05, 0x06, 0x02, 0x07, 0x84, 0x06, 0x05, 0x04, 0x03, 0x02, 0x02, 0x01, 0x88, 0x02, 0x03, 0x05, 0x07, 0x08, 0x0A, 0x0C, 0x0E, 0x10, 0x01, 0x11, 
            0x02, 0x12, 0x86, 0x11, 0x10, 0x0D, 0x0A, 0x07, 0x04, 0x01, 0x06, 0x00, 0x03, 0x01, 0x0A, 0x00, 0x88, 0x06, 0x0E, 0x16, 0x1D, 0x24, 0x2A, 0x2F, 
            0x32, 0x33, 0x01, 0x34, 0x01, 0x33, 0x87, 0x34, 0x3C, 0x43, 0x48, 0x4D, 0x50, 0x52, 0x54, 0x01, 0x55, 0x08, 0x56, 0x80, 0x55, 0x01, 0x54, 0x01, 
            0x53, 0x01, 0x52, 0x97, 0x51, 0x50, 0x4F, 0x4E, 0x4C, 0x4B, 0x4A, 0x49, 0x47, 0x45, 0x42, 0x3E, 0x3A, 0x36, 0x33, 0x2F, 0x2B, 0x27, 0x22, 0x1D, 
            0x17, 0x10, 0x0A, 0x04, 0x23, 0x00, 0x21, 0x00, 0x8D, 0x04, 0x0A, 0x11, 0x18, 0x1F, 0x26, 0x2D, 0x33, 0x3A, 0x40, 0x44, 0x48, 0x4A, 0x4B, 0x02, 
            0x4C, 0x03, 0x4D, 0x01, 0x4C, 0x90, 0x4B, 0x4A, 0x48, 0x46, 0x45, 0x43, 0x40, 0x3E, 0x3A, 0x36, 0x31, 0x2B, 0x24, 0x1C, 0x12, 0x0A, 0x01, 0x10, 
            0x00, 0x87, 0x02, 0x06, 0x0B, 0x0E, 0x11, 0x14, 0x17, 0x19, 0x01, 0x1A, 0x80, 0x1B, 0x03, 0x1C, 0x86, 0x1A, 0x18, 0x15, 0x11, 0x0C, 0x07, 0x01, 
            0x06, 0x00, 0x8E, 0x08, 0x10, 0x18, 0x20, 0x27, 0x2D, 0x33, 0x38, 0x3C, 0x41, 0x46, 0x4B, 0x4E, 0x51, 0x52, 0x02, 0x53, 0x04, 0x54, 0x02, 0x53, 
            0x06, 0x54, 0x91, 0x53, 0x52, 0x51, 0x50, 0x4F, 0x4D, 0x4B, 0x48, 0x44, 0x41, 0x3D, 0x38, 0x33, 0x2D, 0x24, 0x1B, 0x11, 0x06, 0x1D, 0x00, 0x92, 
            0x04, 0x09, 0x0F, 0x16, 0x1C, 0x22, 0x28, 0x2C, 0x2F, 0x33, 0x36, 0x38, 0x3C, 0x3E, 0x41, 0x43, 0x44, 0x46, 0x47, 0x01, 0x48, 0x8A, 0x47, 0x44, 
            0x40, 0x3B, 0x36, 0x31, 0x2A, 0x21, 0x17, 0x0D, 0x04, 0x0C, 0x00, 0x96, 0x03, 0x0A, 0x11, 0x17, 0x1C, 0x20, 0x23, 0x26, 0x28, 0x29, 0x2B, 0x2C, 
            0x2D, 0x2E, 0x2F, 0x2E, 0x2D, 0x2B, 0x29, 0x27, 0x24, 0x22, 0x20, 0x02, 0x1F, 0x8F, 0x22, 0x25, 0x29, 0x2E, 0x33, 0x38, 0x3C, 0x40, 0x44, 0x47, 
            0x4A, 0x4D, 0x4F, 0x51, 0x52, 0x53, 0x04, 0x54, 0x8C, 0x53, 0x51, 0x50, 0x4E, 0x4B, 0x47, 0x3F, 0x35, 0x2B, 0x20, 0x15, 0x0B, 0x02, 0x17, 0x00, 
            0x85, 0x05, 0x0C, 0x13, 0x18, 0x1C, 0x1E, 0x01, 0x20, 0x02, 0x21, 0x02, 0x20, 0x8E, 0x1E, 0x1C, 0x1A, 0x17, 0x14, 0x11, 0x0E, 0x0A, 0x06, 0x07, 
            0x08, 0x0A, 0x0B, 0x0C, 0x0D, 0x02, 0x0E, 0x82, 0x0D, 0x0C, 0x0B, 0x01, 0x0A, 0x02, 0x09, 0x89, 0x0A, 0x0B, 0x0D, 0x0F, 0x11, 0x13, 0x15, 0x17, 
            0x19, 0x1A, 0x01, 0x1B, 0x01, 0x1C, 0x87, 0x1B, 0x1A, 0x18, 0x15, 0x12, 0x0F, 0x0C, 0x0A, 0x02, 0x09, 0x81, 0x0A, 0x0B, 0x01, 0x0D, 0x03, 0x0E, 
            0x85, 0x0D, 0x0C, 0x0B, 0x09, 0x06, 0x03, 0x03, 0x00, 0x89, 0x07, 0x0E, 0x16, 0x1D, 0x24, 0x2A, 0x30, 0x34, 0x37, 0x38, 0x01, 0x39, 0x89, 0x38, 
            0x37, 0x38, 0x40, 0x46, 0x4B, 0x4F, 0x51, 0x52, 0x53, 0x0B, 0x54, 0x01, 0x53, 0x01, 0x52, 0x01, 0x51, 0x01, 0x50, 0x94, 0x4F, 0x4D, 0x4C, 0x4B, 
            0x49, 0x47, 0x44, 0x41, 0x3D, 0x3A, 0x36, 0x32, 0x2F, 0x2B, 0x26, 0x21, 0x1B, 0x16, 0x0F, 0x09, 0x02, 0x23, 0x00, 0x21, 0x00, 0x8D, 0x01, 0x07, 
            0x0D, 0x15, 0x1C, 0x23, 0x2B, 0x32, 0x39, 0x3F, 0x44, 0x48, 0x4A, 0x4B, 0x01, 0x4C, 0x05, 0x4D, 0x01, 0x4C, 0x8F, 0x4B, 0x49, 0x47, 0x46, 0x44, 
            0x42, 0x40, 0x3D, 0x39, 0x36, 0x31, 0x2B, 0x23, 0x1A, 0x11, 0x08, 0x11, 0x00, 0x86, 0x01, 0x04, 0x07, 0x0A, 0x0D, 0x0F, 0x11, 0x02, 0x12, 0x02, 
            0x13, 0x85, 0x12, 0x11, 0x0F, 0x0C, 0x09, 0x05, 0x08, 0x00, 0x8F, 0x04, 0x0C, 0x14, 0x1B, 0x22, 0x29, 0x2F, 0x34, 0x39, 0x3D, 0x42, 0x46, 0x4A, 
            0x4D, 0x4F, 0x50, 0x03, 0x51, 0x0E, 0x52, 0x01, 0x51, 0x8D, 0x4F, 0x4E, 0x4C, 0x49, 0x46, 0x43, 0x3F, 0x3B, 0x36, 0x30, 0x28, 0x1F, 0x14, 0x09, 
            0x1D, 0x00, 0x91, 0x05, 0x0A, 0x10, 0x16, 0x1C, 0x22, 0x26, 0x2A, 0x2D, 0x30, 0x33, 0x37, 0x39, 0x3C, 0x3E, 0x3F, 0x41, 0x42, 0x01, 0x43, 0x8A, 
            0x41, 0x3F, 0x3B, 0x36, 0x31, 0x2C, 0x25, 0x1E, 0x15, 0x0B, 0x02, 0x0D, 0x00, 0x8D, 0x05, 0x0D, 0x13, 0x18, 0x1C, 0x20, 0x23, 0x25, 0x27, 0x29, 
            0x2A, 0x2B, 0x2C, 0x2D, 0x01, 0x2E, 0x86, 0x2D, 0x2B, 0x28, 0x26, 0x24, 0x22, 0x20, 0x01, 0x1E, 0x8F, 0x1F, 0x21, 0x24, 0x29, 0x2D, 0x32, 0x37, 
            0x3B, 0x3F, 0x43, 0x47, 0x4A, 0x4C, 0x4F, 0x50, 0x51, 0x06, 0x52, 0x8B, 0x51, 0x4F, 0x4D, 0x4B, 0x47, 0x40, 0x37, 0x2D, 0x22, 0x18, 0x0D, 0x04, 
            0x18, 0x00, 0x86, 0x04, 0x0A, 0x0F, 0x12, 0x15, 0x16, 0x17, 0x04, 0x18, 0x85, 0x17, 0x16, 0x14, 0x12, 0x0F, 0x0C, 0x01, 0x09, 0x86, 0x0B, 0x0D, 
            0x0E, 0x10, 0x11, 0x13, 0x14, 0x05, 0x15, 0x82, 0x14, 0x13, 0x12, 0x01, 0x11, 0x8A, 0x12, 0x13, 0x15, 0x16, 0x18, 0x1A, 0x1C, 0x1E, 0x1F, 0x21, 
            0x22, 0x01, 0x23, 0x02, 0x24, 0x86, 0x23, 0x21, 0x1F, 0x1D, 0x1A, 0x18, 0x16, 0x01, 0x15, 0x83, 0x16, 0x17, 0x18, 0x1A, 0x03, 0x1B, 0x9F, 0x1A, 
            0x19, 0x18, 0x17, 0x16, 0x13, 0x0F, 0x0B, 0x06, 0x01, 0x00, 0x08, 0x0F, 0x16, 0x1E, 0x25, 0x2B, 0x30, 0x35, 0x38, 0x3B, 0x3D, 0x3E, 0x3D, 0x3C, 
            0x39, 0x3D, 0x44, 0x49, 0x4D, 0x4F, 0x51, 0x0E, 0x52, 0x02, 0x51, 0x01, 0x50, 0x01, 0x4F, 0x92, 0x4E, 0x4D, 0x4B, 0x49, 0x47, 0x44, 0x41, 0x3D, 
            0x39, 0x36, 0x33, 0x2F, 0x2A, 0x25, 0x20, 0x1B, 0x15, 0x0E, 0x07, 0x24, 0x00, 0x22, 0x00, 0x8E, 0x05, 0x0B, 0x12, 0x19, 0x21, 0x29, 0x31, 0x38, 
            0x3E, 0x43, 0x46, 0x49, 0x4A, 0x4B, 0x4C, 0x05, 0x4D, 0x80, 0x4C, 0x01, 0x4B, 0x8F, 0x49, 0x48, 0x46, 0x44, 0x43, 0x41, 0x3F, 0x3C, 0x39, 0x36, 
            0x31, 0x2B, 0x22, 0x19, 0x0F, 0x06, 0x12, 0x00, 0x83, 0x01, 0x03, 0x06, 0x07, 0x02, 0x09, 0x02, 0x0A, 0x01, 0x09, 0x83, 0x07, 0x06, 0x03, 0x01, 
            0x09, 0x00, 0x8E, 0x01, 0x07, 0x0F, 0x16, 0x1D, 0x23, 0x29, 0x2F, 0x34, 0x39, 0x3E, 0x42, 0x46, 0x49, 0x4C, 0x01, 0x4E, 0x03, 0x4F, 0x0F, 0x50, 
            0x8D, 0x4F, 0x4E, 0x4C, 0x4A, 0x47, 0x43, 0x3F, 0x3B, 0x37, 0x31, 0x29, 0x20, 0x16, 0x0A, 0x1C, 0x00, 0x90, 0x01, 0x05, 0x0B, 0x10, 0x15, 0x1A, 
            0x1F, 0x23, 0x27, 0x2B, 0x2E, 0x32, 0x34, 0x36, 0x38, 0x3A, 0x3C, 0x02, 0x3E, 0x8A, 0x3C, 0x39, 0x35, 0x32, 0x2D, 0x28, 0x22, 0x1A, 0x12, 0x09, 
            0x01, 0x0E, 0x00, 0x8D, 0x06, 0x0D, 0x13, 0x18, 0x1C, 0x1F, 0x21, 0x23, 0x25, 0x27, 0x28, 0x2A, 0x2B, 0x2C, 0x01, 0x2D, 0x86, 0x2C, 0x2B, 0x29, 
            0x26, 0x23, 0x21, 0x1F, 0x01, 0x1E, 0x8F, 0x1F, 0x21, 0x25, 0x29, 0x2E, 0x32, 0x37, 0x3A, 0x3E, 0x42, 0x46, 0x49, 0x4B, 0x4D, 0x4E, 0x4F, 0x06, 
            0x50, 0x8B, 0x4F, 0x4E, 0x4C, 0x4A, 0x46, 0x40, 0x37, 0x2E, 0x24, 0x1A, 0x0F, 0x05, 0x19, 0x00, 0x84, 0x01, 0x05, 0x08, 0x0A, 0x0C, 0x01, 0x0D, 
            0x80, 0x0E, 0x02, 0x0F, 0x8E, 0x0E, 0x0D, 0x0C, 0x0A, 0x09, 0x0C, 0x0E, 0x10, 0x12, 0x14, 0x16, 0x17, 0x18, 0x1A, 0x1B, 0x01, 0x1C, 0x03, 0x1D, 
            0x80, 0x1C, 0x03, 0x1B, 0x8B, 0x1C, 0x1D, 0x1E, 0x1F, 0x21, 0x22, 0x24, 0x25, 0x26, 0x28, 0x29, 0x2A, 0x01, 0x2B, 0x80, 0x2C, 0x01, 0x2B, 0x85, 
            0x2A, 0x28, 0x26, 0x24, 0x22, 0x21, 0x01, 0x20, 0x83, 0x21, 0x22, 0x23, 0x25, 0x01, 0x26, 0x97, 0x27, 0x26, 0x25, 0x24, 0x23, 0x21, 0x1F, 0x1C, 
            0x19, 0x15, 0x11, 0x0B, 0x05, 0x08, 0x10, 0x17, 0x1F, 0x26, 0x2C, 0x31, 0x35, 0x3A, 0x3D, 0x3F, 0x01, 0x41, 0x87, 0x3F, 0x3D, 0x3A, 0x41, 0x46, 
            0x4A, 0x4D, 0x4F, 0x11, 0x50, 0x03, 0x4F, 0x92, 0x4E, 0x4D, 0x4B, 0x49, 0x46, 0x44, 0x41, 0x3D, 0x3A, 0x36, 0x32, 0x2E, 0x29, 0x24, 0x1F, 0x1A, 
            0x13, 0x0C, 0x04, 0x24, 0x00, 0x22, 0x00, 0x8E, 0x03, 0x09, 0x10, 0x17, 0x1F, 0x27, 0x2F, 0x36, 0x3C, 0x41, 0x44, 0x47, 0x49, 0x4A, 0x4B, 0x05, 
            0x4C, 0x01, 0x4B, 0x91, 0x4A, 0x49, 0x48, 0x46, 0x45, 0x43, 0x42, 0x40, 0x3E, 0x3C, 0x39, 0x35, 0x30, 0x29, 0x20, 0x16, 0x0D, 0x03, 0x15, 0x00, 
            0x06, 0x01, 0x0F, 0x00, 0x90, 0x02, 0x09, 0x10, 0x17, 0x1D, 0x23, 0x29, 0x2F, 0x34, 0x39, 0x3D, 0x41, 0x45, 0x48, 0x4A, 0x4B, 0x4C, 0x03, 0x4D, 
            0x0E, 0x4E, 0x8D, 0x4D, 0x4C, 0x4B, 0x48, 0x46, 0x43, 0x3F, 0x3B, 0x37, 0x31, 0x29, 0x20, 0x16, 0x0B, 0x1C, 0x00, 0x8F, 0x01, 0x05, 0x0A, 0x0F, 
            0x14, 0x18, 0x1D, 0x21, 0x24, 0x28, 0x2B, 0x2E, 0x31, 0x33, 0x35, 0x37, 0x02, 0x38, 0x89, 0x36, 0x34, 0x30, 0x2D, 0x29, 0x24, 0x1E, 0x17, 0x0F, 
            0x07, 0x10, 0x00, 0x96, 0x07, 0x0D, 0x12, 0x17, 0x1A, 0x1D, 0x20, 0x21, 0x23, 0x24, 0x26, 0x27, 0x29, 0x2A, 0x2B, 0x2C, 0x2B, 0x2A, 0x28, 0x26, 
            0x24, 0x21, 0x1F, 0x01, 0x1E, 0x8E, 0x1F, 0x21, 0x24, 0x29, 0x2E, 0x33, 0x37, 0x3A, 0x3E, 0x41, 0x45, 0x47, 0x49, 0x4B, 0x4D, 0x08, 0x4E, 0x8A, 
            0x4C, 0x4A, 0x48, 0x45, 0x3F, 0x37, 0x2E, 0x24, 0x1A, 0x10, 0x07, 0x1C, 0x00, 0x83, 0x01, 0x02, 0x03, 0x04, 0x01, 0x05, 0x01, 0x06, 0x8E, 0x07, 
            0x09, 0x0B, 0x0D, 0x10, 0x12, 0x14, 0x17, 0x18, 0x1A, 0x1C, 0x1D, 0x1F, 0x20, 0x21, 0x01, 0x22, 0x80, 0x23, 0x03, 0x24, 0x03, 0x23, 0x01, 0x24, 
            0x89, 0x25, 0x26, 0x27, 0x29, 0x2A, 0x2C, 0x2D, 0x2E, 0x2F, 0x30, 0x01, 0x31, 0x01, 0x32, 0x01, 0x31, 0x84, 0x2F, 0x2E, 0x2D, 0x2C, 0x2B, 0x01, 
            0x2A, 0x84, 0x2B, 0x2C, 0x2D, 0x2E, 0x2F, 0x01, 0x30, 0x9A, 0x2F, 0x2D, 0x2C, 0x2B, 0x2A, 0x28, 0x25, 0x22, 0x1E, 0x19, 0x14, 0x0E, 0x08, 0x10, 
            0x18, 0x20, 0x27, 0x2D, 0x32, 0x36, 0x3A, 0x3E, 0x40, 0x43, 0x44, 0x42, 0x40, 0x01, 0x3E, 0x83, 0x44, 0x48, 0x4B, 0x4D, 0x15, 0x4E, 0x92, 0x4D, 
            0x4C, 0x4A, 0x48, 0x45, 0x43, 0x40, 0x3D, 0x3A, 0x36, 0x31, 0x2D, 0x28, 0x23, 0x1D, 0x17, 0x10, 0x09, 0x02, 0x24, 0x00, 0x22, 0x00, 0x8D, 0x01, 
            0x07, 0x0E, 0x15, 0x1D, 0x25, 0x2D, 0x34, 0x3A, 0x3F, 0x43, 0x46, 0x48, 0x49, 0x01, 0x4A, 0x04, 0x4B, 0x01, 0x4A, 0x92, 0x49, 0x48, 0x47, 0x46, 
            0x45, 0x43, 0x42, 0x41, 0x3F, 0x3D, 0x3B, 0x38, 0x34, 0x2E, 0x26, 0x1D, 0x13, 0x0A, 0x01, 0x2C, 0x00, 0x8F, 0x03, 0x0A, 0x10, 0x17, 0x1D, 0x23, 
            0x28, 0x2E, 0x33, 0x38, 0x3C, 0x3F, 0x43, 0x45, 0x47, 0x49, 0x01, 0x4A, 0x02, 0x4B, 0x0D, 0x4C, 0x8D, 0x4B, 0x4A, 0x49, 0x47, 0x44, 0x42, 0x3E, 
            0x3A, 0x35, 0x30, 0x28, 0x1F, 0x16, 0x0B, 0x1C, 0x00, 0x8E, 0x01, 0x05, 0x08, 0x0D, 0x11, 0x16, 0x1A, 0x1E, 0x22, 0x25, 0x27, 0x2A, 0x2C, 0x2E, 
            0x30, 0x02, 0x32, 0x89, 0x31, 0x2E, 0x2C, 0x29, 0x25, 0x20, 0x1A, 0x14, 0x0D, 0x06, 0x11, 0x00, 0x8D, 0x06, 0x0C, 0x11, 0x15, 0x18, 0x1B, 0x1D, 
            0x1F, 0x20, 0x22, 0x23, 0x24, 0x25, 0x27, 0x02, 0x29, 0x85, 0x28, 0x27, 0x25, 0x23, 0x21, 0x1F, 0x01, 0x1E, 0x8F, 0x1F, 0x22, 0x25, 0x2A, 0x2F, 
            0x33, 0x37, 0x3A, 0x3D, 0x40, 0x42, 0x45, 0x47, 0x49, 0x4A, 0x4B, 0x07, 0x4C, 0x8A, 0x4A, 0x49, 0x46, 0x43, 0x3E, 0x36, 0x2D, 0x24, 0x1B, 0x11, 
            0x08, 0x1D, 0x00, 0x96, 0x01, 0x04, 0x07, 0x09, 0x0A, 0x0B, 0x0C, 0x0E, 0x10, 0x12, 0x14, 0x16, 0x18, 0x1A, 0x1C, 0x1E, 0x1F, 0x21, 0x23, 0x24, 
            0x25, 0x27, 0x28, 0x01, 0x29, 0x80, 0x2A, 0x03, 0x2B, 0x03, 0x2A, 0x8B, 0x2B, 0x2C, 0x2D, 0x2E, 0x2F, 0x30, 0x31, 0x32, 0x33, 0x34, 0x35, 0x36, 
            0x01, 0x37, 0x80, 0x38, 0x01, 0x37, 0x83, 0x36, 0x35, 0x34, 0x33, 0x02, 0x32, 0x82, 0x33, 0x34, 0x35, 0x01, 0x36, 0x99, 0x37, 0x36, 0x35, 0x34, 
            0x33, 0x32, 0x30, 0x2E, 0x2C, 0x29, 0x25, 0x21, 0x1B, 0x15, 0x0E, 0x10, 0x18, 0x20, 0x27, 0x2E, 0x33, 0x37, 0x3B, 0x3E, 0x41, 0x43, 0x01, 0x44, 
            0x86, 0x43, 0x41, 0x3F, 0x40, 0x45, 0x48, 0x4A, 0x15, 0x4C, 0x91, 0x4B, 0x4A, 0x48, 0x46, 0x44, 0x42, 0x3F, 0x3C, 0x38, 0x34, 0x2F, 0x2B, 0x25, 
            0x20, 0x1B, 0x14, 0x0D, 0x06, 0x25, 0x00, 0x23, 0x00, 0x8D, 0x06, 0x0C, 0x14, 0x1B, 0x23, 0x2B, 0x32, 0x38, 0x3C, 0x40, 0x44, 0x46, 0x47, 0x48, 
            0x02, 0x49, 0x01, 0x4A, 0x02, 0x49, 0x92, 0x48, 0x47, 0x46, 0x45, 0x44, 0x43, 0x42, 0x41, 0x40, 0x3E, 0x3D, 0x3A, 0x37, 0x32, 0x2B, 0x23, 0x19, 
            0x10, 0x06, 0x2D, 0x00, 0x92, 0x03, 0x09, 0x0F, 0x15, 0x1B, 0x21, 0x27, 0x2C, 0x31, 0x36, 0x3A, 0x3D, 0x40, 0x42, 0x44, 0x45, 0x46, 0x47, 0x48, 
            0x01, 0x49, 0x0B, 0x4A, 0x01, 0x49, 0x8C, 0x47, 0x46, 0x44, 0x42, 0x3F, 0x3B, 0x37, 0x32, 0x2D, 0x26, 0x1E, 0x15, 0x0A, 0x1C, 0x00, 0x8E, 0x01, 
            0x04, 0x07, 0x0A, 0x0F, 0x13, 0x17, 0x1B, 0x1E, 0x20, 0x23, 0x25, 0x27, 0x29, 0x2B, 0x01, 0x2C, 0x89, 0x2B, 0x29, 0x27, 0x24, 0x21, 0x1C, 0x17, 
            0x11, 0x0B, 0x04, 0x12, 0x00, 0x8F, 0x04, 0x0A, 0x0E, 0x12, 0x15, 0x17, 0x19, 0x1B, 0x1C, 0x1E, 0x1F, 0x20, 0x21, 0x23, 0x24, 0x25, 0x01, 0x26, 
            0x83, 0x25, 0x23, 0x21, 0x20, 0x02, 0x1E, 0x8E, 0x1F, 0x22, 0x26, 0x2A, 0x2E, 0x32, 0x36, 0x39, 0x3C, 0x3E, 0x40, 0x43, 0x45, 0x47, 0x48, 0x01, 
            0x49, 0x06, 0x4A, 0x8B, 0x49, 0x47, 0x44, 0x40, 0x3B, 0x34, 0x2C, 0x23, 0x1A, 0x11, 0x08, 0x01, 0x1B, 0x00, 0x99, 0x03, 0x08, 0x0B, 0x0E, 0x10, 
            0x12, 0x13, 0x14, 0x15, 0x16, 0x18, 0x1A, 0x1C, 0x1E, 0x1F, 0x21, 0x22, 0x24, 0x26, 0x28, 0x29, 0x2B, 0x2C, 0x2D, 0x2E, 0x2F, 0x08, 0x30, 0x01, 
            0x31, 0x89, 0x32, 0x33, 0x34, 0x35, 0x36, 0x37, 0x38, 0x39, 0x3A, 0x3B, 0x01, 0x3C, 0x01, 0x3D, 0x01, 0x3C, 0x80, 0x3B, 0x01, 0x3A, 0x02, 0x39, 
            0x80, 0x3A, 0x01, 0x3B, 0x03, 0x3C, 0x97, 0x3B, 0x3A, 0x39, 0x37, 0x36, 0x34, 0x32, 0x2F, 0x2B, 0x26, 0x21, 0x1B, 0x15, 0x0F, 0x17, 0x1F, 0x26, 
            0x2D, 0x32, 0x37, 0x3B, 0x3E, 0x41, 0x43, 0x01, 0x45, 0x87, 0x44, 0x43, 0x41, 0x3E, 0x41, 0x45, 0x48, 0x49, 0x14, 0x4A, 0x91, 0x49, 0x48, 0x46, 
            0x44, 0x42, 0x40, 0x3C, 0x39, 0x35, 0x30, 0x2C, 0x27, 0x22, 0x1D, 0x17, 0x11, 0x0A, 0x03, 0x25, 0x00, 0x23, 0x00, 0x8E, 0x06, 0x0C, 0x13, 0x1B, 
            0x22, 0x2A, 0x30, 0x36, 0x3A, 0x3E, 0x42, 0x44, 0x45, 0x46, 0x47, 0x05, 0x48, 0x01, 0x47, 0x80, 0x46, 0x01, 0x45, 0x84, 0x44, 0x43, 0x42, 0x40, 
            0x3F, 0x01, 0x3E, 0x88, 0x3C, 0x39, 0x35, 0x2F, 0x27, 0x1F, 0x15, 0x0B, 0x02, 0x2D, 0x00, 0x93, 0x01, 0x06, 0x0C, 0x12, 0x18, 0x1E, 0x24, 0x2A, 
            0x2F, 0x33, 0x37, 0x39, 0x3C, 0x3E, 0x40, 0x41, 0x43, 0x44, 0x45, 0x46, 0x01, 0x47, 0x08, 0x48, 0x01, 0x47, 0x8D, 0x46, 0x44, 0x42, 0x40, 0x3E, 
            0x3B, 0x38, 0x34, 0x2F, 0x2A, 0x24, 0x1C, 0x13, 0x09, 0x1C, 0x00, 0x99, 0x01, 0x03, 0x05, 0x09, 0x0D, 0x10, 0x14, 0x16, 0x19, 0x1B, 0x1D, 0x1F, 
            0x21, 0x23, 0x24, 0x25, 0x24, 0x23, 0x22, 0x1F, 0x1C, 0x18, 0x14, 0x0F, 0x09, 0x03, 0x13, 0x00, 0x8F, 0x01, 0x06, 0x0A, 0x0D, 0x10, 0x12, 0x14, 
            0x15, 0x17, 0x18, 0x19, 0x1A, 0x1C, 0x1E, 0x1F, 0x20, 0x02, 0x21, 0x80, 0x20, 0x01, 0x1F, 0x01, 0x1E, 0x91, 0x1F, 0x21, 0x23, 0x27, 0x2B, 0x2E, 
            0x32, 0x36, 0x38, 0x3B, 0x3C, 0x3F, 0x41, 0x43, 0x44, 0x45, 0x46, 0x47, 0x05, 0x48, 0x8B, 0x47, 0x46, 0x44, 0x42, 0x3D, 0x38, 0x32, 0x2A, 0x22, 
            0x19, 0x10, 0x07, 0x1B, 0x00, 0x9B, 0x04, 0x0A, 0x0E, 0x12, 0x15, 0x17, 0x18, 0x19, 0x1B, 0x1C, 0x1D, 0x1E, 0x1F, 0x21, 0x23, 0x24, 0x26, 0x27, 
            0x29, 0x2B, 0x2C, 0x2E, 0x30, 0x31, 0x32, 0x33, 0x34, 0x35, 0x02, 0x36, 0x04, 0x35, 0x01, 0x36, 0x80, 0x37, 0x01, 0x38, 0x86, 0x39, 0x3A, 0x3B, 
            0x3C, 0x3D, 0x3E, 0x3F, 0x01, 0x40, 0x03, 0x41, 0x01, 0x40, 0x04, 0x3F, 0x05, 0x40, 0x98, 0x3F, 0x3E, 0x3D, 0x3C, 0x3A, 0x38, 0x36, 0x33, 0x2F, 
            0x2B, 0x25, 0x20, 0x1A, 0x13, 0x17, 0x1E, 0x25, 0x2C, 0x31, 0x36, 0x3A, 0x3E, 0x41, 0x43, 0x44, 0x01, 0x45, 0x86, 0x44, 0x42, 0x3F, 0x3E, 0x42, 
            0x45, 0x47, 0x14, 0x48, 0x90, 0x47, 0x46, 0x44, 0x42, 0x3F, 0x3C, 0x39, 0x35, 0x31, 0x2C, 0x28, 0x23, 0x1E, 0x18, 0x13, 0x0C, 0x06, 0x26, 0x00, 
            0x22, 0x00, 0x8D, 0x01, 0x06, 0x0C, 0x13, 0x1A, 0x22, 0x29, 0x2F, 0x34, 0x38, 0x3C, 0x40, 0x42, 0x43, 0x01, 0x45, 0x06, 0x46, 0x01, 0x45, 0x01, 
            0x44, 0x84, 0x43, 0x42, 0x41, 0x40, 0x3F, 0x01, 0x3E, 0x88, 0x3C, 0x3A, 0x36, 0x31, 0x2B, 0x23, 0x1A, 0x10, 0x07, 0x2F, 0x00, 0x93, 0x02, 0x08, 
            0x0D, 0x13, 0x1A, 0x20, 0x26, 0x2B, 0x2F, 0x33, 0x35, 0x38, 0x3A, 0x3C, 0x3D, 0x3F, 0x41, 0x42, 0x43, 0x44, 0x01, 0x45, 0x05, 0x46, 0x90, 0x45, 
            0x44, 0x43, 0x42, 0x40, 0x3E, 0x3C, 0x39, 0x37, 0x34, 0x30, 0x2C, 0x27, 0x21, 0x1A, 0x11, 0x07, 0x1D, 0x00, 0x8C, 0x02, 0x05, 0x08, 0x0B, 0x0D, 
            0x10, 0x12, 0x14, 0x16, 0x17, 0x19, 0x1B, 0x1C, 0x02, 0x1D, 0x87, 0x1C, 0x1A, 0x18, 0x15, 0x11, 0x0C, 0x07, 0x02, 0x15, 0x00, 0x8E, 0x01, 0x05, 
            0x08, 0x0A, 0x0C, 0x0D, 0x0E, 0x0F, 0x10, 0x12, 0x13, 0x15, 0x17, 0x19, 0x1B, 0x01, 0x1C, 0x04, 0x1D, 0x91, 0x1E, 0x1F, 0x22, 0x24, 0x28, 0x2B, 
            0x2F, 0x32, 0x35, 0x37, 0x39, 0x3B, 0x3D, 0x3F, 0x40, 0x41, 0x43, 0x44, 0x01, 0x45, 0x04, 0x46, 0x8B, 0x45, 0x44, 0x41, 0x3E, 0x3A, 0x34, 0x2F, 
            0x27, 0x20, 0x17, 0x0E, 0x06, 0x1A, 0x00, 0x9A, 0x02, 0x09, 0x0F, 0x14, 0x17, 0x1A, 0x1C, 0x1D, 0x1E, 0x1F, 0x21, 0x22, 0x23, 0x24, 0x26, 0x28, 
            0x29, 0x2B, 0x2C, 0x2D, 0x2F, 0x30, 0x32, 0x33, 0x35, 0x36, 0x37, 0x01, 0x39, 0x08, 0x3A, 0x01, 0x3B, 0x01, 0x3C, 0x82, 0x3D, 0x3E, 0x3F, 0x01, 
            0x40, 0x80, 0x41, 0x01, 0x42, 0x06, 0x43, 0x04, 0x42, 0x05, 0x43, 0x98, 0x42, 0x40, 0x3F, 0x3E, 0x3D, 0x3C, 0x3A, 0x37, 0x33, 0x2E, 0x29, 0x23, 
            0x1D, 0x17, 0x15, 0x1D, 0x24, 0x2A, 0x30, 0x35, 0x39, 0x3D, 0x40, 0x42, 0x44, 0x01, 0x45, 0x87, 0x44, 0x43, 0x41, 0x3D, 0x3E, 0x41, 0x44, 0x45, 
            0x13, 0x46, 0x90, 0x45, 0x43, 0x41, 0x3F, 0x3B, 0x38, 0x34, 0x30, 0x2C, 0x27, 0x22, 0x1D, 0x18, 0x13, 0x0D, 0x07, 0x02, 0x26, 0x00, 0x22, 0x00, 
            0x8D, 0x02, 0x08, 0x0E, 0x14, 0x1B, 0x22, 0x29, 0x2E, 0x32, 0x37, 0x3B, 0x3E, 0x40, 0x42, 0x01, 0x43, 0x08, 0x44, 0x01, 0x43, 0x80, 0x42, 0x01, 
            0x41, 0x81, 0x40, 0x3F, 0x01, 0x3E, 0x89, 0x3C, 0x3A, 0x37, 0x32, 0x2D, 0x26, 0x1E, 0x15, 0x0C, 0x03, 0x30, 0x00, 0x92, 0x03, 0x09, 0x0F, 0x15, 
            0x1C, 0x22, 0x27, 0x2B, 0x2F, 0x31, 0x33, 0x36, 0x38, 0x3A, 0x3C, 0x3D, 0x3F, 0x40, 0x41, 0x01, 0x42, 0x03, 0x43, 0x01, 0x42, 0x8F, 0x41, 0x3F, 
            0x3E, 0x3C, 0x39, 0x37, 0x35, 0x32, 0x2F, 0x2C, 0x28, 0x23, 0x1E, 0x17, 0x0F, 0x05, 0x1D, 0x00, 0x8C, 0x02, 0x04, 0x06, 0x08, 0x0A, 0x0C, 0x0D, 
            0x0F, 0x10, 0x11, 0x13, 0x14, 0x15, 0x02, 0x16, 0x85, 0x15, 0x13, 0x10, 0x0D, 0x09, 0x05, 0x19, 0x00, 0x83, 0x02, 0x03, 0x05, 0x06, 0x01, 0x07, 
            0xA0, 0x08, 0x0A, 0x0B, 0x0D, 0x10, 0x12, 0x14, 0x16, 0x17, 0x18, 0x19, 0x1A, 0x1B, 0x1C, 0x1D, 0x1F, 0x22, 0x24, 0x28, 0x2B, 0x2E, 0x31, 0x34, 
            0x36, 0x38, 0x3A, 0x3C, 0x3D, 0x3E, 0x3F, 0x40, 0x41, 0x42, 0x01, 0x43, 0x80, 0x44, 0x02, 0x43, 0x8B, 0x42, 0x40, 0x3E, 0x3A, 0x36, 0x31, 0x2B, 
            0x24, 0x1C, 0x14, 0x0C, 0x04, 0x1A, 0x00, 0x99, 0x06, 0x0D, 0x13, 0x18, 0x1B, 0x1D, 0x1F, 0x21, 0x22, 0x24, 0x25, 0x26, 0x27, 0x29, 0x2A, 0x2B, 
            0x2D, 0x2E, 0x2F, 0x31, 0x32, 0x33, 0x35, 0x37, 0x38, 0x39, 0x01, 0x3B, 0x01, 0x3C, 0x08, 0x3D, 0x01, 0x3E, 0x01, 0x3F, 0x80, 0x40, 0x01, 0x41, 
            0x01, 0x42, 0x02, 0x43, 0x07, 0x44, 0x03, 0x43, 0x02, 0x44, 0x01, 0x43, 0x01, 0x42, 0x96, 0x41, 0x40, 0x3F, 0x3E, 0x3C, 0x39, 0x35, 0x31, 0x2C, 
            0x26, 0x20, 0x1A, 0x14, 0x1B, 0x22, 0x29, 0x2F, 0x34, 0x39, 0x3C, 0x3F, 0x41, 0x43, 0x02, 0x44, 0x86, 0x43, 0x41, 0x3F, 0x3B, 0x3E, 0x41, 0x43, 
            0x12, 0x44, 0x90, 0x43, 0x42, 0x40, 0x3E, 0x3B, 0x37, 0x33, 0x2F, 0x2B, 0x25, 0x20, 0x1B, 0x17, 0x12, 0x0D, 0x08, 0x02, 0x27, 0x00, 0x22, 0x00, 
            0x8E, 0x05, 0x0A, 0x10, 0x16, 0x1D, 0x23, 0x29, 0x2E, 0x31, 0x36, 0x3A, 0x3C, 0x3E, 0x40, 0x41, 0x0B, 0x42, 0x01, 0x41, 0x80, 0x40, 0x01, 0x3F, 
            0x8B, 0x3E, 0x3D, 0x3C, 0x39, 0x37, 0x33, 0x2F, 0x28, 0x21, 0x19, 0x10, 0x08, 0x32, 0x00, 0x90, 0x04, 0x0B, 0x11, 0x17, 0x1D, 0x22, 0x27, 0x2A, 
            0x2D, 0x30, 0x32, 0x34, 0x37, 0x39, 0x3A, 0x3C, 0x3D, 0x01, 0x3E, 0x03, 0x3F, 0x91, 0x3E, 0x3D, 0x3C, 0x3B, 0x39, 0x38, 0x35, 0x32, 0x30, 0x2E, 
            0x2B, 0x28, 0x24, 0x20, 0x1A, 0x14, 0x0C, 0x03, 0x1D, 0x00, 0x84, 0x01, 0x03, 0x04, 0x06, 0x07, 0x01, 0x08, 0x84, 0x09, 0x0A, 0x0B, 0x0C, 0x0D, 
            0x03, 0x0F, 0x84, 0x0E, 0x0C, 0x09, 0x06, 0x02, 0x21, 0x00, 0xA0, 0x02, 0x03, 0x05, 0x08, 0x0A, 0x0D, 0x0F, 0x12, 0x14, 0x15, 0x17, 0x19, 0x1B, 
            0x1D, 0x20, 0x22, 0x25, 0x28, 0x2B, 0x2E, 0x30, 0x33, 0x35, 0x37, 0x38, 0x39, 0x3A, 0x3B, 0x3C, 0x3D, 0x3E, 0x3F, 0x40, 0x02, 0x41, 0x8D, 0x40, 
            0x3F, 0x3E, 0x3D, 0x3A, 0x36, 0x32, 0x2D, 0x27, 0x20, 0x18, 0x10, 0x08, 0x01, 0x19, 0x00, 0x99, 0x01, 0x09, 0x10, 0x16, 0x1B, 0x1E, 0x20, 0x22, 
            0x23, 0x25, 0x26, 0x28, 0x29, 0x2A, 0x2B, 0x2D, 0x2E, 0x2F, 0x30, 0x32, 0x33, 0x35, 0x36, 0x38, 0x39, 0x3A, 0x01, 0x3C, 0x80, 0x3D, 0x09, 0x3E, 
            0x02, 0x3F, 0x01, 0x40, 0x01, 0x41, 0x17, 0x42, 0x80, 0x41, 0x01, 0x40, 0x94, 0x3F, 0x3E, 0x3C, 0x39, 0x36, 0x32, 0x2E, 0x28, 0x22, 0x1C, 0x15, 
            0x19, 0x21, 0x28, 0x2E, 0x33, 0x38, 0x3B, 0x3E, 0x40, 0x41, 0x03, 0x42, 0x86, 0x41, 0x3F, 0x3C, 0x3A, 0x3D, 0x40, 0x41, 0x10, 0x42, 0x90, 0x41, 
            0x40, 0x3E, 0x3C, 0x39, 0x35, 0x31, 0x2D, 0x29, 0x24, 0x1E, 0x1A, 0x15, 0x11, 0x0C, 0x07, 0x03, 0x28, 0x00, 0x21, 0x00, 0x8F, 0x03, 0x08, 0x0D, 
            0x13, 0x19, 0x1F, 0x25, 0x2A, 0x2E, 0x31, 0x36, 0x39, 0x3B, 0x3D, 0x3E, 0x3F, 0x0D, 0x40, 0x01, 0x3F, 0x8D, 0x3E, 0x3D, 0x3C, 0x3B, 0x39, 0x37, 
            0x34, 0x30, 0x2A, 0x24, 0x1C, 0x14, 0x0C, 0x05, 0x32, 0x00, 0x8F, 0x01, 0x07, 0x0D, 0x13, 0x19, 0x1E, 0x23, 0x26, 0x2A, 0x2D, 0x2F, 0x32, 0x34, 
            0x36, 0x37, 0x39, 0x02, 0x3A, 0x01, 0x3B, 0x01, 0x3A, 0x90, 0x39, 0x38, 0x37, 0x35, 0x33, 0x31, 0x2F, 0x2C, 0x2A, 0x27, 0x24, 0x21, 0x1C, 0x17, 
            0x10, 0x09, 0x01, 0x1E, 0x00, 0x81, 0x01, 0x02, 0x02, 0x03, 0x01, 0x04, 0x83, 0x05, 0x06, 0x07, 0x08, 0x02, 0x09, 0x83, 0x08, 0x07, 0x05, 0x02, 
            0x26, 0x00, 0x92, 0x01, 0x04, 0x06, 0x09, 0x0C, 0x0F, 0x12, 0x14, 0x17, 0x1A, 0x1C, 0x1F, 0x22, 0x26, 0x28, 0x2B, 0x2E, 0x30, 0x32, 0x01, 0x34, 
            0x85, 0x35, 0x36, 0x37, 0x38, 0x39, 0x3B, 0x01, 0x3C, 0x03, 0x3D, 0x8C, 0x3C, 0x3B, 0x3A, 0x38, 0x35, 0x32, 0x2E, 0x29, 0x23, 0x1C, 0x14, 0x0C, 
            0x04, 0x1A, 0x00, 0x98, 0x03, 0x0B, 0x12, 0x18, 0x1C, 0x20, 0x22, 0x23, 0x25, 0x27, 0x28, 0x29, 0x2B, 0x2C, 0x2D, 0x2F, 0x30, 0x31, 0x32, 0x34, 
            0x35, 0x37, 0x38, 0x39, 0x3B, 0x01, 0x3C, 0x80, 0x3D, 0x02, 0x3E, 0x01, 0x3F, 0x02, 0x3E, 0x04, 0x3F, 0x1D, 0x40, 0x01, 0x3F, 0x89, 0x3E, 0x3C, 
            0x3B, 0x38, 0x36, 0x32, 0x2E, 0x29, 0x23, 0x1D, 0x01, 0x17, 0x87, 0x1F, 0x26, 0x2C, 0x31, 0x36, 0x39, 0x3D, 0x3F, 0x05, 0x40, 0x85, 0x3E, 0x3C, 
            0x39, 0x3A, 0x3D, 0x3F, 0x0F, 0x40, 0x90, 0x3F, 0x3E, 0x3D, 0x3A, 0x37, 0x34, 0x30, 0x2C, 0x27, 0x22, 0x1D, 0x18, 0x14, 0x10, 0x0B, 0x07, 0x02, 
            0x29, 0x00, 0x20, 0x00, 0x8F, 0x02, 0x06, 0x0C, 0x11, 0x16, 0x1B, 0x21, 0x26, 0x2A, 0x2E, 0x31, 0x35, 0x38, 0x3A, 0x3C, 0x3D, 0x01, 0x3E, 0x0A, 
            0x3F, 0x02, 0x3E, 0x01, 0x3D, 0x8D, 0x3C, 0x3B, 0x3A, 0x39, 0x37, 0x34, 0x31, 0x2C, 0x26, 0x20, 0x18, 0x11, 0x09, 0x03, 0x33, 0x00, 0x8D, 0x04, 
            0x0A, 0x10, 0x15, 0x1A, 0x1F, 0x23, 0x26, 0x29, 0x2C, 0x2F, 0x31, 0x32, 0x34, 0x01, 0x35, 0x04, 0x36, 0x8F, 0x35, 0x34, 0x33, 0x31, 0x2F, 0x2D, 
            0x2B, 0x28, 0x26, 0x23, 0x20, 0x1D, 0x19, 0x14, 0x0D, 0x06, 0x25, 0x00, 0x02, 0x01, 0x01, 0x02, 0x01, 0x03, 0x81, 0x02, 0x01, 0x2B, 0x00, 0x97, 
            0x01, 0x04, 0x08, 0x0B, 0x0E, 0x12, 0x15, 0x18, 0x1C, 0x1F, 0x22, 0x25, 0x28, 0x2B, 0x2D, 0x2F, 0x30, 0x31, 0x32, 0x33, 0x34, 0x35, 0x36, 0x37, 
            0x01, 0x38, 0x04, 0x39, 0x8B, 0x38, 0x37, 0x36, 0x33, 0x30, 0x2D, 0x28, 0x24, 0x1E, 0x17, 0x0F, 0x07, 0x1B, 0x00, 0x99, 0x04, 0x0B, 0x12, 0x18, 
            0x1C, 0x20, 0x22, 0x24, 0x26, 0x27, 0x29, 0x2B, 0x2C, 0x2D, 0x2E, 0x30, 0x31, 0x33, 0x34, 0x35, 0x36, 0x38, 0x39, 0x3A, 0x3B, 0x3C, 0x01, 0x3D, 
            0x0D, 0x3E, 0x06, 0x3F, 0x07, 0x3E, 0x0B, 0x3F, 0x02, 0x3E, 0x95, 0x3D, 0x3C, 0x3B, 0x39, 0x37, 0x34, 0x31, 0x2D, 0x29, 0x24, 0x1E, 0x18, 0x14, 
            0x1C, 0x23, 0x29, 0x2F, 0x34, 0x38, 0x3B, 0x3D, 0x3E, 0x03, 0x3F, 0x87, 0x3E, 0x3D, 0x3B, 0x39, 0x36, 0x39, 0x3C, 0x3D, 0x01, 0x3E, 0x09, 0x3F, 
            0x01, 0x3E, 0x90, 0x3D, 0x3C, 0x3B, 0x39, 0x36, 0x32, 0x2E, 0x2A, 0x26, 0x21, 0x1C, 0x17, 0x13, 0x0E, 0x0A, 0x05, 0x01, 0x2A, 0x00, 0x1F, 0x00, 
            0x8F, 0x01, 0x05, 0x0A, 0x0F, 0x14, 0x18, 0x1D, 0x22, 0x27, 0x2B, 0x2E, 0x31, 0x35, 0x37, 0x39, 0x3B, 0x01, 0x3C, 0x0D, 0x3D, 0x02, 0x3C, 0x8E, 
            0x3B, 0x3A, 0x39, 0x38, 0x36, 0x34, 0x31, 0x2D, 0x28, 0x23, 0x1C, 0x15, 0x0E, 0x07, 0x01, 0x33, 0x00, 0x8E, 0x02, 0x08, 0x0D, 0x13, 0x18, 0x1C, 
            0x20, 0x24, 0x27, 0x2A, 0x2C, 0x2E, 0x2F, 0x30, 0x31, 0x01, 0x32, 0x80, 0x33, 0x01, 0x32, 0x8F, 0x31, 0x30, 0x2F, 0x2D, 0x2B, 0x29, 0x27, 0x25, 
            0x22, 0x20, 0x1C, 0x19, 0x15, 0x11, 0x0B, 0x04, 0x5C, 0x00, 0x91, 0x04, 0x08, 0x0C, 0x10, 0x14, 0x18, 0x1B, 0x1F, 0x22, 0x24, 0x27, 0x29, 0x2B, 
            0x2D, 0x2E, 0x2F, 0x30, 0x31, 0x01, 0x32, 0x80, 0x33, 0x02, 0x34, 0x01, 0x35, 0x8E, 0x36, 0x35, 0x34, 0x33, 0x32, 0x30, 0x2E, 0x2B, 0x28, 0x23, 
            0x1E, 0x18, 0x11, 0x09, 0x02, 0x1B, 0x00, 0x96, 0x04, 0x0B, 0x11, 0x17, 0x1C, 0x1F, 0x22, 0x25, 0x27, 0x28, 0x2A, 0x2B, 0x2C, 0x2E, 0x2F, 0x31, 
            0x32, 0x34, 0x35, 0x36, 0x37, 0x39, 0x3A, 0x01, 0x3B, 0x03, 0x3C, 0x13, 0x3D, 0x09, 0x3C, 0x09, 0x3D, 0x01, 0x3C, 0x01, 0x3B, 0x94, 0x39, 0x38, 
            0x37, 0x35, 0x32, 0x2F, 0x2C, 0x28, 0x24, 0x1F, 0x19, 0x13, 0x19, 0x20, 0x26, 0x2C, 0x31, 0x36, 0x39, 0x3B, 0x3C, 0x04, 0x3D, 0x87, 0x3C, 0x3A, 
            0x38, 0x35, 0x36, 0x38, 0x3A, 0x3B, 0x01, 0x3C, 0x08, 0x3D, 0x01, 0x3C, 0x8E, 0x3A, 0x39, 0x37, 0x34, 0x31, 0x2D, 0x29, 0x25, 0x20, 0x1B, 0x16, 
            0x12, 0x0D, 0x08, 0x04, 0x2C, 0x00, 0x1E, 0x00, 0x8F, 0x01, 0x05, 0x09, 0x0E, 0x13, 0x17, 0x1B, 0x1F, 0x24, 0x28, 0x2B, 0x2F, 0x31, 0x34, 0x37, 
            0x38, 0x01, 0x3A, 0x10, 0x3B, 0x01, 0x3A, 0x8E, 0x39, 0x38, 0x37, 0x35, 0x33, 0x31, 0x2E, 0x29, 0x25, 0x1F, 0x19, 0x12, 0x0C, 0x06, 0x01, 0x21, 
            0x00, 0x81, 0x01, 0x02, 0x01, 0x03, 0x03, 0x04, 0x01, 0x03, 0x80, 0x02, 0x06, 0x00, 0x8D, 0x01, 0x06, 0x0C, 0x11, 0x16, 0x1A, 0x1E, 0x21, 0x24, 
            0x27, 0x29, 0x2B, 0x2C, 0x2D, 0x01, 0x2E, 0x01, 0x2F, 0x90, 0x2E, 0x2D, 0x2C, 0x2B, 0x2A, 0x28, 0x26, 0x24, 0x22, 0x1F, 0x1D, 0x1A, 0x16, 0x12, 
            0x0E, 0x08, 0x02, 0x5C, 0x00, 0x8F, 0x01, 0x05, 0x0A, 0x0E, 0x13, 0x16, 0x1A, 0x1D, 0x20, 0x23, 0x26, 0x28, 0x2A, 0x2B, 0x2C, 0x2D, 0x01, 0x2E, 
            0x01, 0x2F, 0x02, 0x30, 0x03, 0x31, 0x8C, 0x30, 0x2F, 0x2E, 0x2D, 0x2B, 0x29, 0x26, 0x22, 0x1E, 0x18, 0x12, 0x0A, 0x03, 0x1C, 0x00, 0x96, 0x03, 
            0x0A, 0x10, 0x16, 0x1A, 0x1E, 0x21, 0x24, 0x26, 0x28, 0x2A, 0x2B, 0x2D, 0x2E, 0x2F, 0x31, 0x32, 0x34, 0x35, 0x36, 0x37, 0x38, 0x39, 0x02, 0x3A, 
            0x15, 0x3B, 0x03, 0x3A, 0x03, 0x39, 0x05, 0x3A, 0x05, 0x3B, 0x02, 0x3A, 0x95, 0x39, 0x38, 0x37, 0x36, 0x35, 0x33, 0x30, 0x2D, 0x2B, 0x27, 0x24, 
            0x1F, 0x1A, 0x14, 0x15, 0x1C, 0x23, 0x29, 0x2E, 0x33, 0x37, 0x39, 0x06, 0x3B, 0x86, 0x39, 0x37, 0x35, 0x32, 0x35, 0x37, 0x39, 0x02, 0x3A, 0x06, 
            0x3B, 0x01, 0x3A, 0x8E, 0x39, 0x37, 0x35, 0x33, 0x30, 0x2C, 0x28, 0x24, 0x20, 0x1B, 0x16, 0x11, 0x0C, 0x07, 0x02, 0x2D, 0x00, 0x1D, 0x00, 0x91, 
            0x01, 0x05, 0x09, 0x0D, 0x12, 0x15, 0x19, 0x1D, 0x21, 0x25, 0x29, 0x2C, 0x2F, 0x31, 0x34, 0x36, 0x37, 0x38, 0x11, 0x39, 0x02, 0x38, 0x8E, 0x37, 
            0x36, 0x34, 0x32, 0x30, 0x2E, 0x2A, 0x26, 0x21, 0x1C, 0x16, 0x11, 0x0B, 0x06, 0x01, 0x1E, 0x00, 0x83, 0x01, 0x02, 0x04, 0x05, 0x01, 0x06, 0x04, 
            0x07, 0x83, 0x06, 0x05, 0x04, 0x02, 0x06, 0x00, 0x8B, 0x05, 0x0B, 0x10, 0x14, 0x18, 0x1C, 0x1F, 0x22, 0x24, 0x26, 0x28, 0x29, 0x01, 0x2A, 0x02, 
            0x2B, 0x01, 0x2A, 0x8C, 0x29, 0x27, 0x25, 0x24, 0x21, 0x1F, 0x1D, 0x1B, 0x18, 0x14, 0x10, 0x0B, 0x06, 0x5E, 0x00, 0x8C, 0x03, 0x08, 0x0C, 0x11, 
            0x15, 0x18, 0x1C, 0x1F, 0x21, 0x24, 0x26, 0x27, 0x28, 0x01, 0x2A, 0x01, 0x2B, 0x04, 0x2C, 0x01, 0x2D, 0x80, 0x2C, 0x01, 0x2B, 0x8A, 0x2A, 0x29, 
            0x28, 0x26, 0x24, 0x21, 0x1C, 0x18, 0x12, 0x0B, 0x03, 0x1D, 0x00, 0x95, 0x02, 0x08, 0x0E, 0x14, 0x18, 0x1C, 0x1F, 0x22, 0x25, 0x27, 0x29, 0x2B, 
            0x2D, 0x2E, 0x2F, 0x30, 0x32, 0x33, 0x34, 0x35, 0x36, 0x37, 0x01, 0x38, 0x16, 0x39, 0x02, 0x38, 0x01, 0x37, 0x04, 0x36, 0x02, 0x37, 0x09, 0x38, 
            0x80, 0x37, 0x01, 0x36, 0x93, 0x35, 0x34, 0x32, 0x31, 0x2F, 0x2C, 0x2A, 0x27, 0x23, 0x1F, 0x1A, 0x15, 0x11, 0x19, 0x1F, 0x25, 0x2B, 0x30, 0x35, 
            0x37, 0x06, 0x39, 0x87, 0x38, 0x36, 0x34, 0x31, 0x32, 0x34, 0x36, 0x37, 0x02, 0x38, 0x05, 0x39, 0x8F, 0x38, 0x37, 0x36, 0x34, 0x32, 0x2F, 0x2B, 
            0x28, 0x24, 0x1F, 0x1B, 0x16, 0x11, 0x0B, 0x06, 0x01, 0x2E, 0x00, 0x1C, 0x00, 0x91, 0x01, 0x05, 0x09, 0x0D, 0x11, 0x14, 0x18, 0x1B, 0x1F, 0x23, 
            0x26, 0x29, 0x2C, 0x2F, 0x31, 0x33, 0x35, 0x36, 0x13, 0x37, 0x01, 0x36, 0x8F, 0x35, 0x34, 0x33, 0x32, 0x30, 0x2E, 0x2B, 0x27, 0x23, 0x1F, 0x1A, 
            0x14, 0x0F, 0x0A, 0x05, 0x01, 0x1C, 0x00, 0x85, 0x02, 0x03, 0x05, 0x06, 0x07, 0x08, 0x02, 0x09, 0x02, 0x0A, 0x01, 0x09, 0x83, 0x07, 0x06, 0x03, 
            0x01, 0x05, 0x00, 0x8A, 0x05, 0x0A, 0x0E, 0x13, 0x16, 0x1A, 0x1D, 0x1F, 0x21, 0x23, 0x24, 0x01, 0x26, 0x02, 0x27, 0x8E, 0x28, 0x27, 0x26, 0x25, 
            0x23, 0x22, 0x20, 0x1D, 0x1B, 0x19, 0x16, 0x12, 0x0E, 0x09, 0x04, 0x5E, 0x00, 0x8D, 0x02, 0x06, 0x0A, 0x0F, 0x13, 0x16, 0x19, 0x1C, 0x1E, 0x21, 
            0x22, 0x24, 0x25, 0x26, 0x01, 0x27, 0x04, 0x28, 0x01, 0x29, 0x01, 0x28, 0x80, 0x27, 0x01, 0x26, 0x88, 0x25, 0x24, 0x22, 0x1F, 0x1B, 0x16, 0x11, 
            0x0A, 0x04, 0x1F, 0x00, 0x93, 0x06, 0x0C, 0x11, 0x16, 0x1A, 0x1D, 0x20, 0x23, 0x25, 0x28, 0x2A, 0x2B, 0x2D, 0x2E, 0x2F, 0x31, 0x32, 0x33, 0x34, 
            0x35, 0x01, 0x36, 0x16, 0x37, 0x01, 0x36, 0x01, 0x35, 0x80, 0x34, 0x06, 0x33, 0x01, 0x34, 0x09, 0x35, 0x01, 0x34, 0x94, 0x33, 0x32, 0x31, 0x30, 
            0x2F, 0x2D, 0x2B, 0x29, 0x26, 0x23, 0x1F, 0x1B, 0x16, 0x10, 0x15, 0x1C, 0x22, 0x28, 0x2D, 0x32, 0x35, 0x07, 0x37, 0x87, 0x35, 0x33, 0x30, 0x2F, 
            0x31, 0x33, 0x34, 0x35, 0x02, 0x36, 0x03, 0x37, 0x01, 0x36, 0x8D, 0x34, 0x33, 0x31, 0x2E, 0x2A, 0x27, 0x23, 0x1F, 0x1B, 0x16, 0x11, 0x0B, 0x06, 
            0x01, 0x2F, 0x00, 0x1B, 0x00, 0x91, 0x01, 0x05, 0x09, 0x0D, 0x11, 0x14, 0x17, 0x1A, 0x1E, 0x21, 0x24, 0x27, 0x29, 0x2C, 0x2F, 0x31, 0x32, 0x34, 
            0x15, 0x35, 0x80, 0x34, 0x01, 0x33, 0x8E, 0x32, 0x31, 0x2F, 0x2E, 0x2B, 0x28, 0x24, 0x20, 0x1C, 0x17, 0x13, 0x0E, 0x09, 0x05, 0x01, 0x1A, 0x00, 
            0x83, 0x02, 0x04, 0x06, 0x07, 0x01, 0x09, 0x80, 0x0A, 0x02, 0x0B, 0x03, 0x0C, 0x85, 0x0B, 0x0A, 0x09, 0x07, 0x04, 0x01, 0x05, 0x00, 0x8B, 0x05, 
            0x09, 0x0D, 0x11, 0x15, 0x18, 0x1B, 0x1D, 0x1F, 0x20, 0x21, 0x23, 0x01, 0x24, 0x02, 0x25, 0x8C, 0x24, 0x23, 0x21, 0x20, 0x1E, 0x1C, 0x19, 0x17, 
            0x14, 0x10, 0x0B, 0x07, 0x01, 0x5F, 0x00, 0x8D, 0x03, 0x08, 0x0C, 0x0F, 0x13, 0x16, 0x19, 0x1B, 0x1D, 0x1F, 0x20, 0x21, 0x22, 0x23, 0x08, 0x24, 
            0x01, 0x23, 0x01, 0x22, 0x87, 0x21, 0x1F, 0x1C, 0x18, 0x14, 0x0F, 0x09, 0x03, 0x20, 0x00, 0x91, 0x04, 0x09, 0x0E, 0x13, 0x17, 0x1B, 0x1E, 0x21, 
            0x23, 0x26, 0x28, 0x2A, 0x2B, 0x2D, 0x2E, 0x30, 0x31, 0x32, 0x01, 0x33, 0x80, 0x34, 0x16, 0x35, 0x01, 0x34, 0x81, 0x33, 0x32, 0x01, 0x31, 0x80, 
            0x30, 0x03, 0x2F, 0x02, 0x30, 0x02, 0x31, 0x08, 0x32, 0x01, 0x31, 0x93, 0x30, 0x2F, 0x2E, 0x2D, 0x2B, 0x2A, 0x28, 0x25, 0x22, 0x1F, 0x1B, 0x16, 
            0x11, 0x12, 0x19, 0x1F, 0x25, 0x2B, 0x30, 0x33, 0x07, 0x35, 0x87, 0x33, 0x31, 0x2F, 0x2B, 0x2E, 0x2F, 0x31, 0x32, 0x01, 0x33, 0x05, 0x34, 0x8D, 
            0x33, 0x32, 0x30, 0x2D, 0x2A, 0x27, 0x23, 0x1F, 0x1B, 0x16, 0x11, 0x0C, 0x06, 0x01, 0x30, 0x00, 0x1A, 0x00, 0x92, 0x02, 0x05, 0x09, 0x0D, 0x10, 
            0x13, 0x16, 0x19, 0x1C, 0x1F, 0x22, 0x24, 0x27, 0x29, 0x2C, 0x2E, 0x30, 0x31, 0x32, 0x15, 0x33, 0x01, 0x32, 0x8F, 0x31, 0x30, 0x2F, 0x2E, 0x2D, 
            0x2A, 0x28, 0x24, 0x21, 0x1D, 0x19, 0x15, 0x10, 0x0C, 0x08, 0x04, 0x19, 0x00, 0x86, 0x01, 0x04, 0x06, 0x08, 0x09, 0x0A, 0x0B, 0x02, 0x0C, 0x01, 
            0x0D, 0x03, 0x0E, 0x85, 0x0C, 0x0B, 0x09, 0x07, 0x04, 0x01, 0x05, 0x00, 0x8D, 0x04, 0x08, 0x0C, 0x10, 0x13, 0x16, 0x18, 0x1A, 0x1C, 0x1E, 0x1F, 
            0x20, 0x21, 0x22, 0x01, 0x23, 0x8B, 0x22, 0x21, 0x1F, 0x1E, 0x1C, 0x1A, 0x17, 0x15, 0x11, 0x0E, 0x09, 0x04, 0x60, 0x00, 0x8C, 0x01, 0x05, 0x09, 
            0x0C, 0x0F, 0x12, 0x15, 0x17, 0x19, 0x1B, 0x1C, 0x1D, 0x1E, 0x02, 0x1F, 0x03, 0x20, 0x80, 0x21, 0x01, 0x20, 0x01, 0x1F, 0x88, 0x1E, 0x1D, 0x1B, 
            0x19, 0x16, 0x12, 0x0D, 0x08, 0x02, 0x21, 0x00, 0x92, 0x02, 0x07, 0x0C, 0x11, 0x15, 0x19, 0x1C, 0x1F, 0x21, 0x24, 0x26, 0x28, 0x2A, 0x2B, 0x2D, 
            0x2E, 0x2F, 0x30, 0x31, 0x01, 0x32, 0x15, 0x33, 0x01, 0x32, 0x83, 0x31, 0x30, 0x2F, 0x2E, 0x01, 0x2D, 0x01, 0x2C, 0x80, 0x2B, 0x04, 0x2C, 0x01, 
            0x2D, 0x02, 0x2E, 0x06, 0x2F, 0x01, 0x2E, 0x92, 0x2D, 0x2C, 0x2B, 0x2A, 0x28, 0x26, 0x24, 0x22, 0x1F, 0x1B, 0x16, 0x11, 0x10, 0x17, 0x1D, 0x22, 
            0x28, 0x2D, 0x31, 0x07, 0x33, 0x85, 0x32, 0x30, 0x2D, 0x2A, 0x2B, 0x2C, 0x01, 0x2E, 0x81, 0x2F, 0x30, 0x01, 0x31, 0x02, 0x32, 0x8D, 0x31, 0x30, 
            0x2E, 0x2C, 0x2A, 0x26, 0x23, 0x1F, 0x1B, 0x16, 0x11, 0x0C, 0x07, 0x01, 0x31, 0x00, 0x19, 0x00, 0x92, 0x02, 0x06, 0x09, 0x0D, 0x10, 0x13, 0x16, 
            0x19, 0x1B, 0x1E, 0x20, 0x22, 0x25, 0x27, 0x29, 0x2B, 0x2D, 0x2E, 0x30, 0x08, 0x31, 0x05, 0x30, 0x06, 0x31, 0x02, 0x30, 0x01, 0x2F, 0x8E, 0x2E, 
            0x2D, 0x2B, 0x29, 0x27, 0x24, 0x21, 0x1D, 0x19, 0x15, 0x11, 0x0E, 0x0A, 0x06, 0x02, 0x18, 0x00, 0x85, 0x02, 0x05, 0x07, 0x09, 0x0A, 0x0C, 0x01, 
            0x0D, 0x02, 0x0E, 0x80, 0x0F, 0x03, 0x10, 0x86, 0x0E, 0x0D, 0x0C, 0x0A, 0x07, 0x04, 0x01, 0x05, 0x00, 0x8C, 0x04, 0x07, 0x0B, 0x0E, 0x11, 0x14, 
            0x16, 0x18, 0x1A, 0x1B, 0x1D, 0x1E, 0x1F, 0x02, 0x20, 0x8A, 0x1F, 0x1D, 0x1C, 0x1A, 0x18, 0x15, 0x12, 0x0F, 0x0B, 0x07, 0x02, 0x61, 0x00, 0x8C, 
            0x02, 0x05, 0x08, 0x0B, 0x0E, 0x10, 0x12, 0x14, 0x15, 0x17, 0x18, 0x19, 0x1A, 0x01, 0x1B, 0x06, 0x1C, 0x89, 0x1B, 0x1A, 0x19, 0x17, 0x15, 0x12, 
            0x0F, 0x0A, 0x06, 0x01, 0x22, 0x00, 0x91, 0x01, 0x05, 0x0A, 0x0F, 0x13, 0x16, 0x1A, 0x1D, 0x1F, 0x22, 0x24, 0x26, 0x28, 0x29, 0x2B, 0x2C, 0x2D, 
            0x2E, 0x01, 0x2F, 0x16, 0x30, 0x01, 0x2F, 0x85, 0x2E, 0x2D, 0x2C, 0x2B, 0x2A, 0x29, 0x07, 0x28, 0x02, 0x29, 0x01, 0x2A, 0x01, 0x2B, 0x01, 0x2C, 
            0x80, 0x2D, 0x03, 0x2C, 0x93, 0x2B, 0x2A, 0x29, 0x28, 0x26, 0x25, 0x23, 0x20, 0x1D, 0x1A, 0x16, 0x11, 0x0E, 0x15, 0x1B, 0x20, 0x26, 0x2B, 0x2F, 
            0x31, 0x05, 0x32, 0x88, 0x31, 0x30, 0x2E, 0x2B, 0x28, 0x27, 0x29, 0x2A, 0x2B, 0x01, 0x2C, 0x80, 0x2D, 0x04, 0x2E, 0x8B, 0x2D, 0x2B, 0x28, 0x26, 
            0x23, 0x1F, 0x1B, 0x16, 0x12, 0x0D, 0x07, 0x02, 0x32, 0x00, 0x18, 0x00, 0x93, 0x03, 0x06, 0x09, 0x0C, 0x0F, 0x12, 0x15, 0x18, 0x1A, 0x1C, 0x1F, 
            0x21, 0x22, 0x25, 0x27, 0x28, 0x2A, 0x2C, 0x2D, 0x2E, 0x04, 0x2F, 0x04, 0x2E, 0x03, 0x2D, 0x09, 0x2E, 0x01, 0x2D, 0x01, 0x2C, 0x8D, 0x2B, 0x29, 
            0x27, 0x25, 0x23, 0x20, 0x1C, 0x19, 0x15, 0x11, 0x0E, 0x0B, 0x07, 0x03, 0x18, 0x00, 0x87, 0x02, 0x05, 0x07, 0x09, 0x0B, 0x0C, 0x0D, 0x0E, 0x01, 
            0x0F, 0x80, 0x10, 0x01, 0x11, 0x01, 0x12, 0x01, 0x11, 0x86, 0x0F, 0x0E, 0x0C, 0x0A, 0x07, 0x04, 0x01, 0x05, 0x00, 0x8B, 0x04, 0x07, 0x0A, 0x0D, 
            0x10, 0x12, 0x14, 0x16, 0x18, 0x19, 0x1B, 0x1C, 0x02, 0x1D, 0x89, 0x1C, 0x1B, 0x19, 0x17, 0x15, 0x13, 0x10, 0x0D, 0x09, 0x04, 0x63, 0x00, 0x8B, 
            0x01, 0x03, 0x06, 0x08, 0x0A, 0x0C, 0x0E, 0x10, 0x11, 0x13, 0x14, 0x15, 0x01, 0x16, 0x06, 0x17, 0x87, 0x16, 0x14, 0x13, 0x10, 0x0E, 0x0B, 0x07, 
            0x03, 0x25, 0x00, 0x8E, 0x04, 0x08, 0x0D, 0x11, 0x14, 0x18, 0x1B, 0x1E, 0x20, 0x22, 0x24, 0x25, 0x26, 0x28, 0x29, 0x01, 0x2A, 0x01, 0x2B, 0x02, 
            0x2C, 0x12, 0x2D, 0x01, 0x2C, 0x86, 0x2B, 0x2A, 0x29, 0x28, 0x27, 0x26, 0x25, 0x01, 0x24, 0x04, 0x23, 0x80, 0x24, 0x02, 0x25, 0x80, 0x26, 0x01, 
            0x27, 0x80, 0x28, 0x02, 0x29, 0x80, 0x2A, 0x03, 0x29, 0x92, 0x28, 0x27, 0x26, 0x25, 0x23, 0x21, 0x1E, 0x1C, 0x19, 0x15, 0x10, 0x0D, 0x13, 0x19, 
            0x1E, 0x24, 0x29, 0x2D, 0x2F, 0x05, 0x30, 0x86, 0x2F, 0x2E, 0x2C, 0x29, 0x26, 0x24, 0x26, 0x01, 0x27, 0x80, 0x28, 0x01, 0x29, 0x80, 0x2A, 0x02, 
            0x2B, 0x8B, 0x2A, 0x29, 0x27, 0x25, 0x22, 0x1E, 0x1B, 0x16, 0x12, 0x0D, 0x08, 0x02, 0x33, 0x00, 0x17, 0x00, 0x93, 0x02, 0x05, 0x08, 0x0B, 0x0E, 
            0x11, 0x14, 0x16, 0x18, 0x1A, 0x1D, 0x1E, 0x20, 0x22, 0x24, 0x26, 0x27, 0x28, 0x2A, 0x2B, 0x02, 0x2C, 0x80, 0x2D, 0x02, 0x2C, 0x02, 0x2B, 0x04, 
            0x2A, 0x03, 0x2B, 0x04, 0x2C, 0x02, 0x2B, 0x90, 0x2A, 0x29, 0x28, 0x27, 0x25, 0x23, 0x21, 0x1E, 0x1B, 0x18, 0x14, 0x11, 0x0E, 0x0A, 0x07, 0x04, 
            0x01, 0x17, 0x00, 0x89, 0x02, 0x04, 0x07, 0x09, 0x0B, 0x0D, 0x0E, 0x0F, 0x10, 0x11, 0x01, 0x12, 0x80, 0x13, 0x01, 0x14, 0x88, 0x13, 0x12, 0x11, 
            0x10, 0x0E, 0x0C, 0x09, 0x06, 0x03, 0x06, 0x00, 0x89, 0x03, 0x06, 0x09, 0x0C, 0x0E, 0x10, 0x12, 0x14, 0x16, 0x17, 0x03, 0x19, 0x89, 0x18, 0x17, 
            0x16, 0x14, 0x12, 0x10, 0x0D, 0x0A, 0x06, 0x01, 0x65, 0x00, 0x8A, 0x01, 0x03, 0x05, 0x07, 0x08, 0x0A, 0x0C, 0x0D, 0x0E, 0x0F, 0x10, 0x01, 0x11, 
            0x01, 0x12, 0x02, 0x11, 0x87, 0x10, 0x0F, 0x0E, 0x0C, 0x0A, 0x07, 0x04, 0x01, 0x26, 0x00, 0x8D, 0x03, 0x07, 0x0B, 0x0F, 0x12, 0x16, 0x19, 0x1B, 
            0x1E, 0x20, 0x21, 0x22, 0x23, 0x24, 0x01, 0x25, 0x01, 0x26, 0x01, 0x27, 0x15, 0x28, 0x01, 0x27, 0x86, 0x26, 0x25, 0x24, 0x23, 0x22, 0x21, 0x20, 
            0x05, 0x1F, 0x01, 0x20, 0x01, 0x21, 0x81, 0x22, 0x23, 0x01, 0x24, 0x80, 0x25, 0x06, 0x26, 0x92, 0x25, 0x24, 0x23, 0x22, 0x21, 0x1E, 0x1C, 0x1A, 
            0x17, 0x13, 0x0E, 0x0B, 0x12, 0x18, 0x1D, 0x22, 0x27, 0x2B, 0x2D, 0x05, 0x2E, 0x86, 0x2D, 0x2C, 0x2A, 0x27, 0x24, 0x21, 0x23, 0x02, 0x24, 0x81, 
            0x25, 0x26, 0x01, 0x27, 0x8C, 0x28, 0x27, 0x26, 0x25, 0x23, 0x21, 0x1E, 0x1A, 0x17, 0x12, 0x0E, 0x09, 0x03, 0x34, 0x00, 0x16, 0x00, 0x94, 0x01, 
            0x04, 0x07, 0x0A, 0x0C, 0x0F, 0x12, 0x14, 0x16, 0x18, 0x1A, 0x1C, 0x1E, 0x1F, 0x21, 0x23, 0x24, 0x26, 0x27, 0x28, 0x29, 0x04, 0x2A, 0x01, 0x29, 
            0x01, 0x28, 0x05, 0x27, 0x02, 0x28, 0x06, 0x29, 0x01, 0x28, 0x90, 0x27, 0x26, 0x25, 0x24, 0x23, 0x21, 0x1F, 0x1C, 0x19, 0x16, 0x13, 0x10, 0x0C, 
            0x09, 0x06, 0x03, 0x01, 0x17, 0x00, 0x8D, 0x01, 0x04, 0x07, 0x09, 0x0B, 0x0D, 0x0E, 0x10, 0x11, 0x12, 0x13, 0x14, 0x15, 0x16, 0x01, 0x15, 0x88, 
            0x14, 0x13, 0x12, 0x10, 0x0D, 0x0B, 0x08, 0x05, 0x01, 0x06, 0x00, 0x88, 0x02, 0x05, 0x08, 0x0A, 0x0C, 0x0F, 0x10, 0x12, 0x13, 0x04, 0x15, 0x87, 
            0x14, 0x12, 0x11, 0x0F, 0x0C, 0x0A, 0x06, 0x03, 0x69, 0x00, 0x87, 0x01, 0x03, 0x04, 0x06, 0x07, 0x08, 0x09, 0x0A, 0x01, 0x0B, 0x01, 0x0C, 0x01, 
            0x0B, 0x85, 0x0A, 0x09, 0x08, 0x07, 0x05, 0x03, 0x29, 0x00, 0x8B, 0x02, 0x05, 0x09, 0x0D, 0x11, 0x14, 0x17, 0x19, 0x1B, 0x1D, 0x1E, 0x1F, 0x02, 
            0x20, 0x02, 0x21, 0x01, 0x22, 0x04, 0x23, 0x0D, 0x22, 0x80, 0x23, 0x02, 0x22, 0x01, 0x21, 0x84, 0x20, 0x1F, 0x1E, 0x1D, 0x1C, 0x06, 0x1B, 0x01, 
            0x1C, 0x01, 0x1D, 0x82, 0x1E, 0x1F, 0x20, 0x01, 0x21, 0x01, 0x22, 0x04, 0x23, 0x92, 0x22, 0x21, 0x20, 0x1F, 0x1E, 0x1C, 0x19, 0x17, 0x14, 0x11, 
            0x0C, 0x0A, 0x11, 0x16, 0x1B, 0x20, 0x25, 0x29, 0x2B, 0x05, 0x2C, 0x87, 0x2B, 0x2A, 0x28, 0x25, 0x22, 0x1E, 0x1F, 0x20, 0x01, 0x21, 0x80, 0x22, 
            0x01, 0x23, 0x02, 0x24, 0x89, 0x23, 0x22, 0x20, 0x1D, 0x1A, 0x17, 0x13, 0x0E, 0x09, 0x04, 0x35, 0x00, 0x16, 0x00, 0x93, 0x03, 0x05, 0x08, 0x0A, 
            0x0D, 0x0F, 0x12, 0x14, 0x16, 0x18, 0x19, 0x1B, 0x1C, 0x1E, 0x1F, 0x21, 0x23, 0x24, 0x25, 0x26, 0x02, 0x27, 0x80, 0x28, 0x01, 0x27, 0x01, 0x26, 
            0x03, 0x25, 0x03, 0x24, 0x02, 0x25, 0x06, 0x26, 0x01, 0x25, 0x01, 0x24, 0x8E, 0x23, 0x22, 0x20, 0x1F, 0x1D, 0x1A, 0x17, 0x14, 0x11, 0x0E, 0x0B, 
            0x08, 0x05, 0x03, 0x01, 0x18, 0x00, 0x8B, 0x03, 0x06, 0x09, 0x0B, 0x0D, 0x0E, 0x10, 0x12, 0x13, 0x14, 0x15, 0x16, 0x02, 0x17, 0x88, 0x16, 0x15, 
            0x13, 0x11, 0x0F, 0x0D, 0x0A, 0x07, 0x03, 0x07, 0x00, 0x87, 0x01, 0x04, 0x06, 0x09, 0x0B, 0x0D, 0x0E, 0x0F, 0x04, 0x11, 0x86, 0x10, 0x0F, 0x0D, 
            0x0B, 0x09, 0x06, 0x03, 0x6E, 0x00, 0x83, 0x01, 0x02, 0x03, 0x04, 0x04, 0x05, 0x01, 0x04, 0x81, 0x03, 0x01, 0x2D, 0x00, 0x89, 0x04, 0x07, 0x0B, 
            0x0E, 0x11, 0x14, 0x17, 0x19, 0x1A, 0x1B, 0x06, 0x1C, 0x05, 0x1D, 0x02, 0x1C, 0x01, 0x1B, 0x0D, 0x1C, 0x01, 0x1B, 0x01, 0x1A, 0x80, 0x19, 0x01, 
            0x18, 0x05, 0x17, 0x02, 0x18, 0x81, 0x19, 0x1A, 0x01, 0x1B, 0x81, 0x1C, 0x1D, 0x01, 0x1E, 0x06, 0x1F, 0x88, 0x1E, 0x1D, 0x1C, 0x1B, 0x19, 0x17, 
            0x15, 0x12, 0x0E, 0x01, 0x0A, 0x86, 0x10, 0x15, 0x1A, 0x1F, 0x23, 0x27, 0x29, 0x05, 0x2B, 0x87, 0x2A, 0x28, 0x26, 0x23, 0x1F, 0x1B, 0x1C, 0x1D, 
            0x01, 0x1E, 0x80, 0x1F, 0x01, 0x20, 0x01, 0x21, 0x01, 0x20, 0x88, 0x1F, 0x1D, 0x1A, 0x17, 0x13, 0x0F, 0x0B, 0x06, 0x01, 0x35, 0x00, 0x15, 0x00, 
            0x93, 0x01, 0x03, 0x05, 0x08, 0x0A, 0x0C, 0x0F, 0x11, 0x13, 0x15, 0x16, 0x18, 0x19, 0x1B, 0x1C, 0x1E, 0x1F, 0x20, 0x21, 0x23, 0x01, 0x24, 0x03, 
            0x25, 0x01, 0x24, 0x01, 0x23, 0x02, 0x22, 0x03, 0x21, 0x02, 0x22, 0x08, 0x23, 0x8F, 0x22, 0x21, 0x20, 0x1F, 0x1E, 0x1C, 0x1A, 0x18, 0x15, 0x12, 
            0x0F, 0x0C, 0x09, 0x06, 0x04, 0x02, 0x19, 0x00, 0x8A, 0x03, 0x06, 0x08, 0x0B, 0x0D, 0x0F, 0x10, 0x12, 0x14, 0x16, 0x17, 0x01, 0x18, 0x8B, 0x19, 
            0x18, 0x17, 0x16, 0x15, 0x12, 0x10, 0x0E, 0x0C, 0x09, 0x05, 0x02, 0x07, 0x00, 0x86, 0x01, 0x03, 0x05, 0x07, 0x09, 0x0A, 0x0C, 0x01, 0x0D, 0x01, 
            0x0E, 0x86, 0x0D, 0x0C, 0x0B, 0x09, 0x07, 0x05, 0x03, 0x7F, 0x00, 0x2A, 0x00, 0x89, 0x02, 0x05, 0x09, 0x0C, 0x0F, 0x12, 0x14, 0x16, 0x17, 0x18, 
            0x01, 0x19, 0x02, 0x18, 0x07, 0x17, 0x13, 0x16, 0x01, 0x15, 0x03, 0x14, 0x05, 0x13, 0x01, 0x14, 0x01, 0x15, 0x81, 0x16, 0x17, 0x01, 0x18, 0x80, 
            0x19, 0x01, 0x1A, 0x07, 0x1B, 0x90, 0x1A, 0x19, 0x18, 0x16, 0x14, 0x12, 0x0F, 0x0C, 0x07, 0x09, 0x0E, 0x13, 0x18, 0x1D, 0x22, 0x25, 0x27, 0x05, 
            0x29, 0x87, 0x28, 0x26, 0x23, 0x20, 0x1D, 0x18, 0x19, 0x1A, 0x01, 0x1B, 0x80, 0x1C, 0x05, 0x1D, 0x87, 0x1C, 0x1A, 0x17, 0x14, 0x10, 0x0C, 0x07, 
            0x03, 0x36, 0x00, 0x16, 0x00, 0x93, 0x03, 0x05, 0x07, 0x09, 0x0B, 0x0E, 0x10, 0x11, 0x13, 0x15, 0x16, 0x17, 0x19, 0x1A, 0x1B, 0x1D, 0x1E, 0x1F, 
            0x20, 0x21, 0x04, 0x22, 0x02, 0x21, 0x01, 0x20, 0x01, 0x1F, 0x03, 0x1E, 0x01, 0x1F, 0x02, 0x20, 0x05, 0x21, 0x01, 0x20, 0x8E, 0x1F, 0x1E, 0x1D, 
            0x1C, 0x1A, 0x18, 0x15, 0x13, 0x10, 0x0D, 0x0B, 0x08, 0x05, 0x03, 0x01, 0x19, 0x00, 0x8B, 0x03, 0x06, 0x09, 0x0B, 0x0E, 0x10, 0x11, 0x13, 0x15, 
            0x17, 0x18, 0x19, 0x01, 0x1A, 0x8A, 0x19, 0x18, 0x17, 0x16, 0x14, 0x12, 0x10, 0x0D, 0x0A, 0x07, 0x03, 0x09, 0x00, 0x85, 0x02, 0x04, 0x05, 0x07, 
            0x08, 0x09, 0x03, 0x0A, 0x84, 0x09, 0x08, 0x06, 0x04, 0x02, 0x7F, 0x00, 0x2B, 0x00, 0x88, 0x01, 0x04, 0x07, 0x0A, 0x0C, 0x0F, 0x11, 0x13, 0x14, 
            0x02, 0x15, 0x01, 0x14, 0x80, 0x13, 0x04, 0x12, 0x04, 0x11, 0x02, 0x10, 0x10, 0x11, 0x03, 0x10, 0x05, 0x0F, 0x01, 0x10, 0x01, 0x11, 0x80, 0x12, 
            0x01, 0x13, 0x81, 0x14, 0x15, 0x01, 0x16, 0x03, 0x17, 0x03, 0x18, 0x90, 0x17, 0x16, 0x15, 0x14, 0x12, 0x10, 0x0D, 0x09, 0x05, 0x08, 0x0D, 0x12, 
            0x17, 0x1B, 0x20, 0x23, 0x25, 0x05, 0x27, 0x84, 0x26, 0x24, 0x21, 0x1E, 0x1B, 0x01, 0x16, 0x80, 0x17, 0x01, 0x18, 0x80, 0x19, 0x02, 0x1A, 0x80, 
            0x1B, 0x01, 0x1A, 0x86, 0x19, 0x17, 0x14, 0x11, 0x0E, 0x09, 0x05, 0x37, 0x00, 0x16, 0x00, 0x93, 0x02, 0x04, 0x06, 0x08, 0x0A, 0x0C, 0x0E, 0x10, 
            0x11, 0x13, 0x14, 0x15, 0x17, 0x18, 0x19, 0x1B, 0x1C, 0x1D, 0x1E, 0x1F, 0x04, 0x20, 0x02, 0x1F, 0x80, 0x1E, 0x01, 0x1D, 0x02, 0x1C, 0x80, 0x1B, 
            0x02, 0x1C, 0x01, 0x1D, 0x07, 0x1E, 0x80, 0x1D, 0x01, 0x1C, 0x8B, 0x1B, 0x19, 0x18, 0x16, 0x13, 0x11, 0x0E, 0x0C, 0x09, 0x06, 0x04, 0x01, 0x19, 
            0x00, 0x8C, 0x01, 0x04, 0x07, 0x0A, 0x0C, 0x0E, 0x10, 0x12, 0x14, 0x16, 0x17, 0x19, 0x1A, 0x01, 0x1B, 0x8B, 0x1A, 0x19, 0x18, 0x17, 0x15, 0x13, 
            0x11, 0x0E, 0x0B, 0x08, 0x05, 0x02, 0x09, 0x00, 0x84, 0x01, 0x03, 0x04, 0x05, 0x06, 0x03, 0x07, 0x83, 0x06, 0x05, 0x03, 0x02, 0x7F, 0x00, 0x25, 
            0x00, 0x80, 0x01, 0x01, 0x02, 0x01, 0x03, 0x04, 0x04, 0x85, 0x07, 0x09, 0x0C, 0x0E, 0x0F, 0x10, 0x01, 0x11, 0x01, 0x10, 0x80, 0x0F, 0x01, 0x0E, 
            0x05, 0x0D, 0x12, 0x0C, 0x01, 0x0D, 0x04, 0x0C, 0x05, 0x0B, 0x02, 0x0C, 0x80, 0x0D, 0x01, 0x0E, 0x80, 0x0F, 0x01, 0x10, 0x81, 0x11, 0x12, 0x03, 
            0x13, 0x01, 0x14, 0x02, 0x15, 0x80, 0x14, 0x01, 0x13, 0x8D, 0x11, 0x10, 0x0D, 0x0B, 0x07, 0x03, 0x07, 0x0C, 0x11, 0x15, 0x1A, 0x1E, 0x21, 0x23, 
            0x01, 0x25, 0x01, 0x26, 0x01, 0x25, 0x87, 0x24, 0x22, 0x1F, 0x1C, 0x19, 0x14, 0x13, 0x14, 0x01, 0x15, 0x80, 0x16, 0x01, 0x17, 0x02, 0x18, 0x87, 
            0x17, 0x16, 0x14, 0x12, 0x0F, 0x0B, 0x07, 0x03, 0x37, 0x00, 0x16, 0x00, 0x92, 0x01, 0x03, 0x05, 0x07, 0x09, 0x0A, 0x0C, 0x0E, 0x0F, 0x11, 0x12, 
            0x13, 0x15, 0x16, 0x17, 0x18, 0x19, 0x1B, 0x1C, 0x01, 0x1D, 0x02, 0x1E, 0x02, 0x1D, 0x01, 0x1C, 0x01, 0x1B, 0x80, 0x1A, 0x04, 0x19, 0x01, 0x1A, 
            0x02, 0x1B, 0x04, 0x1C, 0x01, 0x1B, 0x01, 0x1A, 0x8A, 0x19, 0x17, 0x16, 0x14, 0x12, 0x0F, 0x0D, 0x0A, 0x08, 0x05, 0x03, 0x1A, 0x00, 0x8C, 0x02, 
            0x05, 0x09, 0x0B, 0x0D, 0x0F, 0x11, 0x13, 0x15, 0x17, 0x18, 0x1A, 0x1B, 0x01, 0x1C, 0x8B, 0x1B, 0x1A, 0x19, 0x18, 0x16, 0x14, 0x12, 0x0F, 0x0D, 
            0x0A, 0x06, 0x03, 0x0B, 0x00, 0x82, 0x02, 0x03, 0x04, 0x02, 0x05, 0x83, 0x04, 0x03, 0x02, 0x01, 0x7F, 0x00, 0x14, 0x00, 0x80, 0x02, 0x01, 0x03, 
            0x03, 0x04, 0x02, 0x03, 0x02, 0x02, 0x02, 0x03, 0x01, 0x04, 0x01, 0x05, 0x80, 0x06, 0x01, 0x07, 0x04, 0x08, 0x01, 0x07, 0x81, 0x09, 0x0A, 0x01, 
            0x0C, 0x01, 0x0D, 0x01, 0x0C, 0x81, 0x0B, 0x0A, 0x04, 0x09, 0x01, 0x0A, 0x03, 0x0B, 0x80, 0x0C, 0x19, 0x0B, 0x01, 0x0A, 0x02, 0x09, 0x80, 0x0A, 
            0x01, 0x0B, 0x81, 0x0C, 0x0D, 0x01, 0x0E, 0x01, 0x0F, 0x01, 0x10, 0x01, 0x11, 0x03, 0x12, 0x8F, 0x11, 0x10, 0x0F, 0x0E, 0x0B, 0x09, 0x05, 0x02, 
            0x06, 0x0B, 0x10, 0x14, 0x18, 0x1C, 0x1F, 0x21, 0x01, 0x23, 0x02, 0x24, 0x89, 0x23, 0x22, 0x20, 0x1D, 0x1A, 0x17, 0x13, 0x10, 0x11, 0x12, 0x01, 
            0x13, 0x01, 0x14, 0x02, 0x15, 0x87, 0x14, 0x13, 0x12, 0x10, 0x0D, 0x09, 0x06, 0x02, 0x37, 0x00, 0x17, 0x00, 0x91, 0x02, 0x03, 0x05, 0x07, 0x09, 
            0x0B, 0x0C, 0x0E, 0x0F, 0x10, 0x12, 0x13, 0x14, 0x15, 0x16, 0x17, 0x18, 0x1A, 0x06, 0x1B, 0x01, 0x1A, 0x01, 0x19, 0x80, 0x18, 0x02, 0x17, 0x80, 
            0x16, 0x02, 0x17, 0x01, 0x18, 0x08, 0x19, 0x01, 0x18, 0x8A, 0x17, 0x15, 0x14, 0x12, 0x10, 0x0D, 0x0B, 0x09, 0x06, 0x04, 0x01, 0x1A, 0x00, 0x8B, 
            0x03, 0x07, 0x0A, 0x0D, 0x0F, 0x11, 0x13, 0x15, 0x16, 0x18, 0x1A, 0x1B, 0x03, 0x1C, 0x8B, 0x1B, 0x1A, 0x19, 0x17, 0x15, 0x13, 0x10, 0x0E, 0x0B, 
            0x08, 0x04, 0x01, 0x0B, 0x00, 0x80, 0x01, 0x01, 0x02, 0x01, 0x03, 0x80, 0x02, 0x01, 0x01, 0x7F, 0x00, 0x13, 0x00, 0x83, 0x02, 0x03, 0x05, 0x06, 
            0x01, 0x07, 0x02, 0x08, 0x03, 0x07, 0x80, 0x06, 0x04, 0x07, 0x01, 0x08, 0x80, 0x09, 0x01, 0x0A, 0x80, 0x0B, 0x03, 0x0C, 0x02, 0x0B, 0x80, 0x0A, 
            0x05, 0x09, 0x80, 0x0A, 0x01, 0x0B, 0x80, 0x0C, 0x01, 0x0D, 0x04, 0x0E, 0x05, 0x0F, 0x15, 0x0E, 0x01, 0x0D, 0x01, 0x0C, 0x82, 0x0B, 0x0A, 0x08, 
            0x01, 0x07, 0x82, 0x08, 0x09, 0x0A, 0x01, 0x0B, 0x01, 0x0C, 0x80, 0x0D, 0x01, 0x0E, 0x01, 0x0F, 0x02, 0x10, 0x8F, 0x0F, 0x0E, 0x0D, 0x0C, 0x0A, 
            0x07, 0x04, 0x01, 0x05, 0x0A, 0x0E, 0x13, 0x17, 0x1A, 0x1D, 0x1F, 0x01, 0x21, 0x02, 0x22, 0x87, 0x21, 0x20, 0x1E, 0x1C, 0x18, 0x15, 0x11, 0x0E, 
            0x01, 0x0F, 0x80, 0x10, 0x01, 0x11, 0x04, 0x12, 0x85, 0x11, 0x0F, 0x0D, 0x0A, 0x07, 0x04, 0x38, 0x00, 0x17, 0x00, 0x92, 0x01, 0x03, 0x04, 0x06, 
            0x07, 0x09, 0x0B, 0x0C, 0x0D, 0x0F, 0x10, 0x11, 0x12, 0x13, 0x14, 0x15, 0x16, 0x17, 0x18, 0x04, 0x19, 0x01, 0x18, 0x01, 0x17, 0x80, 0x16, 0x01, 
            0x15, 0x04, 0x14, 0x01, 0x15, 0x02, 0x16, 0x05, 0x17, 0x01, 0x16, 0x01, 0x15, 0x88, 0x14, 0x12, 0x10, 0x0E, 0x0C, 0x0A, 0x07, 0x05, 0x03, 0x1A, 
            0x00, 0x8D, 0x01, 0x04, 0x08, 0x0B, 0x0E, 0x10, 0x12, 0x14, 0x16, 0x17, 0x19, 0x1A, 0x1B, 0x1C, 0x01, 0x1D, 0x8C, 0x1C, 0x1B, 0x1A, 0x19, 0x17, 
            0x16, 0x14, 0x11, 0x0E, 0x0B, 0x08, 0x05, 0x02, 0x0D, 0x00, 0x03, 0x01, 0x7F, 0x00, 0x13, 0x00, 0x86, 0x01, 0x02, 0x04, 0x06, 0x08, 0x09, 0x0A, 
            0x04, 0x0B, 0x06, 0x0A, 0x02, 0x0B, 0x01, 0x0C, 0x80, 0x0D, 0x01, 0x0E, 0x03, 0x0F, 0x01, 0x0E, 0x06, 0x0D, 0x01, 0x0E, 0x80, 0x0F, 0x02, 0x10, 
            0x0C, 0x11, 0x02, 0x10, 0x0A, 0x11, 0x04, 0x10, 0x02, 0x0F, 0x01, 0x0E, 0x89, 0x0D, 0x0C, 0x0B, 0x0A, 0x08, 0x07, 0x05, 0x06, 0x07, 0x08, 0x01, 
            0x09, 0x80, 0x0A, 0x01, 0x0B, 0x01, 0x0C, 0x80, 0x0D, 0x02, 0x0E, 0x01, 0x0D, 0x8E, 0x0C, 0x0A, 0x08, 0x06, 0x03, 0x01, 0x05, 0x09, 0x0D, 0x11, 
            0x15, 0x19, 0x1B, 0x1E, 0x1F, 0x03, 0x20, 0x86, 0x1F, 0x1E, 0x1C, 0x1A, 0x17, 0x13, 0x10, 0x01, 0x0C, 0x01, 0x0D, 0x80, 0x0E, 0x05, 0x0F, 0x85, 
            0x0E, 0x0C, 0x0A, 0x08, 0x05, 0x02, 0x38, 0x00, 0x18, 0x00, 0x8F, 0x02, 0x03, 0x05, 0x06, 0x08, 0x09, 0x0A, 0x0C, 0x0D, 0x0E, 0x0F, 0x10, 0x11, 
            0x12, 0x13, 0x14, 0x01, 0x15, 0x01, 0x16, 0x80, 0x17, 0x02, 0x16, 0x01, 0x15, 0x80, 0x14, 0x01, 0x13, 0x01, 0x12, 0x02, 0x11, 0x02, 0x12, 0x01, 
            0x13, 0x08, 0x14, 0x01, 0x13, 0x88, 0x12, 0x10, 0x0F, 0x0D, 0x0B, 0x08, 0x06, 0x04, 0x02, 0x1A, 0x00, 0x8B, 0x02, 0x05, 0x08, 0x0C, 0x0E, 0x11, 
            0x13, 0x15, 0x17, 0x18, 0x1A, 0x1B, 0x01, 0x1C, 0x01, 0x1D, 0x8C, 0x1C, 0x1B, 0x1A, 0x19, 0x17, 0x16, 0x14, 0x11, 0x0E, 0x0C, 0x09, 0x06, 0x03, 
            0x7F, 0x00, 0x24, 0x00, 0x88, 0x01, 0x03, 0x05, 0x07, 0x09, 0x0A, 0x0B, 0x0C, 0x0D, 0x05, 0x0E, 0x01, 0x0D, 0x04, 0x0E, 0x01, 0x0F, 0x02, 0x10, 
            0x06, 0x11, 0x06, 0x10, 0x01, 0x11, 0x80, 0x12, 0x02, 0x13, 0x05, 0x14, 0x13, 0x13, 0x03, 0x12, 0x02, 0x11, 0x01, 0x10, 0x01, 0x0F, 0x88, 0x0E, 
            0x0D, 0x0C, 0x0B, 0x09, 0x08, 0x06, 0x04, 0x05, 0x01, 0x06, 0x80, 0x07, 0x01, 0x08, 0x81, 0x09, 0x0A, 0x01, 0x0B, 0x03, 0x0C, 0x8F, 0x0B, 0x0A, 
            0x09, 0x07, 0x05, 0x02, 0x00, 0x04, 0x08, 0x0C, 0x10, 0x14, 0x17, 0x1A, 0x1C, 0x1D, 0x04, 0x1E, 0x86, 0x1C, 0x1A, 0x18, 0x15, 0x12, 0x0E, 0x0B, 
            0x01, 0x0A, 0x01, 0x0B, 0x04, 0x0C, 0x85, 0x0B, 0x0A, 0x09, 0x07, 0x05, 0x03, 0x39, 0x00, 0x18, 0x00, 0x8D, 0x01, 0x02, 0x04, 0x05, 0x06, 0x08, 
            0x09, 0x0A, 0x0B, 0x0C, 0x0D, 0x0E, 0x0F, 0x10, 0x01, 0x11, 0x80, 0x12, 0x01, 0x13, 0x03, 0x14, 0x01, 0x13, 0x01, 0x12, 0x80, 0x11, 0x01, 0x10, 
            0x01, 0x0F, 0x01, 0x0E, 0x02, 0x0F, 0x02, 0x10, 0x08, 0x11, 0x89, 0x10, 0x0F, 0x0E, 0x0D, 0x0B, 0x0A, 0x08, 0x05, 0x03, 0x01, 0x1A, 0x00, 0x8B, 
            0x02, 0x05, 0x09, 0x0C, 0x0E, 0x11, 0x13, 0x15, 0x17, 0x19, 0x1A, 0x1B, 0x04, 0x1C, 0x8C, 0x1B, 0x1A, 0x18, 0x17, 0x15, 0x13, 0x11, 0x0E, 0x0B, 
            0x09, 0x06, 0x03, 0x01, 0x7F, 0x00, 0x22, 0x00, 0x89, 0x01, 0x03, 0x05, 0x07, 0x09, 0x0B, 0x0C, 0x0D, 0x0E, 0x0F, 0x07, 0x10, 0x04, 0x11, 0x03, 
            0x12, 0x0E, 0x13, 0x01, 0x14, 0x02, 0x15, 0x03, 0x16, 0x09, 0x15, 0x01, 0x14, 0x09, 0x15, 0x02, 0x14, 0x01, 0x13, 0x01, 0x12, 0x80, 0x11, 0x01, 
            0x10, 0x01, 0x0F, 0x88, 0x0E, 0x0D, 0x0C, 0x0B, 0x09, 0x08, 0x06, 0x05, 0x03, 0x01, 0x04, 0x82, 0x05, 0x06, 0x07, 0x01, 0x08, 0x80, 0x09, 0x01, 
            0x0A, 0x02, 0x0B, 0x8E, 0x0A, 0x09, 0x08, 0x06, 0x04, 0x01, 0x00, 0x04, 0x08, 0x0B, 0x0F, 0x12, 0x16, 0x18, 0x1A, 0x01, 0x1C, 0x01, 0x1D, 0x01, 
            0x1C, 0x86, 0x1A, 0x19, 0x17, 0x14, 0x10, 0x0D, 0x0A, 0x01, 0x08, 0x06, 0x09, 0x84, 0x08, 0x07, 0x05, 0x04, 0x02, 0x3A, 0x00, 0x19, 0x00, 0x8B, 
            0x02, 0x03, 0x04, 0x05, 0x06, 0x07, 0x08, 0x09, 0x0A, 0x0B, 0x0C, 0x0D, 0x01, 0x0E, 0x80, 0x0F, 0x01, 0x10, 0x05, 0x11, 0x01, 0x10, 0x80, 0x0F, 
            0x01, 0x0E, 0x80, 0x0D, 0x06, 0x0C, 0x03, 0x0D, 0x07, 0x0E, 0x01, 0x0D, 0x87, 0x0C, 0x0B, 0x0A, 0x08, 0x06, 0x04, 0x02, 0x01, 0x1A, 0x00, 0x8A, 
            0x03, 0x06, 0x09, 0x0C, 0x0E, 0x11, 0x13, 0x15, 0x17, 0x19, 0x1A, 0x01, 0x1B, 0x01, 0x1C, 0x01, 0x1B, 0x8B, 0x1A, 0x19, 0x18, 0x16, 0x14, 0x12, 
            0x10, 0x0D, 0x0B, 0x08, 0x06, 0x03, 0x7F, 0x00, 0x23, 0x00, 0x88, 0x02, 0x05, 0x07, 0x09, 0x0B, 0x0C, 0x0E, 0x0F, 0x10, 0x02, 0x11, 0x04, 0x12, 
            0x04, 0x13, 0x05, 0x14, 0x0E, 0x15, 0x02, 0x16, 0x09, 0x17, 0x09, 0x16, 0x04, 0x17, 0x02, 0x16, 0x01, 0x15, 0x80, 0x14, 0x01, 0x13, 0x80, 0x12, 
            0x01, 0x11, 0x80, 0x10, 0x01, 0x0F, 0x8A, 0x0E, 0x0D, 0x0C, 0x0B, 0x09, 0x08, 0x06, 0x05, 0x03, 0x02, 0x03, 0x01, 0x04, 0x82, 0x05, 0x06, 0x07, 
            0x01, 0x08, 0x04, 0x09, 0x8D, 0x08, 0x06, 0x05, 0x03, 0x01, 0x00, 0x03, 0x07, 0x0A, 0x0E, 0x11, 0x14, 0x17, 0x18, 0x01, 0x1A, 0x02, 0x1B, 0x87, 
            0x1A, 0x19, 0x17, 0x15, 0x12, 0x0F, 0x0C, 0x09, 0x02, 0x06, 0x80, 0x07, 0x03, 0x06, 0x01, 0x05, 0x82, 0x04, 0x02, 0x01, 0x3B, 0x00, 0x19, 0x00, 
            0x87, 0x01, 0x02, 0x03, 0x04, 0x05, 0x06, 0x07, 0x08, 0x01, 0x09, 0x80, 0x0A, 0x01, 0x0B, 0x80, 0x0C, 0x01, 0x0D, 0x02, 0x0E, 0x01, 0x0F, 0x02, 
            0x0E, 0x01, 0x0D, 0x80, 0x0C, 0x01, 0x0B, 0x80, 0x0A, 0x07, 0x09, 0x0B, 0x0A, 0x80, 0x09, 0x01, 0x08, 0x83, 0x06, 0x05, 0x03, 0x01, 0x1B, 0x00, 
            0x8B, 0x03, 0x06, 0x09, 0x0C, 0x0E, 0x11, 0x13, 0x15, 0x17, 0x18, 0x19, 0x1A, 0x02, 0x1B, 0x01, 0x1A, 0x8B, 0x19, 0x18, 0x17, 0x15, 0x13, 0x11, 
            0x0F, 0x0C, 0x0A, 0x07, 0x05, 0x03, 0x7F, 0x00, 0x22, 0x00, 0x89, 0x01, 0x04, 0x06, 0x08, 0x0A, 0x0C, 0x0D, 0x0F, 0x10, 0x11, 0x01, 0x12, 0x02, 
            0x13, 0x03, 0x14, 0x06, 0x15, 0x10, 0x16, 0x03, 0x17, 0x06, 0x18, 0x0B, 0x17, 0x05, 0x18, 0x02, 0x17, 0x80, 0x16, 0x01, 0x15, 0x81, 0x14, 0x13, 
            0x01, 0x12, 0x81, 0x11, 0x10, 0x01, 0x0F, 0x88, 0x0E, 0x0D, 0x0B, 0x0A, 0x09, 0x08, 0x06, 0x05, 0x03, 0x02, 0x02, 0x82, 0x03, 0x04, 0x05, 0x01, 
            0x06, 0x80, 0x07, 0x04, 0x08, 0x83, 0x07, 0x05, 0x04, 0x02, 0x01, 0x00, 0x88, 0x02, 0x06, 0x09, 0x0D, 0x10, 0x13, 0x15, 0x17, 0x18, 0x04, 0x19, 
            0x86, 0x17, 0x16, 0x14, 0x11, 0x0E, 0x0B, 0x08, 0x05, 0x04, 0x01, 0x03, 0x81, 0x02, 0x01, 0x3E, 0x00, 0x17, 0x00, 0x80, 0x01, 0x01, 0x02, 0x81, 
            0x03, 0x04, 0x01, 0x05, 0x81, 0x06, 0x07, 0x01, 0x08, 0x80, 0x09, 0x02, 0x0A, 0x03, 0x0B, 0x05, 0x0C, 0x01, 0x0B, 0x80, 0x0A, 0x01, 0x09, 0x80, 
            0x08, 0x01, 0x07, 0x13, 0x06, 0x01, 0x05, 0x82, 0x04, 0x03, 0x02, 0x1C, 0x00, 0x8B, 0x03, 0x06, 0x08, 0x0B, 0x0E, 0x10, 0x12, 0x14, 0x16, 0x17, 
            0x18, 0x19, 0x02, 0x1A, 0x01, 0x19, 0x8B, 0x18, 0x17, 0x15, 0x14, 0x12, 0x10, 0x0E, 0x0B, 0x09, 0x07, 0x05, 0x02, 0x7F, 0x00, 0x22, 0x00, 0x88, 
            0x02, 0x04, 0x07, 0x09, 0x0B, 0x0C, 0x0E, 0x0F, 0x11, 0x01, 0x12, 0x80, 0x13, 0x02, 0x14, 0x03, 0x15, 0x0A, 0x16, 0x0E, 0x17, 0x09, 0x18, 0x07, 
            0x17, 0x09, 0x18, 0x01, 0x17, 0x01, 0x16, 0x83, 0x15, 0x14, 0x13, 0x12, 0x01, 0x11, 0x8C, 0x10, 0x0F, 0x0E, 0x0D, 0x0C, 0x0B, 0x0A, 0x09, 0x08, 
            0x06, 0x05, 0x03, 0x02, 0x01, 0x01, 0x82, 0x02, 0x03, 0x04, 0x01, 0x05, 0x01, 0x06, 0x03, 0x07, 0x83, 0x06, 0x05, 0x03, 0x02, 0x01, 0x00, 0x87, 
            0x02, 0x05, 0x08, 0x0C, 0x0E, 0x11, 0x14, 0x15, 0x01, 0x17, 0x01, 0x18, 0x01, 0x17, 0x87, 0x16, 0x14, 0x12, 0x10, 0x0D, 0x0A, 0x07, 0x04, 0x04, 
            0x02, 0x80, 0x01, 0x41, 0x00, 0x15, 0x00, 0x01, 0x01, 0x81, 0x02, 0x03, 0x01, 0x04, 0x81, 0x05, 0x06, 0x01, 0x07, 0x80, 0x08, 0x01, 0x09, 0x80, 
            0x0A, 0x01, 0x0B, 0x02, 0x0C, 0x01, 0x0B, 0x04, 0x0A, 0x01, 0x09, 0x01, 0x08, 0x81, 0x07, 0x06, 0x01, 0x05, 0x01, 0x04, 0x05, 0x03, 0x09, 0x02, 
            0x02, 0x03, 0x02, 0x02, 0x80, 0x01, 0x1D, 0x00, 0x8B, 0x03, 0x05, 0x08, 0x0A, 0x0D, 0x0F, 0x11, 0x13, 0x15, 0x16, 0x17, 0x18, 0x01, 0x19, 0x02, 
            0x18, 0x8B, 0x17, 0x16, 0x14, 0x13, 0x11, 0x0F, 0x0D, 0x0B, 0x09, 0x06, 0x04, 0x02, 0x72, 0x00, 0x04, 0x01, 0x2A, 0x00, 0x89, 0x02, 0x05, 0x07, 
            0x09, 0x0B, 0x0D, 0x0E, 0x10, 0x11, 0x12, 0x01, 0x13, 0x01, 0x14, 0x02, 0x15, 0x0D, 0x16, 0x2B, 0x17, 0x01, 0x16, 0x84, 0x15, 0x14, 0x13, 0x12, 
            0x11, 0x01, 0x10, 0x8C, 0x0F, 0x0E, 0x0D, 0x0C, 0x0B, 0x0A, 0x09, 0x08, 0x06, 0x05, 0x03, 0x02, 0x00, 0x01, 0x01, 0x81, 0x02, 0x03, 0x01, 0x04, 
            0x01, 0x05, 0x03, 0x06, 0x83, 0x05, 0x04, 0x03, 0x01, 0x01, 0x00, 0x87, 0x01, 0x04, 0x07, 0x0A, 0x0D, 0x10, 0x12, 0x14, 0x01, 0x15, 0x02, 0x16, 
            0x88, 0x15, 0x14, 0x13, 0x11, 0x0E, 0x0C, 0x09, 0x06, 0x03, 0x01, 0x01, 0x45, 0x00, 0x14, 0x00, 0x81, 0x01, 0x02, 0x01, 0x03, 0x81, 0x04, 0x05, 
            0x01, 0x06, 0x80, 0x07, 0x01, 0x08, 0x80, 0x09, 0x01, 0x0A, 0x80, 0x0B, 0x01, 0x0C, 0x02, 0x0D, 0x01, 0x0C, 0x83, 0x0B, 0x0A, 0x09, 0x08, 0x02, 
            0x07, 0x80, 0x06, 0x01, 0x05, 0x81, 0x04, 0x03, 0x01, 0x02, 0x02, 0x01, 0x32, 0x00, 0x8A, 0x02, 0x05, 0x07, 0x09, 0x0C, 0x0E, 0x10, 0x12, 0x13, 
            0x15, 0x16, 0x05, 0x17, 0x8B, 0x16, 0x15, 0x14, 0x12, 0x11, 0x0E, 0x0D, 0x0A, 0x08, 0x06, 0x04, 0x02, 0x70, 0x00, 0x81, 0x01, 0x02, 0x04, 0x03, 
            0x80, 0x02, 0x01, 0x01, 0x27, 0x00, 0x8A, 0x02, 0x05, 0x07, 0x09, 0x0B, 0x0C, 0x0E, 0x0F, 0x10, 0x11, 0x12, 0x01, 0x13, 0x01, 0x14, 0x04, 0x15, 
            0x0E, 0x16, 0x09, 0x17, 0x15, 0x16, 0x05, 0x17, 0x02, 0x16, 0x80, 0x15, 0x01, 0x14, 0x83, 0x13, 0x12, 0x11, 0x10, 0x01, 0x0F, 0x8C, 0x0E, 0x0D, 
            0x0C, 0x0B, 0x0A, 0x09, 0x08, 0x07, 0x05, 0x04, 0x03, 0x01, 0x00, 0x01, 0x01, 0x80, 0x02, 0x01, 0x03, 0x01, 0x04, 0x03, 0x05, 0x83, 0x04, 0x03, 
            0x02, 0x01, 0x02, 0x00, 0x87, 0x03, 0x06, 0x09, 0x0C, 0x0E, 0x11, 0x12, 0x13, 0x04, 0x14, 0x87, 0x13, 0x11, 0x10, 0x0D, 0x0A, 0x08, 0x05, 0x02, 
            0x47, 0x00, 0x13, 0x00, 0x82, 0x01, 0x02, 0x03, 0x01, 0x04, 0x81, 0x05, 0x06, 0x01, 0x07, 0x80, 0x08, 0x01, 0x09, 0x80, 0x0A, 0x01, 0x0B, 0x01, 
            0x0C, 0x01, 0x0D, 0x01, 0x0E, 0x01, 0x0D, 0x8B, 0x0C, 0x0B, 0x0A, 0x09, 0x08, 0x07, 0x06, 0x05, 0x04, 0x03, 0x02, 0x01, 0x37, 0x00, 0x8A, 0x01, 
            0x04, 0x06, 0x08, 0x0A, 0x0C, 0x0E, 0x10, 0x12, 0x13, 0x15, 0x05, 0x16, 0x8C, 0x15, 0x14, 0x13, 0x12, 0x10, 0x0E, 0x0C, 0x0A, 0x08, 0x07, 0x05, 
            0x03, 0x01, 0x6E, 0x00, 0x82, 0x02, 0x03, 0x04, 0x04, 0x05, 0x83, 0x04, 0x03, 0x02, 0x01, 0x26, 0x00, 0x88, 0x02, 0x05, 0x07, 0x09, 0x0A, 0x0C, 
            0x0D, 0x0E, 0x10, 0x01, 0x11, 0x80, 0x12, 0x01, 0x13, 0x03, 0x14, 0x0F, 0x15, 0x0A, 0x16, 0x08, 0x15, 0x05, 0x14, 0x09, 0x15, 0x02, 0x16, 0x02, 
            0x15, 0x01, 0x14, 0x80, 0x13, 0x01, 0x12, 0x81, 0x11, 0x10, 0x01, 0x0F, 0x8C, 0x0E, 0x0D, 0x0C, 0x0B, 0x0A, 0x09, 0x08, 0x07, 0x06, 0x05, 0x04, 
            0x02, 0x01, 0x01, 0x00, 0x80, 0x01, 0x01, 0x02, 0x02, 0x03, 0x01, 0x04, 0x01, 0x03, 0x81, 0x02, 0x01, 0x03, 0x00, 0x86, 0x02, 0x05, 0x07, 0x0A, 
            0x0D, 0x0F, 0x10, 0x01, 0x12, 0x01, 0x13, 0x01, 0x12, 0x87, 0x11, 0x10, 0x0E, 0x0C, 0x09, 0x07, 0x04, 0x02, 0x47, 0x00, 0x12, 0x00, 0x84, 0x01, 
            0x02, 0x03, 0x04, 0x05, 0x01, 0x06, 0x81, 0x07, 0x08, 0x01, 0x09, 0x80, 0x0A, 0x01, 0x0B, 0x01, 0x0C, 0x01, 0x0D, 0x05, 0x0E, 0x8C, 0x0D, 0x0C, 
            0x0B, 0x0A, 0x09, 0x08, 0x07, 0x06, 0x05, 0x04, 0x03, 0x02, 0x01, 0x37, 0x00, 0x89, 0x02, 0x05, 0x07, 0x09, 0x0B, 0x0D, 0x0F, 0x11, 0x12, 0x14, 
            0x05, 0x15, 0x8C, 0x14, 0x13, 0x12, 0x11, 0x10, 0x0E, 0x0C, 0x0B, 0x09, 0x07, 0x05, 0x04, 0x02, 0x49, 0x00, 0x03, 0x01, 0x1F, 0x00, 0x82, 0x02, 
            0x04, 0x05, 0x01, 0x06, 0x02, 0x07, 0x01, 0x06, 0x84, 0x05, 0x04, 0x03, 0x02, 0x01, 0x24, 0x00, 0x88, 0x02, 0x04, 0x06, 0x08, 0x09, 0x0B, 0x0C, 
            0x0D, 0x0F, 0x01, 0x10, 0x80, 0x11, 0x01, 0x12, 0x02, 0x13, 0x10, 0x14, 0x07, 0x15, 0x06, 0x14, 0x0D, 0x13, 0x0C, 0x14, 0x01, 0x13, 0x01, 0x12, 
            0x01, 0x11, 0x80, 0x10, 0x01, 0x0F, 0x80, 0x0E, 0x01, 0x0D, 0x89, 0x0C, 0x0B, 0x0A, 0x09, 0x08, 0x07, 0x06, 0x05, 0x03, 0x02, 0x02, 0x00, 0x02, 
            0x01, 0x05, 0x02, 0x80, 0x01, 0x05, 0x00, 0x85, 0x03, 0x06, 0x08, 0x0B, 0x0D, 0x0F, 0x01, 0x10, 0x02, 0x11, 0x01, 0x10, 0x86, 0x0E, 0x0D, 0x0B, 
            0x08, 0x06, 0x03, 0x01, 0x47, 0x00, 0x12, 0x00, 0x84, 0x02, 0x03, 0x04, 0x05, 0x06, 0x01, 0x07, 0x80, 0x08, 0x01, 0x09, 0x80, 0x0A, 0x01, 0x0B, 
            0x01, 0x0C, 0x01, 0x0D, 0x01, 0x0E, 0x03, 0x0F, 0x01, 0x0E, 0x8C, 0x0D, 0x0C, 0x0B, 0x0A, 0x09, 0x08, 0x07, 0x06, 0x05, 0x04, 0x03, 0x02, 0x01, 
            0x36, 0x00, 0x89, 0x02, 0x04, 0x06, 0x08, 0x0A, 0x0B, 0x0D, 0x0F, 0x11, 0x12, 0x06, 0x13, 0x01, 0x12, 0x8A, 0x11, 0x0F, 0x0E, 0x0D, 0x0B, 0x0A, 
            0x08, 0x06, 0x05, 0x03, 0x02, 0x42, 0x00, 0x80, 0x01, 0x01, 0x02, 0x02, 0x03, 0x04, 0x04, 0x02, 0x03, 0x01, 0x02, 0x01, 0x01, 0x16, 0x00, 0x82, 
            0x02, 0x04, 0x06, 0x01, 0x07, 0x04, 0x08, 0x01, 0x07, 0x85, 0x06, 0x05, 0x04, 0x03, 0x02, 0x01, 0x22, 0x00, 0x8A, 0x01, 0x03, 0x05, 0x07, 0x08, 
            0x0A, 0x0B, 0x0C, 0x0D, 0x0E, 0x0F, 0x01, 0x10, 0x80, 0x11, 0x02, 0x12, 0x1C, 0x13, 0x15, 0x12, 0x07, 0x13, 0x02, 0x12, 0x01, 0x11, 0x01, 0x10, 
            0x01, 0x0F, 0x01, 0x0E, 0x80, 0x0D, 0x01, 0x0C, 0x89, 0x0B, 0x0A, 0x09, 0x08, 0x07, 0x06, 0x05, 0x04, 0x02, 0x01, 0x05, 0x00, 0x80, 0x01, 0x09, 
            0x00, 0x85, 0x01, 0x04, 0x06, 0x09, 0x0B, 0x0D, 0x01, 0x0E, 0x03, 0x0F, 0x86, 0x0E, 0x0C, 0x0B, 0x09, 0x07, 0x05, 0x02, 0x48, 0x00, 0x11, 0x00, 
            0x83, 0x01, 0x02, 0x03, 0x04, 0x01, 0x06, 0x81, 0x07, 0x08, 0x01, 0x09, 0x80, 0x0A, 0x01, 0x0B, 0x01, 0x0C, 0x01, 0x0D, 0x01, 0x0E, 0x05, 0x0F, 
            0x01, 0x0E, 0x8C, 0x0D, 0x0C, 0x0B, 0x0A, 0x09, 0x08, 0x07, 0x06, 0x05, 0x04, 0x03, 0x02, 0x01, 0x35, 0x00, 0x89, 0x01, 0x03, 0x04, 0x06, 0x08, 
            0x0A, 0x0C, 0x0E, 0x0F, 0x11, 0x07, 0x12, 0x8C, 0x11, 0x10, 0x0F, 0x0E, 0x0D, 0x0B, 0x0A, 0x09, 0x07, 0x06, 0x04, 0x03, 0x01, 0x3D, 0x00, 0x01, 
            0x01, 0x01, 0x02, 0x80, 0x03, 0x01, 0x04, 0x01, 0x05, 0x06, 0x06, 0x02, 0x05, 0x01, 0x04, 0x01, 0x03, 0x01, 0x02, 0x01, 0x01, 0x10, 0x00, 0x84, 
            0x01, 0x03, 0x05, 0x07, 0x08, 0x02, 0x09, 0x80, 0x0A, 0x02, 0x09, 0x80, 0x08, 0x01, 0x07, 0x80, 0x06, 0x01, 0x05, 0x83, 0x04, 0x03, 0x02, 0x01, 
            0x20, 0x00, 0x89, 0x02, 0x04, 0x06, 0x07, 0x08, 0x0A, 0x0B, 0x0C, 0x0D, 0x0E, 0x01, 0x0F, 0x01, 0x10, 0x02, 0x11, 0x18, 0x12, 0x06, 0x11, 0x0F, 
            0x10, 0x05, 0x11, 0x02, 0x12, 0x03, 0x11, 0x02, 0x10, 0x02, 0x0F, 0x01, 0x0E, 0x01, 0x0D, 0x80, 0x0C, 0x01, 0x0B, 0x88, 0x0A, 0x09, 0x08, 0x07, 
            0x06, 0x05, 0x04, 0x02, 0x01, 0x10, 0x00, 0x85, 0x02, 0x04, 0x07, 0x09, 0x0B, 0x0C, 0x04, 0x0D, 0x86, 0x0C, 0x0B, 0x09, 0x08, 0x06, 0x04, 0x02, 
            0x48, 0x00, 0x11, 0x00, 0x86, 0x01, 0x03, 0x04, 0x05, 0x06, 0x07, 0x08, 0x01, 0x09, 0x01, 0x0A, 0x80, 0x0B, 0x01, 0x0C, 0x01, 0x0D, 0x02, 0x0E, 
            0x05, 0x0F, 0x01, 0x0E, 0x89, 0x0D, 0x0C, 0x0B, 0x0A, 0x09, 0x08, 0x07, 0x06, 0x05, 0x04, 0x01, 0x03, 0x81, 0x02, 0x01, 0x35, 0x00, 0x89, 0x02, 
            0x03, 0x05, 0x07, 0x08, 0x0A, 0x0C, 0x0E, 0x0F, 0x10, 0x06, 0x11, 0x01, 0x10, 0x8B, 0x0F, 0x0E, 0x0D, 0x0C, 0x0A, 0x09, 0x08, 0x07, 0x05, 0x04, 
            0x03, 0x01, 0x39, 0x00, 0x02, 0x01, 0x01, 0x02, 0x01, 0x03, 0x82, 0x04, 0x05, 0x06, 0x01, 0x07, 0x06, 0x08, 0x02, 0x07, 0x02, 0x06, 0x01, 0x05, 
            0x01, 0x04, 0x80, 0x03, 0x01, 0x02, 0x80, 0x01, 0x0C, 0x00, 0x84, 0x01, 0x03, 0x04, 0x06, 0x08, 0x01, 0x09, 0x05, 0x0A, 0x01, 0x09, 0x80, 0x08, 
            0x01, 0x07, 0x01, 0x06, 0x81, 0x05, 0x04, 0x01, 0x03, 0x81, 0x02, 0x01, 0x1D, 0x00, 0x86, 0x01, 0x03, 0x05, 0x06, 0x07, 0x08, 0x0A, 0x01, 0x0B, 
            0x81, 0x0C, 0x0D, 0x01, 0x0E, 0x01, 0x0F, 0x02, 0x10, 0x15, 0x11, 0x04, 0x10, 0x07, 0x0F, 0x0A, 0x0E, 0x05, 0x0F, 0x07, 0x10, 0x04, 0x0F, 0x02, 
            0x0E, 0x01, 0x0D, 0x01, 0x0C, 0x01, 0x0B, 0x88, 0x0A, 0x09, 0x08, 0x07, 0x06, 0x05, 0x04, 0x03, 0x01, 0x10, 0x00, 0x84, 0x02, 0x05, 0x07, 0x09, 
            0x0A, 0x04, 0x0B, 0x86, 0x0A, 0x09, 0x08, 0x06, 0x05, 0x03, 0x01, 0x48, 0x00, 0x11, 0x00, 0x86, 0x01, 0x03, 0x04, 0x05, 0x06, 0x07, 0x08, 0x01, 
            0x09, 0x80, 0x0A, 0x01, 0x0B, 0x80, 0x0C, 0x02, 0x0D, 0x02, 0x0E, 0x04, 0x0F, 0x02, 0x0E, 0x82, 0x0D, 0x0C, 0x0B, 0x01, 0x0A, 0x88, 0x09, 0x08, 
            0x07, 0x06, 0x05, 0x04, 0x03, 0x02, 0x01, 0x35, 0x00, 0x89, 0x01, 0x03, 0x04, 0x06, 0x07, 0x09, 0x0B, 0x0C, 0x0E, 0x0F, 0x06, 0x10, 0x01, 0x0F, 
            0x80, 0x0E, 0x01, 0x0D, 0x8A, 0x0C, 0x0B, 0x0A, 0x09, 0x08, 0x06, 0x05, 0x04, 0x03, 0x02, 0x01, 0x33, 0x00, 0x03, 0x01, 0x02, 0x02, 0x01, 0x03, 
            0x01, 0x04, 0x81, 0x05, 0x06, 0x01, 0x07, 0x80, 0x08, 0x02, 0x09, 0x80, 0x0A, 0x03, 0x09, 0x02, 0x08, 0x02, 0x07, 0x01, 0x06, 0x01, 0x05, 0x01, 
            0x04, 0x82, 0x03, 0x02, 0x01, 0x0A, 0x00, 0x85, 0x02, 0x03, 0x05, 0x07, 0x08, 0x09, 0x01, 0x0A, 0x02, 0x0B, 0x03, 0x0A, 0x01, 0x09, 0x01, 0x08, 
            0x01, 0x07, 0x01, 0x06, 0x84, 0x05, 0x04, 0x03, 0x02, 0x01, 0x1C, 0x00, 0x87, 0x02, 0x03, 0x05, 0x06, 0x07, 0x08, 0x09, 0x0A, 0x01, 0x0B, 0x80, 
            0x0C, 0x01, 0x0D, 0x01, 0x0E, 0x02, 0x0F, 0x13, 0x10, 0x03, 0x0F, 0x03, 0x0E, 0x07, 0x0D, 0x08, 0x0C, 0x04, 0x0D, 0x03, 0x0E, 0x05, 0x0F, 0x05, 
            0x0E, 0x03, 0x0D, 0x01, 0x0C, 0x01, 0x0B, 0x89, 0x0A, 0x09, 0x08, 0x07, 0x06, 0x05, 0x04, 0x03, 0x02, 0x01, 0x0E, 0x00, 0x84, 0x01, 0x03, 0x05, 
            0x07, 0x08, 0x04, 0x09, 0x85, 0x08, 0x07, 0x06, 0x05, 0x03, 0x02, 0x49, 0x00, 0x11, 0x00, 0x83, 0x01, 0x02, 0x03, 0x05, 0x01, 0x06, 0x82, 0x07, 
            0x08, 0x09, 0x01, 0x0A, 0x80, 0x0B, 0x01, 0x0C, 0x01, 0x0D, 0x09, 0x0E, 0x01, 0x0D, 0x81, 0x0C, 0x0B, 0x01, 0x0A, 0x85, 0x09, 0x08, 0x07, 0x06, 
            0x05, 0x04, 0x01, 0x03, 0x81, 0x02, 0x01, 0x34, 0x00, 0x88, 0x01, 0x02, 0x03, 0x05, 0x06, 0x08, 0x09, 0x0B, 0x0D, 0x01, 0x0E, 0x06, 0x0F, 0x01, 
            0x0E, 0x80, 0x0D, 0x01, 0x0C, 0x8A, 0x0B, 0x0A, 0x09, 0x08, 0x07, 0x06, 0x05, 0x04, 0x03, 0x02, 0x01, 0x30, 0x00, 0x03, 0x01, 0x04, 0x02, 0x01, 
            0x03, 0x80, 0x04, 0x01, 0x05, 0x81, 0x06, 0x07, 0x01, 0x08, 0x80, 0x09, 0x06, 0x0A, 0x03, 0x09, 0x01, 0x08, 0x02, 0x07, 0x01, 0x06, 0x82, 0x05, 
            0x04, 0x03, 0x01, 0x02, 0x80, 0x01, 0x07, 0x00, 0x86, 0x01, 0x03, 0x04, 0x05, 0x07, 0x08, 0x09, 0x01, 0x0A, 0x05, 0x0B, 0x02, 0x0A, 0x01, 0x09, 
            0x02, 0x08, 0x01, 0x07, 0x01, 0x06, 0x84, 0x05, 0x04, 0x03, 0x02, 0x01, 0x1A, 0x00, 0x87, 0x02, 0x03, 0x04, 0x05, 0x06, 0x07, 0x08, 0x09, 0x01, 
            0x0A, 0x01, 0x0B, 0x80, 0x0C, 0x01, 0x0D, 0x03, 0x0E, 0x10, 0x0F, 0x02, 0x0E, 0x03, 0x0D, 0x04, 0x0C, 0x04, 0x0B, 0x05, 0x0A, 0x06, 0x0B, 0x03, 
            0x0C, 0x02, 0x0D, 0x04, 0x0E, 0x07, 0x0D, 0x03, 0x0C, 0x80, 0x0B, 0x01, 0x0A, 0x01, 0x09, 0x86, 0x08, 0x07, 0x06, 0x05, 0x04, 0x03, 0x01, 0x0E, 
            0x00, 0x83, 0x02, 0x03, 0x05, 0x06, 0x04, 0x07, 0x85, 0x06, 0x05, 0x04, 0x03, 0x02, 0x01, 0x49, 0x00, 0x12, 0x00, 0x86, 0x02, 0x03, 0x04, 0x05, 
            0x06, 0x07, 0x08, 0x01, 0x09, 0x80, 0x0A, 0x01, 0x0B, 0x01, 0x0C, 0x03, 0x0D, 0x02, 0x0E, 0x04, 0x0D, 0x01, 0x0C, 0x81, 0x0B, 0x0A, 0x01, 0x09, 
            0x82, 0x08, 0x07, 0x06, 0x01, 0x05, 0x83, 0x04, 0x03, 0x02, 0x01, 0x34, 0x00, 0x8A, 0x01, 0x02, 0x03, 0x04, 0x06, 0x07, 0x08, 0x0A, 0x0B, 0x0C, 
            0x0D, 0x06, 0x0E, 0x02, 0x0D, 0x80, 0x0C, 0x01, 0x0B, 0x80, 0x0A, 0x01, 0x09, 0x81, 0x08, 0x07, 0x01, 0x06, 0x83, 0x05, 0x04, 0x03, 0x01, 0x2E, 
            0x00, 0x05, 0x01, 0x03, 0x02, 0x01, 0x03, 0x01, 0x04, 0x82, 0x05, 0x06, 0x07, 0x01, 0x08, 0x80, 0x09, 0x09, 0x0A, 0x02, 0x09, 0x01, 0x08, 0x01, 
            0x07, 0x01, 0x06, 0x82, 0x05, 0x04, 0x03, 0x01, 0x02, 0x80, 0x01, 0x05, 0x00, 0x87, 0x01, 0x02, 0x03, 0x04, 0x06, 0x07, 0x08, 0x09, 0x02, 0x0A, 
            0x05, 0x0B, 0x03, 0x0A, 0x02, 0x09, 0x02, 0x08, 0x01, 0x07, 0x81, 0x06, 0x05, 0x01, 0x04, 0x82, 0x03, 0x02, 0x01, 0x18, 0x00, 0x83, 0x01, 0x03, 
            0x04, 0x05, 0x01, 0x06, 0x81, 0x07, 0x08, 0x01, 0x09, 0x01, 0x0A, 0x01, 0x0B, 0x01, 0x0C, 0x03, 0x0D, 0x0C, 0x0E, 0x03, 0x0D, 0x02, 0x0C, 0x03, 
            0x0B, 0x03, 0x0A, 0x0F, 0x09, 0x03, 0x0A, 0x02, 0x0B, 0x02, 0x0C, 0x08, 0x0D, 0x04, 0x0C, 0x02, 0x0B, 0x01, 0x0A, 0x01, 0x09, 0x86, 0x08, 0x07, 
            0x06, 0x05, 0x04, 0x03, 0x02, 0x0D, 0x00, 0x83, 0x01, 0x02, 0x03, 0x04, 0x01, 0x05, 0x80, 0x06, 0x02, 0x05, 0x83, 0x04, 0x03, 0x02, 0x01, 0x4A, 
            0x00, 0x12, 0x00, 0x87, 0x01, 0x02, 0x03, 0x04, 0x05, 0x06, 0x07, 0x08, 0x01, 0x09, 0x80, 0x0A, 0x01, 0x0B, 0x02, 0x0C, 0x05, 0x0D, 0x03, 0x0C, 
            0x02, 0x0B, 0x81, 0x0A, 0x09, 0x01, 0x08, 0x81, 0x07, 0x06, 0x01, 0x05, 0x83, 0x04, 0x03, 0x02, 0x01, 0x34, 0x00, 0x89, 0x01, 0x02, 0x03, 0x04, 
            0x05, 0x06, 0x08, 0x09, 0x0A, 0x0B, 0x01, 0x0C, 0x06, 0x0D, 0x02, 0x0C, 0x01, 0x0B, 0x80, 0x0A, 0x01, 0x09, 0x01, 0x08, 0x80, 0x07, 0x01, 0x06, 
            0x84, 0x05, 0x04, 0x03, 0x02, 0x01, 0x2D, 0x00, 0x06, 0x01, 0x02, 0x02, 0x01, 0x03, 0x82, 0x04, 0x05, 0x06, 0x01, 0x07, 0x80, 0x08, 0x01, 0x09, 
            0x09, 0x0A, 0x02, 0x09, 0x01, 0x08, 0x01, 0x07, 0x01, 0x06, 0x84, 0x05, 0x04, 0x03, 0x02, 0x01, 0x04, 0x00, 0x85, 0x01, 0x02, 0x03, 0x04, 0x05, 
            0x06, 0x01, 0x07, 0x80, 0x08, 0x01, 0x09, 0x02, 0x0A, 0x03, 0x0B, 0x04, 0x0A, 0x03, 0x09, 0x02, 0x08, 0x01, 0x07, 0x01, 0x06, 0x83, 0x05, 0x04, 
            0x03, 0x02, 0x18, 0x00, 0x82, 0x01, 0x02, 0x03, 0x01, 0x04, 0x81, 0x05, 0x06, 0x01, 0x07, 0x01, 0x08, 0x01, 0x09, 0x80, 0x0A, 0x01, 0x0B, 0x04, 
            0x0C, 0x09, 0x0D, 0x03, 0x0C, 0x02, 0x0B, 0x02, 0x0A, 0x03, 0x09, 0x03, 0x08, 0x0B, 0x07, 0x03, 0x08, 0x02, 0x09, 0x02, 0x0A, 0x02, 0x0B, 0x0B, 
            0x0C, 0x03, 0x0B, 0x02, 0x0A, 0x80, 0x09, 0x01, 0x08, 0x85, 0x07, 0x06, 0x05, 0x04, 0x03, 0x02, 0x08, 0x00, 0x05, 0x01, 0x80, 0x02, 0x01, 0x03, 
            0x03, 0x04, 0x01, 0x03, 0x81, 0x02, 0x01, 0x4B, 0x00, 0x13, 0x00, 0x88, 0x01, 0x02, 0x03, 0x04, 0x05, 0x06, 0x07, 0x08, 0x09, 0x01, 0x0A, 0x02, 
            0x0B, 0x07, 0x0C, 0x03, 0x0B, 0x01, 0x0A, 0x01, 0x09, 0x80, 0x08, 0x01, 0x07, 0x80, 0x06, 0x01, 0x05, 0x83, 0x04, 0x03, 0x02, 0x01, 0x34, 0x00, 
            0x88, 0x01, 0x02, 0x03, 0x04, 0x05, 0x06, 0x07, 0x08, 0x09, 0x01, 0x0A, 0x01, 0x0B, 0x06, 0x0C, 0x02, 0x0B, 0x01, 0x0A, 0x01, 0x09, 0x01, 0x08, 
            0x01, 0x07, 0x01, 0x06, 0x84, 0x05, 0x04, 0x03, 0x02, 0x01, 0x30, 0x00, 0x04, 0x01, 0x01, 0x02, 0x80, 0x03, 0x01, 0x04, 0x81, 0x05, 0x06, 0x01, 
            0x07, 0x80, 0x08, 0x02, 0x09, 0x07, 0x0A, 0x02, 0x09, 0x02, 0x08, 0x80, 0x07, 0x01, 0x06, 0x83, 0x05, 0x04, 0x03, 0x02, 0x01, 0x01, 0x03, 0x00, 
            0x83, 0x01, 0x02, 0x03, 0x04, 0x01, 0x05, 0x81, 0x06, 0x07, 0x01, 0x08, 0x01, 0x09, 0x0C, 0x0A, 0x03, 0x09, 0x02, 0x08, 0x01, 0x07, 0x84, 0x06, 
            0x05, 0x04, 0x03, 0x02, 0x19, 0x00, 0x81, 0x01, 0x02, 0x01, 0x03, 0x80, 0x04, 0x01, 0x05, 0x01, 0x06, 0x80, 0x07, 0x01, 0x08, 0x01, 0x09, 0x01, 
            0x0A, 0x04, 0x0B, 0x06, 0x0C, 0x04, 0x0B, 0x01, 0x0A, 0x01, 0x09, 0x03, 0x08, 0x03, 0x07, 0x0F, 0x06, 0x03, 0x07, 0x01, 0x08, 0x02, 0x09, 0x02, 
            0x0A, 0x0D, 0x0B, 0x03, 0x0A, 0x01, 0x09, 0x01, 0x08, 0x85, 0x07, 0x06, 0x05, 0x04, 0x02, 0x01, 0x05, 0x00, 0x01, 0x01, 0x01, 0x02, 0x01, 0x03, 
            0x01, 0x02, 0x80, 0x01, 0x02, 0x02, 0x01, 0x03, 0x01, 0x02, 0x01, 0x01, 0x4C, 0x00, 0x14, 0x00, 0x87, 0x01, 0x02, 0x03, 0x04, 0x05, 0x06, 0x07, 
            0x08, 0x01, 0x09, 0x01, 0x0A, 0x08, 0x0B, 0x04, 0x0A, 0x01, 0x09, 0x01, 0x08, 0x80, 0x07, 0x01, 0x06, 0x81, 0x05, 0x04, 0x01, 0x03, 0x81, 0x02, 
            0x01, 0x34, 0x00, 0x82, 0x01, 0x02, 0x03, 0x01, 0x04, 0x82, 0x05, 0x06, 0x07, 0x01, 0x08, 0x80, 0x09, 0x02, 0x0A, 0x06, 0x0B, 0x02, 0x0A, 0x02, 
            0x09, 0x01, 0x08, 0x01, 0x07, 0x01, 0x06, 0x80, 0x05, 0x01, 0x04, 0x82, 0x03, 0x02, 0x01, 0x32, 0x00, 0x02, 0x01, 0x80, 0x02, 0x01, 0x03, 0x80, 
            0x04, 0x01, 0x05, 0x80, 0x06, 0x01, 0x07, 0x01, 0x08, 0x02, 0x09, 0x01, 0x0A, 0x07, 0x09, 0x01, 0x08, 0x01, 0x07, 0x80, 0x06, 0x01, 0x05, 0x83, 
            0x04, 0x03, 0x02, 0x01, 0x02, 0x00, 0x80, 0x01, 0x01, 0x02, 0x80, 0x03, 0x01, 0x04, 0x80, 0x05, 0x01, 0x06, 0x01, 0x07, 0x01, 0x08, 0x02, 0x09, 
            0x08, 0x0A, 0x05, 0x09, 0x02, 0x08, 0x01, 0x07, 0x84, 0x06, 0x05, 0x04, 0x03, 0x01, 0x1A, 0x00, 0x80, 0x01, 0x01, 0x02, 0x80, 0x03, 0x01, 0x04, 
            0x01, 0x05, 0x01, 0x06, 0x80, 0x07, 0x01, 0x08, 0x01, 0x09, 0x0E, 0x0A, 0x01, 0x09, 0x02, 0x08, 0x02, 0x07, 0x03, 0x06, 0x04, 0x05, 0x05, 0x04, 
            0x07, 0x05, 0x02, 0x06, 0x01, 0x07, 0x02, 0x08, 0x01, 0x09, 0x0F, 0x0A, 0x03, 0x09, 0x01, 0x08, 0x85, 0x07, 0x06, 0x05, 0x04, 0x03, 0x01, 0x04, 
            0x00, 0x81, 0x01, 0x02, 0x06, 0x03, 0x80, 0x02, 0x06, 0x01, 0x4E, 0x00, 0x15, 0x00, 0x85, 0x01, 0x02, 0x03, 0x04, 0x06, 0x07, 0x01, 0x08, 0x01, 
            0x09, 0x0A, 0x0A, 0x03, 0x09, 0x01, 0x08, 0x01, 0x07, 0x01, 0x06, 0x80, 0x05, 0x01, 0x04, 0x80, 0x03, 0x01, 0x02, 0x80, 0x01, 0x34, 0x00, 0x80, 
            0x01, 0x01, 0x02, 0x81, 0x03, 0x04, 0x01, 0x05, 0x80, 0x06, 0x01, 0x07, 0x01, 0x08, 0x02, 0x09, 0x05, 0x0A, 0x03, 0x09, 0x02, 0x08, 0x01, 0x07, 
            0x01, 0x06, 0x01, 0x05, 0x01, 0x04, 0x82, 0x03, 0x02, 0x01, 0x33, 0x00, 0x01, 0x01, 0x01, 0x02, 0x01, 0x03, 0x80, 0x04, 0x01, 0x05, 0x80, 0x06, 
            0x01, 0x07, 0x02, 0x08, 0x09, 0x09, 0x02, 0x08, 0x01, 0x07, 0x80, 0x06, 0x01, 0x05, 0x83, 0x04, 0x03, 0x02, 0x01, 0x02, 0x00, 0x80, 0x01, 0x01, 
            0x02, 0x80, 0x03, 0x01, 0x04, 0x01, 0x05, 0x01, 0x06, 0x02, 0x07, 0x02, 0x08, 0x0D, 0x09, 0x03, 0x08, 0x01, 0x07, 0x01, 0x06, 0x83, 0x05, 0x04, 
            0x02, 0x01, 0x1B, 0x00, 0x01, 0x01, 0x01, 0x02, 0x80, 0x03, 0x01, 0x04, 0x01, 0x05, 0x80, 0x06, 0x01, 0x07, 0x01, 0x08, 0x0C, 0x09, 0x02, 0x08, 
            0x01, 0x07, 0x02, 0x06, 0x03, 0x05, 0x05, 0x04, 0x08, 0x03, 0x04, 0x04, 0x02, 0x05, 0x01, 0x06, 0x02, 0x07, 0x02, 0x08, 0x10, 0x09, 0x02, 0x08, 
            0x01, 0x07, 0x84, 0x06, 0x05, 0x04, 0x03, 0x01, 0x03, 0x00, 0x82, 0x01, 0x02, 0x03, 0x05, 0x04, 0x80, 0x03, 0x01, 0x02, 0x80, 0x01, 0x53, 0x00, 
            0x15, 0x00, 0x86, 0x01, 0x02, 0x03, 0x04, 0x05, 0x06, 0x07, 0x02, 0x08, 0x0B, 0x09, 0x03, 0x08, 0x01, 0x07, 0x01, 0x06, 0x80, 0x05, 0x01, 0x04, 
            0x80, 0x03, 0x01, 0x02, 0x80, 0x01, 0x35, 0x00, 0x01, 0x01, 0x80, 0x02, 0x01, 0x03, 0x80, 0x04, 0x01, 0x05, 0x01, 0x06, 0x01, 0x07, 0x02, 0x08, 
            0x06, 0x09, 0x03, 0x08, 0x02, 0x07, 0x01, 0x06, 0x02, 0x05, 0x01, 0x04, 0x82, 0x03, 0x02, 0x01, 0x34, 0x00, 0x01, 0x01, 0x01, 0x02, 0x80, 0x03, 
            0x01, 0x04, 0x01, 0x05, 0x01, 0x06, 0x01, 0x07, 0x0C, 0x08, 0x02, 0x07, 0x80, 0x06, 0x01, 0x05, 0x80, 0x04, 0x01, 0x03, 0x81, 0x02, 0x01, 0x01, 
            0x00, 0x80, 0x01, 0x01, 0x02, 0x01, 0x03, 0x01, 0x04, 0x01, 0x05, 0x02, 0x06, 0x02, 0x07, 0x04, 0x08, 0x01, 0x09, 0x0B, 0x08, 0x01, 0x07, 0x01, 
            0x06, 0x83, 0x05, 0x04, 0x03, 0x01, 0x1E, 0x00, 0x01, 0x01, 0x80, 0x02, 0x01, 0x03, 0x01, 0x04, 0x80, 0x05, 0x01, 0x06, 0x02, 0x07, 0x0A, 0x08, 
            0x01, 0x07, 0x02, 0x06, 0x02, 0x05, 0x03, 0x04, 0x06, 0x03, 0x06, 0x02, 0x05, 0x03, 0x02, 0x04, 0x02, 0x05, 0x01, 0x06, 0x02, 0x07, 0x11, 0x08, 
            0x02, 0x07, 0x01, 0x06, 0x83, 0x05, 0x04, 0x03, 0x01, 0x03, 0x00, 0x81, 0x01, 0x03, 0x02, 0x04, 0x01, 0x05, 0x01, 0x04, 0x01, 0x03, 0x80, 0x02, 
            0x01, 0x01, 0x52, 0x00, 0x16, 0x00, 0x83, 0x01, 0x02, 0x03, 0x05, 0x01, 0x06, 0x01, 0x07, 0x0D, 0x08, 0x02, 0x07, 0x01, 0x06, 0x01, 0x05, 0x01, 
            0x04, 0x80, 0x03, 0x01, 0x02, 0x80, 0x01, 0x36, 0x00, 0x01, 0x01, 0x01, 0x02, 0x80, 0x03, 0x01, 0x04, 0x01, 0x05, 0x02, 0x06, 0x02, 0x07, 0x06, 
            0x08, 0x03, 0x07, 0x03, 0x06, 0x01, 0x05, 0x02, 0x04, 0x80, 0x03, 0x01, 0x02, 0x80, 0x01, 0x35, 0x00, 0x01, 0x01, 0x01, 0x02, 0x80, 0x03, 0x01, 
            0x04, 0x01, 0x05, 0x01, 0x06, 0x02, 0x07, 0x09, 0x08, 0x02, 0x07, 0x01, 0x06, 0x01, 0x05, 0x01, 0x04, 0x81, 0x03, 0x02, 0x01, 0x01, 0x80, 0x00, 
            0x01, 0x01, 0x01, 0x02, 0x01, 0x03, 0x01, 0x04, 0x02, 0x05, 0x02, 0x06, 0x03, 0x07, 0x0B, 0x08, 0x05, 0x07, 0x01, 0x06, 0x83, 0x05, 0x04, 0x03, 
            0x02, 0x20, 0x00, 0x01, 0x01, 0x01, 0x02, 0x80, 0x03, 0x01, 0x04, 0x01, 0x05, 0x02, 0x06, 0x08, 0x07, 0x02, 0x06, 0x02, 0x05, 0x02, 0x04, 0x04, 
            0x03, 0x11, 0x02, 0x02, 0x03, 0x02, 0x04, 0x02, 0x05, 0x02, 0x06, 0x05, 0x07, 0x04, 0x08, 0x07, 0x07, 0x02, 0x06, 0x01, 0x05, 0x82, 0x04, 0x02, 
            0x01, 0x02, 0x00, 0x82, 0x01, 0x02, 0x03, 0x01, 0x04, 0x03, 0x05, 0x01, 0x04, 0x80, 0x03, 0x01, 0x02, 0x80, 0x01, 0x52, 0x00, 0x16, 0x00, 0x84, 
            0x01, 0x02, 0x03, 0x04, 0x05, 0x01, 0x06, 0x0E, 0x07, 0x03, 0x06, 0x01, 0x05, 0x01, 0x04, 0x80, 0x03, 0x01, 0x02, 0x80, 0x01, 0x37, 0x00, 0x01, 
            0x01, 0x01, 0x02, 0x01, 0x03, 0x01, 0x04, 0x02, 0x05, 0x03, 0x06, 0x06, 0x07, 0x04, 0x06, 0x02, 0x05, 0x02, 0x04, 0x01, 0x03, 0x01, 0x02, 0x80, 
            0x01, 0x37, 0x00, 0x01, 0x01, 0x80, 0x02, 0x01, 0x03, 0x02, 0x04, 0x01, 0x05, 0x01, 0x06, 0x0C, 0x07, 0x02, 0x06, 0x01, 0x05, 0x01, 0x04, 0x01, 
            0x03, 0x81, 0x02, 0x01, 0x01, 0x00, 0x01, 0x01, 0x01, 0x02, 0x02, 0x03, 0x01, 0x04, 0x02, 0x05, 0x03, 0x06, 0x10, 0x07, 0x02, 0x06, 0x01, 0x05, 
            0x83, 0x04, 0x03, 0x02, 0x01, 0x21, 0x00, 0x01, 0x01, 0x01, 0x02, 0x01, 0x03, 0x01, 0x04, 0x03, 0x05, 0x06, 0x06, 0x02, 0x05, 0x02, 0x04, 0x03, 
            0x03, 0x05, 0x02, 0x0D, 0x01, 0x03, 0x02, 0x02, 0x03, 0x02, 0x04, 0x02, 0x05, 0x05, 0x06, 0x08, 0x07, 0x05, 0x06, 0x02, 0x05, 0x83, 0x04, 0x03, 
            0x02, 0x01, 0x02, 0x00, 0x80, 0x01, 0x01, 0x03, 0x80, 0x04, 0x04, 0x05, 0x01, 0x04, 0x01, 0x03, 0x80, 0x02, 0x01, 0x01, 0x51, 0x00, 0x16, 0x00, 
            0x82, 0x01, 0x02, 0x03, 0x01, 0x04, 0x80, 0x05, 0x10, 0x06, 0x02, 0x05, 0x01, 0x04, 0x01, 0x03, 0x01, 0x02, 0x80, 0x01, 0x38, 0x00, 0x01, 0x01, 
            0x02, 0x02, 0x01, 0x03, 0x02, 0x04, 0x03, 0x05, 0x08, 0x06, 0x03, 0x05, 0x03, 0x04, 0x02, 0x03, 0x01, 0x02, 0x01, 0x01, 0x37, 0x00, 0x02, 0x01, 
            0x01, 0x02, 0x01, 0x03, 0x01, 0x04, 0x02, 0x05, 0x0E, 0x06, 0x02, 0x05, 0x01, 0x04, 0x01, 0x03, 0x01, 0x02, 0x80, 0x01, 0x01, 0x00, 0x01, 0x01, 
            0x01, 0x02, 0x02, 0x03, 0x02, 0x04, 0x03, 0x05, 0x13, 0x06, 0x01, 0x05, 0x01, 0x04, 0x82, 0x03, 0x02, 0x01, 0x23, 0x00, 0x01, 0x01, 0x01, 0x02, 
            0x02, 0x03, 0x04, 0x04, 0x03, 0x05, 0x03, 0x04, 0x03, 0x03, 0x03, 0x02, 0x13, 0x01, 0x03, 0x02, 0x03, 0x03, 0x02, 0x04, 0x05, 0x05, 0x0A, 0x06, 
            0x05, 0x05, 0x01, 0x04, 0x01, 0x03, 0x80, 0x01, 0x02, 0x00, 0x82, 0x01, 0x02, 0x03, 0x01, 0x04, 0x03, 0x05, 0x02, 0x04, 0x80, 0x03, 0x01, 0x02, 
            0x01, 0x01, 0x51, 0x00, 0x16, 0x00, 0x80, 0x01, 0x01, 0x02, 0x80, 0x03, 0x01, 0x04, 0x02, 0x05, 0x09, 0x06, 0x04, 0x05, 0x02, 0x04, 0x01, 0x03, 
            0x01, 0x02, 0x80, 0x01, 0x38, 0x00, 0x03, 0x01, 0x01, 0x02, 0x02, 0x03, 0x03, 0x04, 0x0B, 0x05, 0x03, 0x04, 0x03, 0x03, 0x02, 0x02, 0x01, 0x01, 
            0x39, 0x00, 0x02, 0x01, 0x01, 0x02, 0x02, 0x03, 0x01, 0x04, 0x03, 0x05, 0x09, 0x06, 0x03, 0x05, 0x02, 0x04, 0x01, 0x03, 0x01, 0x02, 0x01, 0x01, 
            0x80, 0x00, 0x02, 0x01, 0x02, 0x02, 0x02, 0x03, 0x02, 0x04, 0x04, 0x05, 0x0D, 0x06, 0x04, 0x05, 0x01, 0x04, 0x82, 0x03, 0x02, 0x01, 0x25, 0x00, 
            0x02, 0x01, 0x02, 0x02, 0x0C, 0x03, 0x03, 0x02, 0x18, 0x01, 0x03, 0x02, 0x03, 0x03, 0x04, 0x04, 0x0F, 0x05, 0x03, 0x04, 0x01, 0x03, 0x81, 0x02, 
            0x01, 0x02, 0x00, 0x82, 0x01, 0x02, 0x03, 0x02, 0x04, 0x80, 0x05, 0x03, 0x04, 0x01, 0x03, 0x01, 0x02, 0x01, 0x01, 0x51, 0x00, 0x15, 0x00, 0x01, 
            0x01, 0x01, 0x02, 0x01, 0x03, 0x02, 0x04, 0x0C, 0x05, 0x03, 0x04, 0x01, 0x03, 0x01, 0x02, 0x01, 0x01, 0x38, 0x00, 0x04, 0x01, 0x02, 0x02, 0x03, 
            0x03, 0x0E, 0x04, 0x04, 0x03, 0x02, 0x02, 0x02, 0x01, 0x3C, 0x00, 0x01, 0x01, 0x02, 0x02, 0x02, 0x03, 0x02, 0x04, 0x0D, 0x05, 0x03, 0x04, 0x01, 
            0x03, 0x01, 0x02, 0x01, 0x01, 0x01, 0x00, 0x01, 0x01, 0x03, 0x02, 0x02, 0x03, 0x03, 0x04, 0x13, 0x05, 0x02, 0x04, 0x01, 0x03, 0x81, 0x02, 0x01, 
            0x28, 0x00, 0x03, 0x01, 0x0C, 0x02, 0x05, 0x01, 0x06, 0x00, 0x0F, 0x01, 0x03, 0x02, 0x05, 0x03, 0x12, 0x04, 0x02, 0x03, 0x01, 0x02, 0x80, 0x01, 
            0x02, 0x00, 0x01, 0x01, 0x81, 0x02, 0x03, 0x07, 0x04, 0x01, 0x03, 0x01, 0x02, 0x01, 0x01, 0x51, 0x00, 0x15, 0x00, 0x02, 0x01, 0x01, 0x02, 0x02, 
            0x03, 0x0E, 0x04, 0x02, 0x03, 0x02, 0x02, 0x01, 0x01, 0x38, 0x00, 0x05, 0x01, 0x03, 0x02, 0x12, 0x03, 0x04, 0x02, 0x02, 0x01, 0x3F, 0x00, 0x02, 
            0x01, 0x02, 0x02, 0x02, 0x03, 0x10, 0x04, 0x03, 0x03, 0x01, 0x02, 0x01, 0x01, 0x01, 0x00, 0x02, 0x01, 0x03, 0x02, 0x03, 0x03, 0x17, 0x04, 0x01, 
            0x03, 0x01, 0x02, 0x01, 0x01, 0x2C, 0x00, 0x0D, 0x01, 0x0C, 0x00, 0x0E, 0x01, 0x05, 0x02, 0x16, 0x03, 0x02, 0x02, 0x01, 0x01, 0x02, 0x00, 0x80, 
            0x01, 0x01, 0x02, 0x01, 0x03, 0x05, 0x04, 0x02, 0x03, 0x01, 0x02, 0x01, 0x01, 0x51, 0x00, 0x15, 0x00, 0x02, 0x01, 0x03, 0x02, 0x06, 0x03, 0x05, 
            0x04, 0x03, 0x03, 0x02, 0x02, 0x02, 0x01, 0x37, 0x00, 0x07, 0x01, 0x07, 0x02, 0x06, 0x03, 0x08, 0x02, 0x04, 0x01, 0x43, 0x00, 0x02, 0x01, 0x02, 
            0x02, 0x02, 0x03, 0x0C, 0x04, 0x04, 0x03, 0x02, 0x02, 0x01, 0x01, 0x01, 0x00, 0x03, 0x01, 0x03, 0x02, 0x04, 0x03, 0x12, 0x04, 0x03, 0x03, 0x02, 
            0x02, 0x01, 0x01, 0x48, 0x00, 0x0F, 0x01, 0x09, 0x02, 0x0C, 0x03, 0x04, 0x02, 0x02, 0x01, 0x03, 0x00, 0x80, 0x01, 0x01, 0x02, 0x09, 0x03, 0x02, 
            0x02, 0x01, 0x01, 0x51, 0x00, 0x14, 0x00, 0x05, 0x01, 0x05, 0x02, 0x0A, 0x03, 0x03, 0x02, 0x02, 0x01, 0x37, 0x00, 0x0A, 0x01, 0x0F, 0x02, 0x07, 
            0x01, 0x47, 0x00, 0x02, 0x01, 0x02, 0x02, 0x12, 0x03, 0x02, 0x02, 0x02, 0x01, 0x02, 0x00, 0x02, 0x01, 0x04, 0x02, 0x18, 0x03, 0x03, 0x02, 0x02, 
            0x01, 0x49, 0x00, 0x13, 0x01, 0x12, 0x02, 0x04, 0x01, 0x04, 0x00, 0x01, 0x01, 0x02, 0x02, 0x08, 0x03, 0x02, 0x02, 0x01, 0x01, 0x51, 0x00, 0x14, 
            0x00, 0x07, 0x01, 0x10, 0x02, 0x02, 0x01, 0x38, 0x00, 0x1D, 0x01, 0x4E, 0x00, 0x03, 0x01, 0x02, 0x02, 0x0D, 0x03, 0x05, 0x02, 0x02, 0x01, 0x02, 
            0x00, 0x03, 0x01, 0x06, 0x02, 0x10, 0x03, 0x07, 0x02, 0x03, 0x01, 0x50, 0x00, 0x21, 0x01, 0x07, 0x00, 0x02, 0x01, 0x03, 0x02, 0x04, 0x03, 0x03, 
            0x02, 0x02, 0x01, 0x51, 0x00, 0x14, 0x00, 0x0C, 0x01, 0x09, 0x02, 0x03, 0x01, 0x39, 0x00, 0x17, 0x01, 0x55, 0x00, 0x03, 0x01, 0x13, 0x02, 0x04, 
            0x01, 0x02, 0x00, 0x05, 0x01, 0x1A, 0x02, 0x06, 0x01, 0x56, 0x00, 0x18, 0x01, 0x0A, 0x00, 0x03, 0x01, 0x0B, 0x02, 0x02, 0x01, 0x51, 0x00, 0x18, 
            0x00, 0x15, 0x01, 0x3A, 0x00, 0x0D, 0x01, 0x60, 0x00, 0x03, 0x01, 0x10, 0x02, 0x05, 0x01, 0x04, 0x00, 0x07, 0x01, 0x12, 0x02, 0x09, 0x01, 0x7C, 
            0x00, 0x04, 0x01, 0x09, 0x02, 0x03, 0x01, 0x51, 0x00, 0x1C, 0x00, 0x0F, 0x01, 0x7F, 0x00, 0x2B, 0x00, 0x1A, 0x01, 0x05, 0x00, 0x21, 0x01, 0x7E, 
            0x00, 0x12, 0x01, 0x51, 0x00, 0x20, 0x00, 0x0A, 0x01, 0x7F, 0x00, 0x2D, 0x00, 0x18, 0x01, 0x07, 0x00, 0x1C, 0x01, 0x7F, 0x00, 0x03, 0x00, 0x10, 
            0x01, 0x52, 0x00, 0x24, 0x00, 0x03, 0x01, 0x7F, 0x00, 0x31, 0x00, 0x16, 0x01, 0x0C, 0x00, 0x14, 0x01, 0x7F, 0x00, 0x09, 0x00, 0x0D, 0x01, 0x53, 
            0x00, 0x7F, 0x00, 0x5D, 0x00, 0x0E, 0x01, 0x7F, 0x00, 0x33, 0x00, 0x07, 0x01, 0x56, 0x00, 0x7F, 0x00, 0x7F, 0x00, 0x7F, 0x00, 0x7F, 0x00, 0x7F, 
            0x00, 0x7F, 0x00, 0x7F, 0x00, 0x7F, 0x00, 0x7F, 0x00, 0x7F, 0x00, 0x7F, 0x00, 0x7F, 0x00, 0x7F, 0x00, 0x7F, 0x00, 0x7F, 0x00, 0x7F, 0x00, 0x7F, 
            0x00, 0x7F, 0x00, 0x7F, 0x00, 0x7F, 0x00, 0x7F, 0x00, 0x7F, 0x00, 0x7F, 0x00, 0x7F, 0x00, 0x7F, 0x00, 0x7F, 0x00, 0x7F, 0x00, 0x7F, 0x00, 0x7F, 
            0x00, 0x7F, 0x00, 0x7F, 0x00, 0x7F, 0x00, 0x7F, 0x00, 0x7F, 0x00, 0x7F, 0x00, 0x7F, 0x00, 0x7F, 0x00, 0x7F, 0x00, 0x7F, 0x00, 0x7F, 0x00, 0x7F, 
            0x00, 0x7F, 0x00, 0x7F, 0x00, 0x7F, 0x00, 0x7F, 0x00, 0x7F, 0x00, 0x7F, 0x00, 0x7F, 0x00, 0x7F, 0x00, 0x7F, 0x00, 0x7F, 0x00, 0x7F, 0x00, 0x7F, 
            0x00, 0x7F, 0x00, 0x7F, 0x00, 0x7F, 0x00, 0x7F, 0x00, 0x7F, 0x00, 0x7F, 0x00, 0x7F, 0x00, 0x7F, 0x00, 0x7F, 0x00, 0x7F, 0x00, 0x7F, 0x00, 0x7F, 
            0x00, 0x7F, 0x00, 0x7F, 0x00, 0x7F, 0x00, 0x7F, 0x00, 0x7F, 0x00, 0x7F, 0x00, 0x7F, 0x00, 0x7F, 0x00, 0x7F, 0x00, 0x7F, 0x00, 0x7F, 0x00, 0x7F, 
            0x00, 0x7F, 0x00, 0x7F, 0x00, 0x7F, 0x00, 
        };

        alignas(16) static const uint8_t s_cloudsShadeData[29995] =
        {
            0x7F, 0xCC, 0x7F, 0xCC, 0x7F, 0xCC, 0x7F, 0xCC, 0x7F, 0xCB, 0x7F, 0xCB, 0x7F, 0xCB, 0x7F, 0xCB, 0x03, 0xD1, 0x01, 0xD0, 0x83, 0xCF, 0xCE, 0xCD, 
            0xCB, 0x7F, 0xCA, 0x4C, 0xCA, 0x83, 0xCB, 0xCC, 0xCD, 0xCE, 0x01, 0xCF, 0x86, 0xD0, 0xD1, 0xD2, 0xD3, 0xD4, 0xD5, 0xD6, 0x05, 0xD7, 0x86, 0xD6, 
            0xD5, 0xD4, 0xD3, 0xD1, 0xCE, 0xCB, 0x11, 0xCA, 0x85, 0xCB, 0xCE, 0xD0, 0xD1, 0xD3, 0xD4, 0x01, 0xD5, 0x02, 0xD6, 0x84, 0xD5, 0xD4, 0xD3, 0xD2, 
            0xD3, 0x01, 0xD4, 0x04, 0xD5, 0x02, 0xD4, 0x01, 0xD3, 0x09, 0xD2, 0x03, 0xD3, 0x01, 0xD2, 0x86, 0xD1, 0xD0, 0xCF, 0xCE, 0xCD, 0xCC, 0xCB, 0x10, 
            0xCA, 0x84, 0xCB, 0xCC, 0xCD, 0xCE, 0xCF, 0x01, 0xD0, 0x80, 0xD1, 0x01, 0xD2, 0x80, 0xD3, 0x01, 0xD4, 0x01, 0xD5, 0x08, 0xD6, 0x01, 0xD5, 0x87, 
            0xD4, 0xD3, 0xD2, 0xD1, 0xD0, 0xCF, 0xCE, 0xCC, 0x46, 0xCA, 0x84, 0xCB, 0xCD, 0xCE, 0xCF, 0xD0, 0x01, 0xD1, 0x80, 0xD2, 0x03, 0xD3, 0x80, 0xD2, 
            0x01, 0xD1, 0x84, 0xD0, 0xCF, 0xCE, 0xCD, 0xCB, 0x12, 0xCA, 0x01, 0xCB, 0x01, 0xCC, 0x01, 0xCD, 0x87, 0xCE, 0xCF, 0xD0, 0xD1, 0xD2, 0xD3, 0xD4, 
            0xD5, 0x01, 0xD6, 0x03, 0xD7, 0x01, 0xD6, 0x86, 0xD5, 0xD4, 0xD2, 0xD1, 0xCF, 0xCD, 0xCC, 0x01, 0xCD, 0x01, 0xCE, 0x01, 0xCF, 0x01, 0xD0, 0x03, 
            0xD1, 0x02, 0xDD, 0x01, 0xDC, 0x01, 0xDB, 0x85, 0xD9, 0xD7, 0xD5, 0xD3, 0xD0, 0xCB, 0x3F, 0xC9, 0x83, 0xCB, 0xCC, 0xCD, 0xCE, 0x02, 0xCF, 0x82, 
            0xCE, 0xCD, 0xCB, 0x7B, 0xC9, 0x86, 0xCA, 0xCE, 0xD1, 0xD3, 0xD6, 0xD7, 0xD9, 0x01, 0xDA, 0x86, 0xDB, 0xDC, 0xDD, 0xDF, 0xE0, 0xE1, 0xE2, 0x06, 
            0xE4, 0x87, 0xE2, 0xE1, 0xDF, 0xDC, 0xD8, 0xD3, 0xCF, 0xCA, 0x0D, 0xC9, 0x88, 0xCB, 0xCE, 0xD2, 0xD6, 0xD9, 0xDB, 0xDE, 0xE0, 0xE1, 0x01, 0xE3, 
            0x02, 0xE4, 0x87, 0xE3, 0xE2, 0xE0, 0xDE, 0xDF, 0xE0, 0xE1, 0xE2, 0x03, 0xE3, 0x80, 0xE2, 0x01, 0xE1, 0x80, 0xE0, 0x01, 0xDF, 0x05, 0xDE, 0x05, 
            0xDF, 0x01, 0xDE, 0x8A, 0xDD, 0xDC, 0xDB, 0xDA, 0xD8, 0xD7, 0xD5, 0xD3, 0xD2, 0xCF, 0xCD, 0x09, 0xC9, 0x90, 0xCA, 0xCD, 0xCF, 0xD1, 0xD3, 0xD4, 
            0xD6, 0xD7, 0xD8, 0xDA, 0xDB, 0xDC, 0xDD, 0xDE, 0xE0, 0xE1, 0xE2, 0x01, 0xE3, 0x06, 0xE4, 0x01, 0xE3, 0x8C, 0xE2, 0xE1, 0xE0, 0xDF, 0xDD, 0xDC, 
            0xDA, 0xD8, 0xD6, 0xD3, 0xD1, 0xCE, 0xCC, 0x41, 0xC9, 0x8A, 0xCD, 0xD0, 0xD3, 0xD5, 0xD7, 0xD9, 0xDA, 0xDC, 0xDD, 0xDE, 0xDF, 0x02, 0xE0, 0x8B, 
            0xDF, 0xDE, 0xDD, 0xDC, 0xDB, 0xD9, 0xD8, 0xD5, 0xD3, 0xD0, 0xCE, 0xCB, 0x0A, 0xC9, 0x85, 0xCA, 0xCC, 0xCE, 0xD0, 0xD1, 0xD2, 0x01, 0xD3, 0x8A, 
            0xD4, 0xD5, 0xD6, 0xD8, 0xD9, 0xDB, 0xDC, 0xDF, 0xE1, 0xE2, 0xE3, 0x04, 0xE4, 0x88, 0xE3, 0xE2, 0xE1, 0xDE, 0xDC, 0xDA, 0xD7, 0xD5, 0xD6, 0x01, 
            0xD7, 0x80, 0xD9, 0x01, 0xDA, 0x01, 0xDB, 0x03, 0xDC, 0x80, 0xDD, 0x81, 0xE9, 0xEA, 0x02, 0xE9, 0x88, 0xE8, 0xE7, 0xE5, 0xE3, 0xE0, 0xDD, 0xD8, 
            0xD2, 0xCB, 0x3D, 0xC9, 0x84, 0xCA, 0xCD, 0xCF, 0xD0, 0xD1, 0x02, 0xD2, 0x83, 0xD0, 0xCF, 0xCC, 0xCA, 0x78, 0xC9, 0x91, 0xCA, 0xCF, 0xD3, 0xD8, 
            0xDB, 0xDF, 0xE2, 0xE4, 0xE5, 0xE6, 0xE7, 0xE8, 0xEA, 0xEB, 0xEC, 0xED, 0xEF, 0xF1, 0x04, 0xF2, 0x88, 0xF1, 0xF0, 0xEE, 0xEC, 0xE8, 0xE3, 0xDC, 
            0xD6, 0xCF, 0x0C, 0xC9, 0x8B, 0xCB, 0xCF, 0xD4, 0xD8, 0xDD, 0xE1, 0xE5, 0xE8, 0xEB, 0xEE, 0xF0, 0xF1, 0x04, 0xF2, 0x86, 0xF0, 0xEE, 0xEC, 0xEB, 
            0xED, 0xEF, 0xF0, 0x02, 0xF1, 0x01, 0xF0, 0x01, 0xEF, 0x81, 0xEE, 0xED, 0x02, 0xEC, 0x09, 0xEB, 0x8E, 0xEA, 0xE9, 0xE8, 0xE7, 0xE6, 0xE4, 0xE3, 
            0xE1, 0xDF, 0xDD, 0xDA, 0xD8, 0xD4, 0xD0, 0xCC, 0x06, 0xC9, 0x91, 0xCB, 0xCF, 0xD2, 0xD5, 0xD7, 0xDA, 0xDC, 0xDE, 0xE0, 0xE2, 0xE4, 0xE6, 0xE8, 
            0xE9, 0xEB, 0xED, 0xEE, 0xF0, 0x01, 0xF1, 0x04, 0xF2, 0x02, 0xF1, 0x8E, 0xF0, 0xEF, 0xEE, 0xEC, 0xEA, 0xE8, 0xE6, 0xE3, 0xE0, 0xDD, 0xDA, 0xD6, 
            0xD3, 0xCF, 0xCB, 0x3F, 0xC9, 0x8B, 0xCC, 0xD2, 0xD6, 0xD9, 0xDD, 0xE0, 0xE2, 0xE5, 0xE7, 0xE9, 0xEA, 0xEC, 0x03, 0xED, 0x8C, 0xEC, 0xEB, 0xE9, 
            0xE8, 0xE6, 0xE4, 0xE1, 0xDE, 0xDB, 0xD7, 0xD4, 0xD0, 0xCC, 0x07, 0xC9, 0x93, 0xCA, 0xCD, 0xD0, 0xD2, 0xD4, 0xD6, 0xD7, 0xD9, 0xDA, 0xDB, 0xDC, 
            0xDE, 0xDF, 0xE2, 0xE4, 0xE7, 0xEA, 0xED, 0xEF, 0xF0, 0x04, 0xF1, 0x8C, 0xF0, 0xEE, 0xEB, 0xE9, 0xE5, 0xE1, 0xDD, 0xDF, 0xE0, 0xE2, 0xE3, 0xE5, 
            0xE6, 0x01, 0xE7, 0x02, 0xE8, 0x02, 0xE9, 0x03, 0xF7, 0x01, 0xF6, 0x88, 0xF4, 0xF3, 0xF0, 0xED, 0xE8, 0xE2, 0xDB, 0xD3, 0xCB, 0x3C, 0xC8, 0x84, 
            0xC9, 0xCC, 0xCF, 0xD1, 0xD2, 0x01, 0xD3, 0x83, 0xD2, 0xD0, 0xCE, 0xCB, 0x78, 0xC8, 0x8E, 0xCD, 0xD3, 0xD8, 0xDE, 0xE3, 0xE8, 0xEC, 0xEF, 0xF1, 
            0xF2, 0xF4, 0xF5, 0xF6, 0xF7, 0xF8, 0x01, 0xFA, 0x81, 0xF8, 0xF7, 0x03, 0xF6, 0x89, 0xF7, 0xF8, 0xFB, 0xF8, 0xF4, 0xEE, 0xE6, 0xDE, 0xD5, 0xCC, 
            0x0A, 0xC8, 0x89, 0xCB, 0xD0, 0xD4, 0xD9, 0xDE, 0xE4, 0xE8, 0xED, 0xF1, 0xF5, 0x01, 0xF9, 0x80, 0xF7, 0x05, 0xF6, 0x87, 0xF7, 0xF9, 0xFA, 0xF7, 
            0xF9, 0xFA, 0xF9, 0xF8, 0x02, 0xF7, 0x01, 0xF8, 0x80, 0xF9, 0x04, 0xFA, 0x04, 0xF9, 0x03, 0xF8, 0x01, 0xF7, 0x8E, 0xF6, 0xF4, 0xF2, 0xF1, 0xEF, 
            0xEE, 0xEC, 0xE9, 0xE7, 0xE4, 0xE1, 0xDD, 0xD8, 0xD3, 0xCD, 0x04, 0xC8, 0x8F, 0xCA, 0xCF, 0xD3, 0xD7, 0xDA, 0xDD, 0xE0, 0xE4, 0xE7, 0xE9, 0xEB, 
            0xED, 0xF0, 0xF2, 0xF5, 0xF7, 0x01, 0xFA, 0x81, 0xF8, 0xF7, 0x05, 0xF6, 0x01, 0xF7, 0x01, 0xF8, 0x01, 0xFA, 0x8B, 0xF8, 0xF5, 0xF2, 0xEE, 0xEB, 
            0xE7, 0xE4, 0xE0, 0xDB, 0xD6, 0xD1, 0xCC, 0x3F, 0xC8, 0x8C, 0xCF, 0xD6, 0xDC, 0xE0, 0xE4, 0xE8, 0xEC, 0xF0, 0xF3, 0xF5, 0xF7, 0xF9, 0xFB, 0x03, 
            0xFA, 0x8D, 0xF9, 0xF8, 0xF6, 0xF4, 0xF2, 0xEF, 0xEB, 0xE7, 0xE3, 0xDE, 0xDA, 0xD5, 0xD0, 0xCA, 0x05, 0xC8, 0x92, 0xCA, 0xCE, 0xD1, 0xD4, 0xD7, 
            0xD9, 0xDB, 0xDD, 0xDE, 0xE0, 0xE2, 0xE4, 0xE7, 0xEA, 0xED, 0xF1, 0xF6, 0xF9, 0xFA, 0x01, 0xF8, 0x01, 0xF7, 0x8E, 0xF8, 0xF9, 0xFA, 0xF9, 0xF5, 
            0xF1, 0xEC, 0xE6, 0xE8, 0xEA, 0xEC, 0xEE, 0xF0, 0xF2, 0xF3, 0x01, 0xF4, 0x01, 0xF5, 0x03, 0xF6, 0x05, 0xEF, 0x89, 0xF1, 0xF3, 0xF6, 0xF9, 0xF4, 
            0xEC, 0xE5, 0xDC, 0xD4, 0xCB, 0x3C, 0xC7, 0x83, 0xC9, 0xCC, 0xCF, 0xD0, 0x01, 0xD1, 0x82, 0xD0, 0xCE, 0xCB, 0x77, 0xC7, 0x93, 0xC9, 0xD0, 0xD6, 
            0xDD, 0xE3, 0xE9, 0xEF, 0xF5, 0xF9, 0xF8, 0xF6, 0xF4, 0xF2, 0xF1, 0xF0, 0xEF, 0xED, 0xEC, 0xEA, 0xE8, 0x03, 0xE7, 0x89, 0xE8, 0xEA, 0xED, 0xF0, 
            0xF5, 0xF8, 0xF0, 0xE6, 0xDC, 0xD0, 0x09, 0xC7, 0x8E, 0xCA, 0xD0, 0xD5, 0xD9, 0xDE, 0xE3, 0xE9, 0xEF, 0xF4, 0xF9, 0xF6, 0xF1, 0xED, 0xE9, 0xE8, 
            0x06, 0xE7, 0x86, 0xE9, 0xEB, 0xEE, 0xF0, 0xED, 0xEB, 0xE9, 0x04, 0xE8, 0x01, 0xE9, 0x80, 0xEA, 0x01, 0xEB, 0x02, 0xEC, 0x02, 0xED, 0x01, 0xEE, 
            0x01, 0xEF, 0x01, 0xF0, 0x83, 0xF2, 0xF4, 0xF6, 0xF7, 0x01, 0xF9, 0x89, 0xF7, 0xF5, 0xF2, 0xEE, 0xEB, 0xE6, 0xE1, 0xDB, 0xD4, 0xCD, 0x03, 0xC7, 
            0x93, 0xCD, 0xD3, 0xD7, 0xDC, 0xE0, 0xE4, 0xE7, 0xEA, 0xED, 0xF0, 0xF3, 0xF6, 0xF9, 0xF8, 0xF5, 0xF1, 0xEE, 0xEB, 0xE9, 0xE8, 0x05, 0xE7, 0x01, 
            0xE8, 0x8F, 0xE9, 0xEA, 0xEC, 0xEF, 0xF2, 0xF5, 0xFA, 0xF6, 0xF2, 0xEE, 0xEA, 0xE5, 0xDF, 0xD8, 0xD2, 0xCB, 0x3E, 0xC7, 0x8D, 0xC9, 0xD2, 0xDB, 
            0xE2, 0xE8, 0xED, 0xF2, 0xF7, 0xF9, 0xF5, 0xF2, 0xEF, 0xED, 0xEB, 0x02, 0xEA, 0x90, 0xEB, 0xEC, 0xED, 0xEF, 0xF1, 0xF3, 0xF7, 0xF9, 0xF5, 0xEF, 
            0xEA, 0xE4, 0xDF, 0xDA, 0xD4, 0xCE, 0xC8, 0x04, 0xC7, 0x91, 0xCB, 0xCF, 0xD3, 0xD7, 0xD9, 0xDC, 0xDF, 0xE1, 0xE4, 0xE7, 0xEA, 0xED, 0xF2, 0xF6, 
            0xF8, 0xF3, 0xEE, 0xEC, 0x01, 0xEA, 0x01, 0xE9, 0x8E, 0xEA, 0xEC, 0xEE, 0xF2, 0xF6, 0xF8, 0xF1, 0xF0, 0xF4, 0xF7, 0xFA, 0xF8, 0xF6, 0xF4, 0xF3, 
            0x01, 0xF2, 0x80, 0xF1, 0x04, 0xF0, 0x80, 0xDF, 0x04, 0xDE, 0x8A, 0xE0, 0xE3, 0xE7, 0xEC, 0xF2, 0xF8, 0xEF, 0xE7, 0xDE, 0xD4, 0xC9, 0x3D, 0xC6, 
            0x85, 0xC9, 0xCB, 0xCC, 0xCB, 0xCA, 0xC8, 0x77, 0xC6, 0x94, 0xCC, 0xD3, 0xDA, 0xE1, 0xE8, 0xEF, 0xF5, 0xF6, 0xF0, 0xEC, 0xE9, 0xE6, 0xE5, 0xE4, 
            0xE2, 0xE1, 0xDF, 0xDD, 0xDC, 0xDA, 0xD9, 0x01, 0xD8, 0x8A, 0xD9, 0xDA, 0xDB, 0xDF, 0xE3, 0xE8, 0xF0, 0xF9, 0xEF, 0xE3, 0xD5, 0x09, 0xC6, 0x8E, 
            0xCD, 0xD4, 0xDA, 0xDF, 0xE4, 0xE9, 0xEF, 0xF5, 0xF7, 0xF2, 0xEC, 0xE8, 0xE3, 0xDE, 0xDA, 0x07, 0xD8, 0x82, 0xD9, 0xDB, 0xDE, 0x01, 0xE1, 0x82, 
            0xDD, 0xDB, 0xDA, 0x04, 0xD9, 0x01, 0xDA, 0x02, 0xDB, 0x02, 0xDC, 0x01, 0xDD, 0x02, 0xDE, 0x93, 0xDF, 0xE0, 0xE1, 0xE2, 0xE4, 0xE7, 0xE8, 0xEA, 
            0xEC, 0xEE, 0xF1, 0xF5, 0xF9, 0xF6, 0xF1, 0xEC, 0xE5, 0xDE, 0xD6, 0xCD, 0x01, 0xC6, 0x94, 0xC8, 0xCF, 0xD5, 0xDB, 0xE0, 0xE5, 0xE9, 0xED, 0xF1, 
            0xF4, 0xF7, 0xF8, 0xF5, 0xF2, 0xEE, 0xEA, 0xE6, 0xE2, 0xDE, 0xDB, 0xD9, 0x04, 0xD8, 0x92, 0xD9, 0xDA, 0xDB, 0xDC, 0xDE, 0xE0, 0xE3, 0xE7, 0xEC, 
            0xF1, 0xF6, 0xF7, 0xF3, 0xEE, 0xE7, 0xE0, 0xD9, 0xD1, 0xC9, 0x3E, 0xC6, 0x8D, 0xCB, 0xD7, 0xE2, 0xEA, 0xF2, 0xF8, 0xF5, 0xEF, 0xEA, 0xE5, 0xE2, 
            0xDF, 0xDC, 0xDB, 0x02, 0xDA, 0x01, 0xDB, 0x8F, 0xDC, 0xDD, 0xDF, 0xE2, 0xE5, 0xEA, 0xEF, 0xF5, 0xF7, 0xF1, 0xEB, 0xE5, 0xDF, 0xD9, 0xD2, 0xCC, 
            0x04, 0xC6, 0x90, 0xCB, 0xCF, 0xD3, 0xD6, 0xDA, 0xDE, 0xE2, 0xE6, 0xEA, 0xEF, 0xF3, 0xF9, 0xF4, 0xED, 0xE6, 0xE1, 0xDF, 0x01, 0xDD, 0x92, 0xDC, 
            0xDD, 0xDE, 0xE0, 0xE3, 0xE8, 0xEE, 0xF6, 0xF8, 0xF5, 0xF1, 0xED, 0xEA, 0xE8, 0xE6, 0xE4, 0xE3, 0xE2, 0xE1, 0x05, 0xE0, 0x80, 0xCF, 0x03, 0xCD, 
            0x8C, 0xCE, 0xD0, 0xD3, 0xD7, 0xDD, 0xE4, 0xEC, 0xF5, 0xF2, 0xE8, 0xDE, 0xD3, 0xC9, 0x7F, 0xC5, 0x38, 0xC5, 0xA3, 0xC9, 0xD0, 0xD7, 0xDE, 0xE5, 
            0xEC, 0xF3, 0xF6, 0xEE, 0xE7, 0xE2, 0xDD, 0xDA, 0xD8, 0xD7, 0xD4, 0xD2, 0xD1, 0xCF, 0xCE, 0xCD, 0xCC, 0xCB, 0xCA, 0xCB, 0xCD, 0xCF, 0xD3, 0xD8, 
            0xDE, 0xE6, 0xEF, 0xF6, 0xE9, 0xD9, 0xC8, 0x07, 0xC5, 0x91, 0xC6, 0xCF, 0xD7, 0xDE, 0xE3, 0xE8, 0xEE, 0xF3, 0xF7, 0xF1, 0xEA, 0xE4, 0xDF, 0xD9, 
            0xD4, 0xCF, 0xCC, 0xCA, 0x07, 0xC9, 0x87, 0xCB, 0xCD, 0xD0, 0xD4, 0xD2, 0xCE, 0xCC, 0xCB, 0x05, 0xCA, 0x02, 0xCB, 0x04, 0xCC, 0x01, 0xCD, 0x01, 
            0xCE, 0x9C, 0xCF, 0xD0, 0xD2, 0xD4, 0xD6, 0xD9, 0xDA, 0xDC, 0xDE, 0xE1, 0xE6, 0xEA, 0xEE, 0xF4, 0xF7, 0xF0, 0xE9, 0xE0, 0xD7, 0xCE, 0xC5, 0xC8, 
            0xCF, 0xD6, 0xDD, 0xE3, 0xE8, 0xEE, 0xF2, 0x01, 0xF6, 0x8B, 0xF3, 0xF0, 0xEC, 0xE9, 0xE6, 0xE3, 0xDE, 0xD9, 0xD4, 0xD0, 0xCD, 0xCB, 0x02, 0xCA, 
            0x92, 0xCB, 0xCC, 0xCE, 0xCF, 0xD1, 0xD3, 0xD5, 0xDA, 0xDE, 0xE4, 0xEB, 0xF1, 0xF6, 0xF5, 0xEF, 0xE8, 0xE0, 0xD7, 0xCD, 0x3F, 0xC5, 0x8D, 0xD0, 
            0xDE, 0xEB, 0xF5, 0xF3, 0xEC, 0xE6, 0xDF, 0xD9, 0xD4, 0xD1, 0xCD, 0xCC, 0xCB, 0x04, 0xCA, 0x91, 0xCB, 0xCC, 0xCE, 0xD0, 0xD4, 0xD8, 0xDE, 0xE4, 
            0xEB, 0xF1, 0xF8, 0xF2, 0xEC, 0xE6, 0xDF, 0xD8, 0xD1, 0xCA, 0x03, 0xC5, 0x8F, 0xC8, 0xCD, 0xD1, 0xD6, 0xDA, 0xE0, 0xE5, 0xEC, 0xF2, 0xF8, 0xF2, 
            0xEB, 0xE3, 0xDB, 0xD7, 0xD3, 0x02, 0xD2, 0x90, 0xD3, 0xD5, 0xD7, 0xDB, 0xE1, 0xEA, 0xF2, 0xEA, 0xE5, 0xE1, 0xDD, 0xDA, 0xD7, 0xD5, 0xD3, 0xD2, 
            0xD1, 0x01, 0xD0, 0x04, 0xCF, 0x07, 0xC4, 0x8A, 0xC8, 0xCE, 0xD5, 0xDC, 0xE6, 0xF0, 0xF3, 0xE9, 0xDE, 0xD3, 0xC9, 0x7F, 0xC4, 0x35, 0xC4, 0x91, 
            0xC8, 0xCF, 0xD7, 0xDD, 0xE4, 0xEA, 0xF1, 0xF6, 0xEF, 0xE6, 0xDE, 0xD9, 0xD3, 0xCE, 0xCC, 0xCA, 0xC8, 0xC5, 0x09, 0xC4, 0x88, 0xC8, 0xCE, 0xD5, 
            0xDC, 0xE7, 0xF3, 0xED, 0xDC, 0xCA, 0x08, 0xC4, 0x8E, 0xCD, 0xD7, 0xE0, 0xE7, 0xED, 0xF2, 0xF7, 0xF2, 0xEB, 0xE4, 0xDE, 0xD7, 0xD1, 0xCC, 0xC6, 
            0x0E, 0xC4, 0x80, 0xC8, 0x18, 0xC4, 0xA4, 0xC5, 0xC7, 0xC9, 0xCB, 0xCD, 0xD1, 0xD6, 0xDA, 0xE0, 0xE6, 0xEC, 0xF3, 0xF5, 0xEC, 0xE2, 0xD9, 0xCF, 
            0xC8, 0xCF, 0xD6, 0xDD, 0xE4, 0xEA, 0xEF, 0xF5, 0xF6, 0xF2, 0xEE, 0xEA, 0xE7, 0xE4, 0xE1, 0xDE, 0xD9, 0xD3, 0xCD, 0xC8, 0x07, 0xC4, 0x8F, 0xC5, 
            0xC7, 0xCA, 0xCD, 0xD2, 0xD8, 0xDE, 0xE6, 0xED, 0xF2, 0xF7, 0xEF, 0xE7, 0xDD, 0xD3, 0xC8, 0x3E, 0xC4, 0x89, 0xC8, 0xD8, 0xE7, 0xF6, 0xED, 0xE3, 
            0xDB, 0xD4, 0xCD, 0xC8, 0x0E, 0xC4, 0x8E, 0xC6, 0xCC, 0xD2, 0xD9, 0xE0, 0xE7, 0xEE, 0xF4, 0xF5, 0xEE, 0xE7, 0xE0, 0xD9, 0xD1, 0xCA, 0x03, 0xC4, 
            0x8D, 0xC8, 0xCE, 0xD4, 0xDB, 0xE3, 0xEB, 0xF3, 0xF4, 0xEC, 0xE3, 0xDA, 0xD3, 0xCE, 0xCB, 0x02, 0xCA, 0x8C, 0xCB, 0xCE, 0xD1, 0xD6, 0xDE, 0xE7, 
            0xE2, 0xDA, 0xD5, 0xD1, 0xCD, 0xC9, 0xC6, 0x0A, 0xC4, 0x09, 0xC4, 0x89, 0xC5, 0xCC, 0xD6, 0xE1, 0xEC, 0xF5, 0xEA, 0xDF, 0xD4, 0xCA, 0x7F, 0xC4, 
            0x32, 0xC4, 0x8D, 0xCB, 0xD2, 0xD9, 0xE0, 0xE6, 0xEC, 0xF2, 0xF5, 0xEE, 0xE7, 0xDE, 0xD6, 0xCF, 0xC9, 0x0F, 0xC4, 0x87, 0xC7, 0xCD, 0xD6, 0xE1, 
            0xEE, 0xF0, 0xDF, 0xCA, 0x08, 0xC4, 0x8D, 0xC7, 0xD2, 0xDD, 0xE6, 0xEE, 0xF5, 0xF2, 0xED, 0xE6, 0xE0, 0xD9, 0xD2, 0xCC, 0xC5, 0x30, 0xC4, 0x9E, 
            0xC5, 0xCA, 0xD0, 0xD6, 0xDD, 0xE3, 0xEB, 0xF5, 0xEF, 0xE5, 0xDC, 0xD1, 0xCD, 0xD4, 0xDB, 0xE2, 0xE8, 0xEE, 0xF4, 0xF5, 0xF1, 0xED, 0xEA, 0xE6, 
            0xE2, 0xDE, 0xDA, 0xD5, 0xCF, 0xCA, 0xC6, 0x0A, 0xC4, 0x8B, 0xC5, 0xCC, 0xD3, 0xDC, 0xE3, 0xEA, 0xF0, 0xF6, 0xED, 0xE3, 0xD8, 0xCD, 0x3F, 0xC4, 
            0x86, 0xCE, 0xE1, 0xF2, 0xED, 0xDF, 0xD4, 0xCA, 0x14, 0xC4, 0x8D, 0xC7, 0xCE, 0xD5, 0xDB, 0xE2, 0xE8, 0xEE, 0xF5, 0xF1, 0xE9, 0xE1, 0xD8, 0xD1, 
            0xC9, 0x03, 0xC4, 0x83, 0xCC, 0xD4, 0xDE, 0xE9, 0x01, 0xF2, 0x86, 0xE9, 0xDE, 0xD6, 0xCF, 0xC9, 0xC6, 0xC5, 0x01, 0xC4, 0x87, 0xC5, 0xC8, 0xCD, 
            0xD4, 0xDD, 0xDF, 0xD3, 0xCA, 0x0F, 0xC4, 0x0B, 0xC3, 0x88, 0xC5, 0xD0, 0xDC, 0xE8, 0xF4, 0xEC, 0xE1, 0xD6, 0xCA, 0x7F, 0xC3, 0x2F, 0xC3, 0x8D, 
            0xCC, 0xD6, 0xDE, 0xE5, 0xEC, 0xF1, 0xF5, 0xEF, 0xE9, 0xE3, 0xDD, 0xD5, 0xCC, 0xC5, 0x11, 0xC3, 0x86, 0xC7, 0xD1, 0xDC, 0xE9, 0xF2, 0xE0, 0xCB, 
            0x09, 0xC3, 0x83, 0xCA, 0xD6, 0xE1, 0xEA, 0x01, 0xF2, 0x85, 0xEB, 0xE5, 0xDE, 0xD7, 0xD0, 0xC8, 0x35, 0xC3, 0x9A, 0xC6, 0xCD, 0xD4, 0xDC, 0xE5, 
            0xEF, 0xF3, 0xE9, 0xDF, 0xD5, 0xD1, 0xD8, 0xDF, 0xE6, 0xEC, 0xF1, 0xF5, 0xF3, 0xF0, 0xEC, 0xE8, 0xE4, 0xDF, 0xDA, 0xD4, 0xCE, 0xC8, 0x0C, 0xC3, 
            0x8A, 0xC8, 0xD0, 0xDA, 0xE2, 0xEA, 0xF1, 0xF2, 0xE9, 0xDE, 0xD2, 0xC7, 0x3F, 0xC3, 0x85, 0xD5, 0xEA, 0xEE, 0xDE, 0xD1, 0xC5, 0x18, 0xC3, 0x8B, 
            0xC8, 0xCE, 0xD4, 0xDB, 0xE2, 0xE9, 0xF1, 0xF2, 0xE9, 0xE0, 0xD7, 0xCD, 0x03, 0xC3, 0x8A, 0xCB, 0xD7, 0xE4, 0xEF, 0xF2, 0xE8, 0xDE, 0xD5, 0xCD, 
            0xC7, 0xC5, 0x03, 0xC3, 0x85, 0xC6, 0xCC, 0xD4, 0xDE, 0xD2, 0xC6, 0x10, 0xC3, 0x05, 0xC1, 0x07, 0xC2, 0x87, 0xCB, 0xD8, 0xE5, 0xF0, 0xEE, 0xE2, 
            0xD6, 0xCB, 0x7F, 0xC2, 0x2C, 0xC2, 0x8C, 0xCB, 0xD6, 0xE1, 0xEA, 0xF2, 0xF1, 0xEB, 0xE5, 0xE0, 0xDA, 0xD5, 0xCF, 0xC7, 0x14, 0xC2, 0x85, 0xCD, 
            0xDA, 0xE7, 0xF3, 0xE0, 0xCB, 0x0A, 0xC2, 0x8A, 0xCA, 0xD6, 0xE1, 0xEB, 0xF3, 0xEF, 0xE8, 0xE1, 0xD9, 0xD2, 0xC9, 0x0A, 0xC2, 0x07, 0xC1, 0x0C, 
            0xC2, 0x0E, 0xC1, 0x09, 0xC2, 0x98, 0xC4, 0xCC, 0xD5, 0xDE, 0xE8, 0xF1, 0xEF, 0xE5, 0xDB, 0xD2, 0xDA, 0xE1, 0xE7, 0xED, 0xF1, 0xF5, 0xF2, 0xEE, 
            0xEB, 0xE7, 0xE2, 0xDD, 0xD6, 0xCE, 0xC7, 0x0C, 0xC2, 0x89, 0xC6, 0xD0, 0xD9, 0xE2, 0xEC, 0xF5, 0xED, 0xE3, 0xD8, 0xCB, 0x3F, 0xC2, 0x84, 0xC6, 
            0xDD, 0xF4, 0xE0, 0xCF, 0x06, 0xC2, 0x0C, 0xC1, 0x09, 0xC2, 0x89, 0xC6, 0xCD, 0xD5, 0xDD, 0xE6, 0xEF, 0xF1, 0xE6, 0xDB, 0xCF, 0x03, 0xC2, 0x89, 
            0xCC, 0xDB, 0xE8, 0xF5, 0xEB, 0xE2, 0xD7, 0xD0, 0xCA, 0xC5, 0x03, 0xC2, 0x84, 0xC5, 0xCC, 0xD4, 0xD5, 0xC8, 0x09, 0xC2, 0x07, 0xC1, 0x05, 0xB9, 
            0x83, 0xBA, 0xBB, 0xBE, 0xC0, 0x04, 0xC1, 0x87, 0xC7, 0xD4, 0xE1, 0xED, 0xEF, 0xE3, 0xD6, 0xCB, 0x7F, 0xC1, 0x29, 0xC1, 0x8B, 0xC8, 0xD4, 0xE0, 
            0xEC, 0xF2, 0xE9, 0xE1, 0xD9, 0xD3, 0xCE, 0xC9, 0xC3, 0x16, 0xC1, 0x85, 0xC9, 0xD7, 0xE6, 0xF2, 0xDF, 0xCA, 0x0B, 0xC1, 0x8A, 0xC6, 0xD2, 0xDD, 
            0xE7, 0xF0, 0xF1, 0xE9, 0xE1, 0xD9, 0xD1, 0xC8, 0x07, 0xC1, 0x82, 0xBF, 0xBD, 0xBB, 0x01, 0xBA, 0x03, 0xB9, 0x02, 0xBA, 0x86, 0xBB, 0xBC, 0xBE, 
            0xC0, 0xC1, 0xC0, 0xBF, 0x01, 0xBD, 0x80, 0xBC, 0x01, 0xBB, 0x03, 0xBA, 0x0A, 0xB9, 0x01, 0xBA, 0x82, 0xBC, 0xBE, 0xC0, 0x06, 0xC1, 0x87, 0xC4, 
            0xCC, 0xD5, 0xDF, 0xE9, 0xF3, 0xEC, 0xE2, 0x01, 0xD8, 0x8D, 0xDF, 0xE5, 0xEA, 0xEE, 0xF1, 0xF4, 0xF1, 0xEE, 0xE9, 0xE4, 0xDD, 0xD4, 0xCB, 0xC3, 
            0x0B, 0xC1, 0x89, 0xC6, 0xD1, 0xDB, 0xE4, 0xEF, 0xF0, 0xE6, 0xDC, 0xD1, 0xC5, 0x3F, 0xC1, 0x84, 0xCB, 0xE5, 0xEA, 0xD4, 0xC2, 0x03, 0xC1, 0x83, 
            0xBF, 0xBD, 0xBB, 0xBA, 0x0A, 0xB9, 0x84, 0xBA, 0xBB, 0xBC, 0xBE, 0xC0, 0x08, 0xC1, 0x87, 0xC8, 0xD2, 0xDC, 0xE7, 0xF2, 0xEA, 0xDD, 0xCD, 0x03, 
            0xC1, 0x89, 0xCD, 0xDC, 0xEB, 0xF2, 0xE8, 0xDE, 0xD5, 0xCF, 0xC8, 0xC3, 0x01, 0xC1, 0x84, 0xC2, 0xC7, 0xCE, 0xD7, 0xCE, 0x05, 0xC1, 0x83, 0xBF, 
            0xBD, 0xBC, 0xBB, 0x02, 0xBA, 0x05, 0xB9, 0x06, 0xB2, 0x84, 0xB4, 0xB6, 0xB8, 0xBB, 0xBE, 0x03, 0xC0, 0x88, 0xC4, 0xD1, 0xDE, 0xEB, 0xEF, 0xE2, 
            0xD5, 0xCB, 0xC2, 0x7F, 0xC0, 0x26, 0xC0, 0x88, 0xCF, 0xDC, 0xE9, 0xF1, 0xE5, 0xDA, 0xD0, 0xC8, 0xC1, 0x0B, 0xC0, 0x02, 0xBF, 0x02, 0xBE, 0x07, 
            0xC0, 0x85, 0xC5, 0xD4, 0xE4, 0xF0, 0xDD, 0xC9, 0x0D, 0xC0, 0x83, 0xC9, 0xD4, 0xDE, 0xE6, 0x01, 0xEF, 0x83, 0xE7, 0xDD, 0xD3, 0xC9, 0x05, 0xC0, 
            0x85, 0xBF, 0xBC, 0xB9, 0xB7, 0xB5, 0xB3, 0x06, 0xB2, 0x01, 0xB3, 0x83, 0xB4, 0xB5, 0xB7, 0xB9, 0x01, 0xBB, 0x82, 0xB9, 0xB8, 0xB6, 0x01, 0xB5, 
            0x80, 0xB4, 0x01, 0xB3, 0x0D, 0xB2, 0x85, 0xB3, 0xB5, 0xB7, 0xB9, 0xBB, 0xBE, 0x05, 0xC0, 0x97, 0xC3, 0xCC, 0xD6, 0xE0, 0xEA, 0xF3, 0xE8, 0xDE, 
            0xD4, 0xD8, 0xDD, 0xE1, 0xE4, 0xE7, 0xEA, 0xED, 0xF2, 0xEF, 0xE7, 0xDE, 0xD4, 0xCB, 0xC6, 0xC1, 0x09, 0xC0, 0x88, 0xC8, 0xD3, 0xDD, 0xE8, 0xF3, 
            0xEA, 0xDF, 0xD4, 0xC9, 0x40, 0xC0, 0x83, 0xD0, 0xEB, 0xE0, 0xC9, 0x02, 0xC0, 0x84, 0xBE, 0xBB, 0xB8, 0xB5, 0xB4, 0x0C, 0xB2, 0x86, 0xB3, 0xB4, 
            0xB6, 0xB8, 0xBA, 0xBC, 0xBE, 0x07, 0xC0, 0x86, 0xC9, 0xD6, 0xE2, 0xEE, 0xE9, 0xD8, 0xC5, 0x03, 0xC0, 0x8F, 0xCB, 0xDB, 0xE9, 0xF3, 0xE9, 0xDF, 
            0xD5, 0xCF, 0xC9, 0xC5, 0xC4, 0xC7, 0xCC, 0xD3, 0xDD, 0xCB, 0x03, 0xC0, 0x86, 0xBE, 0xBB, 0xB8, 0xB6, 0xB5, 0xB4, 0xB3, 0x07, 0xB2, 0x06, 0xAB, 
            0x85, 0xAC, 0xAE, 0xB0, 0xB3, 0xB6, 0xBA, 0x03, 0xBF, 0x88, 0xC1, 0xCE, 0xDC, 0xEA, 0xED, 0xE0, 0xD5, 0xCB, 0xC3, 0x54, 0xBF, 0x85, 0xC2, 0xC6, 
            0xC7, 0xC6, 0xC4, 0xC1, 0x48, 0xBF, 0x87, 0xC5, 0xD5, 0xE4, 0xF2, 0xE6, 0xD8, 0xCC, 0xC1, 0x08, 0xBF, 0x84, 0xBE, 0xBD, 0xBC, 0xBB, 0xBA, 0x01, 
            0xB9, 0x84, 0xBA, 0xB9, 0xBA, 0xBB, 0xBD, 0x06, 0xBF, 0x85, 0xC5, 0xD5, 0xE7, 0xEB, 0xD7, 0xC4, 0x0F, 0xBF, 0x89, 0xC5, 0xCF, 0xD8, 0xE1, 0xEA, 
            0xF1, 0xE7, 0xDB, 0xCF, 0xC2, 0x04, 0xBF, 0x85, 0xBB, 0xB7, 0xB4, 0xB1, 0xAE, 0xAC, 0x07, 0xAB, 0x01, 0xAC, 0x8D, 0xAD, 0xAE, 0xB0, 0xB1, 0xB3, 
            0xB4, 0xB5, 0xB3, 0xB1, 0xB0, 0xAF, 0xAE, 0xAD, 0xAC, 0x0D, 0xAB, 0x86, 0xAD, 0xAE, 0xB0, 0xB3, 0xB5, 0xB8, 0xBC, 0x05, 0xBF, 0x98, 0xC4, 0xCE, 
            0xD7, 0xE1, 0xEC, 0xEE, 0xE3, 0xDA, 0xD3, 0xCF, 0xD2, 0xD4, 0xD7, 0xDB, 0xE0, 0xE6, 0xED, 0xEE, 0xE3, 0xDB, 0xD5, 0xCF, 0xCC, 0xC7, 0xC2, 0x04, 
            0xBF, 0x84, 0xC2, 0xC7, 0xCE, 0xD9, 0xE3, 0x01, 0xEC, 0x83, 0xE0, 0xD6, 0xCB, 0xC0, 0x40, 0xBF, 0x82, 0xD5, 0xF1, 0xD8, 0x02, 0xBF, 0x85, 0xBD, 
            0xB8, 0xB4, 0xB1, 0xAF, 0xAD, 0x0C, 0xAB, 0x8A, 0xAC, 0xAD, 0xAF, 0xB1, 0xB3, 0xB5, 0xB6, 0xB8, 0xBA, 0xBC, 0xBE, 0x04, 0xBF, 0x85, 0xC4, 0xD1, 
            0xDF, 0xF0, 0xE3, 0xD0, 0x04, 0xBF, 0x8E, 0xC8, 0xD6, 0xE2, 0xEE, 0xED, 0xE2, 0xDB, 0xD6, 0xD1, 0xCF, 0xD1, 0xD7, 0xDD, 0xDF, 0xCA, 0x03, 0xBF, 
            0x85, 0xBB, 0xB8, 0xB4, 0xB1, 0xAF, 0xAD, 0x01, 0xAC, 0x06, 0xAB, 0x05, 0xA3, 0x01, 0xA4, 0x86, 0xA6, 0xA9, 0xAB, 0xAE, 0xB2, 0xB6, 0xBC, 0x03, 
            0xBF, 0x87, 0xCB, 0xDA, 0xE9, 0xEC, 0xE0, 0xD5, 0xCC, 0xC5, 0x51, 0xBF, 0x83, 0xC7, 0xD0, 0xD7, 0xDA, 0x01, 0xDC, 0x84, 0xDA, 0xD6, 0xD1, 0xCA, 
            0xC2, 0x44, 0xBF, 0x81, 0xCA, 0xDA, 0x01, 0xEA, 0x81, 0xDB, 0xCD, 0x05, 0xBF, 0x82, 0xBC, 0xBB, 0xB9, 0x01, 0xB8, 0x81, 0xB7, 0xB6, 0x01, 0xB5, 
            0x04, 0xB4, 0x82, 0xB6, 0xB8, 0xBC, 0x06, 0xBF, 0x84, 0xC9, 0xDA, 0xED, 0xE2, 0xCF, 0x13, 0xBF, 0x87, 0xC7, 0xD0, 0xD9, 0xE3, 0xEF, 0xE8, 0xD9, 
            0xC9, 0x03, 0xBF, 0x86, 0xBC, 0xB7, 0xB3, 0xAF, 0xAB, 0xA8, 0xA6, 0x02, 0xA4, 0x01, 0xA3, 0x02, 0xA4, 0x01, 0xA5, 0x8F, 0xA6, 0xA7, 0xA8, 0xA9, 
            0xAA, 0xAB, 0xAC, 0xAE, 0xAF, 0xAD, 0xAB, 0xAA, 0xA8, 0xA7, 0xA6, 0xA5, 0x01, 0xA4, 0x08, 0xA3, 0x89, 0xA4, 0xA5, 0xA6, 0xA8, 0xAA, 0xAD, 0xB0, 
            0xB3, 0xB7, 0xBB, 0x05, 0xBF, 0xA5, 0xC9, 0xD3, 0xDF, 0xEB, 0xEE, 0xE4, 0xDC, 0xD5, 0xCE, 0xC8, 0xC1, 0xC4, 0xC9, 0xCF, 0xD7, 0xE1, 0xEB, 0xF0, 
            0xEA, 0xE4, 0xE0, 0xDC, 0xD5, 0xD1, 0xCE, 0xCD, 0xCB, 0xC9, 0xCC, 0xD1, 0xD8, 0xE0, 0xEB, 0xEF, 0xE4, 0xD7, 0xCB, 0xC0, 0x41, 0xBF, 0x82, 0xD8, 
            0xEE, 0xD1, 0x02, 0xBF, 0x87, 0xB8, 0xB3, 0xAF, 0xAB, 0xA9, 0xA7, 0xA5, 0xA4, 0x09, 0xA3, 0x8D, 0xA4, 0xA5, 0xA6, 0xA8, 0xAA, 0xAC, 0xAE, 0xB0, 
            0xB1, 0xB3, 0xB4, 0xB6, 0xB9, 0xBC, 0x03, 0xBF, 0x85, 0xC4, 0xD3, 0xE4, 0xED, 0xD8, 0xC1, 0x04, 0xBF, 0x8D, 0xC2, 0xCE, 0xDB, 0xE7, 0xEF, 0xEC, 
            0xE5, 0xE1, 0xDF, 0xE0, 0xE6, 0xED, 0xE5, 0xCE, 0x02, 0xBF, 0x89, 0xBE, 0xB9, 0xB6, 0xB2, 0xAE, 0xAB, 0xA9, 0xA7, 0xA6, 0xA5, 0x03, 0xA4, 0x01, 
            0xA3, 0x06, 0x9C, 0x88, 0x9D, 0x9E, 0xA1, 0xA3, 0xA6, 0xAA, 0xAE, 0xB2, 0xB8, 0x03, 0xBE, 0x88, 0xC6, 0xD6, 0xE6, 0xEE, 0xE2, 0xD7, 0xCE, 0xC7, 
            0xC1, 0x4D, 0xBE, 0x8E, 0xC2, 0xD0, 0xDA, 0xE3, 0xEA, 0xEE, 0xF1, 0xEF, 0xF0, 0xEB, 0xE5, 0xDF, 0xD6, 0xCD, 0xC4, 0x41, 0xBE, 0x85, 0xCB, 0xDD, 
            0xEF, 0xE2, 0xD1, 0xC2, 0x03, 0xBE, 0x82, 0xBA, 0xB6, 0xB4, 0x01, 0xB2, 0x80, 0xB1, 0x03, 0xB0, 0x81, 0xAF, 0xAE, 0x02, 0xAF, 0x83, 0xB0, 0xB2, 
            0xB6, 0xBA, 0x05, 0xBE, 0x85, 0xC1, 0xD0, 0xE2, 0xE9, 0xD5, 0xC1, 0x16, 0xBE, 0x86, 0xC5, 0xD0, 0xDD, 0xEB, 0xE6, 0xD4, 0xC1, 0x02, 0xBE, 0x88, 
            0xB9, 0xB3, 0xAE, 0xAA, 0xA5, 0xA2, 0xA0, 0x9E, 0x9D, 0x04, 0x9C, 0x01, 0x9D, 0x80, 0x9E, 0x01, 0x9F, 0x8F, 0xA0, 0xA1, 0xA2, 0xA3, 0xA4, 0xA5, 
            0xA7, 0xA8, 0xAA, 0xA7, 0xA5, 0xA3, 0xA2, 0xA0, 0x9F, 0x9E, 0x01, 0x9D, 0x06, 0x9C, 0x8B, 0x9D, 0x9E, 0x9F, 0xA1, 0xA3, 0xA5, 0xA8, 0xAB, 0xAE, 
            0xB2, 0xB7, 0xBC, 0x04, 0xBE, 0x88, 0xC7, 0xD3, 0xE0, 0xEC, 0xEA, 0xDF, 0xD6, 0xCE, 0xC6, 0x04, 0xBE, 0x95, 0xC5, 0xCE, 0xD7, 0xE0, 0xE7, 0xEC, 
            0xF1, 0xEA, 0xE6, 0xE2, 0xE1, 0xDD, 0xDA, 0xDB, 0xDF, 0xE5, 0xEB, 0xED, 0xE4, 0xDA, 0xCE, 0xC2, 0x42, 0xBE, 0x82, 0xD9, 0xEA, 0xCE, 0x01, 0xBE, 
            0x88, 0xBD, 0xB6, 0xB1, 0xAC, 0xA8, 0xA4, 0xA2, 0x9F, 0x9D, 0x09, 0x9C, 0x8E, 0x9D, 0x9E, 0xA0, 0xA1, 0xA3, 0xA6, 0xA9, 0xAB, 0xAD, 0xAE, 0xB0, 
            0xB2, 0xB4, 0xB7, 0xBB, 0x03, 0xBE, 0x84, 0xCA, 0xDC, 0xF0, 0xDB, 0xC2, 0x06, 0xBE, 0x8C, 0xC5, 0xD0, 0xD9, 0xE0, 0xE7, 0xEB, 0xED, 0xEC, 0xE8, 
            0xE2, 0xF1, 0xD9, 0xC5, 0x02, 0xBE, 0x88, 0xBB, 0xB6, 0xB1, 0xAD, 0xA9, 0xA6, 0xA4, 0xA2, 0xA0, 0x01, 0x9F, 0x01, 0x9E, 0x01, 0x9D, 0x01, 0x96, 
            0x04, 0x95, 0x8A, 0x96, 0x97, 0x99, 0x9B, 0x9E, 0xA1, 0xA5, 0xA9, 0xAE, 0xB4, 0xBA, 0x02, 0xBD, 0x87, 0xBF, 0xD0, 0xE0, 0xEF, 0xE3, 0xD7, 0xCC, 
            0xC3, 0x4C, 0xBD, 0x91, 0xC0, 0xD2, 0xE1, 0xEB, 0xEC, 0xE5, 0xE0, 0xDD, 0xDB, 0xDC, 0xE0, 0xE7, 0xEE, 0xEB, 0xE2, 0xD8, 0xCF, 0xC5, 0x3E, 0xBD, 
            0x84, 0xC8, 0xDC, 0xF0, 0xDD, 0xCA, 0x03, 0xBD, 0x84, 0xB7, 0xB3, 0xAF, 0xAC, 0xAB, 0x01, 0xAA, 0x81, 0xA9, 0xAA, 0x02, 0xA9, 0x02, 0xAA, 0x84, 
            0xAB, 0xAC, 0xB0, 0xB5, 0xB9, 0x05, 0xBD, 0x84, 0xCA, 0xDC, 0xF0, 0xD9, 0xC4, 0x1A, 0xBD, 0x84, 0xC8, 0xD9, 0xEB, 0xDF, 0xC9, 0x02, 0xBD, 0x87, 
            0xB7, 0xB0, 0xAA, 0xA5, 0xA0, 0x9D, 0x9A, 0x98, 0x01, 0x96, 0x03, 0x95, 0x01, 0x96, 0x8B, 0x97, 0x98, 0x99, 0x9A, 0x9B, 0x9C, 0x9D, 0x9E, 0x9F, 
            0xA0, 0xA1, 0xA3, 0x01, 0xA5, 0x88, 0xA2, 0xA0, 0x9E, 0x9C, 0x9B, 0x9A, 0x99, 0x98, 0x97, 0x02, 0x96, 0x02, 0x97, 0x8B, 0x98, 0x99, 0x9A, 0x9B, 
            0x9E, 0xA1, 0xA3, 0xA7, 0xAB, 0xAF, 0xB4, 0xB9, 0x04, 0xBD, 0x87, 0xCB, 0xD9, 0xE7, 0xEB, 0xDF, 0xD4, 0xCA, 0xC0, 0x07, 0xBD, 0x88, 0xC6, 0xCC, 
            0xD2, 0xD9, 0xDF, 0xE5, 0xE9, 0xEC, 0xF0, 0x02, 0xEE, 0x85, 0xEA, 0xE6, 0xDF, 0xD6, 0xCD, 0xC3, 0x43, 0xBD, 0x82, 0xDA, 0xE9, 0xCD, 0x02, 0xBD, 
            0x88, 0xB6, 0xB0, 0xAB, 0xA6, 0xA2, 0x9E, 0x9B, 0x98, 0x96, 0x08, 0x95, 0x8E, 0x96, 0x98, 0x99, 0x9B, 0x9D, 0xA0, 0xA3, 0xA6, 0xA8, 0xAB, 0xAD, 
            0xAF, 0xB2, 0xB5, 0xB8, 0x03, 0xBD, 0x83, 0xC8, 0xDA, 0xF0, 0xD8, 0x09, 0xBD, 0x8B, 0xC0, 0xC7, 0xCC, 0xD0, 0xD2, 0xD1, 0xCD, 0xC8, 0xDE, 0xE9, 
            0xD5, 0xC3, 0x02, 0xBD, 0x8A, 0xBA, 0xB4, 0xAE, 0xA9, 0xA6, 0xA3, 0xA0, 0x9E, 0x9C, 0x9B, 0x99, 0x01, 0x98, 0x80, 0x97, 0x81, 0x91, 0x90, 0x01, 
            0x8F, 0x01, 0x8E, 0x01, 0x8F, 0x8A, 0x90, 0x92, 0x93, 0x96, 0x99, 0x9C, 0xA0, 0xA4, 0xA9, 0xAE, 0xB4, 0x03, 0xBC, 0x85, 0xCC, 0xDF, 0xED, 0xDE, 
            0xD0, 0xC4, 0x4C, 0xBC, 0x93, 0xCC, 0xDE, 0xEE, 0xE5, 0xDD, 0xD5, 0xD0, 0xCC, 0xC9, 0xCA, 0xCC, 0xD1, 0xD8, 0xE0, 0xE9, 0xEC, 0xE3, 0xD9, 0xCF, 
            0xC6, 0x3B, 0xBC, 0x84, 0xBF, 0xD5, 0xEC, 0xDC, 0xC7, 0x02, 0xBC, 0x86, 0xB7, 0xB1, 0xAD, 0xA8, 0xA6, 0xA5, 0xA4, 0x04, 0xA3, 0x02, 0xA4, 0x85, 
            0xA5, 0xA7, 0xAB, 0xB1, 0xB5, 0xB9, 0x04, 0xBC, 0x84, 0xC8, 0xD9, 0xED, 0xDC, 0xC6, 0x1D, 0xBC, 0x83, 0xC5, 0xDA, 0xED, 0xD3, 0x02, 0xBC, 0x89, 
            0xB6, 0xAE, 0xA7, 0xA2, 0x9D, 0x98, 0x95, 0x92, 0x90, 0x8F, 0x04, 0x8E, 0x95, 0x8F, 0x90, 0x91, 0x92, 0x93, 0x95, 0x96, 0x98, 0x99, 0x9B, 0x9C, 
            0x9E, 0x9F, 0xA1, 0xA2, 0xA3, 0xA1, 0x9E, 0x9C, 0x9A, 0x98, 0x97, 0x02, 0x96, 0x06, 0x95, 0x8A, 0x96, 0x97, 0x98, 0x9A, 0x9D, 0xA0, 0xA4, 0xA8, 
            0xAD, 0xB3, 0xB8, 0x03, 0xBC, 0x86, 0xC5, 0xD6, 0xE6, 0xE8, 0xD9, 0xCC, 0xC0, 0x0B, 0xBC, 0x8D, 0xBF, 0xC4, 0xCB, 0xCF, 0xD4, 0xD9, 0xDB, 0xDA, 
            0xD8, 0xD5, 0xD2, 0xCD, 0xC8, 0xC0, 0x43, 0xBC, 0x83, 0xC0, 0xDB, 0xEA, 0xD1, 0x02, 0xBC, 0x89, 0xB9, 0xB2, 0xAC, 0xA7, 0xA2, 0x9D, 0x99, 0x95, 
            0x92, 0x8F, 0x06, 0x8E, 0x8F, 0x8F, 0x90, 0x92, 0x94, 0x96, 0x99, 0x9C, 0x9F, 0xA3, 0xA6, 0xA9, 0xAB, 0xAE, 0xB1, 0xB5, 0xB9, 0x03, 0xBC, 0x83, 
            0xCE, 0xE3, 0xE5, 0xCB, 0x11, 0xBC, 0x84, 0xC6, 0xDD, 0xEC, 0xDA, 0xCA, 0x03, 0xBC, 0x8B, 0xB6, 0xAF, 0xAA, 0xA5, 0xA1, 0x9E, 0x9C, 0x99, 0x97, 
            0x95, 0x93, 0x92, 0x81, 0x8C, 0x8B, 0x01, 0x89, 0x02, 0x88, 0x8D, 0x89, 0x8A, 0x8B, 0x8C, 0x8E, 0x91, 0x94, 0x97, 0x9B, 0x9F, 0xA3, 0xA9, 0xAF, 
            0xB7, 0x02, 0xBB, 0x84, 0xCD, 0xE3, 0xE4, 0xD1, 0xC1, 0x4B, 0xBB, 0x81, 0xC2, 0xD5, 0x01, 0xE7, 0x92, 0xDA, 0xD1, 0xCA, 0xC3, 0xBF, 0xBC, 0xBB, 
            0xBC, 0xC0, 0xC4, 0xCC, 0xD5, 0xDD, 0xE6, 0xEC, 0xE2, 0xD8, 0xCD, 0xC1, 0x39, 0xBB, 0x83, 0xC6, 0xE0, 0xE3, 0xCB, 0x01, 0xBB, 0x86, 0xBA, 0xB2, 
            0xAC, 0xA7, 0xA3, 0xA1, 0x9F, 0x01, 0x9E, 0x01, 0x9D, 0x03, 0x9E, 0x85, 0xA0, 0xA3, 0xA7, 0xAC, 0xB1, 0xB6, 0x04, 0xBB, 0x84, 0xC8, 0xD9, 0xED, 
            0xDA, 0xC6, 0x20, 0xBB, 0x83, 0xC8, 0xE1, 0xDF, 0xC3, 0x01, 0xBB, 0x8A, 0xB5, 0xAD, 0xA5, 0x9F, 0x9A, 0x95, 0x91, 0x8E, 0x8C, 0x8A, 0x89, 0x04, 
            0x88, 0x8D, 0x89, 0x8A, 0x8C, 0x8D, 0x90, 0x92, 0x94, 0x97, 0x9A, 0x9C, 0x9E, 0x9F, 0xA0, 0xA2, 0x01, 0xA4, 0x83, 0xA1, 0x9E, 0x9C, 0x9B, 0x01, 
            0x99, 0x03, 0x98, 0x02, 0x97, 0x01, 0x96, 0x8B, 0x95, 0x96, 0x97, 0x98, 0x99, 0x9B, 0x9E, 0xA3, 0xA8, 0xAE, 0xB4, 0xBA, 0x02, 0xBB, 0x85, 0xC7, 
            0xD8, 0xEB, 0xE0, 0xCF, 0xC0, 0x11, 0xBB, 0x85, 0xBE, 0xC1, 0xC2, 0xC1, 0xBF, 0xBD, 0x46, 0xBB, 0x84, 0xC3, 0xDA, 0xEC, 0xD7, 0xC4, 0x02, 0xBB, 
            0x89, 0xB7, 0xB0, 0xAB, 0xA5, 0x9F, 0x9A, 0x95, 0x90, 0x8B, 0x89, 0x05, 0x87, 0x8E, 0x89, 0x8B, 0x8D, 0x90, 0x93, 0x96, 0x9A, 0x9E, 0xA1, 0xA5, 
            0xA9, 0xAC, 0xAF, 0xB2, 0xB7, 0x03, 0xBB, 0x83, 0xCA, 0xDD, 0xEA, 0xD2, 0x13, 0xBB, 0x85, 0xBD, 0xCF, 0xE0, 0xEB, 0xDA, 0xC9, 0x02, 0xBB, 0x8A, 
            0xBA, 0xB2, 0xAC, 0xA7, 0xA2, 0x9D, 0x9A, 0x97, 0x94, 0x91, 0x8F, 0x83, 0x8A, 0x87, 0x85, 0x84, 0x03, 0x83, 0x8D, 0x84, 0x85, 0x86, 0x87, 0x89, 
            0x8C, 0x8F, 0x92, 0x96, 0x9A, 0x9F, 0xA5, 0xAC, 0xB5, 0x01, 0xBA, 0x84, 0xBD, 0xD5, 0xEC, 0xD3, 0xBC, 0x4B, 0xBA, 0x87, 0xCA, 0xDB, 0xEB, 0xE1, 
            0xD5, 0xCA, 0xC2, 0xBB, 0x06, 0xBA, 0x88, 0xC1, 0xCA, 0xD3, 0xDC, 0xE6, 0xEA, 0xDE, 0xD1, 0xC4, 0x38, 0xBA, 0x82, 0xCC, 0xE9, 0xD5, 0x01, 0xBA, 
            0x86, 0xB8, 0xAF, 0xA8, 0xA2, 0x9E, 0x9C, 0x9A, 0x01, 0x99, 0x80, 0x98, 0x02, 0x99, 0x87, 0x9A, 0x9B, 0x9E, 0xA4, 0xA8, 0xAD, 0xB2, 0xB8, 0x03, 
            0xBA, 0x84, 0xC8, 0xDA, 0xEC, 0xD6, 0xC1, 0x23, 0xBA, 0x82, 0xD1, 0xED, 0xD0, 0x01, 0xBA, 0x8B, 0xB7, 0xAD, 0xA5, 0x9E, 0x99, 0x94, 0x8F, 0x8B, 
            0x89, 0x86, 0x84, 0x83, 0x03, 0x82, 0x93, 0x83, 0x84, 0x85, 0x88, 0x8A, 0x8E, 0x92, 0x96, 0x9A, 0x9E, 0xA0, 0xA1, 0xA3, 0xA4, 0xA6, 0xA8, 0xA7, 
            0xA4, 0xA2, 0xA0, 0x01, 0x9F, 0x03, 0x9E, 0x83, 0x9D, 0x9C, 0x9B, 0x9A, 0x02, 0x99, 0x01, 0x9A, 0x86, 0x9B, 0x9D, 0xA0, 0xA3, 0xA7, 0xAD, 0xB3, 
            0x02, 0xBA, 0x85, 0xBB, 0xCE, 0xE2, 0xE5, 0xD2, 0xC1, 0x5F, 0xBA, 0x85, 0xC4, 0xD7, 0xE8, 0xE2, 0xD2, 0xC3, 0x02, 0xBA, 0x8A, 0xB7, 0xB0, 0xAA, 
            0xA4, 0x9E, 0x97, 0x91, 0x8B, 0x86, 0x83, 0x81, 0x01, 0x80, 0x8F, 0x81, 0x82, 0x84, 0x86, 0x8A, 0x8D, 0x90, 0x94, 0x98, 0x9D, 0xA2, 0xA6, 0xAB, 
            0xAF, 0xB2, 0xB6, 0x03, 0xBA, 0x84, 0xCA, 0xDE, 0xE8, 0xD2, 0xBB, 0x16, 0xBA, 0x84, 0xC7, 0xD7, 0xEA, 0xDE, 0xCB, 0x02, 0xBA, 0x88, 0xB7, 0xAF, 
            0xA8, 0xA2, 0x9C, 0x98, 0x94, 0x90, 0x8D, 0x83, 0x8D, 0x89, 0x86, 0x84, 0x05, 0x83, 0x8B, 0x85, 0x86, 0x88, 0x8A, 0x8C, 0x8E, 0x91, 0x96, 0x9B, 
            0xA1, 0xA8, 0xB1, 0x02, 0xBA, 0x82, 0xD2, 0xEC, 0xD1, 0x4B, 0xBA, 0x88, 0xBE, 0xCF, 0xDD, 0xEA, 0xE3, 0xD8, 0xCD, 0xC3, 0xBB, 0x08, 0xBA, 0x87, 
            0xC3, 0xCC, 0xD6, 0xE0, 0xEC, 0xE1, 0xD2, 0xC3, 0x37, 0xBA, 0x82, 0xCE, 0xEB, 0xCA, 0x01, 0xBA, 0x84, 0xB1, 0xA9, 0xA2, 0x9E, 0x9C, 0x01, 0x9A, 
            0x03, 0x99, 0x87, 0x9A, 0x9B, 0x9F, 0xA4, 0xA8, 0xAD, 0xB2, 0xB8, 0x03, 0xBA, 0x83, 0xCA, 0xDE, 0xE5, 0xCF, 0x26, 0xBA, 0x83, 0xBC, 0xD9, 0xE2, 
            0xC4, 0x01, 0xBA, 0x8C, 0xB3, 0xAB, 0xA3, 0x9D, 0x98, 0x94, 0x90, 0x8C, 0x89, 0x87, 0x85, 0x84, 0x83, 0x01, 0x82, 0x93, 0x83, 0x84, 0x86, 0x88, 
            0x8B, 0x8F, 0x95, 0x9A, 0x9F, 0xA3, 0xA8, 0xAB, 0xAC, 0xAD, 0xAF, 0xB1, 0xB2, 0xB1, 0xAE, 0xAC, 0x01, 0xAA, 0x03, 0xA9, 0x02, 0xA8, 0x82, 0xA7, 
            0xA5, 0xA4, 0x01, 0xA3, 0x86, 0xA4, 0xA5, 0xA7, 0xAA, 0xAC, 0xB0, 0xB6, 0x02, 0xBA, 0x85, 0xBC, 0xCE, 0xE1, 0xE5, 0xD1, 0xC0, 0x60, 0xBA, 0x87, 
            0xC2, 0xD0, 0xDC, 0xE7, 0xE6, 0xDA, 0xCD, 0xBD, 0x02, 0xBA, 0x88, 0xB3, 0xAC, 0xA5, 0x9E, 0x97, 0x90, 0x8A, 0x85, 0x82, 0x01, 0x81, 0x8D, 0x82, 
            0x83, 0x86, 0x88, 0x8C, 0x8F, 0x93, 0x97, 0x9B, 0xA1, 0xA7, 0xAC, 0xB0, 0xB5, 0x03, 0xBA, 0x84, 0xBE, 0xD1, 0xE5, 0xE1, 0xCD, 0x1A, 0xBA, 0x84, 
            0xBB, 0xCD, 0xE1, 0xE3, 0xCF, 0x02, 0xBA, 0x86, 0xB5, 0xAC, 0xA5, 0xA0, 0x9A, 0x95, 0x91, 0x84, 0x93, 0x8F, 0x8B, 0x87, 0x85, 0x04, 0x84, 0x8B, 
            0x85, 0x86, 0x87, 0x89, 0x8C, 0x8E, 0x91, 0x95, 0x9A, 0xA0, 0xA7, 0xB0, 0x01, 0xB9, 0x83, 0xBA, 0xD5, 0xE6, 0xC9, 0x4B, 0xB9, 0x88, 0xC2, 0xD0, 
            0xDC, 0xE6, 0xE7, 0xDD, 0xD4, 0xCA, 0xC0, 0x09, 0xB9, 0x87, 0xBD, 0xC6, 0xD0, 0xDB, 0xE7, 0xE3, 0xD3, 0xC3, 0x36, 0xB9, 0x8A, 0xCF, 0xE6, 0xC1, 
            0xB9, 0xB7, 0xAD, 0xA6, 0xA1, 0x9E, 0x9D, 0x9C, 0x03, 0x9B, 0x86, 0x9C, 0x9F, 0xA4, 0xA9, 0xAE, 0xB3, 0xB8, 0x02, 0xB9, 0x84, 0xBC, 0xCC, 0xE1, 
            0xE0, 0xCA, 0x29, 0xB9, 0x83, 0xC1, 0xDF, 0xDA, 0xBD, 0x01, 0xB9, 0x8B, 0xB2, 0xAB, 0xA4, 0x9F, 0x9A, 0x96, 0x92, 0x8F, 0x8C, 0x8A, 0x89, 0x87, 
            0x02, 0x86, 0x8B, 0x87, 0x89, 0x8B, 0x8E, 0x93, 0x99, 0x9F, 0xA6, 0xAB, 0xB0, 0xB4, 0xB7, 0x08, 0xB9, 0x02, 0xB8, 0x87, 0xB9, 0xB8, 0xB7, 0xB5, 
            0xB4, 0xB3, 0xB2, 0xB1, 0x01, 0xB0, 0x82, 0xB1, 0xB4, 0xB7, 0x03, 0xB9, 0x86, 0xBA, 0xC9, 0xD8, 0xE9, 0xDC, 0xCA, 0xBA, 0x61, 0xB9, 0x88, 0xBD, 
            0xC7, 0xD0, 0xD7, 0xDE, 0xE7, 0xE6, 0xD8, 0xC8, 0x02, 0xB9, 0x87, 0xB6, 0xAE, 0xA7, 0x9F, 0x98, 0x91, 0x8A, 0x86, 0x01, 0x85, 0x8C, 0x86, 0x87, 
            0x8A, 0x8D, 0x91, 0x94, 0x98, 0x9C, 0xA1, 0xA7, 0xAD, 0xB3, 0xB8, 0x03, 0xB9, 0x84, 0xC9, 0xDA, 0xEB, 0xDA, 0xC7, 0x1E, 0xB9, 0x83, 0xC9, 0xDE, 
            0xE3, 0xCC, 0x02, 0xB9, 0x84, 0xB0, 0xA9, 0xA4, 0x9D, 0x97, 0x85, 0x9A, 0x96, 0x91, 0x8D, 0x89, 0x87, 0x04, 0x86, 0x8A, 0x87, 0x88, 0x89, 0x8B, 
            0x8D, 0x91, 0x95, 0x9A, 0xA1, 0xA8, 0xB1, 0x01, 0xB8, 0x83, 0xBA, 0xD8, 0xDE, 0xC0, 0x4B, 0xB8, 0x89, 0xC2, 0xCF, 0xD9, 0xE1, 0xE9, 0xE5, 0xDC, 
            0xD2, 0xC8, 0xBD, 0x0A, 0xB8, 0x86, 0xBE, 0xC8, 0xD3, 0xE0, 0xE7, 0xD6, 0xC6, 0x35, 0xB8, 0x8B, 0xD3, 0xDD, 0xB9, 0xB8, 0xB6, 0xAD, 0xA5, 0xA1, 
            0xA0, 0x9F, 0x9E, 0x9D, 0x01, 0x9E, 0x84, 0xA0, 0xA4, 0xA9, 0xAE, 0xB3, 0x03, 0xB8, 0x84, 0xBB, 0xCC, 0xE0, 0xDF, 0xC9, 0x2C, 0xB8, 0x83, 0xC3, 
            0xE2, 0xD6, 0xB9, 0x01, 0xB8, 0x8B, 0xB3, 0xAD, 0xA7, 0xA2, 0x9D, 0x99, 0x96, 0x93, 0x90, 0x8E, 0x8D, 0x8C, 0x01, 0x8B, 0x88, 0x8C, 0x8D, 0x8F, 
            0x93, 0x98, 0x9E, 0xA5, 0xAC, 0xB2, 0x1D, 0xB8, 0x86, 0xC2, 0xCF, 0xDD, 0xEB, 0xDC, 0xCD, 0xBF, 0x64, 0xB8, 0x89, 0xBD, 0xC3, 0xC7, 0xCC, 0xD2, 
            0xDA, 0xE6, 0xE0, 0xCE, 0xBB, 0x02, 0xB8, 0x86, 0xAF, 0xA8, 0xA0, 0x98, 0x90, 0x8C, 0x8A, 0x01, 0x8B, 0x89, 0x8C, 0x8F, 0x93, 0x97, 0x9A, 0x9E, 
            0xA2, 0xA8, 0xAE, 0xB3, 0x03, 0xB8, 0x85, 0xBE, 0xCF, 0xDF, 0xE6, 0xD5, 0xC3, 0x21, 0xB8, 0x83, 0xCC, 0xE4, 0xD8, 0xC0, 0x01, 0xB8, 0x83, 0xB4, 
            0xAD, 0xA7, 0xA0, 0x86, 0xA4, 0x9E, 0x99, 0x94, 0x8F, 0x8C, 0x89, 0x04, 0x88, 0x89, 0x89, 0x8A, 0x8B, 0x8D, 0x91, 0x95, 0x9A, 0xA1, 0xA9, 0xB2, 
            0x01, 0xB7, 0x82, 0xBF, 0xDF, 0xD4, 0x4C, 0xB7, 0x8A, 0xBE, 0xCB, 0xD4, 0xDB, 0xE2, 0xE8, 0xE4, 0xDB, 0xD0, 0xC5, 0xB8, 0x0B, 0xB7, 0x86, 0xBE, 
            0xC9, 0xD7, 0xE6, 0xDD, 0xCB, 0xBA, 0x33, 0xB7, 0x81, 0xD4, 0xDB, 0x01, 0xB7, 0x85, 0xB6, 0xAD, 0xA7, 0xA4, 0xA3, 0xA1, 0x01, 0xA0, 0x84, 0xA1, 
            0xA4, 0xA8, 0xAD, 0xB3, 0x03, 0xB7, 0x84, 0xBB, 0xC9, 0xDB, 0xE3, 0xCC, 0x2F, 0xB7, 0x83, 0xC2, 0xE1, 0xD5, 0xBB, 0x01, 0xB7, 0x89, 0xB6, 0xB0, 
            0xAA, 0xA5, 0xA1, 0x9C, 0x99, 0x97, 0x95, 0x94, 0x01, 0x92, 0x01, 0x93, 0x86, 0x94, 0x96, 0x99, 0x9D, 0xA4, 0xAC, 0xB3, 0x05, 0xB7, 0x80, 0xBC, 
            0x01, 0xBE, 0x80, 0xBB, 0x09, 0xB7, 0x83, 0xC1, 0xC3, 0xBD, 0xB9, 0x01, 0xB7, 0x89, 0xB9, 0xBF, 0xC7, 0xD2, 0xDF, 0xEA, 0xDE, 0xD1, 0xC4, 0xB8, 
            0x68, 0xB7, 0x84, 0xB9, 0xBD, 0xC1, 0xC8, 0xD3, 0x01, 0xE1, 0x81, 0xCF, 0xBD, 0x02, 0xB7, 0x84, 0xAF, 0xA7, 0x9E, 0x97, 0x92, 0x01, 0x90, 0x89, 
            0x91, 0x92, 0x96, 0x99, 0x9D, 0xA0, 0xA4, 0xA9, 0xAF, 0xB5, 0x03, 0xB7, 0x85, 0xBF, 0xCF, 0xE1, 0xE3, 0xD2, 0xC1, 0x23, 0xB7, 0x83, 0xC0, 0xD9, 
            0xE1, 0xC8, 0x02, 0xB7, 0x81, 0xB0, 0xAA, 0x88, 0xAE, 0xA8, 0xA2, 0x9D, 0x97, 0x93, 0x8F, 0x8C, 0x8B, 0x02, 0x8A, 0x89, 0x8B, 0x8C, 0x8D, 0x8F, 
            0x91, 0x95, 0x9B, 0xA3, 0xAB, 0xB5, 0x01, 0xB6, 0x82, 0xCB, 0xE8, 0xC7, 0x4C, 0xB6, 0x8A, 0xB8, 0xC4, 0xCC, 0xD4, 0xDA, 0xE0, 0xE7, 0xE3, 0xD8, 
            0xCB, 0xBD, 0x05, 0xB6, 0x81, 0xB4, 0xB5, 0x05, 0xB6, 0x85, 0xBD, 0xCB, 0xDB, 0xE5, 0xD3, 0xC1, 0x32, 0xB6, 0x82, 0xD3, 0xDB, 0xB8, 0x01, 0xB6, 
            0x83, 0xAF, 0xAA, 0xA7, 0xA5, 0x01, 0xA4, 0x83, 0xA5, 0xA8, 0xAC, 0xB1, 0x03, 0xB6, 0x85, 0xBA, 0xC7, 0xD6, 0xE9, 0xD3, 0xBD, 0x31, 0xB6, 0x83, 
            0xBF, 0xDE, 0xD9, 0xC0, 0x02, 0xB6, 0x87, 0xB4, 0xAF, 0xA9, 0xA5, 0xA1, 0x9E, 0x9D, 0x9C, 0x02, 0x9B, 0x86, 0x9C, 0x9D, 0xA0, 0xA2, 0xA5, 0xAA, 
            0xB2, 0x03, 0xB6, 0x9C, 0xBC, 0xC2, 0xC7, 0xCB, 0xCE, 0xCF, 0xCE, 0xCA, 0xC6, 0xC1, 0xBC, 0xB9, 0xB7, 0xB8, 0xBC, 0xC2, 0xCC, 0xD6, 0xE2, 0xE9, 
            0xE5, 0xE3, 0xE4, 0xE7, 0xE6, 0xE0, 0xD5, 0xCA, 0xBF, 0x6F, 0xB6, 0x86, 0xBB, 0xC5, 0xD2, 0xE3, 0xDE, 0xCC, 0xBB, 0x02, 0xB6, 0x8D, 0xAF, 0xA6, 
            0x9E, 0x99, 0x97, 0x96, 0x97, 0x99, 0x9C, 0xA0, 0xA4, 0xA8, 0xAC, 0xB1, 0x04, 0xB6, 0x85, 0xC1, 0xCE, 0xDE, 0xE3, 0xD2, 0xC2, 0x25, 0xB6, 0x84, 
            0xB7, 0xD0, 0xE8, 0xD1, 0xB8, 0x01, 0xB6, 0x80, 0xB5, 0x88, 0xB5, 0xB3, 0xAC, 0xA6, 0xA0, 0x9A, 0x96, 0x93, 0x90, 0x03, 0x8E, 0x87, 0x8F, 0x90, 
            0x92, 0x94, 0x98, 0x9E, 0xA6, 0xAF, 0x01, 0xB5, 0x83, 0xBF, 0xDA, 0xD9, 0xB8, 0x4D, 0xB5, 0x89, 0xBC, 0xC4, 0xCB, 0xD1, 0xD8, 0xDF, 0xE8, 0xDF, 
            0xD1, 0xC2, 0x03, 0xB5, 0x86, 0xB3, 0xAF, 0xAD, 0xAC, 0xAE, 0xB1, 0xB4, 0x04, 0xB5, 0x85, 0xC0, 0xD1, 0xE3, 0xDB, 0xC9, 0xBA, 0x30, 0xB5, 0x82, 
            0xCF, 0xE0, 0xC1, 0x01, 0xB5, 0x82, 0xB3, 0xAE, 0xAB, 0x01, 0xA9, 0x82, 0xAA, 0xAD, 0xB0, 0x03, 0xB5, 0x85, 0xB8, 0xC6, 0xD3, 0xE2, 0xDC, 0xC6, 
            0x34, 0xB5, 0x83, 0xBB, 0xD8, 0xDF, 0xC8, 0x03, 0xB5, 0x84, 0xB3, 0xAE, 0xAA, 0xA6, 0xA5, 0x02, 0xA4, 0x86, 0xA5, 0xA6, 0xA7, 0xA9, 0xAD, 0xB0, 
            0xB4, 0x02, 0xB5, 0x85, 0xBB, 0xC7, 0xCF, 0xD6, 0xDC, 0xE1, 0x01, 0xE3, 0x92, 0xE1, 0xDE, 0xD9, 0xD4, 0xCF, 0xCC, 0xCB, 0xCC, 0xD0, 0xD7, 0xE1, 
            0xE4, 0xD7, 0xC9, 0xBD, 0xBE, 0xBD, 0xBB, 0xB6, 0x74, 0xB5, 0x86, 0xB9, 0xC5, 0xD5, 0xE6, 0xDA, 0xCA, 0xB9, 0x02, 0xB5, 0x82, 0xAE, 0xA6, 0xA1, 
            0x02, 0x9E, 0x85, 0x9F, 0xA3, 0xA7, 0xAB, 0xAF, 0xB3, 0x04, 0xB5, 0x85, 0xC2, 0xCE, 0xDC, 0xE5, 0xD4, 0xC4, 0x28, 0xB5, 0x83, 0xC6, 0xE0, 0xD9, 
            0xC1, 0x01, 0xB5, 0x02, 0xB5, 0x86, 0xB1, 0xAA, 0xA3, 0x9D, 0x99, 0x96, 0x94, 0x02, 0x93, 0x86, 0x94, 0x95, 0x96, 0x99, 0x9D, 0xA3, 0xAB, 0x02, 
            0xB5, 0x82, 0xCF, 0xE4, 0xC6, 0x4F, 0xB5, 0x88, 0xBB, 0xC1, 0xC7, 0xCE, 0xD6, 0xE0, 0xE4, 0xD6, 0xC6, 0x02, 0xB5, 0x83, 0xB4, 0xAE, 0xA9, 0xA6, 
            0x01, 0xA4, 0x84, 0xA6, 0xA9, 0xAC, 0xAF, 0xB4, 0x02, 0xB5, 0x86, 0xB7, 0xC8, 0xDB, 0xE2, 0xD1, 0xC3, 0xB8, 0x2E, 0xB5, 0x82, 0xC7, 0xE6, 0xCD, 
            0x02, 0xB5, 0x81, 0xB4, 0xB1, 0x01, 0xB0, 0x80, 0xB2, 0x04, 0xB5, 0x85, 0xC2, 0xD0, 0xDE, 0xE2, 0xD0, 0xBB, 0x36, 0xB5, 0x84, 0xB8, 0xD2, 0xE5, 
            0xD1, 0xC0, 0x03, 0xB5, 0x82, 0xB4, 0xB0, 0xAD, 0x01, 0xAC, 0x84, 0xAD, 0xAF, 0xB1, 0xB3, 0xB4, 0x04, 0xB5, 0x82, 0xC1, 0xCF, 0xDB, 0x01, 0xE4, 
            0x88, 0xDE, 0xD8, 0xD4, 0xD3, 0xD5, 0xD8, 0xDD, 0xE1, 0xE5, 0x02, 0xE7, 0x84, 0xE3, 0xDB, 0xD2, 0xC6, 0xB9, 0x7B, 0xB5, 0x86, 0xBB, 0xC9, 0xD9, 
            0xE7, 0xD7, 0xC7, 0xB8, 0x02, 0xB5, 0x88, 0xAE, 0xA9, 0xA6, 0xA5, 0xA6, 0xA7, 0xAB, 0xAE, 0xB2, 0x04, 0xB5, 0x87, 0xB6, 0xC2, 0xCE, 0xDB, 0xE6, 
            0xD7, 0xC6, 0xB7, 0x29, 0xB5, 0x84, 0xBD, 0xD6, 0xE1, 0xCB, 0xBA, 0x80, 0xC3, 0x03, 0xB4, 0x86, 0xAD, 0xA6, 0xA1, 0x9D, 0x9B, 0x9A, 0x99, 0x01, 
            0x9A, 0x85, 0x9B, 0x9D, 0xA0, 0xA4, 0xAA, 0xB3, 0x01, 0xB4, 0x82, 0xC8, 0xE4, 0xCE, 0x51, 0xB4, 0x88, 0xB9, 0xBF, 0xC5, 0xCE, 0xD8, 0xE5, 0xD9, 
            0xC8, 0xB5, 0x01, 0xB4, 0x8B, 0xB1, 0xAA, 0xA3, 0x9F, 0x9C, 0x9B, 0x9C, 0x9E, 0xA1, 0xA5, 0xA9, 0xAF, 0x03, 0xB4, 0x86, 0xC2, 0xD4, 0xE5, 0xDA, 
            0xCD, 0xC3, 0xBB, 0x2C, 0xB4, 0x83, 0xBD, 0xDA, 0xD8, 0xC2, 0x09, 0xB4, 0x85, 0xBE, 0xCC, 0xDA, 0xE5, 0xD6, 0xC4, 0x39, 0xB4, 0x85, 0xB5, 0xCC, 
            0xE0, 0xDC, 0xCD, 0xBE, 0x0E, 0xB4, 0x8F, 0xBD, 0xCA, 0xD8, 0xE6, 0xDC, 0xD3, 0xCC, 0xC6, 0xC0, 0xBD, 0xBB, 0xBC, 0xBE, 0xC1, 0xC4, 0xC7, 0x01, 
            0xC8, 0x82, 0xC6, 0xC1, 0xB9, 0x7F, 0xB4, 0x86, 0xC1, 0xCF, 0xDE, 0xE1, 0xD2, 0xC5, 0xB6, 0x02, 0xB4, 0x81, 0xB0, 0xAE, 0x01, 0xAD, 0x81, 0xAF, 
            0xB2, 0x05, 0xB4, 0x89, 0xB7, 0xC3, 0xCD, 0xD9, 0xE6, 0xD8, 0xC9, 0xC2, 0xBC, 0xB6, 0x29, 0xB4, 0x83, 0xB7, 0xCF, 0xE5, 0xD5, 0x82, 0xDB, 0xCA, 
            0xB9, 0x02, 0xB3, 0x83, 0xAF, 0xA9, 0xA5, 0xA2, 0x02, 0xA1, 0x84, 0xA2, 0xA3, 0xA5, 0xA8, 0xAD, 0x02, 0xB3, 0x83, 0xC5, 0xE0, 0xCF, 0xB5, 0x22, 
            0xB3, 0x84, 0xBD, 0xC9, 0xD2, 0xD7, 0xDA, 0x02, 0xDC, 0x8F, 0xDB, 0xDA, 0xD9, 0xD8, 0xD7, 0xD5, 0xD4, 0xD1, 0xCE, 0xCB, 0xC7, 0xC2, 0xBE, 0xBB, 
            0xB8, 0xB4, 0x17, 0xB3, 0x87, 0xB9, 0xBF, 0xC8, 0xD3, 0xE1, 0xDA, 0xC8, 0xB4, 0x01, 0xB3, 0x84, 0xAE, 0xA5, 0x9E, 0x99, 0x96, 0x01, 0x94, 0x86, 
            0x96, 0x99, 0x9C, 0xA0, 0xA5, 0xAA, 0xB1, 0x02, 0xB3, 0x88, 0xBF, 0xCF, 0xDE, 0xE2, 0xD8, 0xD0, 0xC8, 0xC1, 0xB9, 0x2A, 0xB3, 0x83, 0xD0, 0xE4, 
            0xCF, 0xBB, 0x06, 0xB3, 0x86, 0xBD, 0xC9, 0xD6, 0xE4, 0xD9, 0xCA, 0xB9, 0x3C, 0xB3, 0x85, 0xC4, 0xD5, 0xE4, 0xDA, 0xCC, 0xBF, 0x08, 0xB3, 0x8A, 
            0xB6, 0xBC, 0xC5, 0xCF, 0xD8, 0xE4, 0xDB, 0xCE, 0xC4, 0xBB, 0xB4, 0x7F, 0xB3, 0x0D, 0xB3, 0x86, 0xBC, 0xCA, 0xD7, 0xE4, 0xDB, 0xD0, 0xC1, 0x0D, 
            0xB3, 0x8C, 0xBA, 0xC5, 0xD0, 0xD9, 0xE5, 0xDF, 0xDC, 0xD7, 0xD1, 0xCB, 0xC5, 0xBF, 0xBA, 0x28, 0xB3, 0x82, 0xB4, 0xC9, 0xDE, 0x83, 0xDA, 0xDF, 
            0xCD, 0xBB, 0x02, 0xB2, 0x82, 0xB1, 0xAD, 0xAB, 0x01, 0xA9, 0x83, 0xAA, 0xAB, 0xAC, 0xAF, 0x02, 0xB2, 0x84, 0xB4, 0xC9, 0xE1, 0xCF, 0xB4, 0x20, 
            0xB2, 0x86, 0xBD, 0xD0, 0xE1, 0xDC, 0xD1, 0xCA, 0xC5, 0x01, 0xC3, 0x95, 0xC4, 0xC6, 0xC8, 0xCA, 0xCC, 0xCF, 0xD1, 0xD3, 0xD6, 0xD8, 0xDC, 0xE0, 
            0xE4, 0xE0, 0xDC, 0xD8, 0xD4, 0xCF, 0xC9, 0xC3, 0xBC, 0xB4, 0x13, 0xB2, 0x86, 0xB5, 0xBC, 0xC5, 0xD0, 0xDF, 0xD9, 0xC6, 0x02, 0xB2, 0x8E, 0xAC, 
            0xA2, 0x9A, 0x94, 0x91, 0x8E, 0x8D, 0x8F, 0x92, 0x95, 0x98, 0x9D, 0xA2, 0xA8, 0xAF, 0x02, 0xB2, 0x8B, 0xBD, 0xCA, 0xD5, 0xDE, 0xE4, 0xDD, 0xD6, 
            0xCE, 0xC7, 0xC1, 0xBB, 0xB6, 0x26, 0xB2, 0x8F, 0xC5, 0xD9, 0xDD, 0xCB, 0xBD, 0xB6, 0xB4, 0xB8, 0xBB, 0xC2, 0xCB, 0xD5, 0xE1, 0xDA, 0xCC, 0xBE, 
            0x3F, 0xB2, 0x95, 0xBB, 0xC9, 0xD5, 0xE3, 0xDB, 0xCF, 0xC6, 0xBF, 0xBC, 0xBD, 0xC1, 0xC7, 0xCD, 0xD3, 0xD8, 0xDC, 0xE3, 0xDE, 0xD4, 0xCA, 0xC0, 
            0xB5, 0x7F, 0xB2, 0x10, 0xB2, 0x87, 0xBA, 0xC7, 0xD3, 0xDE, 0xE1, 0xD6, 0xC9, 0xBB, 0x0A, 0xB2, 0x84, 0xB8, 0xBF, 0xC8, 0xD3, 0xDD, 0x01, 0xDB, 
            0x8A, 0xDE, 0xE1, 0xE5, 0xDF, 0xD9, 0xD3, 0xCE, 0xC9, 0xC3, 0xBB, 0xB3, 0x27, 0xB2, 0x80, 0xC6, 0x84, 0xC6, 0xD7, 0xE0, 0xCE, 0xBD, 0x0C, 0xB1, 
            0x83, 0xBD, 0xD0, 0xE3, 0xCB, 0x20, 0xB1, 0x84, 0xC3, 0xD8, 0xDD, 0xCB, 0xBC, 0x0C, 0xB1, 0x90, 0xB3, 0xB6, 0xBA, 0xBD, 0xC1, 0xC6, 0xCB, 0xD0, 
            0xD5, 0xD9, 0xDE, 0xE4, 0xDD, 0xD5, 0xCD, 0xC2, 0xB6, 0x11, 0xB1, 0x86, 0xB4, 0xBB, 0xC4, 0xD0, 0xDF, 0xD7, 0xC3, 0x02, 0xB1, 0x8F, 0xAA, 0x9F, 
            0x97, 0x91, 0x8C, 0x89, 0x88, 0x89, 0x8B, 0x8E, 0x92, 0x96, 0x9B, 0xA1, 0xA8, 0xB0, 0x02, 0xB1, 0x8C, 0xB8, 0xC3, 0xCB, 0xD2, 0xD8, 0xDF, 0xE3, 
            0xDC, 0xD6, 0xD0, 0xC9, 0xC3, 0xBB, 0x24, 0xB1, 0x84, 0xB7, 0xCA, 0xDB, 0xDD, 0xD2, 0x01, 0xCD, 0x86, 0xCF, 0xD4, 0xDB, 0xE4, 0xDA, 0xCD, 0xBE, 
            0x43, 0xB1, 0x90, 0xBA, 0xC6, 0xD2, 0xDC, 0xE3, 0xDD, 0xDA, 0xDD, 0xE2, 0xE1, 0xDC, 0xD6, 0xD0, 0xCC, 0xC6, 0xBE, 0xB5, 0x7F, 0xB1, 0x13, 0xB1, 
            0x88, 0xBA, 0xC5, 0xCF, 0xD9, 0xE4, 0xDB, 0xD0, 0xC4, 0xB7, 0x06, 0xB1, 0x95, 0xB4, 0xB9, 0xBE, 0xC5, 0xCD, 0xD6, 0xD4, 0xD1, 0xCE, 0xCD, 0xCF, 
            0xD2, 0xD6, 0xDC, 0xE1, 0xE2, 0xDD, 0xD8, 0xD2, 0xCA, 0xC1, 0xB9, 0x26, 0xB1, 0x80, 0xB3, 0x85, 0xB4, 0xC4, 0xD5, 0xDF, 0xCD, 0xBD, 0x09, 0xB0, 
            0x84, 0xBA, 0xC8, 0xDA, 0xD9, 0xC4, 0x1F, 0xB0, 0x84, 0xC1, 0xD7, 0xDA, 0xC8, 0xB5, 0x15, 0xB0, 0x8B, 0xB4, 0xB9, 0xBD, 0xC2, 0xC9, 0xD1, 0xD9, 
            0xE2, 0xDA, 0xCD, 0xC0, 0xB2, 0x0F, 0xB0, 0x86, 0xB5, 0xBC, 0xC5, 0xD1, 0xE0, 0xD3, 0xBF, 0x02, 0xB0, 0x85, 0xA7, 0x9D, 0x95, 0x8E, 0x88, 0x85, 
            0x01, 0x84, 0x87, 0x86, 0x88, 0x8C, 0x90, 0x94, 0x9B, 0xA2, 0xA9, 0x03, 0xB0, 0x8D, 0xB2, 0xB9, 0xBE, 0xC4, 0xCA, 0xD0, 0xD6, 0xDC, 0xE3, 0xDC, 
            0xD4, 0xCB, 0xC0, 0xB3, 0x23, 0xB0, 0x83, 0xBA, 0xC9, 0xD6, 0xDE, 0x01, 0xE1, 0x84, 0xDF, 0xD9, 0xD2, 0xCA, 0xBE, 0x47, 0xB0, 0x89, 0xB4, 0xBD, 
            0xC4, 0xC9, 0xCB, 0xC9, 0xC4, 0xC0, 0xBA, 0xB4, 0x7F, 0xB0, 0x18, 0xB0, 0x83, 0xB9, 0xC3, 0xCC, 0xD6, 0x01, 0xDF, 0x84, 0xD5, 0xCA, 0xBF, 0xB7, 
            0xB2, 0x02, 0xB0, 0x8A, 0xB2, 0xBA, 0xC1, 0xC5, 0xCB, 0xD3, 0xD0, 0xCB, 0xC7, 0xC3, 0xC1, 0x01, 0xC0, 0x8C, 0xC3, 0xC7, 0xCC, 0xD2, 0xD6, 0xDB, 
            0xE0, 0xE1, 0xD9, 0xD0, 0xC7, 0xBE, 0xB4, 0x25, 0xB0, 0x87, 0xAF, 0xB3, 0xC3, 0xD5, 0xDE, 0xCE, 0xC1, 0xB6, 0x03, 0xAF, 0x87, 0xB4, 0xBA, 0xC1, 
            0xCA, 0xD6, 0xE0, 0xCE, 0xBA, 0x1E, 0xAF, 0x84, 0xBA, 0xD0, 0xDF, 0xC9, 0xB6, 0x02, 0xAF, 0x83, 0xAC, 0xA7, 0xA5, 0xA3, 0x01, 0xA2, 0x88, 0xA3, 
            0xA4, 0xA5, 0xA7, 0xA8, 0xA9, 0xAB, 0xAC, 0xAD, 0x0A, 0xAF, 0x87, 0xB7, 0xC0, 0xCA, 0xD5, 0xE2, 0xD6, 0xC8, 0xB9, 0x0D, 0xAF, 0x87, 0xB1, 0xB7, 
            0xBF, 0xC8, 0xD4, 0xE2, 0xCE, 0xB9, 0x02, 0xAF, 0x90, 0xA4, 0x9A, 0x92, 0x8B, 0x86, 0x82, 0x81, 0x80, 0x82, 0x84, 0x88, 0x8B, 0x8F, 0x95, 0x9D, 
            0xA4, 0xAB, 0x05, 0xAF, 0x8B, 0xB1, 0xB6, 0xBC, 0xC2, 0xC8, 0xCF, 0xD8, 0xE2, 0xD9, 0xCE, 0xC1, 0xB1, 0x23, 0xAF, 0x82, 0xB6, 0xBF, 0xC5, 0x01, 
            0xC7, 0x82, 0xC4, 0xBE, 0xB7, 0x7F, 0xAF, 0x6C, 0xAF, 0x90, 0xB6, 0xC0, 0xC9, 0xD2, 0xD9, 0xE1, 0xDA, 0xD0, 0xC7, 0xC1, 0xBD, 0xBA, 0xB9, 0xBA, 
            0xC0, 0xC7, 0xCD, 0x01, 0xD2, 0x85, 0xCA, 0xC3, 0xBE, 0xB9, 0xB6, 0xB3, 0x01, 0xB2, 0x8D, 0xB4, 0xB8, 0xBD, 0xC2, 0xC7, 0xCB, 0xD1, 0xD6, 0xDE, 
            0xDF, 0xD5, 0xCB, 0xC1, 0xB6, 0x24, 0xAF, 0x01, 0xAF, 0x86, 0xB1, 0xC2, 0xD3, 0xE1, 0xD6, 0xCD, 0xC6, 0x01, 0xC4, 0x82, 0xC8, 0xCE, 0xD5, 0x01, 
            0xDD, 0x81, 0xD0, 0xC1, 0x1F, 0xAF, 0x83, 0xC4, 0xDC, 0xD1, 0xBC, 0x02, 0xAF, 0x86, 0xAA, 0xA3, 0x9E, 0x9A, 0x98, 0x96, 0x95, 0x01, 0x96, 0x8D, 
            0x98, 0x99, 0x9B, 0x9C, 0x9E, 0x9F, 0xA1, 0xA3, 0xA4, 0xA6, 0xA8, 0xAA, 0xAC, 0xAE, 0x06, 0xAF, 0x86, 0xB2, 0xBE, 0xCB, 0xD8, 0xDD, 0xCE, 0xBF, 
            0x0C, 0xAF, 0x87, 0xB4, 0xBB, 0xC4, 0xCD, 0xD9, 0xDA, 0xC7, 0xB2, 0x01, 0xAF, 0x86, 0xAC, 0xA2, 0x98, 0x8F, 0x89, 0x83, 0x80, 0x01, 0x7E, 0x89, 
            0x80, 0x82, 0x84, 0x87, 0x8B, 0x91, 0x98, 0x9F, 0xA6, 0xAD, 0x08, 0xAF, 0x87, 0xB5, 0xBD, 0xC7, 0xD2, 0xDD, 0xDB, 0xCD, 0xBD, 0x7F, 0xAF, 0x7F, 
            0xAF, 0x18, 0xAF, 0x8A, 0xB2, 0xBB, 0xC4, 0xCA, 0xD1, 0xDA, 0xE1, 0xD8, 0xD1, 0xCD, 0xC9, 0x01, 0xC6, 0x88, 0xC8, 0xCD, 0xD4, 0xDA, 0xCF, 0xC6, 
            0xBD, 0xB6, 0xB0, 0x07, 0xAF, 0x8B, 0xB3, 0xB7, 0xBC, 0xC2, 0xC9, 0xCF, 0xD6, 0xE0, 0xD9, 0xCE, 0xC3, 0xB7, 0x23, 0xAF, 0x02, 0xAE, 0x8D, 0xB0, 
            0xBE, 0xCB, 0xD6, 0xDE, 0xDF, 0xDD, 0xDE, 0xDF, 0xD8, 0xD0, 0xC7, 0xBD, 0xB1, 0x1E, 0xAE, 0x84, 0xAF, 0xC7, 0xE0, 0xCB, 0xB5, 0x01, 0xAE, 0x87, 
            0xAD, 0xA5, 0x9E, 0x98, 0x93, 0x90, 0x8E, 0x8D, 0x02, 0x8C, 0x91, 0x8D, 0x8F, 0x90, 0x92, 0x93, 0x95, 0x97, 0x98, 0x9A, 0x9C, 0x9D, 0x9F, 0xA1, 
            0xA3, 0xA6, 0xA8, 0xAB, 0xAD, 0x04, 0xAE, 0x86, 0xB6, 0xC2, 0xD1, 0xE0, 0xD2, 0xC2, 0xB0, 0x09, 0xAE, 0x87, 0xB1, 0xB9, 0xC1, 0xCA, 0xD4, 0xE1, 
            0xD1, 0xBE, 0x02, 0xAE, 0x86, 0xA9, 0x9F, 0x96, 0x8D, 0x87, 0x81, 0x7E, 0x01, 0x7D, 0x8A, 0x7E, 0x80, 0x82, 0x84, 0x89, 0x8E, 0x94, 0x9C, 0xA2, 
            0xA8, 0xAD, 0x09, 0xAE, 0x86, 0xB9, 0xC4, 0xCF, 0xDA, 0xD9, 0xCA, 0xB8, 0x02, 0xAE, 0x82, 0xB4, 0xBE, 0xC3, 0x01, 0xC7, 0x82, 0xC5, 0xBF, 0xB6, 
            0x7F, 0xAE, 0x7F, 0xAE, 0x0D, 0xAE, 0x89, 0xB4, 0xBB, 0xC0, 0xC7, 0xCF, 0xD7, 0xDE, 0xE0, 0xDC, 0xD8, 0x01, 0xD6, 0x86, 0xD8, 0xDD, 0xD8, 0xCC, 
            0xC2, 0xB9, 0xB0, 0x0B, 0xAE, 0x8A, 0xAF, 0xB5, 0xBC, 0xC2, 0xC9, 0xD3, 0xDE, 0xD9, 0xCE, 0xC2, 0xB6, 0x22, 0xAE, 0x04, 0xAD, 0x88, 0xB6, 0xBE, 
            0xC4, 0xC7, 0xC8, 0xC5, 0xC0, 0xB9, 0xB1, 0x21, 0xAD, 0x83, 0xC2, 0xDB, 0xCD, 0xB6, 0x02, 0xAD, 0x87, 0xA4, 0x9C, 0x95, 0x90, 0x8C, 0x89, 0x87, 
            0x86, 0x03, 0x85, 0x92, 0x86, 0x87, 0x89, 0x8A, 0x8C, 0x8D, 0x8F, 0x91, 0x92, 0x94, 0x96, 0x98, 0x9A, 0x9C, 0x9E, 0xA0, 0xA3, 0xA6, 0xAA, 0x03, 
            0xAD, 0x85, 0xAF, 0xBD, 0xCC, 0xDD, 0xD3, 0xC1, 0x08, 0xAD, 0x88, 0xAF, 0xB8, 0xC0, 0xC8, 0xD1, 0xDC, 0xD7, 0xC7, 0xB5, 0x02, 0xAD, 0x86, 0xA6, 
            0x9D, 0x94, 0x8B, 0x85, 0x80, 0x7D, 0x01, 0x7C, 0x8B, 0x7D, 0x7F, 0x80, 0x83, 0x87, 0x8B, 0x92, 0x99, 0x9F, 0xA4, 0xA8, 0xAB, 0x09, 0xAD, 0x92, 
            0xB7, 0xC1, 0xCD, 0xDB, 0xD5, 0xC3, 0xAD, 0xB3, 0xC1, 0xCC, 0xD5, 0xDC, 0xE0, 0xDF, 0xDD, 0xD8, 0xCF, 0xC3, 0xB6, 0x7F, 0xAD, 0x7F, 0xAD, 0x0C, 
            0xAD, 0x88, 0xAF, 0xB5, 0xBB, 0xC1, 0xC8, 0xCC, 0xCF, 0xD2, 0xD5, 0x01, 0xD7, 0x84, 0xDB, 0xD6, 0xC9, 0xBE, 0xB4, 0x0F, 0xAD, 0x89, 0xB0, 0xB7, 
            0xBE, 0xC8, 0xD3, 0xDD, 0xD8, 0xCC, 0xC0, 0xB3, 0x21, 0xAD, 0x2E, 0xAC, 0x83, 0xB5, 0xCF, 0xD6, 0xBF, 0x02, 0xAC, 0x8A, 0xA7, 0x9E, 0x97, 0x90, 
            0x8B, 0x87, 0x84, 0x83, 0x82, 0x81, 0x80, 0x02, 0x81, 0x93, 0x82, 0x83, 0x84, 0x85, 0x86, 0x87, 0x89, 0x8A, 0x8C, 0x8D, 0x8F, 0x91, 0x93, 0x96, 
            0x98, 0x9A, 0x9D, 0xA1, 0xA6, 0xAA, 0x03, 0xAC, 0x84, 0xBB, 0xCC, 0xDD, 0xD0, 0xBD, 0x07, 0xAC, 0x88, 0xB6, 0xBF, 0xC8, 0xD0, 0xD9, 0xDA, 0xCD, 
            0xBD, 0xAD, 0x02, 0xAC, 0x86, 0xA3, 0x9B, 0x92, 0x8A, 0x84, 0x7F, 0x7D, 0x01, 0x7C, 0x8C, 0x7D, 0x7E, 0x80, 0x82, 0x85, 0x8A, 0x8F, 0x95, 0x9B, 
            0xA0, 0xA4, 0xA7, 0xA8, 0x01, 0xA9, 0x81, 0xAA, 0xAB, 0x05, 0xAC, 0x8A, 0xB4, 0xC1, 0xCF, 0xDF, 0xCC, 0xB8, 0xC9, 0xD7, 0xDC, 0xD3, 0xCC, 0x01, 
            0xC9, 0x86, 0xCC, 0xD0, 0xD9, 0xDA, 0xCD, 0xBE, 0xAE, 0x7F, 0xAC, 0x7F, 0xAC, 0x0D, 0xAC, 0x8B, 0xB1, 0xB5, 0xB7, 0xBA, 0xBD, 0xBF, 0xC1, 0xD6, 
            0xD5, 0xC6, 0xBB, 0xB0, 0x11, 0xAC, 0x89, 0xAD, 0xB6, 0xC0, 0xCA, 0xD4, 0xDE, 0xD4, 0xC8, 0xBB, 0xAE, 0x20, 0xAC, 0x2E, 0xAB, 0x83, 0xBC, 0xD6, 
            0xCE, 0xB6, 0x02, 0xAB, 0x88, 0xA2, 0x9A, 0x92, 0x8C, 0x87, 0x83, 0x81, 0x80, 0x7F, 0x04, 0x7E, 0x01, 0x7F, 0x81, 0x80, 0x81, 0x01, 0x82, 0x8E, 
            0x84, 0x85, 0x86, 0x87, 0x88, 0x8A, 0x8C, 0x8E, 0x91, 0x93, 0x96, 0x9A, 0x9E, 0xA2, 0xA8, 0x02, 0xAB, 0x85, 0xAD, 0xBD, 0xCE, 0xDE, 0xCC, 0xB7, 
            0x05, 0xAB, 0x88, 0xB3, 0xBE, 0xC7, 0xD0, 0xD8, 0xDB, 0xD1, 0xC5, 0xB7, 0x02, 0xAB, 0x87, 0xA9, 0xA1, 0x9A, 0x91, 0x89, 0x83, 0x7F, 0x7D, 0x01, 
            0x7C, 0x8C, 0x7D, 0x7E, 0x7F, 0x81, 0x84, 0x88, 0x8D, 0x92, 0x97, 0x9C, 0xA0, 0xA2, 0xA3, 0x01, 0xA4, 0x82, 0xA5, 0xA6, 0xA8, 0x05, 0xAB, 0x93, 
            0xB6, 0xC5, 0xD5, 0xD3, 0xCC, 0xDD, 0xD1, 0xC7, 0xBF, 0xB8, 0xB4, 0xB5, 0xB7, 0xBB, 0xC4, 0xCF, 0xDC, 0xD2, 0xC2, 0xB3, 0x7F, 0xAB, 0x7F, 0xAB, 
            0x11, 0xAB, 0x85, 0xB4, 0xCD, 0xD9, 0xC6, 0xB7, 0xAD, 0x13, 0xAB, 0x88, 0xAE, 0xB8, 0xC2, 0xCB, 0xD6, 0xDB, 0xCF, 0xC3, 0xB5, 0x20, 0xAB, 0x2E, 
            0xAA, 0x83, 0xBF, 0xD8, 0xCA, 0xB3, 0x01, 0xAA, 0x88, 0xA9, 0xA0, 0x97, 0x8F, 0x89, 0x85, 0x82, 0x80, 0x7E, 0x07, 0x7D, 0x80, 0x7E, 0x01, 0x7F, 
            0x01, 0x80, 0x80, 0x81, 0x01, 0x82, 0x8B, 0x83, 0x85, 0x86, 0x88, 0x8A, 0x8D, 0x8F, 0x93, 0x97, 0x9C, 0xA1, 0xA7, 0x02, 0xAA, 0x85, 0xAF, 0xC0, 
            0xD0, 0xD9, 0xC6, 0xB1, 0x03, 0xAA, 0x89, 0xAB, 0xB8, 0xC4, 0xCE, 0xD7, 0xDB, 0xD1, 0xC7, 0xBB, 0xAE, 0x02, 0xAA, 0x87, 0xA6, 0x9E, 0x97, 0x8F, 
            0x88, 0x83, 0x7F, 0x7D, 0x01, 0x7C, 0x8B, 0x7D, 0x7E, 0x7F, 0x81, 0x83, 0x87, 0x8A, 0x8F, 0x93, 0x98, 0x9B, 0x9D, 0x01, 0x9E, 0x85, 0x9F, 0xA0, 
            0xA1, 0xA3, 0xA5, 0xA9, 0x03, 0xAA, 0x88, 0xAE, 0xBD, 0xCF, 0xD6, 0xDC, 0xCC, 0xBE, 0xB4, 0xAC, 0x04, 0xAA, 0x86, 0xB1, 0xBD, 0xCA, 0xD9, 0xD2, 
            0xC3, 0xB6, 0x38, 0xAA, 0x85, 0xAF, 0xB3, 0xB7, 0xBA, 0xBC, 0xBD, 0x02, 0xBE, 0x01, 0xBD, 0x84, 0xBC, 0xBA, 0xB7, 0xB2, 0xAD, 0x7F, 0xAA, 0x47, 
            0xAA, 0x84, 0xBF, 0xD8, 0xCD, 0xBA, 0xAB, 0x08, 0xAA, 0x01, 0xA9, 0x81, 0xA8, 0xA9, 0x08, 0xAA, 0x88, 0xB1, 0xBA, 0xC3, 0xCD, 0xD8, 0xD7, 0xCA, 
            0xBD, 0xAF, 0x1F, 0xAA, 0x2E, 0xAA, 0x83, 0xBE, 0xD6, 0xCC, 0xB5, 0x02, 0xAA, 0x88, 0xA0, 0x97, 0x90, 0x8A, 0x86, 0x83, 0x80, 0x7E, 0x7D, 0x05, 
            0x7C, 0x02, 0x7D, 0x02, 0x7E, 0x02, 0x7F, 0x8C, 0x80, 0x81, 0x82, 0x83, 0x85, 0x87, 0x8A, 0x8D, 0x91, 0x95, 0x9A, 0xA0, 0xA7, 0x02, 0xAA, 0x85, 
            0xB1, 0xC1, 0xD2, 0xD5, 0xC0, 0xAD, 0x02, 0xAA, 0x88, 0xAD, 0xBB, 0xC8, 0xD4, 0xDA, 0xD0, 0xC5, 0xBB, 0xB0, 0x02, 0xAA, 0x88, 0xA7, 0xA1, 0x9A, 
            0x93, 0x8C, 0x86, 0x82, 0x7E, 0x7D, 0x01, 0x7C, 0x01, 0x7D, 0x8A, 0x7E, 0x80, 0x82, 0x85, 0x88, 0x8C, 0x8F, 0x93, 0x95, 0x97, 0x98, 0x01, 0x99, 
            0x85, 0x9A, 0x9C, 0x9E, 0xA0, 0xA3, 0xA8, 0x03, 0xAA, 0x85, 0xB8, 0xCB, 0xDB, 0xC9, 0xB8, 0xAB, 0x07, 0xAA, 0x86, 0xAE, 0xBC, 0xCB, 0xDA, 0xD0, 
            0xC3, 0xB7, 0x34, 0xAA, 0x89, 0xAB, 0xB5, 0xBD, 0xC5, 0xCC, 0xD1, 0xD6, 0xDA, 0xDD, 0xDB, 0x03, 0xDA, 0x86, 0xDC, 0xDA, 0xD5, 0xCF, 0xC6, 0xBC, 
            0xB0, 0x7F, 0xAA, 0x44, 0xAA, 0x84, 0xAE, 0xC9, 0xD8, 0xC2, 0xB0, 0x05, 0xAA, 0x01, 0xA9, 0x80, 0xA8, 0x01, 0xA7, 0x84, 0xA6, 0xA5, 0xA6, 0xA7, 
            0xA8, 0x07, 0xAA, 0x87, 0xB1, 0xBA, 0xC3, 0xCE, 0xD9, 0xD4, 0xC6, 0xB8, 0x1F, 0xAA, 0x2E, 0xA9, 0x83, 0xBA, 0xD1, 0xD0, 0xB9, 0x02, 0xA9, 0x89, 
            0xA3, 0x9A, 0x93, 0x8D, 0x88, 0x84, 0x81, 0x7F, 0x7E, 0x7D, 0x06, 0x7C, 0x03, 0x7D, 0x03, 0x7E, 0x01, 0x7F, 0x8A, 0x80, 0x81, 0x83, 0x85, 0x88, 
            0x8B, 0x8F, 0x94, 0x99, 0xA0, 0xA6, 0x02, 0xA9, 0x85, 0xB1, 0xC2, 0xD4, 0xD0, 0xBE, 0xAC, 0x01, 0xA9, 0x87, 0xAD, 0xBD, 0xCB, 0xD8, 0xD4, 0xC8, 
            0xBA, 0xAD, 0x02, 0xA9, 0x88, 0xA7, 0xA1, 0x9A, 0x93, 0x8D, 0x88, 0x83, 0x80, 0x7D, 0x03, 0x7C, 0x8B, 0x7D, 0x7E, 0x7F, 0x81, 0x83, 0x86, 0x89, 
            0x8C, 0x8E, 0x90, 0x92, 0x93, 0x01, 0x94, 0x85, 0x95, 0x97, 0x99, 0x9C, 0x9F, 0xA4, 0x03, 0xA9, 0x83, 0xB5, 0xC9, 0xC7, 0xB4, 0x0A, 0xA9, 0x86, 
            0xB1, 0xC0, 0xCF, 0xDB, 0xCE, 0xC1, 0xB4, 0x32, 0xA9, 0x8A, 0xAE, 0xB9, 0xC5, 0xCF, 0xD9, 0xD6, 0xCE, 0xC8, 0xC2, 0xBE, 0xBC, 0x03, 0xBA, 0x87, 
            0xBC, 0xBF, 0xC6, 0xCE, 0xD9, 0xD1, 0xC3, 0xB3, 0x7F, 0xA9, 0x43, 0xA9, 0x83, 0xB4, 0xCE, 0xD1, 0xBC, 0x06, 0xA9, 0x80, 0xA8, 0x01, 0xA7, 0x82, 
            0xA6, 0xA5, 0xA4, 0x01, 0xA3, 0x83, 0xA4, 0xA5, 0xA7, 0xA8, 0x06, 0xA9, 0x88, 0xAE, 0xB7, 0xC2, 0xCC, 0xD8, 0xD3, 0xC5, 0xB7, 0xAA, 0x1D, 0xA9, 
            0x2E, 0xA8, 0x84, 0xB4, 0xCA, 0xD6, 0xC1, 0xAC, 0x02, 0xA8, 0x88, 0x9F, 0x97, 0x91, 0x8C, 0x87, 0x84, 0x81, 0x7F, 0x7E, 0x02, 0x7D, 0x04, 0x7C, 
            0x07, 0x7D, 0x01, 0x7E, 0x8A, 0x7F, 0x80, 0x82, 0x84, 0x87, 0x8A, 0x8E, 0x92, 0x98, 0x9E, 0xA5, 0x02, 0xA8, 0x8D, 0xB1, 0xC3, 0xD5, 0xCF, 0xBD, 
            0xAC, 0xA8, 0xAA, 0xBC, 0xCC, 0xDB, 0xCC, 0xBC, 0xAD, 0x02, 0xA8, 0x89, 0xA7, 0xA0, 0x99, 0x92, 0x8C, 0x88, 0x84, 0x80, 0x7E, 0x7D, 0x03, 0x7C, 
            0x01, 0x7D, 0x88, 0x7E, 0x7F, 0x81, 0x83, 0x85, 0x88, 0x8A, 0x8C, 0x8D, 0x01, 0x8F, 0x87, 0x90, 0x92, 0x93, 0x96, 0x99, 0x9C, 0xA1, 0xA7, 0x02, 
            0xA8, 0x82, 0xB4, 0xC9, 0xB3, 0x05, 0xA8, 0x80, 0xA7, 0x04, 0xA8, 0x87, 0xA9, 0xB7, 0xC6, 0xD4, 0xD6, 0xC9, 0xBD, 0xB0, 0x30, 0xA8, 0x89, 0xAC, 
            0xB8, 0xC5, 0xD3, 0xD7, 0xCB, 0xC1, 0xB7, 0xB0, 0xAA, 0x07, 0xA8, 0x86, 0xAC, 0xB5, 0xC1, 0xD0, 0xD5, 0xC4, 0xB2, 0x7F, 0xA8, 0x42, 0xA8, 0x83, 
            0xB6, 0xD0, 0xCE, 0xB9, 0x06, 0xA8, 0x80, 0xA7, 0x01, 0xA6, 0x83, 0xA5, 0xA4, 0xA3, 0xA2, 0x01, 0xA1, 0x83, 0xA2, 0xA3, 0xA5, 0xA6, 0x06, 0xA8, 
            0x88, 0xAA, 0xB3, 0xBD, 0xC8, 0xD4, 0xD5, 0xC7, 0xBA, 0xAE, 0x1C, 0xA8, 0x2E, 0xA7, 0x84, 0xAD, 0xC1, 0xD5, 0xCB, 0xB7, 0x02, 0xA7, 0x89, 0xA5, 
            0x9D, 0x97, 0x92, 0x8D, 0x89, 0x85, 0x83, 0x81, 0x7F, 0x01, 0x7E, 0x0E, 0x7D, 0x01, 0x7E, 0x89, 0x7F, 0x81, 0x83, 0x86, 0x89, 0x8C, 0x91, 0x97, 
            0x9D, 0xA4, 0x02, 0xA7, 0x8B, 0xB0, 0xC2, 0xD4, 0xCE, 0xBC, 0xAB, 0xA7, 0xBA, 0xCD, 0xD5, 0xC3, 0xB2, 0x02, 0xA7, 0x89, 0xA5, 0x9E, 0x97, 0x91, 
            0x8B, 0x86, 0x82, 0x7F, 0x7E, 0x7D, 0x05, 0x7C, 0x01, 0x7D, 0x91, 0x7E, 0x7F, 0x81, 0x83, 0x85, 0x87, 0x89, 0x8A, 0x8B, 0x8D, 0x8E, 0x8F, 0x91, 
            0x94, 0x97, 0x9B, 0xA0, 0xA6, 0x02, 0xA7, 0x81, 0xB7, 0xB6, 0x03, 0xA7, 0x81, 0xA6, 0xA3, 0x01, 0xA1, 0x81, 0xA2, 0xA4, 0x03, 0xA7, 0x87, 0xB0, 
            0xBF, 0xCD, 0xD9, 0xCF, 0xC3, 0xB7, 0xAB, 0x2F, 0xA7, 0x86, 0xB3, 0xC0, 0xCF, 0xD7, 0xC9, 0xBB, 0xAF, 0x0C, 0xA7, 0x85, 0xAD, 0xBC, 0xCD, 0xD5, 
            0xC3, 0xB2, 0x7F, 0xA7, 0x41, 0xA7, 0x83, 0xB7, 0xCF, 0xCE, 0xB9, 0x07, 0xA7, 0x80, 0xA6, 0x01, 0xA5, 0x82, 0xA4, 0xA3, 0xA1, 0x03, 0xA0, 0x83, 
            0xA1, 0xA3, 0xA4, 0xA5, 0x06, 0xA7, 0x88, 0xAC, 0xB6, 0xC1, 0xCE, 0xDA, 0xCD, 0xC2, 0xB6, 0xAA, 0x1A, 0xA7, 0x2F, 0xA6, 0x84, 0xB6, 0xC9, 0xD5, 
            0xC2, 0xB1, 0x02, 0xA6, 0x8B, 0xA4, 0x9E, 0x99, 0x93, 0x8F, 0x8B, 0x88, 0x85, 0x83, 0x81, 0x80, 0x7F, 0x01, 0x7E, 0x0D, 0x7D, 0x8A, 0x7E, 0x7F, 
            0x80, 0x82, 0x85, 0x88, 0x8B, 0x90, 0x95, 0x9B, 0xA2, 0x02, 0xA6, 0x89, 0xB1, 0xC3, 0xD5, 0xCB, 0xB7, 0xA6, 0xB9, 0xCE, 0xCF, 0xBA, 0x02, 0xA6, 
            0x88, 0xA3, 0x9B, 0x95, 0x8E, 0x88, 0x84, 0x80, 0x7E, 0x7D, 0x08, 0x7C, 0x01, 0x7D, 0x8F, 0x7E, 0x7F, 0x80, 0x82, 0x84, 0x86, 0x88, 0x89, 0x8B, 
            0x8C, 0x8E, 0x90, 0x93, 0x97, 0x9B, 0xA0, 0x03, 0xA6, 0x80, 0xB6, 0x03, 0xA6, 0x82, 0xA2, 0x9F, 0x9C, 0x01, 0x9B, 0x82, 0x9C, 0xA0, 0xA5, 0x02, 
            0xA6, 0x87, 0xAE, 0xBD, 0xC9, 0xD5, 0xD3, 0xC8, 0xBC, 0xB0, 0x2E, 0xA6, 0x86, 0xAB, 0xB9, 0xC7, 0xD5, 0xCE, 0xBE, 0xB0, 0x0E, 0xA6, 0x86, 0xAA, 
            0xBA, 0xCC, 0xD6, 0xC6, 0xB7, 0xAA, 0x1D, 0xA6, 0x82, 0xA9, 0xAB, 0xA9, 0x7F, 0xA6, 0x1E, 0xA6, 0x84, 0xB6, 0xCD, 0xCF, 0xBB, 0xAA, 0x08, 0xA6, 
            0x85, 0xA5, 0xA4, 0xA3, 0xA1, 0xA0, 0x9F, 0x02, 0x9E, 0x84, 0x9F, 0xA0, 0xA1, 0xA2, 0xA5, 0x06, 0xA6, 0x88, 0xAD, 0xB8, 0xC4, 0xD0, 0xD7, 0xCC, 
            0xC0, 0xB5, 0xA9, 0x18, 0xA6, 0x2F, 0xA5, 0x85, 0xAA, 0xBC, 0xD0, 0xCE, 0xBE, 0xAD, 0x03, 0xA5, 0x8B, 0xA0, 0x9B, 0x96, 0x92, 0x8E, 0x8B, 0x88, 
            0x85, 0x83, 0x81, 0x80, 0x7F, 0x01, 0x7E, 0x0D, 0x7D, 0x89, 0x7E, 0x7F, 0x81, 0x84, 0x87, 0x8B, 0x8F, 0x94, 0x9B, 0xA2, 0x02, 0xA5, 0x88, 0xB5, 
            0xC7, 0xD7, 0xC2, 0xAD, 0xB8, 0xCF, 0xC9, 0xB1, 0x01, 0xA5, 0x86, 0xA4, 0x9B, 0x94, 0x8D, 0x87, 0x82, 0x7F, 0x0E, 0x7D, 0x8E, 0x7E, 0x7F, 0x81, 
            0x83, 0x85, 0x87, 0x88, 0x8A, 0x8C, 0x8E, 0x91, 0x94, 0x97, 0x9C, 0xA3, 0x02, 0xA5, 0x80, 0xAE, 0x02, 0xA5, 0x89, 0xA4, 0x9F, 0x9B, 0x98, 0x96, 
            0x95, 0x96, 0x99, 0x9D, 0xA2, 0x02, 0xA5, 0x88, 0xAD, 0xBB, 0xC7, 0xD2, 0xD4, 0xCA, 0xBF, 0xB4, 0xAB, 0x2D, 0xA5, 0x86, 0xAE, 0xBC, 0xCB, 0xD6, 
            0xC6, 0xB6, 0xA7, 0x04, 0xA5, 0x81, 0xA3, 0xA2, 0x02, 0xA1, 0x81, 0xA2, 0xA4, 0x03, 0xA5, 0x89, 0xA8, 0xB7, 0xC7, 0xD5, 0xCF, 0xC4, 0xBB, 0xB4, 
            0xAE, 0xA7, 0x14, 0xA5, 0x84, 0xAA, 0xB3, 0xBB, 0xC4, 0xCA, 0x01, 0xCE, 0x84, 0xC9, 0xC2, 0xBA, 0xB1, 0xA6, 0x7F, 0xA5, 0x1A, 0xA5, 0x84, 0xB7, 
            0xCD, 0xCF, 0xBC, 0xAC, 0x09, 0xA5, 0x84, 0xA4, 0xA3, 0xA2, 0xA0, 0x9E, 0x01, 0x9D, 0x02, 0x9C, 0x84, 0x9D, 0x9E, 0x9F, 0xA1, 0xA4, 0x06, 0xA5, 
            0x87, 0xAE, 0xB9, 0xC4, 0xCF, 0xD7, 0xCB, 0xBF, 0xB0, 0x17, 0xA5, 0x30, 0xA5, 0x85, 0xAF, 0xC1, 0xD3, 0xCC, 0xBB, 0xAC, 0x03, 0xA5, 0x8C, 0xA3, 
            0x9E, 0x99, 0x95, 0x91, 0x8D, 0x8A, 0x87, 0x85, 0x83, 0x81, 0x80, 0x7F, 0x01, 0x7E, 0x0C, 0x7D, 0x89, 0x7E, 0x7F, 0x81, 0x83, 0x86, 0x8B, 0x8F, 
            0x94, 0x9B, 0xA3, 0x01, 0xA5, 0x88, 0xA8, 0xBA, 0xCE, 0xCC, 0xB4, 0xB7, 0xD0, 0xC4, 0xAA, 0x01, 0xA5, 0x85, 0x9E, 0x95, 0x8D, 0x87, 0x82, 0x7F, 
            0x0F, 0x7D, 0x8D, 0x7E, 0x7F, 0x81, 0x83, 0x85, 0x87, 0x89, 0x8B, 0x8D, 0x8F, 0x92, 0x96, 0x9A, 0xA0, 0x02, 0xA5, 0x80, 0xA6, 0x02, 0xA5, 0x84, 
            0xA3, 0x9D, 0x98, 0x94, 0x92, 0x01, 0x91, 0x83, 0x92, 0x96, 0x9B, 0xA1, 0x02, 0xA5, 0x89, 0xAC, 0xB9, 0xC6, 0xD1, 0xD4, 0xCA, 0xC1, 0xB8, 0xAF, 
            0xA6, 0x2C, 0xA5, 0x85, 0xAE, 0xBD, 0xCD, 0xD1, 0xC0, 0xB0, 0x04, 0xA5, 0x82, 0xA1, 0x9E, 0x9D, 0x01, 0x9C, 0x84, 0x9B, 0x9C, 0x9D, 0xA0, 0xA4, 
            0x03, 0xA5, 0x8B, 0xB0, 0xBD, 0xC8, 0xD1, 0xD7, 0xD2, 0xCE, 0xCA, 0xC5, 0xBE, 0xB6, 0xAE, 0x0A, 0xA5, 0x92, 0xA6, 0xAB, 0xB1, 0xB9, 0xC1, 0xCA, 
            0xD3, 0xD4, 0xCC, 0xC5, 0xC1, 0xBE, 0xC1, 0xC8, 0xD0, 0xD3, 0xC7, 0xB8, 0xA7, 0x7F, 0xA5, 0x19, 0xA5, 0x84, 0xBA, 0xCF, 0xCD, 0xBB, 0xAC, 0x09, 
            0xA5, 0x86, 0xA4, 0xA3, 0xA1, 0xA0, 0x9E, 0x9C, 0x9B, 0x01, 0x9A, 0x01, 0x99, 0x01, 0x9A, 0x83, 0x9B, 0x9D, 0xA0, 0xA3, 0x06, 0xA5, 0x86, 0xAD, 
            0xB8, 0xC2, 0xCE, 0xD5, 0xC5, 0xB2, 0x16, 0xA5, 0x31, 0xA4, 0x85, 0xB3, 0xC3, 0xD4, 0xCA, 0xBC, 0xAD, 0x04, 0xA4, 0x8B, 0xA0, 0x9C, 0x98, 0x94, 
            0x90, 0x8C, 0x89, 0x86, 0x84, 0x82, 0x80, 0x7F, 0x01, 0x7E, 0x0C, 0x7D, 0x88, 0x7E, 0x7F, 0x81, 0x84, 0x87, 0x8B, 0x8F, 0x95, 0x9D, 0x02, 0xA4, 
            0x86, 0xB1, 0xC5, 0xD2, 0xB8, 0xB7, 0xD1, 0xBF, 0x02, 0xA4, 0x85, 0x9A, 0x91, 0x89, 0x84, 0x80, 0x7E, 0x0F, 0x7D, 0x8C, 0x7E, 0x80, 0x82, 0x84, 
            0x86, 0x88, 0x8B, 0x8D, 0x8F, 0x92, 0x96, 0x9A, 0x9F, 0x06, 0xA4, 0x84, 0xA2, 0x9B, 0x96, 0x92, 0x8E, 0x01, 0x8D, 0x84, 0x8E, 0x90, 0x95, 0x9B, 
            0xA1, 0x02, 0xA4, 0x89, 0xAA, 0xB8, 0xC5, 0xD0, 0xD4, 0xCC, 0xC4, 0xBB, 0xB3, 0xAA, 0x2C, 0xA4, 0x85, 0xAD, 0xBD, 0xCD, 0xCF, 0xBE, 0xAD, 0x04, 
            0xA4, 0x84, 0x9F, 0x9C, 0x9A, 0x99, 0x98, 0x01, 0x97, 0x83, 0x98, 0x9A, 0x9D, 0xA1, 0x04, 0xA4, 0x9D, 0xAC, 0xB3, 0xB8, 0xBB, 0xBE, 0xC1, 0xC5, 
            0xCA, 0xD1, 0xD4, 0xCA, 0xBF, 0xB2, 0xA5, 0xA4, 0xA6, 0xAE, 0xB5, 0xBB, 0xC0, 0xC5, 0xCB, 0xD1, 0xD6, 0xD0, 0xC8, 0xBF, 0xB6, 0xAE, 0xA7, 0x02, 
            0xA4, 0x86, 0xA5, 0xAC, 0xB8, 0xC6, 0xD5, 0xC7, 0xB3, 0x7F, 0xA4, 0x18, 0xA4, 0x85, 0xAB, 0xC0, 0xD3, 0xC9, 0xB9, 0xAA, 0x0A, 0xA4, 0x87, 0xA2, 
            0xA0, 0x9F, 0x9D, 0x9B, 0x9A, 0x98, 0x97, 0x03, 0x96, 0x85, 0x97, 0x98, 0x9A, 0x9C, 0x9E, 0xA1, 0x06, 0xA4, 0x85, 0xAC, 0xB7, 0xC5, 0xD5, 0xC4, 
            0xAD, 0x15, 0xA4, 0x31, 0xA3, 0x86, 0xA5, 0xB5, 0xC5, 0xD4, 0xCA, 0xBC, 0xAD, 0x04, 0xA3, 0x8B, 0xA1, 0x9D, 0x99, 0x95, 0x91, 0x8D, 0x8A, 0x87, 
            0x84, 0x82, 0x80, 0x7F, 0x01, 0x7E, 0x0B, 0x7D, 0x89, 0x7E, 0x7F, 0x80, 0x82, 0x84, 0x88, 0x8C, 0x92, 0x99, 0xA1, 0x01, 0xA3, 0x82, 0xAA, 0xBF, 
            0xD4, 0x01, 0xB8, 0x81, 0xD3, 0xBB, 0x01, 0xA3, 0x85, 0xA1, 0x97, 0x8E, 0x87, 0x82, 0x7F, 0x0F, 0x7D, 0x8C, 0x7E, 0x80, 0x82, 0x84, 0x87, 0x89, 
            0x8C, 0x8E, 0x91, 0x94, 0x97, 0x9B, 0xA0, 0x06, 0xA3, 0x85, 0xA2, 0x9B, 0x95, 0x91, 0x8D, 0x8B, 0x01, 0x8A, 0x84, 0x8C, 0x90, 0x95, 0x9A, 0xA0, 
            0x02, 0xA3, 0x89, 0xA8, 0xB6, 0xC2, 0xCC, 0xD5, 0xCF, 0xC8, 0xBF, 0xB6, 0xAD, 0x2C, 0xA3, 0x85, 0xAA, 0xBB, 0xCC, 0xCE, 0xBE, 0xAE, 0x04, 0xA3, 
            0x84, 0x9F, 0x9B, 0x98, 0x96, 0x95, 0x02, 0x94, 0x83, 0x96, 0x98, 0x9B, 0x9F, 0x0A, 0xA3, 0x92, 0xA6, 0xAC, 0xB4, 0xBE, 0xCA, 0xD3, 0xC3, 0xBB, 
            0xC6, 0xCF, 0xD5, 0xCE, 0xC8, 0xC2, 0xBD, 0xB8, 0xB2, 0xAC, 0xA4, 0x08, 0xA3, 0x85, 0xA7, 0xB7, 0xC7, 0xD1, 0xBC, 0xA6, 0x7F, 0xA3, 0x17, 0xA3, 
            0x85, 0xB5, 0xC7, 0xD3, 0xC3, 0xB4, 0xA7, 0x09, 0xA3, 0x88, 0xA2, 0xA0, 0x9F, 0x9D, 0x9B, 0x9A, 0x98, 0x96, 0x95, 0x01, 0x93, 0x01, 0x92, 0x01, 
            0x93, 0x85, 0x95, 0x96, 0x98, 0x9B, 0x9D, 0xA0, 0x05, 0xA3, 0x84, 0xA4, 0xB1, 0xC3, 0xD5, 0xBD, 0x15, 0xA3, 0x32, 0xA2, 0x86, 0xA7, 0xB7, 0xC6, 
            0xD4, 0xC8, 0xB9, 0xAC, 0x04, 0xA2, 0x8C, 0xA1, 0x9D, 0x99, 0x95, 0x91, 0x8D, 0x8A, 0x87, 0x84, 0x82, 0x80, 0x7F, 0x7E, 0x0C, 0x7D, 0x88, 0x7E, 
            0x7F, 0x81, 0x83, 0x86, 0x8A, 0x8F, 0x95, 0x9E, 0x01, 0xA2, 0x86, 0xA5, 0xBC, 0xD3, 0xB6, 0xB9, 0xD4, 0xB6, 0x01, 0xA2, 0x86, 0x9F, 0x95, 0x8C, 
            0x86, 0x82, 0x7F, 0x7E, 0x0C, 0x7D, 0x8C, 0x7E, 0x7F, 0x81, 0x83, 0x85, 0x88, 0x8B, 0x8E, 0x91, 0x94, 0x97, 0x9A, 0x9E, 0x03, 0xA2, 0x80, 0xA3, 
            0x02, 0xA2, 0x85, 0xA1, 0x9B, 0x95, 0x91, 0x8D, 0x8A, 0x01, 0x88, 0x85, 0x89, 0x8C, 0x90, 0x95, 0x99, 0x9F, 0x02, 0xA2, 0x8A, 0xA7, 0xB3, 0xBE, 
            0xC7, 0xCF, 0xD3, 0xCC, 0xC3, 0xBA, 0xB0, 0xA5, 0x2B, 0xA2, 0x85, 0xA6, 0xB7, 0xCA, 0xCF, 0xBF, 0xB0, 0x04, 0xA2, 0x85, 0x9F, 0x9C, 0x98, 0x96, 
            0x94, 0x93, 0x01, 0x92, 0x86, 0x93, 0x94, 0x96, 0x98, 0x9B, 0x9E, 0xA1, 0x0B, 0xA2, 0x89, 0xAD, 0xBE, 0xCF, 0xD0, 0xC5, 0xBC, 0xB4, 0xAE, 0xA8, 
            0xA3, 0x0E, 0xA2, 0x84, 0xAD, 0xBF, 0xD4, 0xC0, 0xAB, 0x7F, 0xA2, 0x16, 0xA2, 0x85, 0xAD, 0xBF, 0xD0, 0xCA, 0xBB, 0xAE, 0x09, 0xA2, 0x8A, 0xA1, 
            0x9F, 0x9D, 0x9C, 0x9A, 0x98, 0x97, 0x95, 0x94, 0x92, 0x90, 0x04, 0x8F, 0x87, 0x90, 0x92, 0x93, 0x95, 0x98, 0x9A, 0x9D, 0xA0, 0x05, 0xA2, 0x83, 
            0xB2, 0xC7, 0xCC, 0xB1, 0x14, 0xA2, 0x33, 0xA1, 0x86, 0xA8, 0xB8, 0xC7, 0xD2, 0xC4, 0xB6, 0xA9, 0x04, 0xA1, 0x8C, 0xA0, 0x9C, 0x99, 0x95, 0x91, 
            0x8E, 0x8A, 0x87, 0x85, 0x82, 0x81, 0x7F, 0x7E, 0x0B, 0x7D, 0x01, 0x7E, 0x86, 0x80, 0x81, 0x84, 0x87, 0x8C, 0x92, 0x9A, 0x02, 0xA1, 0x85, 0xBA, 
            0xD2, 0xB3, 0xBB, 0xD0, 0xB2, 0x01, 0xA1, 0x86, 0x9D, 0x93, 0x8B, 0x85, 0x82, 0x7F, 0x7E, 0x09, 0x7D, 0x01, 0x7E, 0x8B, 0x7F, 0x80, 0x82, 0x85, 
            0x87, 0x8A, 0x8D, 0x90, 0x94, 0x97, 0x9B, 0x9E, 0x08, 0xA1, 0x85, 0x9F, 0x9A, 0x94, 0x90, 0x8C, 0x89, 0x02, 0x87, 0x85, 0x89, 0x8C, 0x90, 0x94, 
            0x99, 0x9F, 0x02, 0xA1, 0x8A, 0xA6, 0xB1, 0xBA, 0xC3, 0xCA, 0xD2, 0xCF, 0xC6, 0xBD, 0xB2, 0xA6, 0x2C, 0xA1, 0x85, 0xB2, 0xC4, 0xD3, 0xC3, 0xB5, 
            0xA8, 0x03, 0xA1, 0x85, 0xA0, 0x9C, 0x99, 0x96, 0x94, 0x92, 0x03, 0x91, 0x84, 0x92, 0x93, 0x94, 0x95, 0x96, 0x01, 0x98, 0x80, 0x99, 0x01, 0x9A, 
            0x01, 0x9B, 0x81, 0x9D, 0x9F, 0x03, 0xA1, 0x83, 0xA9, 0xBB, 0xB3, 0xA9, 0x08, 0xA1, 0x87, 0xA0, 0x9E, 0x9D, 0x9C, 0x9B, 0x9C, 0x9D, 0xA0, 0x02, 
            0xA1, 0x84, 0xA6, 0xBB, 0xD1, 0xC2, 0xAD, 0x7F, 0xA1, 0x15, 0xA1, 0x86, 0xA8, 0xBA, 0xCA, 0xCF, 0xC1, 0xB4, 0xA8, 0x08, 0xA1, 0x8C, 0xA0, 0x9E, 
            0x9C, 0x9A, 0x98, 0x97, 0x95, 0x94, 0x92, 0x91, 0x8F, 0x8E, 0x8C, 0x03, 0x8B, 0x89, 0x8C, 0x8D, 0x8F, 0x91, 0x93, 0x95, 0x98, 0x9A, 0x9C, 0x9F, 
            0x03, 0xA1, 0x84, 0xA3, 0xB8, 0xCF, 0xBF, 0xA4, 0x13, 0xA1, 0x34, 0xA0, 0x86, 0xAA, 0xBA, 0xCA, 0xCD, 0xBF, 0xB1, 0xA5, 0x05, 0xA0, 0x8A, 0x9C, 
            0x99, 0x95, 0x92, 0x8F, 0x8B, 0x88, 0x85, 0x83, 0x81, 0x7F, 0x0D, 0x7E, 0x86, 0x7F, 0x80, 0x82, 0x85, 0x8A, 0x90, 0x97, 0x02, 0xA0, 0x85, 0xB8, 
            0xD1, 0xB0, 0xBC, 0xCC, 0xAF, 0x01, 0xA0, 0x86, 0x9C, 0x92, 0x8A, 0x85, 0x82, 0x80, 0x7F, 0x08, 0x7E, 0x8C, 0x7F, 0x80, 0x81, 0x82, 0x84, 0x86, 
            0x89, 0x8C, 0x8F, 0x92, 0x96, 0x9A, 0x9E, 0x09, 0xA0, 0x86, 0x9B, 0x97, 0x93, 0x8F, 0x8C, 0x89, 0x86, 0x01, 0x85, 0x85, 0x86, 0x89, 0x8D, 0x91, 
            0x95, 0x9A, 0x03, 0xA0, 0x8A, 0xA3, 0xAD, 0xB6, 0xBE, 0xC5, 0xCC, 0xD3, 0xCA, 0xC0, 0xB5, 0xA8, 0x2C, 0xA0, 0x86, 0xAD, 0xBE, 0xCE, 0xC9, 0xBB, 
            0xAE, 0xA2, 0x03, 0xA0, 0x86, 0x9D, 0x9A, 0x97, 0x95, 0x92, 0x91, 0x90, 0x09, 0x8F, 0x02, 0x90, 0x84, 0x91, 0x93, 0x96, 0x9A, 0x9E, 0x02, 0xA0, 
            0x80, 0xA6, 0x06, 0xA0, 0x85, 0x9E, 0x9B, 0x99, 0x97, 0x96, 0x94, 0x01, 0x93, 0x83, 0x94, 0x96, 0x98, 0x9C, 0x02, 0xA0, 0x84, 0xA3, 0xBA, 0xCF, 
            0xC2, 0xAF, 0x7F, 0xA0, 0x14, 0xA0, 0x87, 0xA8, 0xB8, 0xC7, 0xD1, 0xC4, 0xB7, 0xAB, 0xA1, 0x07, 0xA0, 0x8E, 0x9F, 0x9D, 0x9B, 0x99, 0x97, 0x94, 
            0x93, 0x91, 0x90, 0x8F, 0x8E, 0x8C, 0x8B, 0x8A, 0x88, 0x02, 0x87, 0x8A, 0x88, 0x89, 0x8B, 0x8C, 0x8E, 0x90, 0x92, 0x94, 0x96, 0x99, 0x9C, 0x03, 
            0xA0, 0x83, 0xAA, 0xC0, 0xCD, 0xB2, 0x13, 0xA0, 0x35, 0xA0, 0x85, 0xAD, 0xBE, 0xCF, 0xC7, 0xB9, 0xAC, 0x06, 0xA0, 0x8A, 0x9C, 0x99, 0x96, 0x93, 
            0x90, 0x8D, 0x89, 0x87, 0x84, 0x82, 0x80, 0x0D, 0x7E, 0x86, 0x7F, 0x81, 0x83, 0x88, 0x8E, 0x95, 0x9D, 0x01, 0xA0, 0x85, 0xB6, 0xD1, 0xAF, 0xBC, 
            0xCB, 0xAE, 0x01, 0xA0, 0x86, 0x9B, 0x92, 0x8A, 0x85, 0x82, 0x81, 0x80, 0x02, 0x7F, 0x02, 0x80, 0x01, 0x81, 0x8B, 0x82, 0x83, 0x84, 0x85, 0x87, 
            0x89, 0x8C, 0x8E, 0x91, 0x95, 0x99, 0x9D, 0x08, 0xA0, 0x88, 0x9E, 0x9A, 0x96, 0x93, 0x90, 0x8D, 0x8A, 0x87, 0x85, 0x02, 0x84, 0x85, 0x86, 0x89, 
            0x8D, 0x91, 0x95, 0x9B, 0x03, 0xA0, 0x8A, 0xA1, 0xAA, 0xB3, 0xBB, 0xC2, 0xCA, 0xD2, 0xCB, 0xC0, 0xB4, 0xA7, 0x2C, 0xA0, 0x86, 0xA5, 0xB5, 0xC5, 
            0xD1, 0xC3, 0xB6, 0xAA, 0x04, 0xA0, 0x88, 0x9B, 0x98, 0x95, 0x93, 0x91, 0x8F, 0x8E, 0x8D, 0x8C, 0x01, 0x8B, 0x80, 0x8A, 0x01, 0x89, 0x02, 0x88, 
            0x01, 0x89, 0x85, 0x8A, 0x8C, 0x8E, 0x92, 0x97, 0x9D, 0x06, 0xA0, 0x87, 0x9C, 0x98, 0x96, 0x93, 0x91, 0x90, 0x8E, 0x8D, 0x01, 0x8C, 0x85, 0x8D, 
            0x8F, 0x92, 0x94, 0x99, 0x9F, 0x01, 0xA0, 0x85, 0xA3, 0xB8, 0xCE, 0xC2, 0xB1, 0xA2, 0x7F, 0xA0, 0x12, 0xA0, 0x87, 0xAC, 0xBA, 0xC8, 0xD0, 0xC3, 
            0xB7, 0xAC, 0xA1, 0x07, 0xA0, 0x88, 0x9E, 0x9B, 0x99, 0x97, 0x95, 0x93, 0x91, 0x8F, 0x8D, 0x01, 0x8C, 0x85, 0x8A, 0x89, 0x88, 0x87, 0x86, 0x85, 
            0x02, 0x84, 0x8B, 0x85, 0x86, 0x88, 0x89, 0x8B, 0x8D, 0x8F, 0x91, 0x93, 0x96, 0x9A, 0x9F, 0x02, 0xA0, 0x83, 0xB2, 0xCA, 0xC1, 0xA6, 0x12, 0xA0, 
            0x35, 0x9F, 0x86, 0xA1, 0xB2, 0xC4, 0xCF, 0xC1, 0xB3, 0xA7, 0x06, 0x9F, 0x8B, 0x9E, 0x9B, 0x98, 0x94, 0x91, 0x8E, 0x8B, 0x88, 0x85, 0x83, 0x80, 
            0x7F, 0x0C, 0x7E, 0x85, 0x80, 0x82, 0x86, 0x8C, 0x92, 0x9B, 0x01, 0x9F, 0x85, 0xB2, 0xD2, 0xAF, 0xBA, 0xCC, 0xAF, 0x01, 0x9F, 0x84, 0x9C, 0x93, 
            0x8B, 0x86, 0x84, 0x03, 0x82, 0x02, 0x83, 0x8C, 0x84, 0x85, 0x86, 0x87, 0x88, 0x89, 0x8A, 0x8C, 0x8E, 0x91, 0x94, 0x98, 0x9C, 0x08, 0x9F, 0x89, 
            0x9B, 0x97, 0x93, 0x90, 0x8E, 0x8C, 0x89, 0x87, 0x85, 0x83, 0x02, 0x82, 0x86, 0x84, 0x86, 0x89, 0x8C, 0x90, 0x95, 0x9B, 0x04, 0x9F, 0x89, 0xA7, 
            0xB0, 0xB9, 0xC0, 0xC8, 0xD0, 0xCA, 0xBF, 0xB2, 0xA5, 0x2D, 0x9F, 0x86, 0xAB, 0xBA, 0xC9, 0xCC, 0xBF, 0xB2, 0xA6, 0x03, 0x9F, 0x8C, 0x9D, 0x99, 
            0x96, 0x93, 0x91, 0x8F, 0x8D, 0x8C, 0x8A, 0x88, 0x87, 0x86, 0x85, 0x01, 0x84, 0x01, 0x83, 0x01, 0x84, 0x85, 0x85, 0x87, 0x88, 0x8B, 0x90, 0x97, 
            0x03, 0x9F, 0x92, 0x9E, 0x9A, 0x96, 0x92, 0x8F, 0x8D, 0x8B, 0x89, 0x88, 0x87, 0x86, 0x87, 0x88, 0x8A, 0x8C, 0x8E, 0x92, 0x97, 0x9E, 0x01, 0x9F, 
            0x85, 0xA2, 0xB6, 0xCC, 0xC3, 0xB3, 0xA5, 0x7F, 0x9F, 0x10, 0x9F, 0x87, 0xA7, 0xB4, 0xC1, 0xCD, 0xCA, 0xBE, 0xB3, 0xA9, 0x07, 0x9F, 0x8B, 0x9E, 
            0x9C, 0x9A, 0x97, 0x95, 0x93, 0x91, 0x8F, 0x8E, 0x8C, 0x8A, 0x89, 0x01, 0x88, 0x81, 0x86, 0x85, 0x01, 0x84, 0x80, 0x83, 0x04, 0x82, 0x89, 0x83, 
            0x85, 0x86, 0x88, 0x8A, 0x8C, 0x8E, 0x91, 0x94, 0x99, 0x02, 0x9F, 0x83, 0xA5, 0xBB, 0xD0, 0xB6, 0x12, 0x9F, 0x36, 0x9E, 0x81, 0xA6, 0xB8, 0x01, 
            0xC9, 0x82, 0xBB, 0xAF, 0xA4, 0x08, 0x9E, 0x89, 0x9B, 0x97, 0x94, 0x90, 0x8D, 0x8A, 0x87, 0x84, 0x82, 0x7F, 0x0B, 0x7E, 0x85, 0x7F, 0x81, 0x84, 
            0x8A, 0x91, 0x99, 0x01, 0x9E, 0x85, 0xAE, 0xCE, 0xB0, 0xB5, 0xCF, 0xB3, 0x02, 0x9E, 0x83, 0x96, 0x8E, 0x89, 0x86, 0x03, 0x85, 0x80, 0x86, 0x01, 
            0x87, 0x8A, 0x88, 0x89, 0x8B, 0x8C, 0x8E, 0x8F, 0x91, 0x93, 0x95, 0x98, 0x9B, 0x07, 0x9E, 0x8A, 0x9C, 0x97, 0x94, 0x90, 0x8E, 0x8B, 0x89, 0x87, 
            0x85, 0x84, 0x82, 0x01, 0x81, 0x80, 0x80, 0x01, 0x81, 0x86, 0x83, 0x85, 0x88, 0x8C, 0x90, 0x95, 0x9A, 0x04, 0x9E, 0x89, 0xA4, 0xAE, 0xB6, 0xBF, 
            0xC7, 0xD1, 0xC7, 0xBC, 0xAF, 0xA2, 0x2D, 0x9E, 0x87, 0xA1, 0xB0, 0xBE, 0xCD, 0xC8, 0xBB, 0xAF, 0xA2, 0x03, 0x9E, 0x8C, 0x9B, 0x97, 0x94, 0x91, 
            0x8F, 0x8D, 0x8A, 0x88, 0x86, 0x84, 0x83, 0x82, 0x81, 0x03, 0x80, 0x87, 0x81, 0x82, 0x83, 0x84, 0x87, 0x8B, 0x92, 0x9A, 0x01, 0x9E, 0x88, 0x9A, 
            0x95, 0x92, 0x8E, 0x8B, 0x88, 0x85, 0x84, 0x83, 0x01, 0x82, 0x87, 0x83, 0x84, 0x86, 0x88, 0x8A, 0x8E, 0x92, 0x97, 0x02, 0x9E, 0x86, 0xA0, 0xB5, 
            0xCA, 0xC5, 0xB5, 0xA9, 0x9F, 0x7F, 0x9E, 0x0D, 0x9E, 0x88, 0xA5, 0xB2, 0xBE, 0xC9, 0xCD, 0xC1, 0xB7, 0xAC, 0xA2, 0x07, 0x9E, 0x90, 0x9C, 0x99, 
            0x97, 0x95, 0x93, 0x91, 0x8F, 0x8E, 0x8C, 0x8B, 0x8A, 0x89, 0x87, 0x86, 0x85, 0x84, 0x83, 0x01, 0x82, 0x80, 0x81, 0x04, 0x80, 0x01, 0x81, 0x88, 
            0x82, 0x84, 0x85, 0x87, 0x8A, 0x8C, 0x90, 0x94, 0x9A, 0x02, 0x9E, 0x83, 0xAD, 0xC3, 0xC6, 0xAE, 0x11, 0x9E, 0x37, 0x9D, 0x86, 0xAA, 0xBC, 0xCC, 
            0xC5, 0xB8, 0xAD, 0xA3, 0x09, 0x9D, 0x89, 0x9B, 0x97, 0x93, 0x8F, 0x8C, 0x88, 0x86, 0x83, 0x80, 0x7F, 0x09, 0x7E, 0x85, 0x7F, 0x80, 0x83, 0x89, 
            0x90, 0x98, 0x01, 0x9D, 0x86, 0xA9, 0xC9, 0xB4, 0xAE, 0xCB, 0xBA, 0xA0, 0x01, 0x9D, 0x83, 0x9A, 0x92, 0x8D, 0x8A, 0x01, 0x88, 0x01, 0x89, 0x80, 
            0x8A, 0x01, 0x8B, 0x87, 0x8C, 0x8E, 0x90, 0x92, 0x94, 0x96, 0x98, 0x9B, 0x08, 0x9D, 0x8B, 0x9C, 0x97, 0x93, 0x8F, 0x8C, 0x89, 0x86, 0x85, 0x83, 
            0x82, 0x81, 0x80, 0x03, 0x7F, 0x88, 0x80, 0x81, 0x82, 0x84, 0x87, 0x8B, 0x8F, 0x93, 0x99, 0x04, 0x9D, 0x89, 0xA2, 0xAC, 0xB5, 0xBF, 0xC8, 0xCE, 
            0xC4, 0xB8, 0xAC, 0x9F, 0x2E, 0x9D, 0x86, 0xA6, 0xB5, 0xC3, 0xCF, 0xC3, 0xB6, 0xA9, 0x04, 0x9D, 0x8B, 0x9A, 0x96, 0x92, 0x8F, 0x8D, 0x8A, 0x88, 
            0x86, 0x84, 0x82, 0x81, 0x80, 0x04, 0x7F, 0x8F, 0x80, 0x81, 0x82, 0x85, 0x89, 0x8F, 0x98, 0x9D, 0x9B, 0x94, 0x8F, 0x8B, 0x87, 0x84, 0x82, 0x81, 
            0x02, 0x80, 0x88, 0x81, 0x82, 0x83, 0x85, 0x87, 0x8A, 0x8E, 0x92, 0x97, 0x02, 0x9D, 0x81, 0x9F, 0xB3, 0x01, 0xC7, 0x82, 0xB9, 0xAE, 0xA4, 0x7F, 
            0x9D, 0x0A, 0x9D, 0x89, 0x9E, 0xA7, 0xB1, 0xBC, 0xC7, 0xCE, 0xC3, 0xB9, 0xAE, 0xA4, 0x07, 0x9D, 0x93, 0x9B, 0x98, 0x96, 0x94, 0x93, 0x91, 0x90, 
            0x8E, 0x8D, 0x8C, 0x8B, 0x8A, 0x89, 0x88, 0x87, 0x85, 0x84, 0x83, 0x82, 0x81, 0x01, 0x80, 0x05, 0x7F, 0x01, 0x80, 0x88, 0x81, 0x83, 0x84, 0x86, 
            0x89, 0x8C, 0x90, 0x95, 0x9B, 0x01, 0x9D, 0x84, 0x9F, 0xB5, 0xCA, 0xC0, 0xA9, 0x10, 0x9D, 0x38, 0x9C, 0x87, 0xAC, 0xBD, 0xCB, 0xC6, 0xBA, 0xB0, 
            0xA7, 0xA1, 0x09, 0x9C, 0x88, 0x9B, 0x97, 0x92, 0x8E, 0x8A, 0x87, 0x84, 0x82, 0x80, 0x09, 0x7F, 0x84, 0x80, 0x83, 0x87, 0x8E, 0x97, 0x01, 0x9C, 
            0x86, 0xA5, 0xC3, 0xB9, 0xA4, 0xC1, 0xC2, 0xA9, 0x02, 0x9C, 0x82, 0x98, 0x92, 0x8E, 0x01, 0x8C, 0x01, 0x8D, 0x87, 0x8E, 0x8F, 0x90, 0x91, 0x93, 
            0x95, 0x98, 0x9A, 0x0B, 0x9C, 0x88, 0x96, 0x91, 0x8C, 0x88, 0x86, 0x84, 0x82, 0x81, 0x80, 0x06, 0x7F, 0x89, 0x80, 0x81, 0x82, 0x84, 0x87, 0x8A, 
            0x8D, 0x91, 0x96, 0x9B, 0x03, 0x9C, 0x89, 0xA0, 0xAB, 0xB5, 0xBF, 0xC9, 0xCB, 0xC1, 0xB6, 0xA9, 0x9D, 0x2F, 0x9C, 0x86, 0xAA, 0xB9, 0xC7, 0xCA, 
            0xBC, 0xAF, 0xA1, 0x03, 0x9C, 0x8A, 0x9B, 0x97, 0x94, 0x90, 0x8D, 0x8A, 0x88, 0x86, 0x84, 0x82, 0x80, 0x07, 0x7F, 0x8B, 0x81, 0x83, 0x88, 0x8F, 
            0x97, 0x9C, 0x96, 0x8F, 0x89, 0x85, 0x82, 0x80, 0x03, 0x7F, 0x01, 0x80, 0x87, 0x81, 0x83, 0x85, 0x87, 0x8B, 0x8F, 0x93, 0x99, 0x02, 0x9C, 0x88, 
            0xA0, 0xB2, 0xC3, 0xCC, 0xBE, 0xB3, 0xAA, 0xA3, 0x9D, 0x7F, 0x9C, 0x06, 0x9C, 0x8A, 0xA0, 0xA9, 0xB2, 0xBB, 0xC4, 0xCF, 0xC5, 0xBC, 0xB2, 0xA8, 
            0x9E, 0x06, 0x9C, 0x89, 0x99, 0x97, 0x95, 0x93, 0x92, 0x90, 0x8F, 0x8E, 0x8D, 0x8C, 0x01, 0x8B, 0x80, 0x8A, 0x01, 0x89, 0x86, 0x88, 0x86, 0x85, 
            0x84, 0x82, 0x81, 0x80, 0x09, 0x7F, 0x88, 0x80, 0x81, 0x82, 0x84, 0x86, 0x89, 0x8D, 0x91, 0x96, 0x02, 0x9C, 0x84, 0xA6, 0xBA, 0xCE, 0xBB, 0xA6, 
            0x0F, 0x9C, 0x38, 0x9B, 0x8B, 0x9C, 0xAB, 0xB9, 0xC6, 0xCB, 0xC0, 0xB8, 0xB1, 0xAB, 0xA7, 0xA3, 0x9F, 0x07, 0x9B, 0x88, 0x9A, 0x95, 0x91, 0x8D, 
            0x89, 0x86, 0x83, 0x81, 0x80, 0x07, 0x7F, 0x84, 0x80, 0x83, 0x87, 0x8D, 0x96, 0x01, 0x9B, 0x87, 0xA2, 0xBF, 0xBE, 0x9D, 0xB5, 0xCD, 0xB4, 0xA0, 
            0x02, 0x9B, 0x82, 0x98, 0x94, 0x92, 0x01, 0x91, 0x85, 0x92, 0x93, 0x94, 0x95, 0x97, 0x99, 0x08, 0x9B, 0x80, 0x9E, 0x03, 0x9B, 0x86, 0x96, 0x90, 
            0x8B, 0x87, 0x84, 0x82, 0x80, 0x09, 0x7F, 0x89, 0x80, 0x81, 0x82, 0x84, 0x86, 0x89, 0x8C, 0x90, 0x94, 0x98, 0x03, 0x9B, 0x88, 0x9F, 0xAB, 0xB6, 
            0xC1, 0xCB, 0xC8, 0xBE, 0xB3, 0xA8, 0x30, 0x9B, 0x86, 0x9D, 0xAC, 0xBB, 0xCA, 0xC4, 0xB6, 0xA7, 0x04, 0x9B, 0x89, 0x98, 0x95, 0x91, 0x8E, 0x8B, 
            0x88, 0x86, 0x83, 0x81, 0x80, 0x07, 0x7F, 0x8A, 0x80, 0x83, 0x88, 0x8F, 0x98, 0x9A, 0x91, 0x8A, 0x85, 0x82, 0x80, 0x03, 0x7F, 0x01, 0x80, 0x87, 
            0x81, 0x82, 0x84, 0x87, 0x8A, 0x8E, 0x93, 0x97, 0x03, 0x9B, 0x88, 0xA3, 0xB2, 0xC1, 0xCE, 0xC2, 0xB7, 0xAD, 0xA5, 0x9F, 0x7F, 0x9B, 0x04, 0x9B, 
            0x8A, 0x9E, 0xA7, 0xB0, 0xB9, 0xC2, 0xCC, 0xC7, 0xBE, 0xB5, 0xAB, 0xA2, 0x06, 0x9B, 0x87, 0x99, 0x96, 0x94, 0x92, 0x91, 0x8F, 0x8E, 0x8D, 0x01, 
            0x8C, 0x03, 0x8B, 0x01, 0x8A, 0x87, 0x89, 0x88, 0x87, 0x86, 0x84, 0x83, 0x81, 0x80, 0x0A, 0x7F, 0x88, 0x80, 0x81, 0x83, 0x85, 0x88, 0x8B, 0x8E, 
            0x93, 0x99, 0x02, 0x9B, 0x84, 0xAC, 0xC0, 0xC9, 0xB5, 0xA2, 0x0E, 0x9B, 0x3A, 0x9A, 0x82, 0xA7, 0xB4, 0xBF, 0x01, 0xC9, 0x88, 0xC2, 0xBD, 0xB8, 
            0xB3, 0xAF, 0xAA, 0xA6, 0xA2, 0x9D, 0x05, 0x9A, 0x87, 0x99, 0x94, 0x8F, 0x8B, 0x87, 0x84, 0x82, 0x80, 0x06, 0x7F, 0x84, 0x81, 0x83, 0x86, 0x8C, 
            0x95, 0x01, 0x9A, 0x88, 0x9F, 0xBC, 0xC1, 0xA3, 0xA6, 0xBF, 0xC4, 0xAF, 0x9C, 0x03, 0x9A, 0x80, 0x99, 0x02, 0x98, 0x80, 0x99, 0x09, 0x9A, 0x83, 
            0x9E, 0xA4, 0xA9, 0xA6, 0x02, 0x9A, 0x86, 0x99, 0x92, 0x8C, 0x87, 0x84, 0x82, 0x80, 0x09, 0x7F, 0x01, 0x80, 0x88, 0x81, 0x82, 0x83, 0x85, 0x88, 
            0x8B, 0x8F, 0x92, 0x97, 0x03, 0x9A, 0x89, 0xA0, 0xAC, 0xB8, 0xC3, 0xCD, 0xC4, 0xBB, 0xB1, 0xA6, 0x9B, 0x30, 0x9A, 0x86, 0xA0, 0xAF, 0xBE, 0xCD, 
            0xBE, 0xAF, 0xA1, 0x03, 0x9A, 0x89, 0x99, 0x95, 0x92, 0x8E, 0x8B, 0x88, 0x85, 0x83, 0x81, 0x80, 0x07, 0x7F, 0x89, 0x81, 0x83, 0x89, 0x91, 0x9A, 
            0x97, 0x8E, 0x88, 0x83, 0x80, 0x04, 0x7F, 0x88, 0x80, 0x81, 0x83, 0x85, 0x88, 0x8B, 0x90, 0x94, 0x99, 0x03, 0x9A, 0x89, 0x9D, 0xA9, 0xB5, 0xC1, 
            0xCD, 0xC2, 0xB7, 0xAD, 0xA5, 0x9E, 0x7F, 0x9A, 0x03, 0x9A, 0x8A, 0xA0, 0xAA, 0xB3, 0xBC, 0xC5, 0xCC, 0xC3, 0xBA, 0xB2, 0xA9, 0xA0, 0x06, 0x9A, 
            0x86, 0x97, 0x94, 0x92, 0x90, 0x8F, 0x8E, 0x8D, 0x01, 0x8C, 0x02, 0x8B, 0x05, 0x8A, 0x86, 0x89, 0x88, 0x86, 0x84, 0x83, 0x81, 0x80, 0x0A, 0x7F, 
            0x01, 0x80, 0x86, 0x82, 0x84, 0x86, 0x89, 0x8C, 0x91, 0x96, 0x02, 0x9A, 0x85, 0xA1, 0xB4, 0xC7, 0xC0, 0xAD, 0x9B, 0x0D, 0x9A, 0x3B, 0x9A, 0x84, 
            0xA1, 0xAB, 0xB5, 0xBD, 0xC4, 0x01, 0xCA, 0x88, 0xC5, 0xC0, 0xBB, 0xB6, 0xB2, 0xAD, 0xA8, 0xA2, 0x9B, 0x04, 0x9A, 0x86, 0x96, 0x91, 0x8C, 0x88, 
            0x85, 0x83, 0x81, 0x01, 0x80, 0x02, 0x7F, 0x85, 0x80, 0x81, 0x83, 0x86, 0x8C, 0x93, 0x01, 0x9A, 0x89, 0x9C, 0xB8, 0xC4, 0xA7, 0x9A, 0xAC, 0xC3, 
            0xC1, 0xAE, 0x9D, 0x0F, 0x9A, 0x82, 0xA0, 0xA8, 0xAF, 0x01, 0xB5, 0x80, 0xA4, 0x02, 0x9A, 0x85, 0x95, 0x8F, 0x89, 0x85, 0x82, 0x80, 0x09, 0x7F, 
            0x02, 0x80, 0x88, 0x81, 0x82, 0x83, 0x85, 0x87, 0x8B, 0x8E, 0x92, 0x98, 0x03, 0x9A, 0x89, 0xA2, 0xAD, 0xB9, 0xC4, 0xCB, 0xC2, 0xB9, 0xAF, 0xA5, 
            0x9B, 0x31, 0x9A, 0x85, 0xA2, 0xB2, 0xC2, 0xC7, 0xB7, 0xA8, 0x04, 0x9A, 0x88, 0x96, 0x92, 0x8D, 0x8A, 0x87, 0x85, 0x82, 0x81, 0x80, 0x06, 0x7F, 
            0x8A, 0x80, 0x81, 0x84, 0x8A, 0x92, 0x9A, 0x94, 0x8B, 0x86, 0x82, 0x80, 0x03, 0x7F, 0x88, 0x80, 0x81, 0x83, 0x86, 0x8A, 0x8D, 0x91, 0x95, 0x99, 
            0x04, 0x9A, 0x89, 0xA4, 0xAF, 0xBB, 0xC6, 0xC9, 0xBE, 0xB3, 0xAA, 0xA2, 0x9B, 0x7F, 0x9A, 0x02, 0x9A, 0x8A, 0x9E, 0xA9, 0xB3, 0xBC, 0xC5, 0xCB, 
            0xC3, 0xBA, 0xB1, 0xA8, 0xA0, 0x06, 0x9A, 0x85, 0x98, 0x94, 0x92, 0x90, 0x8E, 0x8D, 0x01, 0x8C, 0x01, 0x8B, 0x04, 0x8A, 0x02, 0x8B, 0x86, 0x8A, 
            0x89, 0x88, 0x87, 0x85, 0x83, 0x81, 0x01, 0x80, 0x09, 0x7F, 0x01, 0x80, 0x86, 0x81, 0x83, 0x85, 0x88, 0x8B, 0x8F, 0x95, 0x03, 0x9A, 0x84, 0xAC, 
            0xBF, 0xC6, 0xB3, 0xA1, 0x0D, 0x9A, 0x3D, 0x99, 0x86, 0xA0, 0xA8, 0xAF, 0xB5, 0xBA, 0xBF, 0xC4, 0x01, 0xC9, 0x86, 0xC4, 0xBF, 0xB9, 0xB2, 0xAC, 
            0xA4, 0x9C, 0x03, 0x99, 0x87, 0x97, 0x92, 0x8D, 0x89, 0x86, 0x83, 0x82, 0x81, 0x02, 0x80, 0x85, 0x81, 0x82, 0x83, 0x87, 0x8C, 0x93, 0x01, 0x99, 
            0x83, 0x9B, 0xB6, 0xC5, 0xA9, 0x01, 0x99, 0x85, 0xAB, 0xC0, 0xC4, 0xB3, 0xA5, 0x9C, 0x0A, 0x99, 0x88, 0x9D, 0xA4, 0xAA, 0xB1, 0xB9, 0xC0, 0xC7, 
            0xB5, 0xA4, 0x02, 0x99, 0x84, 0x93, 0x8D, 0x88, 0x84, 0x81, 0x0D, 0x80, 0x88, 0x81, 0x82, 0x83, 0x85, 0x88, 0x8B, 0x8F, 0x93, 0x98, 0x03, 0x99, 
            0x89, 0xA4, 0xB0, 0xBB, 0xC5, 0xC9, 0xC0, 0xB7, 0xAF, 0xA6, 0x9C, 0x32, 0x99, 0x85, 0xA6, 0xB6, 0xC8, 0xBF, 0xAE, 0xA0, 0x03, 0x99, 0x87, 0x96, 
            0x92, 0x8D, 0x8A, 0x87, 0x85, 0x82, 0x81, 0x08, 0x80, 0x88, 0x82, 0x86, 0x8B, 0x95, 0x99, 0x91, 0x8A, 0x85, 0x81, 0x04, 0x80, 0x86, 0x81, 0x84, 
            0x87, 0x8A, 0x8D, 0x91, 0x95, 0x05, 0x99, 0x89, 0xA3, 0xAD, 0xB6, 0xC0, 0xCA, 0xC3, 0xB9, 0xAF, 0xA5, 0x9D, 0x7F, 0x99, 0x02, 0x99, 0x8B, 0x9B, 
            0xA6, 0xB0, 0xBA, 0xC3, 0xCC, 0xC4, 0xBC, 0xB4, 0xAC, 0xA3, 0x9C, 0x06, 0x99, 0x84, 0x96, 0x93, 0x91, 0x8F, 0x8D, 0x01, 0x8C, 0x02, 0x8B, 0x02, 
            0x8A, 0x02, 0x8B, 0x01, 0x8C, 0x87, 0x8B, 0x8A, 0x89, 0x87, 0x85, 0x83, 0x82, 0x81, 0x0C, 0x80, 0x86, 0x82, 0x83, 0x85, 0x88, 0x8B, 0x8F, 0x95, 
            0x03, 0x99, 0x84, 0xA9, 0xBC, 0xC8, 0xB5, 0xA3, 0x0D, 0x99, 0x0E, 0x98, 0x82, 0x9C, 0x9E, 0x9F, 0x01, 0xA0, 0x81, 0x9E, 0x9A, 0x29, 0x98, 0x8E, 
            0x99, 0x9E, 0xA4, 0xA9, 0xAE, 0xB3, 0xB9, 0xBE, 0xC4, 0xCA, 0xC5, 0xBD, 0xB5, 0xAC, 0xA3, 0x04, 0x98, 0x85, 0x93, 0x8E, 0x8A, 0x87, 0x84, 0x82, 
            0x02, 0x81, 0x85, 0x82, 0x83, 0x84, 0x87, 0x8D, 0x94, 0x01, 0x98, 0x83, 0x9B, 0xB6, 0xC4, 0xA9, 0x02, 0x98, 0x88, 0xA6, 0xB9, 0xC9, 0xBF, 0xB4, 
            0xAC, 0xA6, 0xA1, 0x9D, 0x01, 0x99, 0x8D, 0x9B, 0x9E, 0xA1, 0xA4, 0xA9, 0xAF, 0xB6, 0xBC, 0xC3, 0xCA, 0xC5, 0xC8, 0xB6, 0xA5, 0x02, 0x98, 0x84, 
            0x94, 0x8D, 0x88, 0x84, 0x81, 0x0C, 0x80, 0x01, 0x81, 0x86, 0x82, 0x84, 0x85, 0x88, 0x8B, 0x8F, 0x94, 0x03, 0x98, 0x8A, 0x9B, 0xA8, 0xB3, 0xBE, 
            0xC8, 0xC5, 0xBD, 0xB5, 0xAE, 0xA6, 0x9D, 0x32, 0x98, 0x85, 0x99, 0xAB, 0xBD, 0xC7, 0xB6, 0xA5, 0x03, 0x98, 0x87, 0x97, 0x92, 0x8D, 0x8A, 0x87, 
            0x84, 0x82, 0x81, 0x07, 0x80, 0x83, 0x81, 0x84, 0x88, 0x8E, 0x01, 0x98, 0x83, 0x90, 0x89, 0x84, 0x81, 0x03, 0x80, 0x86, 0x81, 0x83, 0x87, 0x8A, 
            0x8D, 0x90, 0x93, 0x05, 0x98, 0x83, 0x9F, 0xA9, 0xB3, 0xBD, 0x01, 0xC6, 0x83, 0xBD, 0xB2, 0xA8, 0x9F, 0x7F, 0x98, 0x03, 0x98, 0x8B, 0xA2, 0xAD, 
            0xB7, 0xC0, 0xC9, 0xC6, 0xBF, 0xB8, 0xB1, 0xAA, 0xA2, 0x9A, 0x06, 0x98, 0x84, 0x95, 0x92, 0x90, 0x8F, 0x8D, 0x02, 0x8C, 0x04, 0x8B, 0x02, 0x8C, 
            0x01, 0x8D, 0x87, 0x8C, 0x8B, 0x8A, 0x88, 0x86, 0x84, 0x82, 0x81, 0x0B, 0x80, 0x87, 0x81, 0x82, 0x84, 0x86, 0x89, 0x8C, 0x90, 0x96, 0x03, 0x98, 
            0x84, 0xAB, 0xBE, 0xC6, 0xB3, 0xA0, 0x0D, 0x98, 0x0B, 0x97, 0x83, 0x9F, 0xAA, 0xB1, 0xB4, 0x02, 0xB6, 0x84, 0xB5, 0xB2, 0xAC, 0xA6, 0x9F, 0x2B, 
            0x97, 0x8C, 0x98, 0x9D, 0xA3, 0xA9, 0xAF, 0xB5, 0xBC, 0xC4, 0xC8, 0xBE, 0xB4, 0xA9, 0x9D, 0x03, 0x97, 0x8D, 0x94, 0x8F, 0x8B, 0x87, 0x85, 0x84, 
            0x83, 0x82, 0x83, 0x84, 0x86, 0x89, 0x8E, 0x95, 0x01, 0x97, 0x83, 0x9D, 0xB8, 0xC1, 0xA6, 0x03, 0x97, 0x97, 0x9A, 0xA9, 0xB8, 0xC4, 0xC8, 0xC1, 
            0xBB, 0xB5, 0xB1, 0xB0, 0xB1, 0xB2, 0xB4, 0xB7, 0xBC, 0xC2, 0xC8, 0xC6, 0xC0, 0xB8, 0xBA, 0xC9, 0xB8, 0xA7, 0x02, 0x97, 0x85, 0x95, 0x8E, 0x88, 
            0x85, 0x82, 0x81, 0x09, 0x80, 0x01, 0x81, 0x01, 0x82, 0x86, 0x84, 0x85, 0x87, 0x89, 0x8D, 0x91, 0x96, 0x03, 0x97, 0x8A, 0xA1, 0xAD, 0xB8, 0xC2, 
            0xC9, 0xC2, 0xBA, 0xB3, 0xAC, 0xA5, 0x9E, 0x33, 0x97, 0x85, 0x9E, 0xB1, 0xC4, 0xBE, 0xAC, 0x9B, 0x03, 0x97, 0x86, 0x92, 0x8D, 0x8A, 0x86, 0x83, 
            0x82, 0x81, 0x06, 0x80, 0x84, 0x81, 0x82, 0x86, 0x8B, 0x92, 0x01, 0x97, 0x83, 0x8E, 0x88, 0x84, 0x81, 0x02, 0x80, 0x86, 0x81, 0x83, 0x86, 0x8A, 
            0x8D, 0x91, 0x94, 0x05, 0x97, 0x89, 0xA0, 0xA9, 0xB2, 0xBB, 0xC5, 0xC6, 0xBD, 0xB3, 0xA9, 0x9F, 0x7F, 0x97, 0x03, 0x97, 0x8C, 0x9D, 0xA8, 0xB3, 
            0xBD, 0xC5, 0xC8, 0xC1, 0xBB, 0xB5, 0xAE, 0xA7, 0xA0, 0x99, 0x06, 0x97, 0x84, 0x95, 0x93, 0x91, 0x8F, 0x8E, 0x01, 0x8D, 0x05, 0x8C, 0x01, 0x8D, 
            0x02, 0x8E, 0x88, 0x8D, 0x8C, 0x8B, 0x89, 0x87, 0x85, 0x83, 0x82, 0x81, 0x09, 0x80, 0x01, 0x81, 0x85, 0x83, 0x85, 0x87, 0x8A, 0x8E, 0x92, 0x03, 
            0x97, 0x85, 0x9C, 0xAF, 0xC2, 0xBF, 0xAC, 0x9A, 0x0D, 0x97, 0x09, 0x96, 0x85, 0x9C, 0xAD, 0xBB, 0xC5, 0xC9, 0xC8, 0x02, 0xC7, 0x87, 0xC9, 0xC4, 
            0xBD, 0xB6, 0xAE, 0xA7, 0x9F, 0x98, 0x2C, 0x96, 0x89, 0x99, 0xA0, 0xA7, 0xAF, 0xB7, 0xC1, 0xC7, 0xBB, 0xAE, 0xA1, 0x03, 0x96, 0x84, 0x95, 0x90, 
            0x8C, 0x88, 0x87, 0x02, 0x85, 0x83, 0x86, 0x88, 0x8B, 0x8F, 0x02, 0x96, 0x83, 0xA1, 0xBB, 0xBD, 0xA2, 0x06, 0x96, 0x86, 0xA0, 0xAA, 0xB3, 0xBB, 
            0xC2, 0xC6, 0xC8, 0x01, 0xC9, 0x8C, 0xC7, 0xC5, 0xC1, 0xBC, 0xB7, 0xB1, 0xAA, 0xA3, 0xB5, 0xC7, 0xBA, 0xA8, 0x97, 0x02, 0x96, 0x85, 0x90, 0x8B, 
            0x88, 0x84, 0x83, 0x82, 0x08, 0x81, 0x01, 0x82, 0x87, 0x83, 0x84, 0x85, 0x87, 0x89, 0x8C, 0x8F, 0x93, 0x03, 0x96, 0x8B, 0x9B, 0xA8, 0xB4, 0xBE, 
            0xC7, 0xC4, 0xBD, 0xB6, 0xAF, 0xA9, 0xA3, 0x9D, 0x34, 0x96, 0x84, 0xA4, 0xB7, 0xC7, 0xB4, 0xA1, 0x03, 0x96, 0x85, 0x92, 0x8D, 0x8A, 0x86, 0x84, 
            0x82, 0x07, 0x81, 0x83, 0x82, 0x84, 0x88, 0x8F, 0x02, 0x96, 0x83, 0x8E, 0x89, 0x84, 0x82, 0x01, 0x81, 0x85, 0x82, 0x83, 0x85, 0x89, 0x8E, 0x93, 
            0x05, 0x96, 0x8A, 0x9C, 0xA5, 0xAE, 0xB7, 0xBF, 0xC7, 0xC3, 0xBA, 0xB1, 0xA8, 0x9F, 0x7F, 0x96, 0x03, 0x96, 0x8D, 0x97, 0xA3, 0xAF, 0xB8, 0xC1, 
            0xC9, 0xC3, 0xBD, 0xB7, 0xB1, 0xAB, 0xA5, 0x9F, 0x98, 0x07, 0x96, 0x82, 0x94, 0x92, 0x91, 0x01, 0x8F, 0x08, 0x8E, 0x02, 0x8F, 0x87, 0x8E, 0x8D, 
            0x8C, 0x8A, 0x87, 0x85, 0x83, 0x82, 0x0B, 0x81, 0x86, 0x82, 0x83, 0x86, 0x89, 0x8C, 0x90, 0x95, 0x03, 0x96, 0x84, 0xA2, 0xB5, 0xC8, 0xB6, 0xA4, 
            0x0E, 0x96, 0x08, 0x95, 0x86, 0xA1, 0xB5, 0xC7, 0xBF, 0xB8, 0xB4, 0xB2, 0x01, 0xB1, 0x8A, 0xB2, 0xB6, 0xBC, 0xC3, 0xC6, 0xBE, 0xB7, 0xAF, 0xA8, 
            0xA1, 0x9A, 0x2D, 0x95, 0x88, 0x99, 0xA2, 0xAB, 0xB6, 0xC2, 0xC1, 0xB3, 0xA6, 0x99, 0x03, 0x95, 0x83, 0x92, 0x8D, 0x8A, 0x89, 0x02, 0x88, 0x82, 
            0x8B, 0x8E, 0x92, 0x02, 0x95, 0x83, 0xA3, 0xBE, 0xB7, 0x9C, 0x09, 0x95, 0x83, 0x99, 0xA1, 0xA7, 0xAB, 0x02, 0xAD, 0x8B, 0xAB, 0xA8, 0xA5, 0xA0, 
            0x9B, 0x95, 0xA1, 0xB2, 0xC3, 0xBC, 0xAB, 0x9C, 0x03, 0x95, 0x84, 0x90, 0x8D, 0x89, 0x87, 0x86, 0x01, 0x84, 0x05, 0x83, 0x01, 0x84, 0x87, 0x85, 
            0x86, 0x87, 0x88, 0x8A, 0x8D, 0x90, 0x94, 0x03, 0x95, 0x83, 0x96, 0xA3, 0xB0, 0xBB, 0x01, 0xC4, 0x86, 0xBD, 0xB7, 0xB1, 0xAB, 0xA5, 0x9F, 0x99, 
            0x34, 0x95, 0x85, 0x98, 0xAB, 0xBF, 0xBD, 0xA9, 0x98, 0x02, 0x95, 0x85, 0x92, 0x8D, 0x89, 0x86, 0x84, 0x83, 0x07, 0x81, 0x83, 0x83, 0x87, 0x8D, 
            0x94, 0x01, 0x95, 0x83, 0x94, 0x8E, 0x89, 0x86, 0x02, 0x83, 0x84, 0x85, 0x86, 0x89, 0x8E, 0x94, 0x05, 0x95, 0x8A, 0x9E, 0xA8, 0xB3, 0xBC, 0xC4, 
            0xC6, 0xBE, 0xB7, 0xAE, 0xA5, 0x9C, 0x7F, 0x95, 0x04, 0x95, 0x8D, 0x9C, 0xA8, 0xB2, 0xBB, 0xC3, 0xC7, 0xC0, 0xBB, 0xB5, 0xAF, 0xAA, 0xA4, 0x9E, 
            0x98, 0x08, 0x95, 0x81, 0x94, 0x92, 0x01, 0x91, 0x03, 0x90, 0x02, 0x8F, 0x03, 0x90, 0x01, 0x8F, 0x85, 0x8E, 0x8C, 0x8A, 0x87, 0x85, 0x84, 0x01, 
            0x82, 0x0A, 0x81, 0x85, 0x83, 0x84, 0x87, 0x8A, 0x8E, 0x92, 0x03, 0x95, 0x85, 0x99, 0xAA, 0xBD, 0xC1, 0xAE, 0x9A, 0x0E, 0x95, 0x07, 0x95, 0x87, 
            0xA2, 0xB8, 0xC3, 0xB5, 0xAC, 0xA5, 0xA0, 0x9E, 0x01, 0x9D, 0x8D, 0x9F, 0xA3, 0xA9, 0xB0, 0xB8, 0xC0, 0xC7, 0xBF, 0xB8, 0xB1, 0xAA, 0xA4, 0x9D, 
            0x96, 0x2D, 0x95, 0x86, 0xA0, 0xAC, 0xB9, 0xC7, 0xBA, 0xAC, 0x9F, 0x03, 0x95, 0x87, 0x94, 0x90, 0x8E, 0x8D, 0x8C, 0x8D, 0x8E, 0x91, 0x03, 0x95, 
            0x83, 0xA6, 0xC1, 0xB2, 0x96, 0x16, 0x95, 0x86, 0x9D, 0xAE, 0xBE, 0xC0, 0xB1, 0xA3, 0x96, 0x03, 0x95, 0x86, 0x93, 0x90, 0x8D, 0x8B, 0x8A, 0x89, 
            0x88, 0x04, 0x87, 0x01, 0x88, 0x85, 0x89, 0x8A, 0x8B, 0x8D, 0x8F, 0x92, 0x04, 0x95, 0x83, 0x96, 0xA2, 0xAE, 0xB9, 0x01, 0xC3, 0x86, 0xBB, 0xB5, 
            0xAF, 0xA9, 0xA3, 0x9E, 0x98, 0x36, 0x95, 0x84, 0x9F, 0xB3, 0xC7, 0xB2, 0x9F, 0x02, 0x95, 0x86, 0x93, 0x8E, 0x8A, 0x87, 0x85, 0x83, 0x82, 0x04, 
            0x81, 0x84, 0x82, 0x83, 0x86, 0x8B, 0x92, 0x02, 0x95, 0x83, 0x93, 0x8E, 0x8A, 0x88, 0x01, 0x86, 0x84, 0x87, 0x88, 0x8A, 0x8E, 0x93, 0x04, 0x95, 
            0x8B, 0x97, 0xA0, 0xA8, 0xB1, 0xBB, 0xC6, 0xC1, 0xB9, 0xB1, 0xAA, 0xA2, 0x9A, 0x47, 0x95, 0x83, 0x9A, 0xA0, 0xA3, 0xA6, 0x01, 0xA7, 0x83, 0xA5, 
            0xA1, 0x9C, 0x96, 0x33, 0x95, 0x83, 0x9D, 0xA9, 0xB3, 0xBC, 0x01, 0xC4, 0x87, 0xBE, 0xB8, 0xB2, 0xAD, 0xA7, 0xA2, 0x9C, 0x97, 0x09, 0x95, 0x80, 
            0x94, 0x01, 0x93, 0x03, 0x92, 0x05, 0x91, 0x01, 0x90, 0x88, 0x8F, 0x8D, 0x8B, 0x89, 0x87, 0x85, 0x84, 0x83, 0x82, 0x09, 0x81, 0x85, 0x82, 0x83, 
            0x85, 0x88, 0x8C, 0x90, 0x04, 0x95, 0x84, 0xA2, 0xB4, 0xC6, 0xB6, 0xA3, 0x0F, 0x95, 0x06, 0x94, 0x85, 0x9E, 0xB7, 0xC0, 0xB1, 0xA4, 0x9A, 0x06, 
            0x94, 0x8D, 0x97, 0x9E, 0xA6, 0xAE, 0xB7, 0xBF, 0xC6, 0xC0, 0xBA, 0xB3, 0xAC, 0xA6, 0x9F, 0x99, 0x2D, 0x94, 0x86, 0xA0, 0xAE, 0xBD, 0xC3, 0xB5, 
            0xA6, 0x99, 0x04, 0x94, 0x80, 0x93, 0x01, 0x92, 0x80, 0x93, 0x04, 0x94, 0x82, 0xAB, 0xC4, 0xAD, 0x17, 0x94, 0x86, 0x99, 0xA9, 0xB9, 0xC5, 0xB8, 
            0xAC, 0xA0, 0x06, 0x94, 0x83, 0x93, 0x91, 0x90, 0x8F, 0x01, 0x8E, 0x03, 0x8D, 0x84, 0x8E, 0x8F, 0x90, 0x91, 0x93, 0x05, 0x94, 0x8B, 0x96, 0xA2, 
            0xAE, 0xB9, 0xC3, 0xC0, 0xB8, 0xB0, 0xAA, 0xA3, 0x9E, 0x98, 0x39, 0x94, 0x83, 0xA6, 0xBC, 0xBB, 0xA6, 0x03, 0x94, 0x84, 0x90, 0x8B, 0x88, 0x86, 
            0x84, 0x05, 0x82, 0x83, 0x83, 0x85, 0x8A, 0x90, 0x03, 0x94, 0x83, 0x92, 0x8F, 0x8C, 0x8A, 0x01, 0x89, 0x83, 0x8B, 0x8C, 0x8F, 0x93, 0x04, 0x94, 
            0x8B, 0x9A, 0xA1, 0xA9, 0xB1, 0xB9, 0xC2, 0xC1, 0xB7, 0xAE, 0xA6, 0x9E, 0x97, 0x45, 0x94, 0x85, 0x96, 0xA2, 0xAC, 0xB5, 0xBB, 0xBE, 0x01, 0xBF, 
            0x86, 0xBE, 0xBA, 0xB5, 0xAF, 0xA9, 0xA2, 0x9B, 0x31, 0x94, 0x83, 0x9D, 0xA8, 0xB2, 0xBB, 0x01, 0xC3, 0x87, 0xBC, 0xB6, 0xB0, 0xAB, 0xA5, 0xA0, 
            0x9A, 0x95, 0x11, 0x94, 0x01, 0x93, 0x01, 0x92, 0x01, 0x91, 0x88, 0x90, 0x8E, 0x8D, 0x8B, 0x89, 0x86, 0x85, 0x84, 0x83, 0x0A, 0x82, 0x85, 0x83, 
            0x84, 0x86, 0x8A, 0x8E, 0x92, 0x03, 0x94, 0x85, 0x9C, 0xAE, 0xC0, 0xBC, 0xA9, 0x96, 0x0F, 0x94, 0x05, 0x93, 0x85, 0x97, 0xB2, 0xC2, 0xB0, 0xA2, 
            0x94, 0x09, 0x93, 0x8D, 0x95, 0x9D, 0xA6, 0xAE, 0xB6, 0xBE, 0xC4, 0xC1, 0xBA, 0xB4, 0xAD, 0xA7, 0xA0, 0x99, 0x2C, 0x93, 0x82, 0x95, 0xA3, 0xB2, 
            0x01, 0xBF, 0x82, 0xB1, 0xA4, 0x98, 0x0A, 0x93, 0x83, 0x9E, 0xB4, 0xC0, 0xA6, 0x18, 0x93, 0x87, 0xA3, 0xB2, 0xC1, 0xBE, 0xB3, 0xA9, 0xA2, 0x9A, 
            0x18, 0x93, 0x8A, 0x99, 0xA4, 0xAF, 0xBA, 0xC5, 0xBC, 0xB3, 0xAA, 0xA3, 0x9C, 0x96, 0x3B, 0x93, 0x84, 0x9A, 0xB1, 0xC4, 0xAD, 0x98, 0x02, 0x93, 
            0x85, 0x91, 0x8D, 0x89, 0x86, 0x84, 0x83, 0x03, 0x82, 0x83, 0x83, 0x85, 0x89, 0x8F, 0x04, 0x93, 0x81, 0x92, 0x8F, 0x02, 0x8C, 0x82, 0x8D, 0x8E, 
            0x91, 0x05, 0x93, 0x8B, 0x9B, 0xA3, 0xAA, 0xB0, 0xB8, 0xC0, 0xC3, 0xBA, 0xAF, 0xA6, 0x9D, 0x95, 0x44, 0x93, 0x92, 0x97, 0xA3, 0xB0, 0xBB, 0xC4, 
            0xC0, 0xBB, 0xB9, 0xB8, 0xBA, 0xBD, 0xC1, 0xC5, 0xC3, 0xBD, 0xB5, 0xAC, 0xA3, 0x99, 0x2F, 0x93, 0x8D, 0x99, 0xA3, 0xAD, 0xB7, 0xBF, 0xC5, 0xBD, 
            0xB6, 0xB0, 0xAA, 0xA5, 0x9F, 0x9A, 0x94, 0x15, 0x93, 0x8A, 0x92, 0x91, 0x8F, 0x8D, 0x8C, 0x89, 0x87, 0x86, 0x85, 0x84, 0x83, 0x09, 0x82, 0x85, 
            0x83, 0x84, 0x86, 0x89, 0x8C, 0x90, 0x03, 0x93, 0x85, 0x94, 0xA6, 0xB9, 0xC1, 0xAE, 0x9B, 0x10, 0x93, 0x05, 0x92, 0x84, 0xAB, 0xC3, 0xB2, 0xA2, 
            0x95, 0x0C, 0x92, 0x8E, 0x96, 0x9F, 0xA7, 0xAE, 0xB5, 0xBC, 0xC3, 0xC1, 0xBA, 0xB4, 0xAD, 0xA7, 0xA0, 0x9A, 0x94, 0x2C, 0x92, 0x87, 0x9F, 0xAD, 
            0xBB, 0xC1, 0xB4, 0xA8, 0x9E, 0x95, 0x06, 0x92, 0x84, 0x9A, 0xAA, 0xBE, 0xB5, 0x9B, 0x18, 0x92, 0x8B, 0x9A, 0xA9, 0xB7, 0xC2, 0xBE, 0xB7, 0xB1, 
            0xAA, 0xA3, 0x9D, 0x98, 0x94, 0x12, 0x92, 0x8A, 0x98, 0xA0, 0xAA, 0xB4, 0xBE, 0xC2, 0xB8, 0xAE, 0xA5, 0x9C, 0x95, 0x3E, 0x92, 0x83, 0xA8, 0xC0, 
            0xB3, 0x9E, 0x03, 0x92, 0x84, 0x8E, 0x89, 0x87, 0x85, 0x83, 0x02, 0x82, 0x83, 0x83, 0x85, 0x88, 0x8E, 0x06, 0x92, 0x80, 0x8F, 0x01, 0x8E, 0x81, 
            0x8F, 0x90, 0x06, 0x92, 0x8B, 0x97, 0xA0, 0xA9, 0xB0, 0xB7, 0xBE, 0xC5, 0xBC, 0xB4, 0xA9, 0x9F, 0x96, 0x43, 0x92, 0x95, 0x99, 0xA3, 0xAF, 0xBB, 
            0xC3, 0xBA, 0xB2, 0xAB, 0xA7, 0xA5, 0xA6, 0xA9, 0xAC, 0xB0, 0xB3, 0xB7, 0xBD, 0xC5, 0xBB, 0xB1, 0xA6, 0x9B, 0x2E, 0x92, 0x8D, 0x94, 0x9E, 0xA8, 
            0xB1, 0xBA, 0xC3, 0xC0, 0xB9, 0xB3, 0xAD, 0xA8, 0xA3, 0x9D, 0x98, 0x16, 0x92, 0x88, 0x91, 0x8F, 0x8D, 0x8B, 0x89, 0x88, 0x86, 0x85, 0x84, 0x09, 
            0x83, 0x85, 0x84, 0x85, 0x86, 0x89, 0x8B, 0x8F, 0x04, 0x92, 0x84, 0x9E, 0xB0, 0xC3, 0xB3, 0xA0, 0x11, 0x92, 0x04, 0x91, 0x84, 0xA4, 0xBD, 0xB5, 
            0xA4, 0x95, 0x0E, 0x91, 0x8F, 0x92, 0x9A, 0xA1, 0xA9, 0xAF, 0xB6, 0xBD, 0xC3, 0xC0, 0xBA, 0xB3, 0xAD, 0xA7, 0xA1, 0x9A, 0x94, 0x2C, 0x91, 0x88, 
            0x9A, 0xA7, 0xB5, 0xC1, 0xBC, 0xB2, 0xAA, 0xA2, 0x9A, 0x01, 0x96, 0x85, 0x9A, 0xA1, 0xAC, 0xBC, 0xB9, 0xA4, 0x1A, 0x91, 0x8E, 0x9A, 0xA6, 0xB1, 
            0xB9, 0xC1, 0xC0, 0xBA, 0xB5, 0xB0, 0xAA, 0xA6, 0xA2, 0x9E, 0x9A, 0x95, 0x0B, 0x91, 0x8B, 0x97, 0x9D, 0xA4, 0xAB, 0xB3, 0xBC, 0xC3, 0xB9, 0xB0, 
            0xA6, 0x9D, 0x95, 0x40, 0x91, 0x83, 0xA1, 0xBA, 0xB8, 0xA2, 0x03, 0x91, 0x84, 0x8E, 0x8A, 0x88, 0x85, 0x84, 0x02, 0x83, 0x82, 0x84, 0x87, 0x8D, 
            0x07, 0x91, 0x02, 0x90, 0x07, 0x91, 0x8B, 0x96, 0x9D, 0xA5, 0xAD, 0xB5, 0xBC, 0xC3, 0xBE, 0xB6, 0xAD, 0xA3, 0x99, 0x3F, 0x91, 0x9B, 0x95, 0x99, 
            0x9D, 0xA3, 0xAA, 0xB2, 0xBB, 0xC3, 0xB8, 0xAF, 0xA7, 0x9F, 0x9A, 0x98, 0x96, 0x97, 0x99, 0x9C, 0x9F, 0xA3, 0xA8, 0xAF, 0xB7, 0xC1, 0xBE, 0xB3, 
            0xA8, 0x9B, 0x2E, 0x91, 0x8E, 0x96, 0xA0, 0xA9, 0xB2, 0xBB, 0xC3, 0xBF, 0xB9, 0xB4, 0xAF, 0xAA, 0xA5, 0x9F, 0x9A, 0x95, 0x15, 0x91, 0x87, 0x90, 
            0x8E, 0x8C, 0x8A, 0x88, 0x87, 0x86, 0x85, 0x07, 0x84, 0x01, 0x85, 0x84, 0x86, 0x88, 0x89, 0x8C, 0x8F, 0x04, 0x91, 0x85, 0x98, 0xAA, 0xBC, 0xB8, 
            0xA5, 0x92, 0x11, 0x91, 0x03, 0x90, 0x84, 0x9C, 0xB6, 0xBA, 0xA7, 0x97, 0x11, 0x90, 0x8E, 0x96, 0x9D, 0xA3, 0xAA, 0xB1, 0xB6, 0xBC, 0xC2, 0xBF, 
            0xB9, 0xB2, 0xAC, 0xA5, 0x9E, 0x96, 0x2D, 0x90, 0x8E, 0x91, 0x9E, 0xAA, 0xB5, 0xBE, 0xBF, 0xB8, 0xB1, 0xAF, 0xB2, 0xB9, 0xC3, 0xB6, 0xA4, 0x92, 
            0x1B, 0x90, 0x94, 0x93, 0x9D, 0xA6, 0xAF, 0xB6, 0xBB, 0xBF, 0xC3, 0xBE, 0xBA, 0xB6, 0xB3, 0xAF, 0xAC, 0xA8, 0xA5, 0xA2, 0x9F, 0x9D, 0x9B, 0x9A, 
            0x01, 0x99, 0x8C, 0x9A, 0x9E, 0xA3, 0xA9, 0xB0, 0xB7, 0xC0, 0xBE, 0xB5, 0xAD, 0xA4, 0x9C, 0x93, 0x42, 0x90, 0x84, 0x9D, 0xB5, 0xBA, 0xA4, 0x92, 
            0x02, 0x90, 0x84, 0x8E, 0x8B, 0x88, 0x86, 0x85, 0x02, 0x84, 0x81, 0x87, 0x8B, 0x02, 0x90, 0x80, 0x9A, 0x0E, 0x90, 0x8C, 0x96, 0x9C, 0xA3, 0xAA, 
            0xB2, 0xBA, 0xC2, 0xBE, 0xB6, 0xAE, 0xA5, 0x9B, 0x91, 0x38, 0x90, 0x91, 0x94, 0x9C, 0xA3, 0xA8, 0xAC, 0xB0, 0xB2, 0xB5, 0xB7, 0xBA, 0xBE, 0xC3, 
            0xBE, 0xB6, 0xAD, 0xA4, 0x9B, 0x94, 0x06, 0x90, 0x8A, 0x92, 0x97, 0x9C, 0xA3, 0xAB, 0xB3, 0xBD, 0xBF, 0xB4, 0xA8, 0x9A, 0x2E, 0x90, 0x90, 0x97, 
            0xA0, 0xA8, 0xB0, 0xB8, 0xBE, 0xC3, 0xBE, 0xB9, 0xB4, 0xAF, 0xAA, 0xA4, 0x9F, 0x9B, 0x97, 0x93, 0x13, 0x90, 0x86, 0x8F, 0x8D, 0x8B, 0x8A, 0x89, 
            0x88, 0x87, 0x01, 0x86, 0x01, 0x85, 0x02, 0x86, 0x86, 0x87, 0x88, 0x89, 0x8A, 0x8B, 0x8D, 0x8F, 0x04, 0x90, 0x85, 0x94, 0xA5, 0xB8, 0xBC, 0xA8, 
            0x96, 0x12, 0x90, 0x02, 0x90, 0x84, 0x94, 0xAD, 0xC0, 0xAB, 0x9A, 0x06, 0x90, 0x80, 0x8F, 0x01, 0x8E, 0x80, 0x8F, 0x08, 0x90, 0x8E, 0x93, 0x98, 
            0x9F, 0xA5, 0xAC, 0xB4, 0xBA, 0xC0, 0xBF, 0xB9, 0xB3, 0xAC, 0xA5, 0x9D, 0x95, 0x30, 0x90, 0x83, 0x99, 0xA2, 0xAB, 0xB1, 0x01, 0xB5, 0x82, 0xB0, 
            0xA8, 0x9C, 0x1F, 0x90, 0x89, 0x92, 0x9A, 0xA1, 0xA6, 0xAA, 0xAF, 0xB3, 0xB7, 0xBB, 0xBE, 0x01, 0xC1, 0x85, 0xBE, 0xBA, 0xB7, 0xB3, 0xAF, 0xAD, 
            0x01, 0xAC, 0x83, 0xAE, 0xAF, 0xB2, 0xB8, 0x01, 0xBF, 0x84, 0xB8, 0xB0, 0xA8, 0xA0, 0x97, 0x45, 0x90, 0x84, 0x9B, 0xB3, 0xBA, 0xA5, 0x92, 0x02, 
            0x90, 0x84, 0x8F, 0x8B, 0x89, 0x87, 0x86, 0x01, 0x85, 0x82, 0x86, 0x89, 0x8F, 0x01, 0x90, 0x81, 0x94, 0x95, 0x0D, 0x90, 0x8C, 0x97, 0x9D, 0xA3, 
            0xA9, 0xB1, 0xB8, 0xC0, 0xBD, 0xB6, 0xAE, 0xA5, 0x9B, 0x92, 0x36, 0x90, 0x92, 0x98, 0xA3, 0xAE, 0xB7, 0xBF, 0xC1, 0xBD, 0xBA, 0xB7, 0xB5, 0xB4, 
            0xB2, 0xB1, 0xAE, 0xAB, 0xA6, 0xA0, 0x99, 0x92, 0x0A, 0x90, 0x89, 0x93, 0x99, 0xA0, 0xA8, 0xB1, 0xBB, 0xBF, 0xB5, 0xA8, 0x99, 0x2E, 0x90, 0x97, 
            0x94, 0x9C, 0xA4, 0xAB, 0xB1, 0xB7, 0xBC, 0xC1, 0xBF, 0xBA, 0xB6, 0xB1, 0xAC, 0xA8, 0xA4, 0xA0, 0x9E, 0x9B, 0x9A, 0x98, 0x97, 0x95, 0x94, 0x92, 
            0x0C, 0x90, 0x81, 0x8E, 0x8D, 0x01, 0x8C, 0x83, 0x8B, 0x8A, 0x89, 0x88, 0x02, 0x89, 0x81, 0x8A, 0x8B, 0x01, 0x8C, 0x81, 0x8D, 0x8E, 0x06, 0x90, 
            0x85, 0x92, 0xA3, 0xB5, 0xBE, 0xAB, 0x99, 0x13, 0x90, 0x02, 0x8F, 0x83, 0xA3, 0xBC, 0xB2, 0x9E, 0x06, 0x8F, 0x81, 0x8E, 0x8D, 0x01, 0x8C, 0x81, 
            0x8D, 0x8E, 0x08, 0x8F, 0x86, 0x91, 0x98, 0x9F, 0xA6, 0xAD, 0xB3, 0xB9, 0x01, 0xBF, 0x85, 0xB9, 0xB3, 0xAB, 0xA3, 0x99, 0x90, 0x34, 0x8F, 0x80, 
            0x90, 0x25, 0x8F, 0x8D, 0x93, 0x97, 0x9A, 0x9D, 0xA1, 0xA5, 0xA8, 0xAC, 0xAF, 0xB2, 0xB5, 0xB9, 0xBD, 0xC1, 0x01, 0xC0, 0x89, 0xC1, 0xC0, 0xBE, 
            0xBA, 0xB4, 0xAD, 0xA6, 0x9E, 0x97, 0x90, 0x47, 0x8F, 0x84, 0x9B, 0xB3, 0xB9, 0xA4, 0x91, 0x03, 0x8F, 0x87, 0x8C, 0x89, 0x88, 0x87, 0x86, 0x87, 
            0x89, 0x8D, 0x02, 0x8F, 0x81, 0xA2, 0x94, 0x0B, 0x8F, 0x8D, 0x91, 0x98, 0x9E, 0xA5, 0xAA, 0xB1, 0xB8, 0xC0, 0xBC, 0xB4, 0xAC, 0xA3, 0x9A, 0x91, 
            0x34, 0x8F, 0x92, 0x90, 0x9C, 0xA9, 0xB5, 0xC0, 0xBA, 0xB1, 0xA9, 0xA4, 0xA0, 0x9E, 0x9C, 0x9B, 0x9A, 0x99, 0x98, 0x96, 0x94, 0x91, 0x0E, 0x8F, 
            0x89, 0x91, 0x97, 0x9E, 0xA6, 0xAF, 0xB9, 0xC0, 0xB4, 0xA6, 0x98, 0x2F, 0x8F, 0x99, 0x95, 0x9C, 0xA2, 0xA7, 0xAC, 0xB1, 0xB5, 0xBA, 0xBE, 0xC0, 
            0xBC, 0xB7, 0xB4, 0xB0, 0xAD, 0xAB, 0xA9, 0xA7, 0xA5, 0xA4, 0xA1, 0x9F, 0x9C, 0x98, 0x94, 0x90, 0x0C, 0x8F, 0x80, 0x8E, 0x02, 0x8D, 0x80, 0x8E, 
            0x0D, 0x8F, 0x85, 0x95, 0xA3, 0xB3, 0xBF, 0xAE, 0x9B, 0x14, 0x8F, 0x01, 0x8E, 0x84, 0x9B, 0xB3, 0xB8, 0xA4, 0x93, 0x06, 0x8E, 0x80, 0x8C, 0x03, 
            0x8B, 0x80, 0x8C, 0x09, 0x8E, 0x8D, 0x95, 0x9C, 0xA3, 0xA9, 0xAF, 0xB4, 0xB9, 0xBF, 0xBD, 0xB6, 0xAE, 0xA5, 0x9C, 0x92, 0x59, 0x8E, 0x8F, 0x91, 
            0x93, 0x92, 0x91, 0x90, 0x8E, 0x8F, 0x92, 0x96, 0x99, 0x9C, 0x9F, 0xA2, 0xA5, 0xA8, 0xAA, 0x01, 0xAC, 0x85, 0xAA, 0xA8, 0xA4, 0xA0, 0x9A, 0x93, 
            0x4B, 0x8E, 0x84, 0x9D, 0xB5, 0xB6, 0xA2, 0x8F, 0x03, 0x8E, 0x81, 0x8C, 0x8A, 0x02, 0x88, 0x81, 0x89, 0x8C, 0x02, 0x8E, 0x82, 0x97, 0xA6, 0x95, 
            0x0A, 0x8E, 0x8D, 0x91, 0x98, 0x9F, 0xA5, 0xAB, 0xB1, 0xB8, 0xC0, 0xBA, 0xB3, 0xAB, 0xA2, 0x99, 0x8F, 0x34, 0x8E, 0x89, 0x9A, 0xA8, 0xB5, 0xC0, 
            0xB5, 0xAB, 0xA2, 0x9A, 0x94, 0x8F, 0x19, 0x8E, 0x89, 0x90, 0x96, 0x9D, 0xA5, 0xAE, 0xB8, 0xBE, 0xB3, 0xA5, 0x97, 0x29, 0x8E, 0x88, 0x92, 0x99, 
            0x9E, 0xA3, 0xA6, 0xA9, 0xAB, 0xAD, 0xAF, 0x02, 0xB0, 0x80, 0xAF, 0x01, 0xAE, 0x90, 0xB3, 0xB7, 0xBB, 0xBF, 0xC0, 0xBD, 0xBB, 0xB9, 0xB6, 0xB4, 
            0xB1, 0xAD, 0xA9, 0xA4, 0x9F, 0x9A, 0x94, 0x1C, 0x8E, 0x86, 0x91, 0x9B, 0xA7, 0xB5, 0xBE, 0xAE, 0x9D, 0x15, 0x8E, 0x85, 0x8D, 0x93, 0xAA, 0xBF, 
            0xAA, 0x98, 0x06, 0x8D, 0x81, 0x8C, 0x8B, 0x03, 0x8A, 0x80, 0x8B, 0x09, 0x8D, 0x8D, 0x92, 0x99, 0xA0, 0xA6, 0xAC, 0xB1, 0xB6, 0xBC, 0xBE, 0xB6, 
            0xAE, 0xA6, 0x9C, 0x92, 0x55, 0x8D, 0x83, 0x92, 0x9A, 0xA0, 0xA5, 0x01, 0xA7, 0x91, 0xA5, 0xA3, 0xA2, 0x9F, 0x9C, 0x9A, 0x97, 0x93, 0x8E, 0x8D, 
            0x8E, 0x90, 0x91, 0x93, 0x94, 0x93, 0x92, 0x8F, 0x4F, 0x8D, 0x83, 0xA0, 0xB7, 0xB3, 0x9F, 0x04, 0x8D, 0x85, 0x8C, 0x8B, 0x8A, 0x89, 0x8A, 0x8C, 
            0x03, 0x8D, 0x82, 0xA3, 0xA7, 0x97, 0x09, 0x8D, 0x8D, 0x90, 0x97, 0x9E, 0xA5, 0xAB, 0xB1, 0xB8, 0xBF, 0xB9, 0xB1, 0xAA, 0xA1, 0x98, 0x8F, 0x33, 
            0x8D, 0x88, 0x94, 0xA2, 0xB0, 0xBE, 0xB6, 0xAA, 0xA0, 0x96, 0x8E, 0x1D, 0x8D, 0x89, 0x90, 0x96, 0x9D, 0xA4, 0xAD, 0xB7, 0xBE, 0xB1, 0xA3, 0x94, 
            0x24, 0x8D, 0x87, 0x8E, 0x96, 0x9D, 0xA4, 0xAB, 0xB1, 0xB6, 0xBB, 0x01, 0xBF, 0x81, 0xBD, 0xBC, 0x01, 0xBB, 0x01, 0xBA, 0x88, 0xBB, 0xBC, 0xBD, 
            0xBE, 0xC0, 0xBE, 0xBC, 0xB9, 0xB6, 0x01, 0xB3, 0x8A, 0xB6, 0xB9, 0xBD, 0xBE, 0xB9, 0xB3, 0xAD, 0xA6, 0x9F, 0x98, 0x91, 0x16, 0x8D, 0x89, 0x8E, 
            0x92, 0x97, 0x9E, 0xA6, 0xB0, 0xBB, 0xB9, 0xAB, 0x9C, 0x16, 0x8D, 0x85, 0x8D, 0xA3, 0xBA, 0xAF, 0x9C, 0x8D, 0x06, 0x8C, 0x80, 0x8B, 0x01, 0x8A, 
            0x02, 0x89, 0x80, 0x8A, 0x09, 0x8C, 0x86, 0x90, 0x97, 0x9E, 0xA4, 0xAA, 0xAF, 0xB5, 0x01, 0xBC, 0x84, 0xB4, 0xAC, 0xA3, 0x9A, 0x90, 0x53, 0x8C, 
            0x85, 0x90, 0x9D, 0xA7, 0xAE, 0xB3, 0xB7, 0x01, 0xB9, 0x8A, 0xB7, 0xB4, 0xB1, 0xAE, 0xAC, 0xA9, 0xA6, 0xA2, 0x9D, 0x96, 0x8F, 0x56, 0x8C, 0x83, 
            0xA3, 0xB9, 0xB0, 0x9D, 0x05, 0x8C, 0x02, 0x8B, 0x04, 0x8C, 0x84, 0x98, 0xB0, 0xAB, 0x9B, 0x8E, 0x07, 0x8C, 0x8D, 0x8E, 0x95, 0x9C, 0xA4, 0xAA, 
            0xB1, 0xB6, 0xBD, 0xBA, 0xB2, 0xA9, 0xA1, 0x99, 0x90, 0x33, 0x8C, 0x87, 0x9A, 0xA8, 0xB5, 0xBC, 0xAF, 0xA3, 0x98, 0x8E, 0x20, 0x8C, 0x89, 0x90, 
            0x96, 0x9D, 0xA4, 0xAC, 0xB7, 0xBB, 0xAE, 0x9F, 0x90, 0x21, 0x8C, 0x8C, 0x93, 0x9C, 0xA5, 0xAD, 0xB4, 0xBB, 0xBD, 0xB8, 0xB3, 0xAF, 0xAD, 0xAB, 
            0xA9, 0x01, 0xA8, 0x80, 0xA7, 0x03, 0xA6, 0x95, 0xA7, 0xA9, 0xAA, 0xAC, 0xAE, 0xB0, 0xB3, 0xB6, 0xB9, 0xBC, 0xBF, 0xBC, 0xB7, 0xB2, 0xBA, 0xBC, 
            0xB4, 0xAD, 0xA5, 0x9C, 0x95, 0x8F, 0x0B, 0x8C, 0x91, 0x8D, 0x90, 0x93, 0x97, 0x9A, 0x9C, 0x9E, 0xA0, 0xA3, 0xA6, 0xAA, 0xB0, 0xB6, 0xBD, 0xB9, 
            0xB0, 0xA4, 0x98, 0x17, 0x8C, 0x84, 0x9C, 0xB3, 0xB4, 0xA1, 0x91, 0x06, 0x8B, 0x01, 0x8A, 0x01, 0x89, 0x01, 0x88, 0x81, 0x89, 0x8A, 0x09, 0x8B, 
            0x8C, 0x91, 0x98, 0x9F, 0xA5, 0xAC, 0xB3, 0xBA, 0xBB, 0xB4, 0xAC, 0xA4, 0x9C, 0x93, 0x53, 0x8B, 0x86, 0x8E, 0x9F, 0xAD, 0xB7, 0xBE, 0xB8, 0xB4, 
            0x01, 0xB3, 0x8C, 0xB5, 0xB8, 0xBC, 0xBD, 0xBA, 0xB7, 0xB4, 0xB0, 0xAB, 0xA5, 0x9E, 0x96, 0x8F, 0x53, 0x8B, 0x84, 0x8E, 0xA5, 0xBB, 0xAD, 0x9B, 
            0x0C, 0x8B, 0x86, 0x91, 0xA4, 0xBC, 0xB1, 0xA2, 0x96, 0x8D, 0x05, 0x8B, 0x86, 0x8E, 0x93, 0x9A, 0xA1, 0xA8, 0xAF, 0xB5, 0x01, 0xBB, 0x84, 0xB4, 
            0xAB, 0xA3, 0x9B, 0x92, 0x32, 0x8B, 0x87, 0x91, 0x9D, 0xAA, 0xB7, 0xB9, 0xAC, 0xA0, 0x94, 0x23, 0x8B, 0x88, 0x8E, 0x94, 0x9B, 0xA2, 0xAC, 0xB7, 
            0xB9, 0xAB, 0x9B, 0x1E, 0x8B, 0x92, 0x8D, 0x97, 0xA1, 0xAA, 0xB3, 0xBB, 0xBA, 0xB3, 0xAD, 0xA7, 0xA3, 0x9F, 0x9C, 0x99, 0x97, 0x96, 0x95, 0x94, 
            0x93, 0x04, 0x92, 0xB1, 0x93, 0x94, 0x96, 0x97, 0x9A, 0x9C, 0x9F, 0xA2, 0xA6, 0xAA, 0xAE, 0xB3, 0xB8, 0xBE, 0xB8, 0xB7, 0xBC, 0xB3, 0xAA, 0xA2, 
            0x9D, 0x99, 0x96, 0x94, 0x92, 0x90, 0x8F, 0x90, 0x92, 0x94, 0x96, 0x9A, 0x9E, 0xA3, 0xA9, 0xAE, 0xB2, 0xB5, 0xB8, 0xBA, 0xBC, 0xBE, 0xBB, 0xB7, 
            0xB2, 0xAD, 0xA8, 0xA1, 0x99, 0x8F, 0x18, 0x8B, 0x83, 0xA9, 0xBB, 0xA7, 0x97, 0x05, 0x8B, 0x01, 0x8A, 0x01, 0x89, 0x01, 0x88, 0x01, 0x87, 0x82, 
            0x88, 0x89, 0x8A, 0x07, 0x8B, 0x8C, 0x8C, 0x94, 0x9C, 0xA4, 0xAC, 0xB4, 0xBC, 0xB8, 0xB1, 0xA9, 0xA1, 0x9A, 0x91, 0x54, 0x8B, 0x86, 0x99, 0xAA, 
            0xB9, 0xB6, 0xAE, 0xA8, 0xA3, 0x01, 0xA2, 0x8E, 0xA4, 0xA7, 0xAB, 0xAF, 0xB2, 0xB6, 0xBA, 0xBD, 0xB8, 0xB3, 0xAE, 0xA6, 0x9F, 0x97, 0x8F, 0x51, 
            0x8B, 0x84, 0x90, 0xA6, 0xBB, 0xAC, 0x9A, 0x0B, 0x8B, 0x89, 0x8C, 0x9B, 0xAE, 0xB5, 0xBB, 0xAD, 0xA1, 0x97, 0x91, 0x8F, 0x01, 0x8D, 0x8F, 0x8F, 
            0x91, 0x93, 0x97, 0x9E, 0xA5, 0xAC, 0xB3, 0xB9, 0xBC, 0xB5, 0xAE, 0xA5, 0x9D, 0x94, 0x8C, 0x30, 0x8B, 0x88, 0x8C, 0x96, 0xA1, 0xAC, 0xB7, 0xB8, 
            0xAD, 0xA0, 0x95, 0x26, 0x8B, 0x83, 0x90, 0x98, 0xA0, 0xAB, 0x01, 0xB7, 0x81, 0xA9, 0x99, 0x1C, 0x8B, 0x8B, 0x97, 0xA2, 0xAD, 0xB7, 0xBB, 0xB2, 
            0xAA, 0xA3, 0x9D, 0x97, 0x92, 0x8E, 0x12, 0x8B, 0x92, 0x8C, 0x8F, 0x92, 0x95, 0x99, 0x9E, 0xA5, 0xAC, 0xB4, 0xBC, 0xB7, 0xB5, 0xBD, 0xB5, 0xAE, 
            0xA9, 0xA6, 0xA3, 0xA0, 0x01, 0x9F, 0x93, 0xA0, 0xA3, 0xA6, 0xAB, 0xB0, 0xB7, 0xBD, 0xB8, 0xB3, 0xAE, 0xAA, 0xA7, 0xA4, 0xA2, 0x9F, 0x9C, 0x99, 
            0x95, 0x90, 0x8C, 0x1A, 0x8B, 0x80, 0x92, 0x83, 0xB3, 0xB1, 0x9E, 0x8F, 0x05, 0x8A, 0x80, 0x89, 0x01, 0x88, 0x05, 0x87, 0x81, 0x88, 0x89, 0x07, 
            0x8A, 0x8B, 0x91, 0x9A, 0xA4, 0xAE, 0xB7, 0xBA, 0xB2, 0xAA, 0xA2, 0x9A, 0x93, 0x8B, 0x55, 0x8A, 0x87, 0x9C, 0xB0, 0xB8, 0xAA, 0xA0, 0x99, 0x94, 
            0x92, 0x01, 0x93, 0x8F, 0x96, 0x9A, 0x9E, 0xA1, 0xA5, 0xAA, 0xAF, 0xB4, 0xB8, 0xBC, 0xB6, 0xAF, 0xA8, 0xA0, 0x97, 0x8D, 0x4F, 0x8A, 0x85, 0x90, 
            0xA5, 0xBA, 0xAC, 0x9B, 0x8B, 0x0A, 0x8A, 0x9A, 0x94, 0xA3, 0xB6, 0xAC, 0xB1, 0xBB, 0xAF, 0xA4, 0x9C, 0x99, 0x95, 0x94, 0x96, 0x98, 0x9A, 0x9D, 
            0xA2, 0xA9, 0xB0, 0xB7, 0xBC, 0xB6, 0xAF, 0xA7, 0x9F, 0x96, 0x8E, 0x2F, 0x8A, 0x84, 0x8C, 0x95, 0x9D, 0xA6, 0xAF, 0x01, 0xB8, 0x83, 0xAD, 0xA3, 
            0x98, 0x8F, 0x08, 0x8A, 0x08, 0x89, 0x15, 0x8A, 0x87, 0x8D, 0x95, 0x9E, 0xA9, 0xB5, 0xB7, 0xA8, 0x97, 0x19, 0x8A, 0x89, 0x8F, 0x9D, 0xAB, 0xB8, 
            0xB6, 0xAC, 0xA3, 0x9B, 0x95, 0x8E, 0x1B, 0x8A, 0x88, 0x8E, 0x94, 0x9B, 0xA3, 0xAC, 0xB5, 0xBA, 0xB0, 0xB2, 0x01, 0xBA, 0x8F, 0xB6, 0xB3, 0xB0, 
            0xAF, 0xB0, 0xB3, 0xB7, 0xBC, 0xB8, 0xB2, 0xAB, 0xA3, 0x9C, 0x95, 0x8F, 0x8B, 0x23, 0x8A, 0x80, 0x9C, 0x82, 0xBA, 0xA8, 0x95, 0x06, 0x89, 0x80, 
            0x88, 0x02, 0x87, 0x02, 0x86, 0x02, 0x87, 0x80, 0x88, 0x06, 0x89, 0x89, 0x8D, 0x99, 0xA4, 0xB0, 0xBB, 0xB3, 0xA9, 0xA1, 0x99, 0x91, 0x58, 0x89, 
            0x85, 0x9C, 0xB1, 0xB5, 0xA5, 0x99, 0x8F, 0x05, 0x89, 0x88, 0x8B, 0x90, 0x94, 0x98, 0x9D, 0xA2, 0xA7, 0xAC, 0xB2, 0x01, 0xB8, 0x83, 0xB0, 0xA7, 
            0x9C, 0x90, 0x4E, 0x89, 0x85, 0x8E, 0xA2, 0xB6, 0xAF, 0x9E, 0x8F, 0x09, 0x89, 0x9A, 0x8E, 0x9B, 0xAA, 0xBA, 0xA3, 0xA1, 0xAD, 0xBA, 0xB2, 0xA9, 
            0xA5, 0xA1, 0x9E, 0x9D, 0x9F, 0xA1, 0xA4, 0xA8, 0xAE, 0xB5, 0xBB, 0xB5, 0xAF, 0xA8, 0xA0, 0x98, 0x90, 0x2F, 0x89, 0x8B, 0x92, 0x9A, 0xA2, 0xAA, 
            0xB2, 0xBA, 0xB6, 0xAE, 0xA6, 0x9D, 0x94, 0x8C, 0x09, 0x89, 0x08, 0x88, 0x15, 0x89, 0x87, 0x8B, 0x93, 0x9B, 0xA6, 0xB2, 0xB7, 0xA7, 0x95, 0x17, 
            0x89, 0x87, 0x90, 0x9F, 0xAF, 0xB9, 0xAC, 0xA1, 0x98, 0x8F, 0x20, 0x89, 0x93, 0x8C, 0x94, 0x9E, 0xA7, 0xB1, 0xBB, 0xB4, 0xAC, 0xAB, 0xAF, 0xB2, 
            0xB3, 0xB4, 0xB3, 0xB0, 0xAC, 0xA7, 0xA0, 0x99, 0x91, 0x27, 0x89, 0x81, 0x8F, 0xA5, 0x82, 0xB5, 0xA1, 0x90, 0x06, 0x88, 0x09, 0x87, 0x07, 0x88, 
            0x87, 0x95, 0xA2, 0xB0, 0xB9, 0xAD, 0xA2, 0x98, 0x8F, 0x4C, 0x88, 0x81, 0x8A, 0x8B, 0x01, 0x8C, 0x80, 0x8A, 0x08, 0x88, 0x85, 0x98, 0xAF, 0xB4, 
            0xA5, 0x97, 0x8B, 0x09, 0x88, 0x8B, 0x8C, 0x91, 0x96, 0x9B, 0xA2, 0xA8, 0xAF, 0xB7, 0xB5, 0xA9, 0x9C, 0x8F, 0x4D, 0x88, 0x86, 0x89, 0x9D, 0xB0, 
            0xB4, 0xA3, 0x95, 0x8B, 0x07, 0x88, 0x8D, 0x8B, 0x96, 0xA4, 0xB3, 0xB0, 0x9B, 0x8F, 0x9B, 0xA7, 0xB4, 0xB9, 0xB4, 0xAF, 0xAA, 0x01, 0xA7, 0x8B, 
            0xAA, 0xAD, 0xB1, 0xB6, 0xBA, 0xB3, 0xAC, 0xA6, 0xA0, 0x99, 0x91, 0x89, 0x2D, 0x88, 0x8D, 0x8C, 0x94, 0x9D, 0xA5, 0xAC, 0xB3, 0xBA, 0xB5, 0xAF, 
            0xA8, 0xA1, 0x9A, 0x92, 0x8A, 0x0C, 0x88, 0x02, 0x87, 0x19, 0x88, 0x87, 0x8A, 0x91, 0x99, 0xA4, 0xB1, 0xB6, 0xA6, 0x93, 0x15, 0x88, 0x86, 0x8D, 
            0x9D, 0xAE, 0xB7, 0xA7, 0x9B, 0x90, 0x24, 0x88, 0x89, 0x91, 0x9A, 0xA4, 0xAD, 0xB6, 0xB8, 0xB1, 0xAA, 0xA4, 0x9E, 0x01, 0x9B, 0x83, 0x99, 0x95, 
            0x8F, 0x89, 0x29, 0x88, 0x81, 0x96, 0xAC, 0x82, 0xB1, 0x9F, 0x90, 0x17, 0x87, 0x87, 0x8F, 0x9E, 0xAD, 0xB9, 0xAB, 0x9E, 0x92, 0x88, 0x49, 0x87, 
            0x85, 0x8B, 0x93, 0x9C, 0xA2, 0xA4, 0xA6, 0x01, 0xA7, 0x83, 0xA5, 0xA0, 0x99, 0x90, 0x05, 0x87, 0x85, 0x93, 0xAA, 0xB5, 0xA5, 0x97, 0x89, 0x0C, 
            0x87, 0x89, 0x8D, 0x93, 0x99, 0xA0, 0xA7, 0xB1, 0xB7, 0xA9, 0x9A, 0x8A, 0x42, 0x87, 0x84, 0x88, 0x8B, 0x8E, 0x90, 0x92, 0x01, 0x93, 0x8A, 0x92, 
            0x8F, 0x8C, 0x89, 0x96, 0xA7, 0xB9, 0xAB, 0x9E, 0x94, 0x8B, 0x04, 0x87, 0x9C, 0x8A, 0x8F, 0x96, 0xA1, 0xAE, 0xB7, 0xA6, 0x92, 0x87, 0x89, 0x94, 
            0xA1, 0xAC, 0xB1, 0xB7, 0xB9, 0xB4, 0xB2, 0xB4, 0xB6, 0xBA, 0xB6, 0xB0, 0xAA, 0xA3, 0x9D, 0x97, 0x91, 0x89, 0x2D, 0x87, 0x8E, 0x8C, 0x94, 0x9C, 
            0xA5, 0xAC, 0xB3, 0xB9, 0xB6, 0xB0, 0xAA, 0xA5, 0x9F, 0x99, 0x92, 0x8B, 0x2A, 0x87, 0x87, 0x8A, 0x91, 0x9A, 0xA5, 0xB2, 0xB3, 0xA2, 0x8F, 0x14, 
            0x87, 0x85, 0x98, 0xAA, 0xB9, 0xA6, 0x97, 0x8B, 0x25, 0x87, 0x8E, 0x88, 0x90, 0x98, 0xA1, 0xA9, 0xB1, 0xB8, 0xB6, 0xB0, 0xAA, 0xA4, 0x9E, 0x98, 
            0x91, 0x8B, 0x2A, 0x87, 0x81, 0x9B, 0xB0, 0x82, 0xB0, 0x9F, 0x8F, 0x16, 0x86, 0x86, 0x88, 0x98, 0xA7, 0xB6, 0xAD, 0x9D, 0x8F, 0x48, 0x86, 0x90, 
            0x87, 0x90, 0x9A, 0xA4, 0xAB, 0xB3, 0xB9, 0xB6, 0xB3, 0xB1, 0xB2, 0xB6, 0xB8, 0xB2, 0xA9, 0x9F, 0x92, 0x03, 0x86, 0x85, 0x91, 0xA6, 0xB9, 0xA5, 
            0x94, 0x88, 0x0E, 0x86, 0x87, 0x8B, 0x91, 0x98, 0xA1, 0xAE, 0xB6, 0xA5, 0x93, 0x3F, 0x86, 0x86, 0x87, 0x8D, 0x92, 0x96, 0x9A, 0x9D, 0x9F, 0x02, 
            0xA1, 0x8B, 0xA0, 0x9E, 0x9A, 0x95, 0x90, 0x9D, 0xAE, 0xB4, 0xA7, 0x9D, 0x93, 0x8D, 0x01, 0x8A, 0x89, 0x8C, 0x90, 0x94, 0x98, 0xA2, 0xAC, 0xB9, 
            0xAB, 0x9B, 0x89, 0x02, 0x86, 0x85, 0x8F, 0x9A, 0xA1, 0xA7, 0xAC, 0xB1, 0x01, 0xB4, 0x88, 0xB1, 0xAD, 0xA9, 0xA5, 0x9F, 0x9A, 0x94, 0x8E, 0x88, 
            0x2D, 0x86, 0x8F, 0x8A, 0x91, 0x98, 0xA0, 0xA8, 0xAF, 0xB6, 0xB7, 0xB1, 0xAC, 0xA8, 0xA3, 0x9E, 0x98, 0x92, 0x8C, 0x2B, 0x86, 0x86, 0x8C, 0x93, 
            0x9C, 0xA8, 0xB6, 0xAC, 0x9A, 0x13, 0x86, 0x85, 0x8F, 0xA3, 0xB6, 0xAA, 0x98, 0x8A, 0x27, 0x86, 0x8F, 0x88, 0x8F, 0x96, 0x9E, 0xA5, 0xAB, 0xB1, 
            0xB6, 0xB7, 0xB1, 0xAB, 0xA5, 0x9F, 0x98, 0x91, 0x8A, 0x27, 0x86, 0x82, 0x8A, 0x9D, 0xB0, 0x82, 0xAE, 0x9D, 0x8F, 0x16, 0x86, 0x85, 0x91, 0xA1, 
            0xB0, 0xB1, 0xA1, 0x91, 0x47, 0x86, 0x94, 0x8A, 0x92, 0x9A, 0xA5, 0xB0, 0xB7, 0xAF, 0xA8, 0xA2, 0x9F, 0x9B, 0x9A, 0x9B, 0x9F, 0xA4, 0xA9, 0xB2, 
            0xB4, 0xA9, 0x9B, 0x8B, 0x01, 0x86, 0x84, 0x8E, 0xA4, 0xB7, 0xA6, 0x92, 0x11, 0x86, 0x86, 0x8A, 0x92, 0x9E, 0xAD, 0xB3, 0x9E, 0x88, 0x3C, 0x86, 
            0x89, 0x88, 0x8F, 0x94, 0x99, 0x9E, 0xA2, 0xA6, 0xA9, 0xAC, 0xAD, 0x01, 0xAE, 0x8B, 0xAD, 0xAB, 0xA7, 0xA1, 0x9C, 0x96, 0xA3, 0xB3, 0xB1, 0xA8, 
            0x9E, 0x97, 0x01, 0x95, 0x88, 0x99, 0x9C, 0x9F, 0xA4, 0xAE, 0xB8, 0xAD, 0x9F, 0x8F, 0x04, 0x86, 0x8D, 0x88, 0x91, 0x97, 0x9D, 0xA1, 0xA4, 0xA5, 
            0xA3, 0xA0, 0x9C, 0x97, 0x93, 0x8E, 0x89, 0x2F, 0x86, 0x8F, 0x8B, 0x92, 0x99, 0xA1, 0xA8, 0xB0, 0xB6, 0xB5, 0xAF, 0xAB, 0xA6, 0xA2, 0x9D, 0x98, 
            0x92, 0x8C, 0x2B, 0x86, 0x87, 0x87, 0x8E, 0x96, 0xA1, 0xAE, 0xB3, 0xA1, 0x8D, 0x12, 0x86, 0x84, 0x97, 0xAB, 0xB2, 0xA0, 0x8F, 0x2A, 0x86, 0x8E, 
            0x8D, 0x93, 0x98, 0x9E, 0xA3, 0xA8, 0xAD, 0xB2, 0xB8, 0xB2, 0xAB, 0xA3, 0x9C, 0x95, 0x8D, 0x26, 0x86, 0x82, 0x8D, 0x9E, 0xB0, 0x82, 0xAD, 0x9D, 
            0x8F, 0x15, 0x85, 0x85, 0x8C, 0x9B, 0xAA, 0xB6, 0xA5, 0x94, 0x46, 0x85, 0x9D, 0x8A, 0x93, 0x9C, 0xA5, 0xAE, 0xB8, 0xAC, 0xA3, 0x9B, 0x94, 0x8E, 
            0x8A, 0x87, 0x86, 0x87, 0x8A, 0x8F, 0x96, 0x9E, 0xA8, 0xB3, 0xAF, 0xA0, 0x8E, 0x85, 0x8D, 0xA5, 0xB7, 0xA4, 0x90, 0x12, 0x85, 0x85, 0x88, 0x92, 
            0xA1, 0xB2, 0xA8, 0x90, 0x3B, 0x85, 0x88, 0x8D, 0x95, 0x9B, 0xA0, 0xA4, 0xA9, 0xAD, 0xB1, 0xB4, 0x01, 0xB7, 0x01, 0xB6, 0x95, 0xB7, 0xB6, 0xB2, 
            0xAC, 0xA7, 0xA2, 0x9C, 0xA7, 0xB2, 0xB3, 0xAA, 0xA3, 0xA0, 0xA2, 0xA5, 0xA8, 0xAB, 0xB1, 0xB5, 0xAC, 0xA0, 0x92, 0x07, 0x85, 0x82, 0x88, 0x8E, 
            0x91, 0x01, 0x93, 0x83, 0x92, 0x90, 0x8D, 0x89, 0x32, 0x85, 0x90, 0x8A, 0x91, 0x98, 0x9F, 0xA7, 0xAE, 0xB5, 0xB4, 0xAF, 0xAA, 0xA5, 0xA1, 0x9C, 
            0x97, 0x92, 0x8D, 0x87, 0x2B, 0x85, 0x86, 0x8A, 0x92, 0x9D, 0xAA, 0xB6, 0xA3, 0x90, 0x11, 0x85, 0x85, 0x8C, 0x9D, 0xB1, 0xAA, 0x98, 0x89, 0x2B, 
            0x85, 0x8F, 0x89, 0x8E, 0x92, 0x96, 0x9A, 0x9F, 0xA5, 0xAB, 0xB2, 0xB6, 0xAE, 0xA7, 0x9F, 0x97, 0x90, 0x88, 0x24, 0x85, 0x82, 0x8E, 0x9E, 0xB0, 
            0x82, 0xAB, 0x9C, 0x8E, 0x14, 0x84, 0x86, 0x8B, 0x98, 0xA6, 0xB5, 0xA9, 0x99, 0x88, 0x44, 0x84, 0x8A, 0x88, 0x90, 0x98, 0xA1, 0xAB, 0xB5, 0xB0, 
            0xA5, 0x9B, 0x93, 0x8B, 0x07, 0x84, 0x8C, 0x87, 0x8E, 0x97, 0xA2, 0xAF, 0xB0, 0x9F, 0x8B, 0x8C, 0xA4, 0xB4, 0xA1, 0x8F, 0x13, 0x84, 0x84, 0x8A, 
            0x97, 0xAA, 0xAE, 0x97, 0x39, 0x84, 0x8C, 0x88, 0x91, 0x99, 0xA0, 0xA5, 0xAA, 0xAE, 0xB3, 0xB6, 0xB2, 0xAE, 0xAC, 0xAB, 0x01, 0xAA, 0x95, 0xAB, 
            0xAD, 0xB1, 0xB6, 0xB3, 0xAD, 0xA9, 0x9F, 0xA4, 0xAE, 0xB6, 0xAF, 0xAD, 0xAE, 0xB0, 0xB4, 0xB5, 0xAF, 0xA6, 0x9E, 0x92, 0x85, 0x43, 0x84, 0x90, 
            0x88, 0x8E, 0x95, 0x9C, 0xA4, 0xAB, 0xB2, 0xB5, 0xB0, 0xAB, 0xA6, 0xA2, 0x9D, 0x99, 0x94, 0x8F, 0x89, 0x2B, 0x84, 0x86, 0x8A, 0x92, 0x9C, 0xA9, 
            0xB5, 0xA3, 0x90, 0x11, 0x84, 0x85, 0x90, 0xA2, 0xB6, 0xA3, 0x92, 0x86, 0x2C, 0x84, 0x8F, 0x86, 0x8A, 0x8D, 0x91, 0x95, 0x9A, 0xA0, 0xA7, 0xAE, 
            0xB5, 0xB0, 0xA9, 0xA1, 0x99, 0x91, 0x8A, 0x23, 0x84, 0x82, 0x8F, 0xA0, 0xB0, 0x82, 0xAA, 0x9C, 0x8E, 0x13, 0x83, 0x86, 0x8D, 0x98, 0xA4, 0xB4, 
            0xA9, 0x9A, 0x8A, 0x44, 0x83, 0x8A, 0x88, 0x91, 0x9A, 0xA3, 0xAD, 0xB5, 0xAB, 0xA1, 0x97, 0x8E, 0x85, 0x0A, 0x83, 0x8A, 0x8B, 0x95, 0xA1, 0xB1, 
            0xAB, 0x97, 0x8A, 0xA2, 0xB4, 0xA1, 0x8F, 0x13, 0x83, 0x85, 0x84, 0x91, 0xA4, 0xB1, 0x9B, 0x86, 0x37, 0x83, 0x8C, 0x8B, 0x94, 0x9C, 0xA3, 0xA9, 
            0xAE, 0xB3, 0xB5, 0xB0, 0xAB, 0xA6, 0xA3, 0xA1, 0x02, 0xA0, 0x84, 0xA1, 0xA2, 0xA5, 0xA8, 0xAD, 0x01, 0xB3, 0x84, 0xAA, 0x9D, 0xA2, 0xAA, 0xAF, 
            0x01, 0xB1, 0x86, 0xB0, 0xAB, 0xA6, 0xA0, 0x97, 0x8F, 0x84, 0x44, 0x83, 0x91, 0x85, 0x8B, 0x92, 0x99, 0xA0, 0xA8, 0xAF, 0xB5, 0xB1, 0xAD, 0xA8, 
            0xA4, 0xA0, 0x9C, 0x97, 0x91, 0x8B, 0x86, 0x29, 0x83, 0x87, 0x85, 0x8C, 0x93, 0x9D, 0xAA, 0xB2, 0xA0, 0x8E, 0x11, 0x83, 0x84, 0x93, 0xA4, 0xB4, 
            0xA0, 0x90, 0x2F, 0x83, 0x8E, 0x86, 0x89, 0x8D, 0x92, 0x96, 0x9C, 0xA2, 0xA9, 0xB2, 0xB0, 0xA7, 0x9F, 0x97, 0x90, 0x89, 0x22, 0x83, 0x82, 0x91, 
            0xA1, 0xB2, 0x83, 0xA9, 0x9C, 0x8E, 0x83, 0x10, 0x82, 0x87, 0x85, 0x90, 0x9B, 0xA6, 0xB3, 0xA8, 0x99, 0x89, 0x44, 0x82, 0x8A, 0x86, 0x8F, 0x99, 
            0xA3, 0xAC, 0xB4, 0xAA, 0xA0, 0x96, 0x8D, 0x84, 0x0B, 0x82, 0x8A, 0x83, 0x8C, 0x99, 0xA8, 0xB3, 0xA0, 0x8B, 0x9F, 0xB5, 0xA2, 0x90, 0x14, 0x82, 
            0x84, 0x8F, 0xA0, 0xB5, 0x9F, 0x8B, 0x35, 0x82, 0x8E, 0x87, 0x90, 0x98, 0x9F, 0xA6, 0xAC, 0xB1, 0xB4, 0xB0, 0xAB, 0xA6, 0xA1, 0x9D, 0x99, 0x97, 
            0x01, 0x96, 0x01, 0x97, 0x91, 0x98, 0x99, 0x9B, 0xA0, 0xA7, 0xAE, 0xB3, 0xA8, 0x9D, 0x9B, 0x9F, 0xA1, 0xA2, 0xA0, 0x9C, 0x97, 0x90, 0x88, 0x47, 
            0x82, 0x91, 0x88, 0x8E, 0x95, 0x9C, 0xA4, 0xAA, 0xB1, 0xB4, 0xB0, 0xAB, 0xA7, 0xA3, 0x9F, 0x9A, 0x95, 0x8F, 0x89, 0x83, 0x28, 0x82, 0x87, 0x87, 
            0x8E, 0x95, 0x9F, 0xAC, 0xAE, 0x9D, 0x8B, 0x10, 0x82, 0x85, 0x86, 0x96, 0xA7, 0xB1, 0xA0, 0x90, 0x31, 0x82, 0x8D, 0x85, 0x89, 0x8E, 0x94, 0x9A, 
            0xA2, 0xAB, 0xB4, 0xAD, 0xA4, 0x9D, 0x96, 0x8F, 0x88, 0x20, 0x82, 0x83, 0x85, 0x93, 0xA3, 0xB3, 0x83, 0xA7, 0x9A, 0x8E, 0x85, 0x0E, 0x81, 0x88, 
            0x82, 0x8A, 0x93, 0x9D, 0xA9, 0xB2, 0xA4, 0x97, 0x87, 0x45, 0x81, 0x89, 0x8B, 0x94, 0x9E, 0xA8, 0xB2, 0xAC, 0xA1, 0x97, 0x8D, 0x85, 0x0D, 0x81, 
            0x8A, 0x88, 0x95, 0xA1, 0xB0, 0xA6, 0x90, 0x9D, 0xB3, 0xA3, 0x92, 0x83, 0x12, 0x81, 0x85, 0x84, 0x90, 0xA0, 0xB3, 0xA0, 0x8B, 0x33, 0x81, 0x90, 
            0x83, 0x8B, 0x94, 0x9C, 0xA3, 0xA9, 0xAF, 0xB4, 0xAF, 0xAA, 0xA6, 0xA2, 0x9D, 0x98, 0x94, 0x90, 0x8E, 0x01, 0x8C, 0x80, 0x8D, 0x02, 0x8E, 0x88, 
            0x91, 0x95, 0x9B, 0xA3, 0xAD, 0xB1, 0xA4, 0x95, 0x8F, 0x01, 0x92, 0x82, 0x8F, 0x8C, 0x87, 0x49, 0x81, 0x91, 0x83, 0x8A, 0x91, 0x98, 0x9E, 0xA5, 
            0xAB, 0xB0, 0xB3, 0xAF, 0xAB, 0xA7, 0xA3, 0x9E, 0x98, 0x93, 0x8D, 0x87, 0x27, 0x81, 0x88, 0x85, 0x8B, 0x92, 0x9B, 0xA5, 0xB2, 0xA8, 0x98, 0x86, 
            0x10, 0x81, 0x86, 0x8A, 0x98, 0xA8, 0xB0, 0xA0, 0x91, 0x84, 0x31, 0x81, 0x8E, 0x83, 0x88, 0x8E, 0x95, 0x9C, 0xA5, 0xAE, 0xB2, 0xAA, 0xA3, 0x9C, 
            0x95, 0x8E, 0x88, 0x82, 0x1E, 0x81, 0x83, 0x89, 0x97, 0xA6, 0xB4, 0x83, 0xA4, 0x99, 0x8F, 0x86, 0x0C, 0x80, 0x89, 0x81, 0x87, 0x8E, 0x98, 0xA2, 
            0xAC, 0xAE, 0xA1, 0x94, 0x86, 0x45, 0x80, 0x89, 0x83, 0x8D, 0x97, 0xA1, 0xAC, 0xB0, 0xA4, 0x99, 0x90, 0x87, 0x0E, 0x80, 0x8A, 0x87, 0x92, 0x9F, 
            0xAF, 0xA5, 0x8F, 0x9D, 0xB1, 0xA4, 0x94, 0x85, 0x12, 0x80, 0x85, 0x87, 0x94, 0xA3, 0xB1, 0x9D, 0x88, 0x32, 0x80, 0x91, 0x86, 0x8E, 0x96, 0x9D, 
            0xA5, 0xAC, 0xB2, 0xB0, 0xAB, 0xA6, 0xA1, 0x9D, 0x99, 0x94, 0x8F, 0x8B, 0x88, 0x85, 0x02, 0x83, 0x8D, 0x84, 0x85, 0x86, 0x88, 0x8C, 0x93, 0x9B, 
            0xA4, 0xAF, 0xAA, 0x9B, 0x8A, 0x82, 0x81, 0x4D, 0x80, 0x91, 0x84, 0x8B, 0x92, 0x99, 0x9F, 0xA5, 0xAA, 0xAF, 0xB3, 0xAF, 0xAB, 0xA7, 0xA2, 0x9C, 
            0x96, 0x90, 0x8A, 0x83, 0x25, 0x80, 0x88, 0x85, 0x8B, 0x92, 0x9A, 0xA3, 0xAE, 0xAD, 0x9F, 0x8F, 0x11, 0x80, 0x86, 0x8B, 0x99, 0xA7, 0xB2, 0xA3, 
            0x96, 0x8A, 0x32, 0x80, 0x8E, 0x83, 0x88, 0x8E, 0x96, 0x9D, 0xA6, 0xAF, 0xB0, 0xA9, 0xA1, 0x9A, 0x93, 0x8D, 0x87, 0x82, 0x1C, 0x80, 0x84, 0x81, 
            0x8E, 0x9B, 0xA9, 0xB1, 0x84, 0xA2, 0x98, 0x8F, 0x88, 0x83, 0x09, 0x80, 0x8A, 0x82, 0x87, 0x8C, 0x93, 0x9B, 0xA5, 0xAE, 0xAB, 0x9F, 0x93, 0x87, 
            0x46, 0x80, 0x88, 0x84, 0x8E, 0x99, 0xA5, 0xAF, 0xAB, 0x9F, 0x93, 0x88, 0x0E, 0x80, 0x8B, 0x81, 0x8A, 0x95, 0xA1, 0xB2, 0xA0, 0x8A, 0x9D, 0xB0, 
            0xA3, 0x93, 0x85, 0x11, 0x80, 0x86, 0x85, 0x8F, 0x9B, 0xAB, 0xA9, 0x96, 0x83, 0x31, 0x80, 0x91, 0x87, 0x8E, 0x96, 0x9E, 0xA5, 0xAC, 0xB2, 0xAD, 
            0xA8, 0xA3, 0x9E, 0x9A, 0x95, 0x91, 0x8C, 0x88, 0x85, 0x82, 0x06, 0x80, 0x88, 0x82, 0x86, 0x8C, 0x94, 0x9D, 0xAA, 0xAE, 0x9D, 0x8C, 0x18, 0x80, 
            0x02, 0x81, 0x34, 0x80, 0x90, 0x84, 0x8B, 0x92, 0x98, 0x9E, 0xA4, 0xA9, 0xAE, 0xB2, 0xAF, 0xAA, 0xA5, 0x9F, 0x99, 0x93, 0x8D, 0x86, 0x23, 0x80, 
            0x8A, 0x83, 0x88, 0x8E, 0x94, 0x9C, 0xA5, 0xAE, 0xAD, 0xA1, 0x93, 0x82, 0x10, 0x80, 0x89, 0x82, 0x8C, 0x98, 0xA5, 0xB2, 0xA6, 0x9A, 0x90, 0x88, 
            0x81, 0x31, 0x80, 0x8E, 0x84, 0x89, 0x90, 0x97, 0x9F, 0xA7, 0xAF, 0xAE, 0xA7, 0xA0, 0x99, 0x93, 0x8E, 0x88, 0x82, 0x1B, 0x80, 0x84, 0x87, 0x94, 
            0xA0, 0xAC, 0xAD, 0x86, 0x9F, 0x96, 0x8F, 0x8A, 0x86, 0x82, 0x81, 0x03, 0x80, 0x8D, 0x81, 0x82, 0x84, 0x88, 0x8D, 0x92, 0x97, 0x9E, 0xA7, 0xB0, 
            0xA9, 0x9E, 0x93, 0x87, 0x47, 0x7F, 0x88, 0x85, 0x8F, 0x9A, 0xA5, 0xB0, 0xA8, 0x9C, 0x90, 0x84, 0x0E, 0x7F, 0x8B, 0x86, 0x8F, 0x9A, 0xA8, 0xAA, 
            0x96, 0x88, 0x9D, 0xAF, 0xA3, 0x95, 0x88, 0x0F, 0x7F, 0x87, 0x80, 0x86, 0x8E, 0x98, 0xA4, 0xB1, 0xA0, 0x8E, 0x31, 0x7F, 0x91, 0x85, 0x8C, 0x93, 
            0x9B, 0xA3, 0xAA, 0xB1, 0xAD, 0xA7, 0xA1, 0x9D, 0x98, 0x94, 0x8F, 0x8B, 0x87, 0x83, 0x80, 0x08, 0x7F, 0x87, 0x80, 0x87, 0x8F, 0x99, 0xA6, 0xAE, 
            0x9C, 0x8A, 0x15, 0x7F, 0x82, 0x81, 0x86, 0x8A, 0x02, 0x8C, 0x84, 0x8A, 0x89, 0x87, 0x85, 0x84, 0x01, 0x83, 0x81, 0x82, 0x80, 0x2C, 0x7F, 0x90, 
            0x84, 0x8B, 0x92, 0x98, 0x9E, 0xA4, 0xA9, 0xAE, 0xB1, 0xAC, 0xA7, 0xA1, 0x9B, 0x95, 0x8F, 0x88, 0x81, 0x20, 0x7F, 0x8B, 0x82, 0x87, 0x8D, 0x93, 
            0x9A, 0xA1, 0xA9, 0xB1, 0xAA, 0x9F, 0x92, 0x84, 0x11, 0x7F, 0x8B, 0x83, 0x8D, 0x98, 0xA3, 0xAE, 0xAB, 0xA0, 0x98, 0x91, 0x89, 0x84, 0x80, 0x2F, 
            0x7F, 0x8F, 0x83, 0x87, 0x8D, 0x94, 0x9B, 0xA2, 0xAA, 0xB2, 0xAB, 0xA4, 0x9D, 0x97, 0x92, 0x8C, 0x86, 0x80, 0x19, 0x7F, 0x85, 0x82, 0x8D, 0x99, 
            0xA4, 0xB0, 0xA9, 0x85, 0x9E, 0x96, 0x91, 0x8D, 0x89, 0x87, 0x01, 0x86, 0x02, 0x87, 0x8C, 0x88, 0x8A, 0x8E, 0x92, 0x96, 0x9B, 0xA1, 0xA9, 0xB1, 
            0xA7, 0x9D, 0x93, 0x87, 0x48, 0x7E, 0x88, 0x84, 0x8F, 0x9A, 0xA5, 0xB0, 0xA7, 0x99, 0x8D, 0x83, 0x0D, 0x7E, 0x85, 0x84, 0x8D, 0x97, 0xA5, 0xAD, 
            0x9B, 0x01, 0x88, 0x85, 0x9B, 0xAC, 0xA5, 0x99, 0x8D, 0x84, 0x0C, 0x7E, 0x89, 0x80, 0x85, 0x8A, 0x91, 0x98, 0xA2, 0xAE, 0xA6, 0x95, 0x86, 0x30, 
            0x7E, 0x91, 0x80, 0x87, 0x8E, 0x95, 0x9D, 0xA5, 0xAD, 0xAE, 0xA8, 0xA3, 0x9E, 0x99, 0x94, 0x90, 0x8C, 0x88, 0x84, 0x80, 0x0A, 0x7E, 0x86, 0x83, 
            0x8C, 0x96, 0xA5, 0xAC, 0x99, 0x87, 0x14, 0x7E, 0x8B, 0x84, 0x8B, 0x90, 0x93, 0x94, 0x95, 0x94, 0x92, 0x91, 0x90, 0x8E, 0x8D, 0x01, 0x8C, 0x84, 
            0x8B, 0x8A, 0x87, 0x84, 0x80, 0x2A, 0x7E, 0x8F, 0x84, 0x8C, 0x93, 0x99, 0x9F, 0xA5, 0xAA, 0xB0, 0xAD, 0xA8, 0xA2, 0x9C, 0x96, 0x90, 0x89, 0x83, 
            0x1D, 0x7E, 0x8D, 0x7F, 0x83, 0x88, 0x8D, 0x93, 0x99, 0xA0, 0xA7, 0xAF, 0xAC, 0xA4, 0x9A, 0x8F, 0x82, 0x12, 0x7E, 0x8E, 0x83, 0x8C, 0x96, 0x9F, 
            0xA8, 0xB1, 0xA8, 0xA0, 0x99, 0x94, 0x91, 0x8C, 0x88, 0x86, 0x82, 0x2B, 0x7E, 0x90, 0x7F, 0x83, 0x87, 0x8D, 0x93, 0x9A, 0xA1, 0xA7, 0xAE, 0xAD, 
            0xA7, 0xA0, 0x9B, 0x95, 0x8F, 0x89, 0x82, 0x19, 0x7E, 0x85, 0x87, 0x93, 0x9E, 0xA9, 0xAF, 0xA6, 0x87, 0x9E, 0x98, 0x94, 0x90, 0x8E, 0x8D, 0x8C, 
            0x8D, 0x01, 0x8E, 0x8C, 0x8F, 0x90, 0x93, 0x97, 0x9B, 0x9F, 0xA4, 0xAA, 0xAE, 0xA6, 0x9D, 0x93, 0x88, 0x49, 0x7D, 0x88, 0x84, 0x8E, 0x99, 0xA4, 
            0xB0, 0xA5, 0x98, 0x8D, 0x82, 0x0C, 0x7D, 0x91, 0x84, 0x8E, 0x9A, 0xA5, 0xAE, 0x9D, 0x8B, 0x7D, 0x85, 0x98, 0xA8, 0xA9, 0x9D, 0x92, 0x8C, 0x87, 
            0x82, 0x7E, 0x06, 0x7D, 0x8C, 0x7F, 0x82, 0x85, 0x89, 0x8F, 0x95, 0x9B, 0xA3, 0xAD, 0xA8, 0x9B, 0x8D, 0x7E, 0x30, 0x7D, 0x91, 0x80, 0x87, 0x8F, 
            0x96, 0x9E, 0xA6, 0xAD, 0xAC, 0xA6, 0xA0, 0x9B, 0x96, 0x92, 0x8E, 0x8B, 0x87, 0x83, 0x7F, 0x0A, 0x7D, 0x86, 0x81, 0x8B, 0x97, 0xA8, 0xA7, 0x94, 
            0x82, 0x13, 0x7D, 0x84, 0x86, 0x8D, 0x92, 0x97, 0x9A, 0x01, 0x9C, 0x85, 0x9B, 0x99, 0x98, 0x97, 0x96, 0x95, 0x01, 0x94, 0x86, 0x93, 0x92, 0x91, 
            0x8E, 0x8A, 0x86, 0x80, 0x28, 0x7D, 0x90, 0x7E, 0x87, 0x8E, 0x95, 0x9C, 0xA2, 0xA8, 0xAE, 0xAD, 0xA8, 0xA2, 0x9C, 0x96, 0x90, 0x8A, 0x84, 0x7F, 
            0x1A, 0x7D, 0x8E, 0x80, 0x84, 0x89, 0x8E, 0x93, 0x9A, 0xA0, 0xA7, 0xAE, 0xAC, 0xA4, 0x9C, 0x94, 0x8A, 0x7E, 0x13, 0x7D, 0x92, 0x81, 0x89, 0x91, 
            0x98, 0xA1, 0xA8, 0xAF, 0xAA, 0xA5, 0xA1, 0x9D, 0x9A, 0x97, 0x94, 0x90, 0x8C, 0x87, 0x83, 0x80, 0x26, 0x7D, 0x91, 0x7F, 0x82, 0x86, 0x8A, 0x8F, 
            0x95, 0x9C, 0xA2, 0xA8, 0xAE, 0xAC, 0xA6, 0xA1, 0x9B, 0x95, 0x8F, 0x89, 0x82, 0x18, 0x7D, 0x86, 0x81, 0x8C, 0x97, 0xA1, 0xAA, 0xAE, 0xA5, 0x82, 
            0xA1, 0x9C, 0x98, 0x01, 0x95, 0x02, 0x94, 0x87, 0x95, 0x97, 0x98, 0x9A, 0x9D, 0x9F, 0xA3, 0xA7, 0x01, 0xAC, 0x84, 0xA4, 0x9C, 0x93, 0x8A, 0x7F, 
            0x49, 0x7C, 0x88, 0x85, 0x8E, 0x98, 0xA3, 0xAF, 0xA4, 0x99, 0x8D, 0x82, 0x0A, 0x7C, 0x87, 0x7E, 0x86, 0x90, 0x9B, 0xA8, 0xAA, 0x9B, 0x8B, 0x01, 
            0x7C, 0x8B, 0x80, 0x92, 0xA1, 0xAF, 0xA4, 0x9B, 0x95, 0x91, 0x8C, 0x87, 0x86, 0x84, 0x02, 0x82, 0x8D, 0x84, 0x87, 0x89, 0x8C, 0x8F, 0x93, 0x98, 
            0x9E, 0xA6, 0xAE, 0xA6, 0x9C, 0x90, 0x83, 0x31, 0x7C, 0x91, 0x80, 0x87, 0x8E, 0x95, 0x9D, 0xA5, 0xAD, 0xAB, 0xA4, 0x9F, 0x9A, 0x95, 0x91, 0x8E, 
            0x8A, 0x86, 0x82, 0x7D, 0x0A, 0x7C, 0x85, 0x7F, 0x8B, 0x9A, 0xAB, 0xA1, 0x8E, 0x12, 0x7C, 0x8C, 0x7E, 0x86, 0x8D, 0x93, 0x98, 0x9D, 0xA0, 0xA1, 
            0xA2, 0xA1, 0x9F, 0x9E, 0x9D, 0x01, 0x9C, 0x03, 0x9B, 0x87, 0x9A, 0x98, 0x95, 0x91, 0x8D, 0x88, 0x82, 0x7D, 0x26, 0x7C, 0x8F, 0x82, 0x8B, 0x93, 
            0x9A, 0xA1, 0xA7, 0xAD, 0xAC, 0xA7, 0xA1, 0x9B, 0x96, 0x90, 0x8A, 0x84, 0x7F, 0x18, 0x7C, 0x8E, 0x80, 0x84, 0x89, 0x8F, 0x94, 0x9A, 0xA1, 0xA7, 
            0xAE, 0xAA, 0xA2, 0x9B, 0x94, 0x8C, 0x83, 0x15, 0x7C, 0x96, 0x7D, 0x84, 0x8A, 0x91, 0x97, 0x9D, 0xA2, 0xA8, 0xAB, 0xAE, 0xAD, 0xAB, 0xA8, 0xA5, 
            0xA1, 0x9C, 0x98, 0x94, 0x8F, 0x8B, 0x89, 0x87, 0x86, 0x02, 0x85, 0x01, 0x86, 0x01, 0x87, 0x80, 0x88, 0x04, 0x89, 0x86, 0x88, 0x87, 0x86, 0x84, 
            0x82, 0x80, 0x7E, 0x0A, 0x7C, 0x95, 0x7D, 0x7E, 0x7F, 0x81, 0x84, 0x87, 0x8A, 0x8E, 0x93, 0x98, 0x9E, 0xA3, 0xA9, 0xAE, 0xAB, 0xA5, 0x9F, 0x99, 
            0x93, 0x8D, 0x87, 0x80, 0x18, 0x7C, 0x86, 0x85, 0x8E, 0x97, 0xA0, 0xA9, 0xAE, 0xA7, 0x83, 0xA7, 0xA2, 0x9F, 0x9D, 0x02, 0x9C, 0x8E, 0x9D, 0x9E, 
            0x9F, 0xA1, 0xA4, 0xA6, 0xA8, 0xAB, 0xAD, 0xA9, 0xA4, 0x9E, 0x95, 0x8C, 0x82, 0x0A, 0x7B, 0x80, 0x7E, 0x01, 0x80, 0x81, 0x7E, 0x7C, 0x39, 0x7B, 
            0x89, 0x7D, 0x86, 0x8E, 0x98, 0xA3, 0xAE, 0xA5, 0x9A, 0x8E, 0x82, 0x09, 0x7B, 0x87, 0x7F, 0x88, 0x93, 0x9E, 0xAB, 0xA4, 0x97, 0x88, 0x02, 0x7B, 
            0x8B, 0x81, 0x8F, 0x9C, 0xA8, 0xAD, 0xA5, 0x9F, 0x9A, 0x95, 0x92, 0x8F, 0x8D, 0x02, 0x8C, 0x8C, 0x8D, 0x8F, 0x91, 0x94, 0x98, 0x9C, 0xA1, 0xA8, 
            0xAD, 0xA5, 0x9B, 0x91, 0x85, 0x32, 0x7B, 0x85, 0x7F, 0x86, 0x8D, 0x94, 0x9B, 0xA3, 0x01, 0xAB, 0x89, 0xA5, 0x9F, 0x9A, 0x95, 0x91, 0x8E, 0x89, 
            0x85, 0x80, 0x7C, 0x0A, 0x7B, 0x85, 0x80, 0x8E, 0x9D, 0xAD, 0x9A, 0x87, 0x11, 0x7B, 0x8C, 0x7D, 0x86, 0x8D, 0x93, 0x98, 0x9C, 0xA0, 0xA3, 0xA4, 
            0xA5, 0xA4, 0xA3, 0xA2, 0x02, 0xA1, 0x01, 0xA2, 0x02, 0xA3, 0x88, 0xA2, 0xA0, 0x9D, 0x99, 0x95, 0x90, 0x8C, 0x86, 0x80, 0x24, 0x7B, 0x90, 0x7F, 
            0x88, 0x91, 0x99, 0xA0, 0xA6, 0xAC, 0xAB, 0xA5, 0xA0, 0x9A, 0x95, 0x8F, 0x8A, 0x84, 0x80, 0x7D, 0x15, 0x7B, 0x8F, 0x7F, 0x83, 0x89, 0x8F, 0x95, 
            0x9B, 0xA1, 0xA8, 0xAE, 0xA7, 0xA0, 0x99, 0x92, 0x8B, 0x83, 0x7C, 0x18, 0x7B, 0x94, 0x81, 0x86, 0x8B, 0x8F, 0x94, 0x98, 0x9A, 0x9D, 0x9E, 0xA1, 
            0xA4, 0xA7, 0xAA, 0xAE, 0xAA, 0xA5, 0xA1, 0x9D, 0x9A, 0x97, 0x95, 0x03, 0x94, 0x01, 0x95, 0x01, 0x96, 0x80, 0x97, 0x01, 0x98, 0x8C, 0x99, 0x98, 
            0x97, 0x96, 0x94, 0x91, 0x8F, 0x8C, 0x89, 0x86, 0x84, 0x83, 0x81, 0x01, 0x80, 0x01, 0x7F, 0x8E, 0x80, 0x81, 0x82, 0x83, 0x84, 0x86, 0x88, 0x8A, 
            0x8D, 0x90, 0x94, 0x98, 0x9D, 0xA2, 0xA7, 0x01, 0xAC, 0x86, 0xA6, 0xA1, 0x9B, 0x95, 0x8F, 0x89, 0x82, 0x19, 0x7B, 0x86, 0x84, 0x8C, 0x95, 0x9D, 
            0xA4, 0xAA, 0xAC, 0x85, 0xAB, 0xAC, 0xAA, 0xA8, 0xA6, 0xA5, 0x01, 0xA6, 0x01, 0xA8, 0x8B, 0xA9, 0xAB, 0xAD, 0xAB, 0xA8, 0xA4, 0xA0, 0x9C, 0x97, 
            0x90, 0x86, 0x7C, 0x09, 0x7B, 0x82, 0x81, 0x86, 0x89, 0x01, 0x8B, 0x87, 0x89, 0x87, 0x84, 0x82, 0x80, 0x7E, 0x7D, 0x7C, 0x32, 0x7B, 0x89, 0x7F, 
            0x87, 0x90, 0x9A, 0xA4, 0xAD, 0xA5, 0x99, 0x8D, 0x83, 0x07, 0x7B, 0x88, 0x7C, 0x82, 0x8B, 0x95, 0xA1, 0xAD, 0xA1, 0x94, 0x86, 0x02, 0x7B, 0x8D, 
            0x83, 0x92, 0x9F, 0xA9, 0xA8, 0x9F, 0x9A, 0x95, 0x91, 0x8F, 0x8E, 0x8D, 0x8F, 0x92, 0x02, 0x96, 0x84, 0x97, 0x99, 0x9C, 0x9F, 0xA4, 0x01, 0xAA, 
            0x85, 0xA2, 0x9A, 0x91, 0x8B, 0x84, 0x7C, 0x31, 0x7B, 0x85, 0x7F, 0x86, 0x8C, 0x93, 0x9A, 0xA2, 0x01, 0xAA, 0x88, 0xA4, 0x9F, 0x99, 0x95, 0x91, 
            0x8D, 0x88, 0x83, 0x7F, 0x0B, 0x7B, 0x85, 0x84, 0x91, 0xA2, 0xA6, 0x94, 0x7F, 0x10, 0x7B, 0x89, 0x7D, 0x85, 0x8C, 0x92, 0x97, 0x9B, 0x9E, 0xA1, 
            0xA4, 0xA5, 0x01, 0xA6, 0x80, 0xA5, 0x02, 0xA4, 0x84, 0xA5, 0xA6, 0xA7, 0xA9, 0xAA, 0x01, 0xAB, 0x89, 0xAA, 0xA8, 0xA5, 0xA1, 0x9E, 0x9A, 0x95, 
            0x8F, 0x89, 0x81, 0x22, 0x7B, 0x91, 0x7D, 0x87, 0x90, 0x99, 0xA0, 0xA6, 0xAD, 0xA9, 0xA3, 0x9E, 0x99, 0x94, 0x8F, 0x89, 0x85, 0x81, 0x7E, 0x7C, 
            0x12, 0x7B, 0x8E, 0x7E, 0x82, 0x88, 0x8E, 0x95, 0x9B, 0xA2, 0xA9, 0xAC, 0xA4, 0x9D, 0x96, 0x8F, 0x88, 0x81, 0x1D, 0x7B, 0x93, 0x7D, 0x81, 0x85, 
            0x87, 0x8A, 0x8C, 0x8D, 0x90, 0x93, 0x95, 0x99, 0x9C, 0x9F, 0xA3, 0xA8, 0xAD, 0xAB, 0xA8, 0xA6, 0xA5, 0x02, 0xA4, 0x01, 0xA5, 0x01, 0xA6, 0x81, 
            0xA7, 0xA8, 0x02, 0xA9, 0x8C, 0xA8, 0xA6, 0xA4, 0xA1, 0x9E, 0x9A, 0x97, 0x94, 0x91, 0x8E, 0x8C, 0x8A, 0x89, 0x03, 0x88, 0x94, 0x89, 0x8A, 0x8B, 
            0x8E, 0x90, 0x93, 0x95, 0x97, 0x9B, 0x9F, 0xA4, 0xA8, 0xAC, 0xAA, 0xA5, 0xA0, 0x9A, 0x94, 0x8E, 0x88, 0x82, 0x1A, 0x7B, 0x86, 0x7F, 0x87, 0x8E, 
            0x95, 0x9B, 0xA1, 0xA7, 0x85, 0x9D, 0xA0, 0xA2, 0xA4, 0xA6, 0xA7, 0x02, 0xA8, 0x01, 0xA7, 0x89, 0xA5, 0xA3, 0xA1, 0x9F, 0x9C, 0x98, 0x94, 0x90, 
            0x89, 0x81, 0x09, 0x7A, 0x84, 0x7E, 0x85, 0x8B, 0x8F, 0x91, 0x02, 0x93, 0x83, 0x91, 0x8F, 0x8D, 0x8C, 0x01, 0x8B, 0x01, 0x8A, 0x02, 0x89, 0x01, 
            0x88, 0x85, 0x87, 0x86, 0x84, 0x82, 0x7F, 0x7C, 0x25, 0x7A, 0x8A, 0x80, 0x89, 0x91, 0x9A, 0xA4, 0xAC, 0xA4, 0x99, 0x8F, 0x85, 0x7E, 0x05, 0x7A, 
            0x88, 0x7F, 0x86, 0x8E, 0x99, 0xA5, 0xA8, 0x9C, 0x8F, 0x82, 0x02, 0x7A, 0x88, 0x82, 0x90, 0x9D, 0xA9, 0xA6, 0x9D, 0x96, 0x91, 0x8C, 0x01, 0x89, 
            0x01, 0x88, 0x92, 0x8A, 0x8D, 0x90, 0x94, 0x98, 0x9C, 0xA0, 0xA3, 0xA6, 0xAB, 0xA9, 0xA6, 0xA2, 0x9D, 0x99, 0x93, 0x8C, 0x85, 0x7D, 0x30, 0x7A, 
            0x90, 0x7F, 0x85, 0x8C, 0x92, 0x99, 0xA1, 0xA8, 0xAB, 0xA5, 0x9F, 0x9A, 0x95, 0x91, 0x8C, 0x87, 0x83, 0x7E, 0x0A, 0x7A, 0x85, 0x7C, 0x87, 0x96, 
            0xA8, 0x9F, 0x8B, 0x10, 0x7A, 0x8A, 0x7E, 0x85, 0x8C, 0x92, 0x96, 0x99, 0x9C, 0x9E, 0xA0, 0xA2, 0xA4, 0x01, 0xA5, 0x01, 0xA6, 0x01, 0xA5, 0x92, 
            0xA7, 0xA9, 0xAB, 0xAC, 0xAA, 0xA9, 0xA8, 0xA7, 0xA9, 0xAB, 0xAC, 0xA9, 0xA6, 0xA2, 0x9D, 0x97, 0x90, 0x88, 0x7F, 0x20, 0x7A, 0x92, 0x7C, 0x86, 
            0x90, 0x99, 0xA0, 0xA7, 0xAD, 0xA7, 0xA2, 0x9D, 0x98, 0x93, 0x8E, 0x89, 0x85, 0x82, 0x7F, 0x7D, 0x7C, 0x04, 0x7B, 0x01, 0x7C, 0x06, 0x7D, 0x90, 
            0x7E, 0x80, 0x81, 0x84, 0x88, 0x8D, 0x93, 0x9A, 0xA1, 0xA8, 0xA9, 0xA2, 0x9B, 0x93, 0x8C, 0x85, 0x7F, 0x24, 0x7A, 0x8F, 0x7B, 0x7D, 0x7F, 0x81, 
            0x8A, 0x91, 0x97, 0x9C, 0x9F, 0xA1, 0xA3, 0xA5, 0xA7, 0xA8, 0xA9, 0xAB, 0x01, 0xAC, 0x85, 0xAB, 0xA9, 0xA7, 0xA5, 0xA4, 0xA3, 0x02, 0xA2, 0x8D, 
            0xA3, 0xA4, 0xA7, 0xA9, 0xAC, 0xAA, 0xA6, 0xA3, 0x9F, 0x9C, 0x99, 0x96, 0x94, 0x93, 0x03, 0x92, 0x92, 0x93, 0x94, 0x96, 0x98, 0x9B, 0x9D, 0xA0, 
            0xA3, 0xA7, 0xAC, 0xA9, 0xA5, 0xA1, 0x9C, 0x97, 0x92, 0x8D, 0x87, 0x80, 0x1C, 0x7A, 0x85, 0x7D, 0x83, 0x89, 0x8E, 0x94, 0x99, 0x87, 0x8C, 0x8F, 
            0x92, 0x95, 0x97, 0x98, 0x9A, 0x9B, 0x02, 0x9C, 0x89, 0x9B, 0x99, 0x97, 0x95, 0x93, 0x90, 0x8C, 0x87, 0x81, 0x7A, 0x09, 0x79, 0x87, 0x80, 0x87, 
            0x8D, 0x92, 0x95, 0x98, 0x99, 0x9A, 0x01, 0x99, 0x01, 0x98, 0x04, 0x97, 0x02, 0x96, 0x01, 0x95, 0x87, 0x94, 0x92, 0x90, 0x8D, 0x8A, 0x85, 0x80, 
            0x7A, 0x22, 0x79, 0x98, 0x81, 0x89, 0x91, 0x9A, 0xA3, 0xAB, 0xA3, 0x9A, 0x90, 0x87, 0x82, 0x7D, 0x7A, 0x79, 0x7A, 0x7E, 0x84, 0x8B, 0x93, 0x9D, 
            0xA9, 0xA2, 0x96, 0x8B, 0x7E, 0x02, 0x79, 0x89, 0x7F, 0x8D, 0x9A, 0xA7, 0xA6, 0x9D, 0x96, 0x8F, 0x89, 0x85, 0x01, 0x84, 0x01, 0x85, 0x93, 0x86, 
            0x88, 0x8B, 0x8F, 0x93, 0x96, 0x9A, 0x9F, 0xA3, 0xA6, 0xA9, 0xAB, 0xA8, 0xA4, 0xA0, 0x9A, 0x94, 0x8C, 0x85, 0x7D, 0x2F, 0x79, 0x91, 0x7E, 0x85, 
            0x8B, 0x92, 0x99, 0x9F, 0xA6, 0xAB, 0xA4, 0x9F, 0x9A, 0x96, 0x91, 0x8D, 0x88, 0x83, 0x7E, 0x7A, 0x09, 0x79, 0x85, 0x81, 0x8E, 0x9E, 0xA9, 0x95, 
            0x80, 0x0F, 0x79, 0x8C, 0x80, 0x87, 0x8D, 0x92, 0x96, 0x99, 0x9B, 0x9C, 0x9D, 0x9E, 0xA0, 0xA1, 0xA3, 0x01, 0xA4, 0x80, 0xA5, 0x01, 0xA6, 0x94, 
            0xA8, 0xAA, 0xAB, 0xA8, 0xA4, 0xA2, 0xA1, 0xA0, 0x9F, 0xA0, 0xA3, 0xA5, 0xA7, 0xAA, 0xA9, 0xA3, 0x9D, 0x95, 0x8D, 0x84, 0x7B, 0x1E, 0x79, 0x91, 
            0x7A, 0x85, 0x8F, 0x98, 0xA0, 0xA6, 0xAB, 0xA6, 0xA1, 0x9D, 0x98, 0x93, 0x8E, 0x8A, 0x87, 0x84, 0x82, 0x80, 0x03, 0x7F, 0x80, 0x80, 0x01, 0x81, 
            0x02, 0x82, 0x80, 0x83, 0x01, 0x84, 0x90, 0x85, 0x86, 0x87, 0x89, 0x8B, 0x8F, 0x93, 0x99, 0xA0, 0xA7, 0xA9, 0xA0, 0x98, 0x91, 0x8A, 0x83, 0x7C, 
            0x29, 0x79, 0x87, 0x82, 0x8B, 0x93, 0x9A, 0x9F, 0xA3, 0xA6, 0xA9, 0x01, 0xAB, 0x8B, 0xA9, 0xA8, 0xA6, 0xA4, 0xA2, 0xA0, 0x9E, 0x9C, 0x9B, 0x99, 
            0x98, 0x97, 0x01, 0x96, 0x87, 0x97, 0x98, 0x9A, 0x9D, 0xA0, 0xA3, 0xA6, 0xAA, 0x01, 0xAB, 0x86, 0xA8, 0xA4, 0xA2, 0xA0, 0x9E, 0x9D, 0x9C, 0x01, 
            0x9D, 0x90, 0x9E, 0xA0, 0xA1, 0xA4, 0xA7, 0xAA, 0xAB, 0xA8, 0xA4, 0xA0, 0x9C, 0x97, 0x93, 0x8E, 0x88, 0x83, 0x7C, 0x1F, 0x79, 0x83, 0x7B, 0x80, 
            0x84, 0x88, 0x88, 0x7A, 0x7D, 0x81, 0x84, 0x87, 0x8A, 0x8C, 0x8E, 0x90, 0x02, 0x91, 0x86, 0x90, 0x8E, 0x8C, 0x89, 0x86, 0x83, 0x7E, 0x0A, 0x78, 
            0x88, 0x79, 0x81, 0x88, 0x8F, 0x94, 0x97, 0x9A, 0x9D, 0x9E, 0x01, 0x9F, 0x04, 0xA0, 0x03, 0xA1, 0x80, 0xA2, 0x01, 0xA1, 0x88, 0xA0, 0x9E, 0x9C, 
            0x9A, 0x96, 0x92, 0x8C, 0x86, 0x7F, 0x20, 0x78, 0x8C, 0x7B, 0x82, 0x8A, 0x92, 0x9A, 0xA3, 0xAB, 0xA3, 0x9A, 0x93, 0x8D, 0x87, 0x82, 0x01, 0x7F, 
            0x89, 0x82, 0x89, 0x8F, 0x98, 0xA2, 0xA8, 0x9D, 0x91, 0x86, 0x7A, 0x02, 0x78, 0x8A, 0x7C, 0x89, 0x95, 0xA0, 0xAB, 0xA0, 0x97, 0x90, 0x8A, 0x85, 
            0x82, 0x01, 0x81, 0x01, 0x82, 0x94, 0x83, 0x85, 0x87, 0x8B, 0x8E, 0x91, 0x95, 0x99, 0x9D, 0xA0, 0xA3, 0xA6, 0xA9, 0xAA, 0xA6, 0xA0, 0x9A, 0x93, 
            0x8C, 0x85, 0x7E, 0x2D, 0x78, 0x93, 0x79, 0x7E, 0x84, 0x8B, 0x91, 0x98, 0x9F, 0xA5, 0xAB, 0xA4, 0x9F, 0x9A, 0x96, 0x91, 0x8C, 0x87, 0x82, 0x7F, 
            0x7B, 0x79, 0x07, 0x78, 0x85, 0x7E, 0x89, 0x98, 0xA6, 0x9D, 0x89, 0x0E, 0x78, 0x88, 0x7A, 0x82, 0x88, 0x8E, 0x93, 0x97, 0x99, 0x9B, 0x9C, 0x03, 
            0x9D, 0x95, 0x9E, 0xA0, 0xA1, 0xA2, 0xA3, 0xA5, 0xA6, 0xA8, 0xAA, 0xA9, 0xA5, 0xA1, 0x9E, 0x9C, 0x9A, 0x99, 0x98, 0x99, 0x9B, 0x9D, 0x9F, 0xA3, 
            0x01, 0xA8, 0x84, 0xA2, 0x9A, 0x92, 0x8A, 0x81, 0x1E, 0x78, 0x91, 0x83, 0x8D, 0x96, 0x9E, 0xA5, 0xAB, 0xA6, 0xA2, 0x9D, 0x98, 0x94, 0x90, 0x8C, 
            0x89, 0x86, 0x85, 0x84, 0x83, 0x01, 0x84, 0x01, 0x85, 0x82, 0x86, 0x87, 0x88, 0x01, 0x89, 0x91, 0x8B, 0x8C, 0x8D, 0x8E, 0x8F, 0x91, 0x94, 0x98, 
            0x9C, 0xA1, 0xA7, 0xA8, 0xA0, 0x97, 0x8F, 0x88, 0x80, 0x79, 0x2B, 0x78, 0x94, 0x80, 0x8A, 0x93, 0x9A, 0xA1, 0xA5, 0xA9, 0xAB, 0xA8, 0xA6, 0xA4, 
            0xA1, 0x9F, 0x9D, 0x9B, 0x99, 0x97, 0x95, 0x93, 0x92, 0x90, 0x01, 0x8F, 0xA2, 0x8E, 0x8F, 0x90, 0x91, 0x93, 0x95, 0x98, 0x9B, 0x9E, 0xA1, 0xA5, 
            0xA8, 0xAB, 0xA8, 0xA9, 0xAB, 0xA9, 0xA8, 0xA7, 0xA8, 0xA9, 0xAB, 0xA9, 0xA7, 0xA4, 0xA1, 0x9E, 0x9B, 0x98, 0x94, 0x90, 0x8C, 0x87, 0x82, 0x7D, 
            0x25, 0x78, 0x04, 0x77, 0x84, 0x7A, 0x7D, 0x80, 0x82, 0x83, 0x01, 0x84, 0x85, 0x83, 0x82, 0x80, 0x7E, 0x7C, 0x79, 0x0C, 0x77, 0x8C, 0x80, 0x87, 
            0x8E, 0x94, 0x99, 0x9C, 0x9E, 0xA0, 0xA2, 0xA3, 0xA4, 0xA5, 0xA6, 0x01, 0xA7, 0x81, 0xA8, 0xA9, 0x04, 0xAA, 0x8A, 0xA9, 0xA8, 0xA6, 0xA4, 0xA1, 
            0x9D, 0x98, 0x92, 0x8B, 0x84, 0x7C, 0x1E, 0x77, 0x96, 0x7E, 0x85, 0x8C, 0x94, 0x9C, 0xA4, 0xAA, 0xA3, 0x9C, 0x97, 0x91, 0x8C, 0x89, 0x87, 0x88, 
            0x8D, 0x95, 0x9C, 0xA6, 0xA3, 0x99, 0x8D, 0x82, 0x03, 0x77, 0x8C, 0x78, 0x84, 0x8F, 0x9A, 0xA4, 0xA6, 0x9C, 0x93, 0x8C, 0x86, 0x83, 0x80, 0x7F, 
            0x02, 0x80, 0x96, 0x82, 0x83, 0x84, 0x87, 0x8A, 0x8D, 0x90, 0x93, 0x97, 0x9A, 0x9D, 0xA0, 0xA3, 0xA6, 0xA9, 0xA7, 0xA1, 0x9A, 0x94, 0x8D, 0x87, 
            0x7F, 0x78, 0x2B, 0x77, 0x94, 0x79, 0x7F, 0x84, 0x8A, 0x91, 0x98, 0x9F, 0xA5, 0xAA, 0xA4, 0x9E, 0x99, 0x94, 0x90, 0x8B, 0x86, 0x83, 0x7F, 0x7C, 
            0x7A, 0x78, 0x03, 0x77, 0x88, 0x78, 0x7A, 0x7E, 0x87, 0x93, 0xA1, 0xA3, 0x8F, 0x79, 0x0D, 0x77, 0x87, 0x7A, 0x81, 0x88, 0x8E, 0x93, 0x96, 0x99, 
            0x9C, 0x03, 0x9D, 0x80, 0x9C, 0x01, 0x9B, 0x8E, 0x9C, 0x9D, 0x9F, 0xA1, 0xA2, 0xA5, 0xA7, 0xAA, 0xA7, 0xA4, 0x9F, 0x9B, 0x98, 0x95, 0x93, 0x02, 
            0x92, 0x84, 0x93, 0x95, 0x98, 0x9D, 0xA2, 0x01, 0xA7, 0x84, 0xA0, 0x98, 0x90, 0x87, 0x7E, 0x1C, 0x77, 0x8E, 0x7F, 0x8A, 0x93, 0x9B, 0xA2, 0xA9, 
            0xA7, 0xA2, 0x9E, 0x99, 0x96, 0x92, 0x8F, 0x8C, 0x8B, 0x04, 0x89, 0x95, 0x8A, 0x8B, 0x8C, 0x8E, 0x8F, 0x90, 0x92, 0x93, 0x95, 0x97, 0x99, 0x9B, 
            0x9F, 0xA2, 0xA5, 0xA9, 0xA6, 0x9F, 0x98, 0x8F, 0x87, 0x7F, 0x2E, 0x77, 0x95, 0x7C, 0x86, 0x8F, 0x97, 0x9E, 0xA4, 0xA9, 0xA8, 0xA5, 0xA3, 0xA0, 
            0x9E, 0x9B, 0x99, 0x96, 0x94, 0x92, 0x90, 0x8E, 0x8C, 0x8B, 0x8A, 0x02, 0x89, 0x9E, 0x8A, 0x8B, 0x8C, 0x8E, 0x90, 0x93, 0x95, 0x98, 0x9B, 0x9E, 
            0xA1, 0xA5, 0xA7, 0xAA, 0xA8, 0xA7, 0xA5, 0xA3, 0xA2, 0xA0, 0x9E, 0x9C, 0x9A, 0x97, 0x93, 0x90, 0x8C, 0x88, 0x83, 0x7E, 0x79, 0x27, 0x77, 0x1E, 
            0x76, 0x92, 0x7C, 0x85, 0x8C, 0x93, 0x98, 0x9C, 0x9F, 0xA2, 0xA3, 0xA5, 0xA7, 0xA8, 0xA9, 0xA8, 0xA7, 0xA6, 0xA5, 0xA4, 0xA3, 0x03, 0xA2, 0x81, 
            0xA4, 0xA6, 0x01, 0xA8, 0x86, 0xA5, 0xA1, 0x9C, 0x96, 0x8F, 0x87, 0x7F, 0x1C, 0x76, 0x8C, 0x7B, 0x81, 0x88, 0x8F, 0x96, 0x9D, 0xA3, 0xA9, 0xA4, 
            0x9F, 0x9A, 0x95, 0x92, 0x01, 0x91, 0x87, 0x94, 0x99, 0xA0, 0xA9, 0x9E, 0x94, 0x8A, 0x7F, 0x04, 0x76, 0x8C, 0x7E, 0x89, 0x93, 0x9D, 0xA8, 0xA2, 
            0x98, 0x91, 0x8A, 0x85, 0x81, 0x7F, 0x7E, 0x01, 0x7F, 0x01, 0x80, 0x96, 0x82, 0x83, 0x84, 0x86, 0x88, 0x8B, 0x8E, 0x91, 0x93, 0x96, 0x98, 0x9C, 
            0x9F, 0xA2, 0xA5, 0xA9, 0xA3, 0x9D, 0x97, 0x91, 0x8A, 0x82, 0x7B, 0x2A, 0x76, 0x93, 0x79, 0x7F, 0x85, 0x8C, 0x92, 0x98, 0x9E, 0xA4, 0xA9, 0xA3, 
            0x9E, 0x98, 0x93, 0x8F, 0x8B, 0x87, 0x83, 0x80, 0x7D, 0x7C, 0x04, 0x7A, 0x87, 0x7C, 0x80, 0x87, 0x92, 0x9E, 0xA5, 0x94, 0x7F, 0x0D, 0x76, 0x88, 
            0x79, 0x81, 0x87, 0x8D, 0x92, 0x96, 0x99, 0x9B, 0x9C, 0x01, 0x9D, 0x80, 0x9C, 0x01, 0x9B, 0x80, 0x9A, 0x01, 0x99, 0x8E, 0x9A, 0x9B, 0x9D, 0x9F, 
            0xA2, 0xA6, 0xA9, 0xA5, 0xA1, 0x9E, 0x99, 0x95, 0x92, 0x8F, 0x8D, 0x02, 0x8C, 0x85, 0x8D, 0x8E, 0x91, 0x96, 0x9B, 0xA0, 0x01, 0xA6, 0x84, 0x9E, 
            0x96, 0x8D, 0x84, 0x7B, 0x1A, 0x76, 0x8E, 0x79, 0x84, 0x8E, 0x97, 0x9F, 0xA5, 0xA9, 0xA4, 0xA0, 0x9C, 0x98, 0x95, 0x93, 0x91, 0x90, 0x03, 0x8F, 
            0x95, 0x90, 0x91, 0x92, 0x94, 0x95, 0x97, 0x9A, 0x9C, 0x9E, 0xA1, 0xA4, 0xA6, 0xA9, 0xA7, 0xA4, 0xA1, 0x9C, 0x95, 0x8E, 0x87, 0x7F, 0x77, 0x30, 
            0x76, 0x93, 0x7F, 0x89, 0x92, 0x99, 0x9F, 0xA4, 0xA9, 0xA5, 0xA2, 0x9E, 0x9A, 0x97, 0x95, 0x92, 0x8F, 0x8D, 0x8B, 0x89, 0x88, 0x86, 0x01, 0x85, 
            0x01, 0x84, 0xA0, 0x85, 0x86, 0x87, 0x89, 0x8B, 0x8D, 0x8F, 0x91, 0x93, 0x96, 0x99, 0x9C, 0x9F, 0xA1, 0xA4, 0xA5, 0xA7, 0xA8, 0xA9, 0xA8, 0xA7, 
            0xA5, 0xA3, 0xA0, 0x9D, 0x98, 0x94, 0x90, 0x8B, 0x86, 0x81, 0x7C, 0x78, 0x25, 0x76, 0x1F, 0x76, 0x92, 0x7E, 0x87, 0x8E, 0x95, 0x9A, 0x9E, 0xA2, 
            0xA4, 0xA7, 0xA8, 0xA7, 0xA5, 0xA3, 0xA2, 0xA1, 0xA0, 0x9F, 0x9E, 0x9D, 0x02, 0x9C, 0x8C, 0x9D, 0x9E, 0xA0, 0xA3, 0xA6, 0xA8, 0xA4, 0x9F, 0x99, 
            0x92, 0x89, 0x81, 0x77, 0x19, 0x76, 0x8C, 0x78, 0x7E, 0x85, 0x8B, 0x91, 0x97, 0x9C, 0xA1, 0xA6, 0xA7, 0xA2, 0x9E, 0x9C, 0x01, 0x9A, 0x81, 0x9B, 
            0x9F, 0x01, 0xA4, 0x83, 0x9A, 0x8F, 0x86, 0x7B, 0x04, 0x76, 0x8C, 0x77, 0x82, 0x8C, 0x96, 0xA0, 0xA8, 0xA0, 0x97, 0x90, 0x8A, 0x85, 0x81, 0x7F, 
            0x01, 0x7E, 0x01, 0x7F, 0x99, 0x80, 0x81, 0x82, 0x83, 0x84, 0x85, 0x87, 0x89, 0x8B, 0x8D, 0x8F, 0x91, 0x93, 0x96, 0x99, 0x9C, 0xA0, 0xA4, 0xA7, 
            0xA1, 0x9C, 0x96, 0x8F, 0x87, 0x80, 0x79, 0x28, 0x76, 0x93, 0x7A, 0x81, 0x87, 0x8D, 0x93, 0x99, 0x9F, 0xA4, 0xA7, 0xA1, 0x9B, 0x96, 0x92, 0x8E, 
            0x8A, 0x86, 0x83, 0x81, 0x7F, 0x7E, 0x01, 0x7D, 0x89, 0x7C, 0x7D, 0x80, 0x84, 0x8A, 0x94, 0x9E, 0xA4, 0x94, 0x83, 0x0D, 0x76, 0x87, 0x78, 0x7F, 
            0x85, 0x8B, 0x90, 0x94, 0x98, 0x9A, 0x01, 0x9C, 0x01, 0x9D, 0x82, 0x9C, 0x9A, 0x99, 0x04, 0x98, 0x8D, 0x99, 0x9B, 0x9E, 0xA3, 0xA7, 0xA5, 0xA1, 
            0x9D, 0x99, 0x95, 0x91, 0x8D, 0x8A, 0x88, 0x02, 0x87, 0x8C, 0x88, 0x89, 0x8C, 0x90, 0x94, 0x99, 0x9F, 0xA6, 0xA4, 0x9B, 0x92, 0x89, 0x7E, 0x1A, 
            0x76, 0x8C, 0x7D, 0x87, 0x91, 0x99, 0x9F, 0xA5, 0xA7, 0xA3, 0xA0, 0x9D, 0x9A, 0x99, 0x97, 0x03, 0x96, 0x01, 0x97, 0x91, 0x99, 0x9B, 0x9D, 0xA0, 
            0xA2, 0xA5, 0xA8, 0xA6, 0xA3, 0xA1, 0x9E, 0x9C, 0x98, 0x94, 0x90, 0x8A, 0x84, 0x7E, 0x33, 0x76, 0x93, 0x7B, 0x80, 0x89, 0x91, 0x98, 0x9F, 0xA4, 
            0xA8, 0xA3, 0x9E, 0x9A, 0x96, 0x92, 0x8F, 0x8C, 0x8A, 0x88, 0x86, 0x85, 0x83, 0x04, 0x82, 0x9F, 0x83, 0x84, 0x85, 0x87, 0x88, 0x8A, 0x8C, 0x8E, 
            0x90, 0x93, 0x95, 0x98, 0x9A, 0x9C, 0x9E, 0x9F, 0xA1, 0xA2, 0xA3, 0xA4, 0xA6, 0xA8, 0xA6, 0xA3, 0x9E, 0x99, 0x95, 0x90, 0x8B, 0x85, 0x80, 0x7B, 
            0x25, 0x76, 0x1F, 0x75, 0x8E, 0x76, 0x7F, 0x87, 0x8E, 0x94, 0x9A, 0x9F, 0xA3, 0xA7, 0xA5, 0xA3, 0xA0, 0x9E, 0x9D, 0x9C, 0x01, 0x9B, 0x81, 0x9A, 
            0x99, 0x03, 0x98, 0x8C, 0x99, 0x9A, 0x9C, 0x9E, 0xA2, 0xA5, 0xA6, 0xA1, 0x9B, 0x94, 0x8B, 0x82, 0x78, 0x18, 0x75, 0x8E, 0x7B, 0x81, 0x86, 0x8C, 
            0x92, 0x97, 0x9B, 0x9E, 0xA2, 0xA5, 0xA8, 0xA5, 0xA3, 0xA2, 0xA3, 0x01, 0xA6, 0x84, 0xA0, 0x96, 0x8C, 0x82, 0x79, 0x05, 0x75, 0x8C, 0x7A, 0x84, 
            0x8D, 0x96, 0xA0, 0xA7, 0x9F, 0x97, 0x90, 0x8A, 0x86, 0x82, 0x80, 0x02, 0x7F, 0x02, 0x80, 0x80, 0x81, 0x01, 0x82, 0x96, 0x83, 0x84, 0x85, 0x86, 
            0x87, 0x88, 0x8A, 0x8B, 0x8D, 0x90, 0x93, 0x96, 0x9A, 0x9F, 0xA4, 0xA6, 0xA0, 0x9A, 0x94, 0x8D, 0x86, 0x7F, 0x78, 0x26, 0x75, 0x93, 0x7C, 0x83, 
            0x89, 0x90, 0x96, 0x9C, 0xA2, 0xA7, 0xA3, 0x9E, 0x99, 0x95, 0x91, 0x8D, 0x8A, 0x87, 0x85, 0x84, 0x82, 0x81, 0x01, 0x80, 0x88, 0x81, 0x85, 0x8A, 
            0x90, 0x97, 0xA0, 0xA2, 0x92, 0x82, 0x0D, 0x75, 0x90, 0x76, 0x7D, 0x84, 0x89, 0x8E, 0x92, 0x95, 0x98, 0x9A, 0x9C, 0x9D, 0x9C, 0x9B, 0x9A, 0x99, 
            0x97, 0x96, 0x02, 0x95, 0x8F, 0x96, 0x97, 0x99, 0x9B, 0x9F, 0xA4, 0xA7, 0xA2, 0x9D, 0x98, 0x94, 0x91, 0x8D, 0x89, 0x86, 0x85, 0x03, 0x84, 0x8B, 
            0x86, 0x88, 0x8C, 0x8F, 0x93, 0x99, 0xA0, 0xA7, 0x9F, 0x95, 0x8A, 0x7E, 0x1A, 0x75, 0x89, 0x7F, 0x89, 0x92, 0x9A, 0xA0, 0xA5, 0xA7, 0xA5, 0xA2, 
            0xA0, 0x01, 0x9E, 0x80, 0x9D, 0x02, 0x9E, 0x91, 0x9F, 0xA0, 0xA3, 0xA5, 0xA8, 0xA5, 0xA1, 0x9E, 0x9B, 0x99, 0x96, 0x93, 0x8F, 0x8B, 0x88, 0x84, 
            0x7F, 0x79, 0x33, 0x75, 0x95, 0x78, 0x7E, 0x83, 0x86, 0x89, 0x8A, 0x8E, 0x96, 0x9D, 0xA4, 0xA5, 0xA0, 0x9A, 0x95, 0x91, 0x8D, 0x8B, 0x88, 0x86, 
            0x85, 0x83, 0x82, 0x01, 0x81, 0x01, 0x80, 0x01, 0x81, 0x9F, 0x82, 0x83, 0x84, 0x86, 0x87, 0x89, 0x8A, 0x8C, 0x8E, 0x90, 0x92, 0x94, 0x96, 0x98, 
            0x99, 0x9A, 0x9C, 0x9E, 0x9F, 0xA1, 0xA4, 0xA7, 0xA6, 0xA1, 0x9D, 0x98, 0x93, 0x8D, 0x87, 0x82, 0x7C, 0x76, 0x24, 0x75, 0x20, 0x74, 0x8D, 0x76, 
            0x7F, 0x86, 0x8D, 0x93, 0x99, 0x9E, 0xA4, 0xA5, 0xA1, 0x9D, 0x9B, 0x99, 0x98, 0x01, 0x97, 0x01, 0x96, 0x01, 0x95, 0x80, 0x94, 0x01, 0x95, 0x8C, 
            0x96, 0x97, 0x99, 0x9B, 0x9F, 0xA2, 0xA7, 0xA2, 0x9C, 0x95, 0x8C, 0x82, 0x79, 0x16, 0x74, 0x95, 0x75, 0x7B, 0x81, 0x86, 0x8C, 0x90, 0x94, 0x97, 
            0x9A, 0x9C, 0x9E, 0xA1, 0xA2, 0xA3, 0xA2, 0xA1, 0x9E, 0x99, 0x91, 0x88, 0x7F, 0x76, 0x06, 0x74, 0x8D, 0x7A, 0x84, 0x8E, 0x97, 0xA0, 0xA6, 0x9F, 
            0x97, 0x91, 0x8B, 0x86, 0x84, 0x81, 0x80, 0x01, 0x7F, 0x01, 0x80, 0x02, 0x81, 0x01, 0x82, 0x01, 0x83, 0x02, 0x84, 0x91, 0x85, 0x86, 0x87, 0x8A, 
            0x8C, 0x8F, 0x92, 0x96, 0x9A, 0x9E, 0xA3, 0xA6, 0xA0, 0x99, 0x93, 0x8C, 0x84, 0x7C, 0x24, 0x74, 0x92, 0x77, 0x7E, 0x85, 0x8D, 0x93, 0x99, 0x9F, 
            0xA4, 0xA5, 0xA1, 0x9D, 0x98, 0x94, 0x91, 0x8E, 0x8A, 0x88, 0x87, 0x86, 0x02, 0x84, 0x88, 0x86, 0x8A, 0x8F, 0x95, 0x9C, 0xA4, 0x9C, 0x8E, 0x7F, 
            0x0E, 0x74, 0x89, 0x7B, 0x81, 0x87, 0x8C, 0x90, 0x93, 0x96, 0x98, 0x9A, 0x9B, 0x01, 0x9C, 0x85, 0x9A, 0x99, 0x97, 0x95, 0x93, 0x92, 0x01, 0x91, 
            0x90, 0x92, 0x93, 0x96, 0x99, 0x9D, 0xA2, 0xA7, 0xA2, 0x9E, 0x99, 0x94, 0x90, 0x8C, 0x89, 0x86, 0x84, 0x83, 0x02, 0x82, 0x8C, 0x83, 0x84, 0x86, 
            0x89, 0x8D, 0x91, 0x96, 0x9D, 0xA5, 0x9E, 0x93, 0x86, 0x7A, 0x19, 0x74, 0x89, 0x77, 0x81, 0x8B, 0x93, 0x99, 0x9D, 0xA0, 0xA3, 0xA6, 0xA7, 0x04, 
            0xA6, 0x8F, 0xA7, 0xA6, 0xA4, 0xA1, 0x9E, 0x9A, 0x97, 0x94, 0x91, 0x8E, 0x8A, 0x86, 0x83, 0x80, 0x7C, 0x78, 0x36, 0x74, 0x94, 0x7B, 0x83, 0x89, 
            0x8E, 0x91, 0x92, 0x93, 0x92, 0x94, 0x9C, 0xA4, 0xA2, 0x9B, 0x95, 0x90, 0x8C, 0x89, 0x87, 0x85, 0x84, 0x82, 0x01, 0x81, 0x03, 0x80, 0x01, 0x81, 
            0x9D, 0x82, 0x83, 0x84, 0x85, 0x86, 0x88, 0x89, 0x8A, 0x8C, 0x8E, 0x90, 0x92, 0x93, 0x95, 0x96, 0x97, 0x99, 0x9B, 0x9D, 0xA0, 0xA3, 0xA7, 0xA2, 
            0x9E, 0x99, 0x93, 0x8E, 0x88, 0x82, 0x7B, 0x25, 0x74, 0x21, 0x73, 0x8C, 0x75, 0x7D, 0x85, 0x8C, 0x93, 0x99, 0x9F, 0xA5, 0xA1, 0x9D, 0x99, 0x96, 
            0x94, 0x02, 0x93, 0x01, 0x92, 0x02, 0x91, 0x01, 0x92, 0x8C, 0x94, 0x95, 0x97, 0x9A, 0x9C, 0xA0, 0xA4, 0xA3, 0x9D, 0x95, 0x8C, 0x83, 0x79, 0x16, 
            0x73, 0x89, 0x79, 0x7F, 0x84, 0x88, 0x8B, 0x8E, 0x91, 0x93, 0x95, 0x97, 0x02, 0x98, 0x86, 0x97, 0x95, 0x92, 0x8C, 0x84, 0x7D, 0x74, 0x07, 0x73, 
            0x8E, 0x7A, 0x84, 0x8E, 0x96, 0x9E, 0xA6, 0xA0, 0x99, 0x93, 0x8D, 0x88, 0x85, 0x83, 0x82, 0x81, 0x01, 0x80, 0x01, 0x81, 0x09, 0x82, 0x92, 0x83, 
            0x84, 0x85, 0x87, 0x8A, 0x8C, 0x8F, 0x92, 0x96, 0x9A, 0x9E, 0xA2, 0xA4, 0x9E, 0x97, 0x90, 0x87, 0x7E, 0x74, 0x22, 0x73, 0x91, 0x79, 0x80, 0x88, 
            0x8F, 0x95, 0x9B, 0xA0, 0xA5, 0xA3, 0x9F, 0x9B, 0x98, 0x94, 0x91, 0x8E, 0x8D, 0x8B, 0x89, 0x01, 0x88, 0x84, 0x89, 0x8C, 0x90, 0x95, 0x9C, 0x01, 
            0xA2, 0x82, 0x96, 0x89, 0x7B, 0x0E, 0x73, 0x88, 0x78, 0x7F, 0x85, 0x89, 0x8D, 0x91, 0x94, 0x96, 0x98, 0x03, 0x9A, 0x85, 0x99, 0x98, 0x95, 0x92, 
            0x90, 0x8E, 0x02, 0x8D, 0x8F, 0x8F, 0x91, 0x95, 0x9A, 0x9F, 0xA4, 0xA3, 0x9E, 0x99, 0x95, 0x91, 0x8D, 0x8A, 0x87, 0x85, 0x84, 0x01, 0x82, 0x80, 
            0x81, 0x01, 0x82, 0x8A, 0x84, 0x85, 0x88, 0x8B, 0x90, 0x96, 0x9D, 0xA6, 0x9A, 0x8D, 0x80, 0x1A, 0x73, 0x86, 0x79, 0x83, 0x8B, 0x90, 0x95, 0x99, 
            0x9B, 0x03, 0x9D, 0x01, 0x9E, 0x8D, 0x9D, 0x9C, 0x9A, 0x98, 0x94, 0x91, 0x8E, 0x8A, 0x87, 0x83, 0x7F, 0x7B, 0x78, 0x74, 0x38, 0x73, 0x86, 0x74, 
            0x7E, 0x86, 0x8D, 0x93, 0x97, 0x99, 0x02, 0x9A, 0x8C, 0x99, 0x9D, 0xA6, 0x9E, 0x96, 0x90, 0x8C, 0x89, 0x86, 0x84, 0x83, 0x82, 0x81, 0x04, 0x80, 
            0x01, 0x81, 0x80, 0x82, 0x01, 0x83, 0x9A, 0x84, 0x85, 0x86, 0x87, 0x88, 0x89, 0x8A, 0x8C, 0x8E, 0x90, 0x91, 0x93, 0x94, 0x96, 0x98, 0x9A, 0x9E, 
            0xA2, 0xA5, 0xA1, 0x9C, 0x97, 0x92, 0x8D, 0x87, 0x80, 0x78, 0x25, 0x73, 0x22, 0x72, 0x85, 0x74, 0x7C, 0x84, 0x8C, 0x94, 0x9B, 0x01, 0xA2, 0x84, 
            0x9C, 0x97, 0x94, 0x92, 0x90, 0x03, 0x8F, 0x03, 0x8E, 0x87, 0x8F, 0x90, 0x92, 0x94, 0x96, 0x98, 0x9B, 0x9E, 0x01, 0xA3, 0x84, 0x9D, 0x95, 0x8D, 
            0x83, 0x79, 0x15, 0x72, 0x88, 0x75, 0x7A, 0x7E, 0x81, 0x84, 0x87, 0x8A, 0x8B, 0x8C, 0x03, 0x8D, 0x85, 0x8C, 0x89, 0x86, 0x80, 0x7A, 0x73, 0x08, 
            0x72, 0x84, 0x78, 0x82, 0x8B, 0x94, 0x9B, 0x01, 0xA2, 0x85, 0x9C, 0x96, 0x90, 0x8B, 0x87, 0x85, 0x01, 0x83, 0x05, 0x82, 0x04, 0x83, 0x03, 0x82, 
            0x01, 0x83, 0x8F, 0x85, 0x86, 0x88, 0x8A, 0x8C, 0x8F, 0x93, 0x97, 0x9A, 0x9F, 0xA5, 0x9F, 0x99, 0x91, 0x87, 0x7B, 0x21, 0x72, 0x91, 0x73, 0x7B, 
            0x82, 0x89, 0x90, 0x96, 0x9C, 0xA0, 0xA4, 0xA2, 0x9F, 0x9B, 0x98, 0x95, 0x92, 0x91, 0x90, 0x8D, 0x01, 0x8C, 0x83, 0x8E, 0x91, 0x96, 0x9C, 0x01, 
            0xA2, 0x83, 0x9A, 0x8F, 0x82, 0x76, 0x0E, 0x72, 0x8A, 0x74, 0x7B, 0x82, 0x87, 0x8B, 0x8E, 0x91, 0x93, 0x95, 0x97, 0x99, 0x01, 0x9A, 0x87, 0x99, 
            0x98, 0x96, 0x94, 0x91, 0x8E, 0x8C, 0x8A, 0x01, 0x89, 0x90, 0x8A, 0x8C, 0x90, 0x95, 0x9C, 0xA2, 0xA3, 0x9F, 0x9A, 0x96, 0x92, 0x8F, 0x8C, 0x88, 
            0x86, 0x84, 0x83, 0x03, 0x82, 0x8B, 0x83, 0x84, 0x86, 0x89, 0x8C, 0x90, 0x97, 0xA0, 0x9F, 0x92, 0x84, 0x77, 0x1A, 0x72, 0x85, 0x7A, 0x82, 0x87, 
            0x8C, 0x90, 0x92, 0x05, 0x93, 0x89, 0x92, 0x90, 0x8E, 0x8B, 0x88, 0x85, 0x81, 0x7D, 0x7A, 0x76, 0x17, 0x72, 0x83, 0x73, 0x75, 0x76, 0x77, 0x02, 
            0x78, 0x81, 0x77, 0x75, 0x1B, 0x72, 0x88, 0x73, 0x7C, 0x85, 0x8E, 0x94, 0x9A, 0x9E, 0xA0, 0xA1, 0x01, 0xA0, 0x8A, 0x9F, 0xA0, 0xA1, 0x98, 0x92, 
            0x8D, 0x89, 0x86, 0x84, 0x83, 0x82, 0x07, 0x81, 0x01, 0x82, 0x81, 0x83, 0x84, 0x01, 0x85, 0x80, 0x86, 0x01, 0x87, 0x94, 0x88, 0x89, 0x8B, 0x8D, 
            0x8F, 0x90, 0x91, 0x94, 0x96, 0x9A, 0x9E, 0xA2, 0xA3, 0x9F, 0x9A, 0x96, 0x90, 0x8B, 0x84, 0x7D, 0x76, 0x25, 0x72, 0x23, 0x71, 0x8C, 0x76, 0x7E, 
            0x86, 0x8E, 0x97, 0x9F, 0xA2, 0x9B, 0x96, 0x92, 0x8F, 0x8E, 0x8D, 0x02, 0x8C, 0x01, 0x8B, 0x01, 0x8C, 0x88, 0x8D, 0x8E, 0x8F, 0x91, 0x93, 0x95, 
            0x98, 0x9A, 0x9E, 0x01, 0xA2, 0x84, 0x9C, 0x95, 0x8C, 0x82, 0x77, 0x15, 0x71, 0x85, 0x72, 0x76, 0x79, 0x7C, 0x7F, 0x80, 0x01, 0x81, 0x03, 0x82, 
            0x83, 0x80, 0x7D, 0x7A, 0x76, 0x0A, 0x71, 0x8D, 0x74, 0x7E, 0x87, 0x90, 0x97, 0x9E, 0xA4, 0x9F, 0x99, 0x94, 0x8E, 0x8A, 0x87, 0x85, 0x02, 0x84, 
            0x04, 0x83, 0x02, 0x84, 0x06, 0x83, 0x90, 0x84, 0x85, 0x86, 0x88, 0x89, 0x8B, 0x8E, 0x92, 0x96, 0x9A, 0x9F, 0xA4, 0x9E, 0x96, 0x8D, 0x81, 0x75, 
            0x20, 0x71, 0x9B, 0x74, 0x7B, 0x83, 0x8A, 0x91, 0x96, 0x9A, 0x9E, 0xA1, 0xA4, 0xA0, 0x9D, 0x9A, 0x98, 0x96, 0x94, 0x92, 0x91, 0x92, 0x93, 0x96, 
            0x9B, 0xA1, 0xA2, 0x9C, 0x93, 0x89, 0x7D, 0x10, 0x71, 0x94, 0x76, 0x7D, 0x82, 0x87, 0x8B, 0x8E, 0x91, 0x93, 0x94, 0x96, 0x97, 0x98, 0x99, 0x98, 
            0x97, 0x94, 0x92, 0x8F, 0x8C, 0x8A, 0x87, 0x01, 0x86, 0x90, 0x87, 0x89, 0x8D, 0x92, 0x98, 0x9E, 0xA4, 0x9F, 0x9A, 0x96, 0x92, 0x8F, 0x8C, 0x89, 
            0x86, 0x85, 0x84, 0x04, 0x83, 0x8A, 0x84, 0x86, 0x88, 0x8A, 0x8D, 0x93, 0x9C, 0xA1, 0x95, 0x87, 0x7A, 0x1B, 0x71, 0x85, 0x78, 0x7E, 0x82, 0x85, 
            0x87, 0x88, 0x01, 0x89, 0x02, 0x88, 0x87, 0x87, 0x85, 0x83, 0x80, 0x7D, 0x79, 0x76, 0x72, 0x07, 0x71, 0x02, 0x72, 0x0A, 0x71, 0x88, 0x73, 0x76, 
            0x78, 0x7B, 0x7D, 0x7F, 0x80, 0x81, 0x82, 0x01, 0x83, 0x85, 0x82, 0x80, 0x7E, 0x7A, 0x76, 0x73, 0x08, 0x71, 0x02, 0x72, 0x0B, 0x71, 0x88, 0x72, 
            0x7B, 0x84, 0x8C, 0x94, 0x9A, 0x9F, 0xA3, 0xA4, 0x01, 0xA3, 0x89, 0xA4, 0xA3, 0xA4, 0x9B, 0x93, 0x8E, 0x89, 0x86, 0x85, 0x84, 0x01, 0x83, 0x06, 
            0x82, 0x02, 0x83, 0x80, 0x84, 0x01, 0x85, 0x01, 0x86, 0x01, 0x87, 0x93, 0x88, 0x89, 0x8B, 0x8C, 0x8E, 0x90, 0x93, 0x96, 0x9A, 0x9E, 0xA3, 0xA2, 
            0x9D, 0x99, 0x94, 0x8F, 0x88, 0x82, 0x7B, 0x73, 0x25, 0x71, 0x24, 0x71, 0x8B, 0x79, 0x82, 0x8A, 0x93, 0x9C, 0xA3, 0x9B, 0x95, 0x91, 0x8E, 0x8D, 
            0x8C, 0x01, 0x8B, 0x03, 0x8A, 0x01, 0x8B, 0x8F, 0x8C, 0x8D, 0x8F, 0x91, 0x93, 0x96, 0x98, 0x9A, 0x9E, 0xA2, 0xA1, 0x9B, 0x94, 0x8B, 0x80, 0x75, 
            0x17, 0x71, 0x82, 0x73, 0x74, 0x75, 0x01, 0x76, 0x02, 0x77, 0x82, 0x76, 0x74, 0x72, 0x0D, 0x71, 0x8C, 0x78, 0x81, 0x89, 0x91, 0x98, 0x9F, 0xA3, 
            0x9D, 0x98, 0x92, 0x8E, 0x8A, 0x88, 0x01, 0x86, 0x08, 0x85, 0x07, 0x84, 0x01, 0x85, 0x8D, 0x86, 0x87, 0x89, 0x8C, 0x8F, 0x92, 0x97, 0x9B, 0xA0, 
            0xA1, 0x99, 0x90, 0x85, 0x78, 0x20, 0x71, 0x88, 0x74, 0x7B, 0x82, 0x89, 0x8E, 0x92, 0x96, 0x9A, 0x9E, 0x01, 0xA2, 0x8F, 0x9F, 0x9D, 0x9B, 0x99, 
            0x97, 0x96, 0x97, 0x98, 0x9C, 0xA0, 0xA2, 0x9B, 0x95, 0x8D, 0x84, 0x79, 0x11, 0x71, 0x8B, 0x77, 0x7D, 0x82, 0x86, 0x8A, 0x8D, 0x8F, 0x91, 0x93, 
            0x94, 0x95, 0x96, 0x01, 0x97, 0x97, 0x96, 0x93, 0x91, 0x8E, 0x8B, 0x88, 0x86, 0x85, 0x84, 0x85, 0x88, 0x8C, 0x91, 0x97, 0x9D, 0xA2, 0xA0, 0x9B, 
            0x96, 0x92, 0x8E, 0x8B, 0x89, 0x87, 0x01, 0x85, 0x04, 0x84, 0x8A, 0x85, 0x86, 0x88, 0x8A, 0x8D, 0x92, 0x9A, 0xA2, 0x96, 0x89, 0x7D, 0x1C, 0x71, 
            0x83, 0x72, 0x76, 0x79, 0x7B, 0x01, 0x7C, 0x03, 0x7D, 0x84, 0x7C, 0x7A, 0x78, 0x75, 0x72, 0x05, 0x71, 0x84, 0x73, 0x75, 0x77, 0x78, 0x79, 0x03, 
            0x7A, 0x83, 0x79, 0x78, 0x77, 0x76, 0x01, 0x75, 0x8B, 0x76, 0x77, 0x79, 0x7B, 0x7E, 0x80, 0x82, 0x84, 0x86, 0x87, 0x89, 0x8A, 0x03, 0x8B, 0x8D, 
            0x8A, 0x88, 0x86, 0x83, 0x80, 0x7D, 0x7B, 0x7A, 0x79, 0x7A, 0x7C, 0x7D, 0x7F, 0x80, 0x02, 0x81, 0x86, 0x80, 0x7E, 0x7D, 0x7C, 0x7A, 0x77, 0x73, 
            0x04, 0x71, 0x94, 0x73, 0x7B, 0x84, 0x8C, 0x93, 0x9A, 0xA0, 0xA3, 0xA0, 0x9E, 0x9C, 0x9D, 0x9F, 0xA3, 0x9E, 0x95, 0x8F, 0x8B, 0x88, 0x86, 0x85, 
            0x0B, 0x84, 0x02, 0x85, 0x02, 0x86, 0x01, 0x87, 0x91, 0x88, 0x89, 0x8B, 0x8C, 0x8F, 0x92, 0x95, 0x99, 0x9E, 0xA2, 0xA1, 0x9D, 0x98, 0x93, 0x8D, 
            0x87, 0x80, 0x79, 0x26, 0x71, 0x24, 0x70, 0x8C, 0x75, 0x7E, 0x87, 0x90, 0x9A, 0xA2, 0x9C, 0x96, 0x92, 0x8F, 0x8D, 0x8C, 0x8B, 0x05, 0x8A, 0x01, 
            0x8B, 0x8F, 0x8D, 0x8E, 0x90, 0x92, 0x94, 0x96, 0x98, 0x9B, 0x9E, 0xA2, 0xA0, 0x9A, 0x92, 0x88, 0x7D, 0x72, 0x2F, 0x70, 0x8E, 0x71, 0x79, 0x82, 
            0x89, 0x91, 0x98, 0x9E, 0xA2, 0x9C, 0x97, 0x92, 0x8E, 0x8B, 0x89, 0x88, 0x04, 0x87, 0x0E, 0x86, 0x8C, 0x87, 0x89, 0x8B, 0x8E, 0x91, 0x95, 0x9A, 
            0x9F, 0xA1, 0x9A, 0x91, 0x86, 0x79, 0x20, 0x70, 0x8D, 0x73, 0x79, 0x7F, 0x84, 0x8A, 0x8E, 0x92, 0x97, 0x9B, 0x9E, 0xA1, 0xA2, 0xA0, 0x9D, 0x02, 
            0x9C, 0x88, 0x9E, 0xA2, 0x9F, 0x9B, 0x95, 0x90, 0x88, 0x7F, 0x75, 0x12, 0x70, 0x8B, 0x76, 0x7C, 0x81, 0x84, 0x87, 0x8A, 0x8C, 0x8E, 0x90, 0x91, 
            0x93, 0x94, 0x02, 0x95, 0x85, 0x93, 0x90, 0x8D, 0x8A, 0x87, 0x85, 0x01, 0x84, 0x8F, 0x85, 0x87, 0x8B, 0x90, 0x96, 0x9C, 0xA1, 0xA0, 0x9B, 0x97, 
            0x92, 0x8F, 0x8C, 0x8A, 0x88, 0x87, 0x06, 0x86, 0x8A, 0x87, 0x89, 0x8B, 0x8E, 0x92, 0x9A, 0xA2, 0x96, 0x8A, 0x7E, 0x72, 0x22, 0x70, 0x03, 0x71, 
            0x05, 0x70, 0x86, 0x73, 0x75, 0x77, 0x79, 0x7B, 0x7D, 0x7E, 0x01, 0x80, 0x80, 0x81, 0x03, 0x82, 0x80, 0x81, 0x01, 0x80, 0x80, 0x7F, 0x01, 0x80, 
            0x8D, 0x82, 0x83, 0x85, 0x87, 0x88, 0x8A, 0x8C, 0x8D, 0x8F, 0x90, 0x91, 0x92, 0x93, 0x94, 0x01, 0x93, 0x85, 0x91, 0x8F, 0x8D, 0x8A, 0x88, 0x87, 
            0x01, 0x86, 0x90, 0x87, 0x88, 0x8A, 0x8B, 0x8C, 0x8D, 0x8E, 0x8D, 0x8C, 0x8B, 0x89, 0x87, 0x85, 0x82, 0x7D, 0x79, 0x73, 0x02, 0x70, 0x89, 0x73, 
            0x7B, 0x84, 0x8D, 0x94, 0x9A, 0xA0, 0xA1, 0x9D, 0x9A, 0x01, 0x98, 0x87, 0x9A, 0x9D, 0xA0, 0x98, 0x92, 0x8D, 0x89, 0x87, 0x11, 0x86, 0x02, 0x87, 
            0x01, 0x88, 0x86, 0x8A, 0x8C, 0x8E, 0x92, 0x95, 0x98, 0x9C, 0x01, 0xA0, 0x86, 0x9B, 0x96, 0x91, 0x8B, 0x85, 0x7E, 0x76, 0x26, 0x70, 0x24, 0x6F, 
            0x8C, 0x71, 0x7A, 0x84, 0x8D, 0x97, 0x9F, 0x9D, 0x97, 0x93, 0x90, 0x8E, 0x8C, 0x8B, 0x05, 0x8A, 0x01, 0x8B, 0x8F, 0x8C, 0x8E, 0x8F, 0x91, 0x93, 
            0x95, 0x96, 0x98, 0x9B, 0x9E, 0xA1, 0x9F, 0x98, 0x8F, 0x85, 0x79, 0x30, 0x6F, 0x8E, 0x72, 0x7A, 0x81, 0x89, 0x90, 0x96, 0x9D, 0xA1, 0x9C, 0x97, 
            0x93, 0x8F, 0x8C, 0x8B, 0x8A, 0x01, 0x89, 0x04, 0x88, 0x0A, 0x87, 0x01, 0x88, 0x8B, 0x8A, 0x8B, 0x8E, 0x91, 0x95, 0x9A, 0x9E, 0xA0, 0x99, 0x90, 
            0x85, 0x79, 0x20, 0x6F, 0x98, 0x70, 0x76, 0x7B, 0x81, 0x86, 0x8A, 0x8F, 0x93, 0x96, 0x99, 0x9B, 0x9E, 0xA1, 0xA2, 0xA1, 0xA2, 0xA0, 0x9C, 0x99, 
            0x95, 0x8F, 0x8A, 0x83, 0x7A, 0x71, 0x13, 0x6F, 0xA5, 0x74, 0x7A, 0x7E, 0x82, 0x85, 0x87, 0x88, 0x8A, 0x8C, 0x8E, 0x90, 0x91, 0x92, 0x93, 0x92, 
            0x91, 0x8F, 0x8C, 0x89, 0x86, 0x84, 0x83, 0x82, 0x84, 0x86, 0x8A, 0x90, 0x96, 0x9C, 0xA1, 0x9F, 0x9B, 0x97, 0x93, 0x90, 0x8D, 0x8B, 0x89, 0x01, 
            0x88, 0x05, 0x87, 0x8A, 0x88, 0x8A, 0x8C, 0x8F, 0x93, 0x9A, 0xA1, 0x95, 0x8A, 0x7E, 0x72, 0x29, 0x6F, 0x8C, 0x71, 0x74, 0x77, 0x7A, 0x7C, 0x7E, 
            0x80, 0x82, 0x83, 0x85, 0x86, 0x87, 0x88, 0x01, 0x89, 0x01, 0x8A, 0x02, 0x89, 0x80, 0x88, 0x01, 0x89, 0x8B, 0x8A, 0x8B, 0x8C, 0x8E, 0x8F, 0x91, 
            0x93, 0x94, 0x96, 0x97, 0x98, 0x99, 0x03, 0x9A, 0x85, 0x99, 0x97, 0x96, 0x94, 0x93, 0x92, 0x01, 0x91, 0x84, 0x92, 0x93, 0x95, 0x96, 0x97, 0x01, 
            0x98, 0x8A, 0x97, 0x95, 0x93, 0x92, 0x91, 0x8E, 0x8B, 0x88, 0x83, 0x7D, 0x77, 0x01, 0x6F, 0x94, 0x72, 0x7C, 0x85, 0x8D, 0x95, 0x9B, 0xA0, 0x9F, 
            0x9B, 0x98, 0x95, 0x94, 0x96, 0x98, 0x9A, 0x9B, 0x94, 0x8F, 0x8B, 0x89, 0x88, 0x12, 0x87, 0x01, 0x88, 0x90, 0x89, 0x8A, 0x8C, 0x8F, 0x92, 0x95, 
            0x98, 0x9C, 0xA0, 0x9F, 0x9A, 0x94, 0x8E, 0x88, 0x82, 0x7A, 0x72, 0x26, 0x6F, 0x25, 0x6E, 0x8B, 0x77, 0x80, 0x8A, 0x93, 0x9C, 0x9F, 0x99, 0x94, 
            0x91, 0x8F, 0x8D, 0x8C, 0x01, 0x8B, 0x02, 0x8A, 0x01, 0x8B, 0x91, 0x8C, 0x8D, 0x8E, 0x8F, 0x90, 0x92, 0x94, 0x95, 0x97, 0x99, 0x9B, 0x9D, 0xA1, 
            0x9C, 0x95, 0x8C, 0x81, 0x75, 0x30, 0x6E, 0x8E, 0x71, 0x79, 0x80, 0x87, 0x8E, 0x95, 0x9B, 0xA1, 0x9C, 0x98, 0x94, 0x91, 0x8F, 0x8D, 0x8C, 0x01, 
            0x8B, 0x02, 0x8A, 0x0C, 0x89, 0x8C, 0x8A, 0x8B, 0x8D, 0x90, 0x92, 0x96, 0x9A, 0x9F, 0x9E, 0x97, 0x8E, 0x83, 0x78, 0x21, 0x6E, 0x8A, 0x72, 0x78, 
            0x7D, 0x82, 0x86, 0x8A, 0x8D, 0x90, 0x93, 0x95, 0x98, 0x02, 0x9A, 0x87, 0x98, 0x95, 0x92, 0x8F, 0x8A, 0x84, 0x7D, 0x76, 0x15, 0x6E, 0x8B, 0x72, 
            0x77, 0x7B, 0x7E, 0x81, 0x83, 0x85, 0x86, 0x87, 0x89, 0x8B, 0x8D, 0x02, 0x8F, 0x85, 0x8E, 0x8C, 0x8A, 0x87, 0x85, 0x83, 0x01, 0x82, 0x8F, 0x83, 
            0x86, 0x8B, 0x90, 0x96, 0x9B, 0xA0, 0x9F, 0x9B, 0x98, 0x95, 0x92, 0x8F, 0x8D, 0x8B, 0x8A, 0x06, 0x89, 0x8A, 0x8A, 0x8B, 0x8D, 0x90, 0x94, 0x9A, 
            0x9E, 0x94, 0x89, 0x7E, 0x72, 0x26, 0x6E, 0x91, 0x70, 0x73, 0x76, 0x78, 0x7A, 0x7D, 0x7F, 0x81, 0x83, 0x85, 0x87, 0x89, 0x8B, 0x8C, 0x8D, 0x8E, 
            0x8F, 0x90, 0x03, 0x91, 0x02, 0x90, 0x01, 0x91, 0x89, 0x92, 0x93, 0x94, 0x96, 0x97, 0x98, 0x9A, 0x9B, 0x9C, 0x9E, 0x01, 0x9F, 0x03, 0xA0, 0x83, 
            0x9F, 0x9D, 0x9C, 0x9B, 0x02, 0x9A, 0x83, 0x9B, 0x9C, 0x9D, 0x9E, 0x02, 0x9F, 0xA1, 0x9E, 0x9C, 0x9B, 0x9A, 0x98, 0x95, 0x93, 0x8F, 0x8A, 0x85, 
            0x7F, 0x77, 0x6F, 0x71, 0x7A, 0x84, 0x8D, 0x94, 0x9B, 0xA0, 0x9E, 0x9A, 0x97, 0x94, 0x92, 0x93, 0x94, 0x96, 0x99, 0x97, 0x92, 0x8E, 0x8B, 0x8A, 
            0x14, 0x89, 0x8F, 0x8A, 0x8B, 0x8D, 0x90, 0x93, 0x96, 0x99, 0x9D, 0xA1, 0x9C, 0x96, 0x91, 0x8B, 0x84, 0x7E, 0x76, 0x27, 0x6E, 0x25, 0x6D, 0x8B, 
            0x74, 0x7E, 0x87, 0x90, 0x99, 0xA0, 0x9B, 0x96, 0x92, 0x90, 0x8E, 0x8D, 0x01, 0x8C, 0x03, 0x8B, 0x01, 0x8C, 0x91, 0x8D, 0x8E, 0x8F, 0x90, 0x92, 
            0x93, 0x95, 0x96, 0x97, 0x99, 0x9B, 0x9D, 0x9F, 0x99, 0x91, 0x87, 0x7B, 0x70, 0x30, 0x6D, 0x86, 0x6F, 0x76, 0x7D, 0x84, 0x8C, 0x92, 0x98, 0x01, 
            0x9E, 0x87, 0x9A, 0x97, 0x94, 0x92, 0x90, 0x8F, 0x8E, 0x8D, 0x01, 0x8C, 0x01, 0x8B, 0x08, 0x8A, 0x01, 0x8B, 0x8C, 0x8C, 0x8E, 0x90, 0x92, 0x95, 
            0x98, 0x9C, 0x9F, 0x99, 0x93, 0x8B, 0x81, 0x76, 0x21, 0x6D, 0x8A, 0x6F, 0x74, 0x79, 0x7D, 0x81, 0x84, 0x87, 0x89, 0x8C, 0x8E, 0x90, 0x01, 0x91, 
            0x87, 0x90, 0x8E, 0x8C, 0x88, 0x84, 0x7F, 0x79, 0x72, 0x16, 0x6D, 0x8C, 0x6E, 0x72, 0x76, 0x79, 0x7B, 0x7D, 0x7F, 0x80, 0x82, 0x83, 0x85, 0x86, 
            0x88, 0x02, 0x8A, 0x95, 0x89, 0x87, 0x85, 0x83, 0x81, 0x80, 0x81, 0x83, 0x86, 0x8A, 0x8F, 0x95, 0x99, 0x9E, 0x9F, 0x9C, 0x99, 0x96, 0x93, 0x91, 
            0x8F, 0x8D, 0x01, 0x8C, 0x80, 0x8B, 0x04, 0x8A, 0x84, 0x8B, 0x8C, 0x8F, 0x92, 0x96, 0x01, 0x9C, 0x83, 0x92, 0x87, 0x7C, 0x71, 0x20, 0x6D, 0x97, 
            0x6E, 0x70, 0x72, 0x74, 0x75, 0x76, 0x78, 0x7A, 0x7C, 0x7E, 0x81, 0x83, 0x84, 0x86, 0x88, 0x8A, 0x8D, 0x8F, 0x90, 0x92, 0x93, 0x94, 0x95, 0x96, 
            0x03, 0x97, 0x02, 0x96, 0x01, 0x97, 0x8B, 0x98, 0x99, 0x9A, 0x9B, 0x9C, 0x9E, 0x9F, 0xA0, 0x9F, 0x9E, 0x9D, 0x9C, 0x03, 0x9B, 0x81, 0x9C, 0x9D, 
            0x01, 0x9E, 0x02, 0x9F, 0x81, 0x9E, 0x9D, 0x01, 0x9C, 0x01, 0x9B, 0x82, 0x9C, 0x9D, 0x9E, 0x01, 0x9F, 0x93, 0x9D, 0x9B, 0x98, 0x95, 0x90, 0x8A, 
            0x84, 0x7E, 0x76, 0x6F, 0x79, 0x82, 0x8B, 0x93, 0x99, 0x9F, 0x9D, 0x99, 0x96, 0x93, 0x01, 0x91, 0x88, 0x92, 0x93, 0x95, 0x99, 0x95, 0x91, 0x8D, 
            0x8C, 0x8B, 0x12, 0x8A, 0x90, 0x8B, 0x8C, 0x8D, 0x8F, 0x92, 0x94, 0x97, 0x9B, 0xA0, 0x9C, 0x97, 0x91, 0x8B, 0x85, 0x7F, 0x79, 0x71, 0x27, 0x6D, 
            0x25, 0x6C, 0x8B, 0x73, 0x7C, 0x85, 0x8E, 0x96, 0x9C, 0x9D, 0x98, 0x94, 0x91, 0x8F, 0x8E, 0x01, 0x8D, 0x03, 0x8C, 0x01, 0x8D, 0x80, 0x8E, 0x01, 
            0x8F, 0x8E, 0x90, 0x92, 0x93, 0x94, 0x95, 0x97, 0x98, 0x99, 0x9B, 0x9E, 0x9C, 0x95, 0x8B, 0x81, 0x76, 0x32, 0x6C, 0x86, 0x71, 0x78, 0x80, 0x87, 
            0x8E, 0x94, 0x99, 0x01, 0x9E, 0x88, 0x9B, 0x98, 0x96, 0x94, 0x93, 0x91, 0x90, 0x8F, 0x8E, 0x01, 0x8D, 0x07, 0x8C, 0x8E, 0x8D, 0x8E, 0x8F, 0x91, 
            0x93, 0x96, 0x99, 0x9C, 0x9F, 0x9A, 0x95, 0x8E, 0x87, 0x7E, 0x73, 0x22, 0x6C, 0x92, 0x70, 0x74, 0x77, 0x7A, 0x7D, 0x7F, 0x81, 0x84, 0x86, 0x87, 
            0x88, 0x87, 0x86, 0x85, 0x82, 0x7E, 0x79, 0x74, 0x6E, 0x19, 0x6C, 0x8A, 0x6F, 0x72, 0x74, 0x76, 0x77, 0x78, 0x7A, 0x7C, 0x7E, 0x80, 0x81, 0x01, 
            0x83, 0x01, 0x84, 0x82, 0x83, 0x82, 0x81, 0x01, 0x80, 0x90, 0x81, 0x83, 0x86, 0x8A, 0x8F, 0x94, 0x98, 0x9C, 0x9F, 0x9C, 0x9A, 0x98, 0x95, 0x93, 
            0x91, 0x90, 0x8E, 0x01, 0x8D, 0x04, 0x8C, 0x8A, 0x8D, 0x8E, 0x91, 0x94, 0x99, 0x9F, 0x98, 0x8F, 0x85, 0x7A, 0x6F, 0x1E, 0x6C, 0x98, 0x6D, 0x72, 
            0x75, 0x77, 0x79, 0x7B, 0x7C, 0x7D, 0x7F, 0x80, 0x81, 0x84, 0x86, 0x88, 0x89, 0x8B, 0x8D, 0x8F, 0x91, 0x93, 0x95, 0x97, 0x98, 0x9A, 0x9B, 0x08, 
            0x9C, 0x01, 0x9D, 0x80, 0x9E, 0x01, 0x9F, 0x87, 0x9E, 0x9D, 0x9B, 0x9A, 0x99, 0x98, 0x97, 0x96, 0x04, 0x95, 0x01, 0x96, 0x04, 0x97, 0x01, 0x96, 
            0x01, 0x95, 0x01, 0x96, 0x92, 0x97, 0x98, 0x9A, 0x9B, 0x9D, 0x9F, 0x9D, 0x99, 0x95, 0x8F, 0x89, 0x82, 0x7B, 0x73, 0x77, 0x80, 0x89, 0x91, 0x97, 
            0x01, 0x9D, 0x83, 0x99, 0x95, 0x93, 0x91, 0x01, 0x90, 0x86, 0x91, 0x93, 0x97, 0x99, 0x94, 0x90, 0x8E, 0x14, 0x8C, 0x8E, 0x8D, 0x8F, 0x91, 0x94, 
            0x97, 0x9B, 0x9F, 0x9B, 0x97, 0x91, 0x8B, 0x86, 0x80, 0x79, 0x72, 0x28, 0x6C, 0x25, 0x6B, 0x8C, 0x72, 0x7B, 0x84, 0x8D, 0x93, 0x99, 0x9E, 0x99, 
            0x95, 0x93, 0x91, 0x90, 0x8F, 0x06, 0x8E, 0x01, 0x8F, 0x89, 0x90, 0x91, 0x92, 0x93, 0x94, 0x95, 0x96, 0x97, 0x98, 0x99, 0x01, 0x9C, 0x84, 0x96, 
            0x8E, 0x85, 0x7A, 0x6F, 0x33, 0x6B, 0x90, 0x72, 0x7A, 0x82, 0x89, 0x8F, 0x94, 0x98, 0x9B, 0x9E, 0x9C, 0x9A, 0x98, 0x96, 0x94, 0x93, 0x91, 0x90, 
            0x01, 0x8F, 0x05, 0x8E, 0x86, 0x8F, 0x90, 0x91, 0x93, 0x95, 0x98, 0x9A, 0x01, 0x9D, 0x86, 0x99, 0x95, 0x8F, 0x89, 0x83, 0x7A, 0x70, 0x23, 0x6B, 
            0x87, 0x6E, 0x71, 0x73, 0x75, 0x77, 0x79, 0x7B, 0x7D, 0x02, 0x7E, 0x84, 0x7D, 0x7A, 0x78, 0x74, 0x6F, 0x1E, 0x6B, 0x8A, 0x6C, 0x6E, 0x6F, 0x70, 
            0x72, 0x75, 0x77, 0x79, 0x7B, 0x7C, 0x7D, 0x04, 0x7E, 0x88, 0x7F, 0x81, 0x83, 0x87, 0x8B, 0x8F, 0x93, 0x97, 0x9B, 0x01, 0x9D, 0x88, 0x9B, 0x98, 
            0x96, 0x95, 0x93, 0x92, 0x91, 0x90, 0x8F, 0x04, 0x8E, 0x8A, 0x8F, 0x91, 0x93, 0x97, 0x9D, 0x9A, 0x93, 0x8A, 0x81, 0x77, 0x6C, 0x1D, 0x6B, 0x97, 
            0x6E, 0x73, 0x77, 0x7A, 0x7D, 0x7E, 0x80, 0x81, 0x82, 0x84, 0x85, 0x87, 0x89, 0x8B, 0x8D, 0x8E, 0x90, 0x92, 0x93, 0x95, 0x97, 0x99, 0x9B, 0x9C, 
            0x01, 0x9E, 0x80, 0x9D, 0x05, 0x9C, 0x80, 0x9D, 0x02, 0x9C, 0x81, 0x9B, 0x9A, 0x01, 0x99, 0x80, 0x97, 0x01, 0x96, 0x82, 0x95, 0x94, 0x93, 0x01, 
            0x92, 0x03, 0x91, 0x08, 0x92, 0x02, 0x91, 0x86, 0x92, 0x93, 0x95, 0x96, 0x97, 0x98, 0x9A, 0x01, 0x9D, 0x95, 0x98, 0x93, 0x8D, 0x85, 0x7E, 0x77, 
            0x75, 0x7E, 0x86, 0x8E, 0x95, 0x9B, 0x9D, 0x99, 0x95, 0x92, 0x91, 0x90, 0x8F, 0x90, 0x92, 0x94, 0x01, 0x98, 0x83, 0x93, 0x90, 0x8F, 0x8E, 0x10, 
            0x8D, 0x01, 0x8E, 0x8D, 0x8F, 0x91, 0x94, 0x97, 0x9A, 0x9E, 0x9A, 0x95, 0x90, 0x8A, 0x84, 0x7E, 0x78, 0x72, 0x29, 0x6B, 0x25, 0x6B, 0x8C, 0x73, 
            0x7B, 0x84, 0x8C, 0x92, 0x97, 0x9C, 0x9A, 0x97, 0x94, 0x92, 0x91, 0x90, 0x07, 0x8F, 0x01, 0x90, 0x81, 0x91, 0x92, 0x01, 0x93, 0x84, 0x94, 0x95, 
            0x96, 0x97, 0x99, 0x01, 0x9C, 0x84, 0x97, 0x90, 0x88, 0x7E, 0x73, 0x34, 0x6B, 0x90, 0x6C, 0x74, 0x7C, 0x83, 0x89, 0x8E, 0x92, 0x95, 0x98, 0x9B, 
            0x9D, 0x9C, 0x99, 0x97, 0x95, 0x94, 0x93, 0x01, 0x92, 0x03, 0x91, 0x01, 0x92, 0x83, 0x94, 0x95, 0x97, 0x99, 0x01, 0x9C, 0x88, 0x99, 0x96, 0x93, 
            0x8F, 0x8A, 0x84, 0x7E, 0x76, 0x6C, 0x25, 0x6B, 0x86, 0x6C, 0x6D, 0x6F, 0x71, 0x72, 0x73, 0x74, 0x01, 0x75, 0x82, 0x73, 0x71, 0x6E, 0x26, 0x6B, 
            0x9D, 0x6D, 0x70, 0x72, 0x74, 0x76, 0x77, 0x78, 0x79, 0x7A, 0x7C, 0x7D, 0x80, 0x83, 0x86, 0x8A, 0x8E, 0x92, 0x95, 0x98, 0x9B, 0x9D, 0x9B, 0x99, 
            0x98, 0x97, 0x96, 0x95, 0x93, 0x92, 0x91, 0x03, 0x90, 0x83, 0x91, 0x92, 0x94, 0x97, 0x01, 0x9B, 0x84, 0x95, 0x8E, 0x86, 0x7D, 0x72, 0x1E, 0x6B, 
            0x9A, 0x72, 0x77, 0x7B, 0x7D, 0x80, 0x82, 0x83, 0x85, 0x86, 0x88, 0x89, 0x8B, 0x8D, 0x8E, 0x90, 0x91, 0x93, 0x95, 0x96, 0x98, 0x9A, 0x9C, 0x9E, 
            0x9C, 0x9B, 0x9A, 0x99, 0x09, 0x98, 0x01, 0x97, 0x81, 0x96, 0x95, 0x01, 0x94, 0x81, 0x93, 0x92, 0x01, 0x91, 0x11, 0x90, 0x01, 0x91, 0x97, 0x92, 
            0x93, 0x94, 0x95, 0x97, 0x99, 0x9D, 0x9A, 0x95, 0x8F, 0x88, 0x81, 0x7A, 0x72, 0x7B, 0x84, 0x8B, 0x93, 0x99, 0x9D, 0x98, 0x95, 0x93, 0x91, 0x02, 
            0x90, 0x87, 0x91, 0x93, 0x96, 0x9A, 0x97, 0x93, 0x91, 0x90, 0x10, 0x8F, 0x01, 0x90, 0x8C, 0x92, 0x94, 0x97, 0x9B, 0x9C, 0x97, 0x93, 0x8D, 0x87, 
            0x81, 0x7B, 0x76, 0x70, 0x2A, 0x6B, 0x24, 0x6A, 0x86, 0x6D, 0x74, 0x7C, 0x84, 0x8B, 0x91, 0x95, 0x01, 0x9A, 0x83, 0x98, 0x95, 0x93, 0x92, 0x02, 
            0x91, 0x04, 0x90, 0x03, 0x91, 0x80, 0x92, 0x01, 0x93, 0x84, 0x94, 0x95, 0x96, 0x97, 0x98, 0x01, 0x9B, 0x85, 0x97, 0x91, 0x8A, 0x81, 0x77, 0x6D, 
            0x35, 0x6A, 0x8F, 0x6E, 0x75, 0x7C, 0x83, 0x88, 0x8C, 0x90, 0x93, 0x96, 0x98, 0x9B, 0x9C, 0x9A, 0x98, 0x97, 0x96, 0x04, 0x95, 0x8F, 0x96, 0x97, 
            0x98, 0x99, 0x9B, 0x9C, 0x99, 0x96, 0x93, 0x90, 0x8D, 0x8A, 0x85, 0x80, 0x79, 0x71, 0x2B, 0x6A, 0x80, 0x6B, 0x01, 0x6C, 0x80, 0x6B, 0x2C, 0x6A, 
            0x90, 0x6C, 0x6F, 0x71, 0x73, 0x75, 0x78, 0x7A, 0x7D, 0x7F, 0x83, 0x86, 0x8A, 0x8D, 0x91, 0x94, 0x97, 0x9A, 0x01, 0x9C, 0x86, 0x9B, 0x9A, 0x99, 
            0x98, 0x97, 0x96, 0x94, 0x01, 0x93, 0x80, 0x92, 0x01, 0x93, 0x8A, 0x94, 0x95, 0x97, 0x9B, 0x9A, 0x96, 0x90, 0x89, 0x80, 0x77, 0x6D, 0x1D, 0x6A, 
            0x94, 0x6D, 0x74, 0x7A, 0x7D, 0x80, 0x82, 0x84, 0x86, 0x87, 0x89, 0x8B, 0x8C, 0x8D, 0x8F, 0x90, 0x92, 0x93, 0x95, 0x97, 0x99, 0x9B, 0x01, 0x9C, 
            0x83, 0x9A, 0x99, 0x98, 0x97, 0x08, 0x96, 0x02, 0x95, 0x01, 0x94, 0x80, 0x93, 0x01, 0x92, 0x07, 0x91, 0x0C, 0x90, 0x02, 0x91, 0x80, 0x92, 0x01, 
            0x93, 0x94, 0x94, 0x96, 0x99, 0x9C, 0x9A, 0x95, 0x90, 0x8A, 0x83, 0x7B, 0x73, 0x78, 0x81, 0x89, 0x90, 0x97, 0x9C, 0x99, 0x96, 0x93, 0x92, 0x03, 
            0x91, 0x87, 0x92, 0x95, 0x98, 0x9A, 0x96, 0x94, 0x92, 0x91, 0x0D, 0x90, 0x01, 0x91, 0x8D, 0x92, 0x93, 0x95, 0x98, 0x9C, 0x99, 0x95, 0x90, 0x8B, 
            0x84, 0x7E, 0x78, 0x73, 0x6E, 0x2B, 0x6A, 0x24, 0x69, 0x8C, 0x6F, 0x76, 0x7E, 0x85, 0x8B, 0x8F, 0x94, 0x99, 0x9B, 0x98, 0x96, 0x94, 0x93, 0x0B, 
            0x92, 0x01, 0x93, 0x01, 0x94, 0x8B, 0x95, 0x96, 0x97, 0x98, 0x9B, 0x9A, 0x97, 0x92, 0x8B, 0x84, 0x7B, 0x71, 0x37, 0x69, 0x8A, 0x70, 0x76, 0x7D, 
            0x82, 0x87, 0x8B, 0x8E, 0x91, 0x94, 0x97, 0x99, 0x01, 0x9B, 0x01, 0x9A, 0x03, 0x99, 0x8F, 0x9A, 0x9B, 0x9C, 0x9B, 0x99, 0x96, 0x93, 0x91, 0x8E, 
            0x8B, 0x87, 0x84, 0x80, 0x7B, 0x74, 0x6C, 0x5E, 0x69, 0x8E, 0x6B, 0x6E, 0x71, 0x74, 0x77, 0x7B, 0x7E, 0x82, 0x86, 0x89, 0x8C, 0x8F, 0x92, 0x95, 
            0x97, 0x01, 0x98, 0x86, 0x9A, 0x9B, 0x9C, 0x9B, 0x99, 0x98, 0x97, 0x03, 0x96, 0x8A, 0x97, 0x98, 0x99, 0x9C, 0x99, 0x94, 0x8F, 0x8A, 0x82, 0x7A, 
            0x70, 0x1E, 0x69, 0x99, 0x6E, 0x75, 0x7B, 0x7F, 0x81, 0x83, 0x85, 0x87, 0x89, 0x8A, 0x8C, 0x8E, 0x8F, 0x90, 0x92, 0x94, 0x95, 0x97, 0x99, 0x9A, 
            0x9C, 0x9A, 0x99, 0x98, 0x97, 0x96, 0x01, 0x95, 0x09, 0x94, 0x02, 0x93, 0x1A, 0x92, 0x01, 0x93, 0x95, 0x94, 0x95, 0x97, 0x99, 0x9C, 0x99, 0x95, 
            0x90, 0x8A, 0x83, 0x7C, 0x74, 0x75, 0x7D, 0x86, 0x8D, 0x94, 0x99, 0x9A, 0x97, 0x94, 0x93, 0x03, 0x92, 0x87, 0x93, 0x95, 0x97, 0x9B, 0x9A, 0x97, 
            0x94, 0x93, 0x0D, 0x92, 0x01, 0x93, 0x8C, 0x95, 0x97, 0x99, 0x9B, 0x97, 0x92, 0x8D, 0x88, 0x82, 0x7C, 0x76, 0x70, 0x6B, 0x2C, 0x69, 0x23, 0x68, 
            0x8C, 0x6C, 0x72, 0x78, 0x7F, 0x85, 0x8A, 0x8F, 0x93, 0x98, 0x9B, 0x99, 0x97, 0x95, 0x01, 0x94, 0x0A, 0x93, 0x02, 0x94, 0x01, 0x95, 0x8B, 0x96, 
            0x97, 0x99, 0x9A, 0x99, 0x96, 0x92, 0x8D, 0x86, 0x7E, 0x75, 0x6C, 0x37, 0x68, 0x8C, 0x6B, 0x71, 0x78, 0x7D, 0x82, 0x86, 0x8A, 0x8D, 0x90, 0x92, 
            0x94, 0x96, 0x97, 0x01, 0x98, 0x03, 0x99, 0x8D, 0x98, 0x97, 0x95, 0x93, 0x90, 0x8E, 0x8B, 0x88, 0x85, 0x82, 0x7E, 0x7A, 0x75, 0x6F, 0x60, 0x68, 
            0x93, 0x69, 0x6D, 0x71, 0x75, 0x79, 0x7D, 0x81, 0x85, 0x88, 0x8B, 0x8E, 0x90, 0x91, 0x92, 0x94, 0x95, 0x96, 0x97, 0x98, 0x99, 0x01, 0x9B, 0x04, 
            0x9A, 0x8A, 0x9B, 0x9A, 0x98, 0x96, 0x92, 0x8E, 0x88, 0x83, 0x7B, 0x73, 0x6A, 0x1E, 0x68, 0x96, 0x6D, 0x74, 0x7A, 0x7E, 0x81, 0x83, 0x85, 0x87, 
            0x89, 0x8B, 0x8C, 0x8E, 0x90, 0x91, 0x93, 0x94, 0x96, 0x98, 0x99, 0x9B, 0x9A, 0x99, 0x97, 0x01, 0x96, 0x01, 0x95, 0x0C, 0x94, 0x07, 0x93, 0x05, 
            0x94, 0x0C, 0x93, 0x01, 0x94, 0x01, 0x95, 0x81, 0x97, 0x98, 0x01, 0x9A, 0x90, 0x96, 0x92, 0x8E, 0x89, 0x83, 0x7C, 0x75, 0x70, 0x79, 0x82, 0x89, 
            0x90, 0x96, 0x9A, 0x98, 0x95, 0x94, 0x03, 0x93, 0x87, 0x94, 0x95, 0x97, 0x9A, 0x99, 0x9A, 0x97, 0x95, 0x01, 0x94, 0x0A, 0x93, 0x8E, 0x94, 0x95, 
            0x96, 0x98, 0x9B, 0x98, 0x94, 0x8F, 0x8B, 0x85, 0x7F, 0x79, 0x74, 0x6E, 0x69, 0x2D, 0x68, 0x22, 0x67, 0x89, 0x69, 0x6F, 0x74, 0x7A, 0x80, 0x85, 
            0x8A, 0x8E, 0x92, 0x96, 0x01, 0x99, 0x81, 0x97, 0x96, 0x10, 0x95, 0x8D, 0x96, 0x97, 0x98, 0x99, 0x9A, 0x98, 0x95, 0x92, 0x8D, 0x87, 0x80, 0x79, 
            0x70, 0x68, 0x38, 0x67, 0x8B, 0x6E, 0x74, 0x79, 0x7E, 0x82, 0x86, 0x89, 0x8C, 0x8E, 0x90, 0x91, 0x92, 0x01, 0x93, 0x01, 0x94, 0x8E, 0x93, 0x92, 
            0x91, 0x8F, 0x8D, 0x8B, 0x88, 0x85, 0x83, 0x80, 0x7D, 0x79, 0x75, 0x70, 0x6B, 0x61, 0x67, 0x8D, 0x6A, 0x6F, 0x73, 0x78, 0x7C, 0x7F, 0x83, 0x86, 
            0x89, 0x8B, 0x8D, 0x8E, 0x90, 0x91, 0x01, 0x92, 0x82, 0x93, 0x94, 0x95, 0x02, 0x96, 0x02, 0x97, 0x8A, 0x96, 0x95, 0x93, 0x91, 0x8E, 0x8B, 0x87, 
            0x81, 0x7B, 0x74, 0x6B, 0x1F, 0x67, 0x91, 0x6C, 0x72, 0x78, 0x7C, 0x80, 0x83, 0x85, 0x87, 0x89, 0x8B, 0x8C, 0x8E, 0x90, 0x91, 0x93, 0x95, 0x97, 
            0x98, 0x01, 0x9A, 0x81, 0x98, 0x97, 0x01, 0x96, 0x18, 0x95, 0x04, 0x96, 0x0D, 0x95, 0x01, 0x96, 0x94, 0x97, 0x99, 0x9A, 0x99, 0x96, 0x93, 0x8F, 
            0x8B, 0x87, 0x82, 0x7C, 0x75, 0x6D, 0x74, 0x7D, 0x85, 0x8C, 0x92, 0x97, 0x99, 0x97, 0x06, 0x95, 0x81, 0x98, 0x9A, 0x01, 0x97, 0x81, 0x9A, 0x98, 
            0x01, 0x96, 0x0A, 0x95, 0x81, 0x96, 0x97, 0x01, 0x99, 0x88, 0x96, 0x91, 0x8D, 0x88, 0x83, 0x7E, 0x78, 0x72, 0x6C, 0x2F, 0x67, 0x21, 0x66, 0x8E, 
            0x67, 0x6C, 0x71, 0x76, 0x7C, 0x81, 0x86, 0x8A, 0x8E, 0x91, 0x95, 0x98, 0x99, 0x98, 0x97, 0x10, 0x96, 0x01, 0x97, 0x8B, 0x98, 0x99, 0x98, 0x96, 
            0x93, 0x91, 0x8D, 0x88, 0x82, 0x7B, 0x74, 0x6C, 0x39, 0x66, 0x8B, 0x6B, 0x70, 0x75, 0x7A, 0x7E, 0x82, 0x85, 0x87, 0x89, 0x8B, 0x8C, 0x8D, 0x02, 
            0x8E, 0x8E, 0x8D, 0x8C, 0x8B, 0x8A, 0x88, 0x86, 0x84, 0x81, 0x7E, 0x7C, 0x79, 0x75, 0x71, 0x6C, 0x67, 0x61, 0x66, 0x8D, 0x67, 0x6C, 0x71, 0x75, 
            0x79, 0x7D, 0x80, 0x83, 0x86, 0x88, 0x8A, 0x8B, 0x8C, 0x8D, 0x01, 0x8E, 0x80, 0x8F, 0x03, 0x90, 0x01, 0x91, 0x81, 0x90, 0x8F, 0x01, 0x8E, 0x87, 
            0x8C, 0x89, 0x87, 0x84, 0x7F, 0x7A, 0x73, 0x6B, 0x20, 0x66, 0x91, 0x6A, 0x70, 0x76, 0x7A, 0x7E, 0x81, 0x84, 0x87, 0x88, 0x8A, 0x8C, 0x8D, 0x8F, 
            0x91, 0x93, 0x94, 0x96, 0x97, 0x01, 0x99, 0x01, 0x98, 0x01, 0x97, 0x15, 0x96, 0x02, 0x97, 0x06, 0x98, 0x03, 0x97, 0x05, 0x96, 0x01, 0x97, 0x80, 
            0x98, 0x01, 0x99, 0x91, 0x98, 0x97, 0x95, 0x93, 0x90, 0x8D, 0x89, 0x85, 0x81, 0x7B, 0x75, 0x6E, 0x6F, 0x78, 0x80, 0x87, 0x8E, 0x93, 0x01, 0x98, 
            0x80, 0x97, 0x05, 0x96, 0x01, 0x98, 0x85, 0x95, 0x93, 0x96, 0x98, 0x99, 0x98, 0x01, 0x97, 0x06, 0x96, 0x01, 0x97, 0x01, 0x99, 0x89, 0x96, 0x93, 
            0x8F, 0x8B, 0x86, 0x81, 0x7C, 0x76, 0x70, 0x6B, 0x30, 0x66, 0x21, 0x66, 0x8B, 0x6A, 0x6F, 0x73, 0x78, 0x7D, 0x82, 0x86, 0x8A, 0x8D, 0x91, 0x94, 
            0x96, 0x14, 0x98, 0x8D, 0x99, 0x98, 0x97, 0x96, 0x94, 0x92, 0x8F, 0x8C, 0x88, 0x83, 0x7D, 0x77, 0x70, 0x69, 0x39, 0x66, 0x8A, 0x68, 0x6E, 0x73, 
            0x77, 0x7B, 0x7E, 0x81, 0x83, 0x85, 0x86, 0x87, 0x01, 0x88, 0x80, 0x89, 0x01, 0x88, 0x8B, 0x87, 0x86, 0x84, 0x82, 0x80, 0x7D, 0x7B, 0x78, 0x75, 
            0x72, 0x6D, 0x68, 0x63, 0x66, 0x8B, 0x69, 0x6E, 0x73, 0x77, 0x7A, 0x7D, 0x80, 0x83, 0x84, 0x86, 0x87, 0x88, 0x01, 0x89, 0x03, 0x8A, 0x02, 0x8B, 
            0x80, 0x8A, 0x01, 0x89, 0x88, 0x88, 0x87, 0x85, 0x83, 0x81, 0x7C, 0x77, 0x72, 0x6A, 0x21, 0x66, 0x92, 0x67, 0x6D, 0x72, 0x77, 0x7B, 0x7E, 0x81, 
            0x84, 0x87, 0x89, 0x8B, 0x8C, 0x8E, 0x8F, 0x91, 0x92, 0x94, 0x95, 0x97, 0x1A, 0x98, 0x81, 0x99, 0x98, 0x01, 0x97, 0x04, 0x96, 0x01, 0x97, 0x02, 
            0x98, 0x80, 0x99, 0x03, 0x98, 0x80, 0x99, 0x01, 0x98, 0x80, 0x97, 0x01, 0x96, 0x92, 0x94, 0x93, 0x92, 0x90, 0x8D, 0x8A, 0x88, 0x84, 0x80, 0x7B, 
            0x75, 0x6E, 0x6A, 0x73, 0x7B, 0x82, 0x89, 0x8F, 0x95, 0x07, 0x98, 0x89, 0x99, 0x96, 0x93, 0x90, 0x91, 0x94, 0x96, 0x97, 0x98, 0x99, 0x06, 0x98, 
            0x8C, 0x99, 0x98, 0x96, 0x94, 0x91, 0x8D, 0x89, 0x85, 0x80, 0x7B, 0x76, 0x70, 0x69, 0x31, 0x66, 0x20, 0x65, 0x8E, 0x69, 0x6D, 0x71, 0x75, 0x7A, 
            0x7E, 0x82, 0x86, 0x89, 0x8C, 0x90, 0x92, 0x94, 0x95, 0x96, 0x10, 0x97, 0x02, 0x96, 0x8D, 0x95, 0x94, 0x93, 0x92, 0x90, 0x8E, 0x8C, 0x88, 0x84, 
            0x7F, 0x79, 0x73, 0x6D, 0x67, 0x39, 0x65, 0x89, 0x66, 0x6B, 0x6F, 0x74, 0x77, 0x7A, 0x7C, 0x7E, 0x80, 0x82, 0x01, 0x83, 0x02, 0x84, 0x8A, 0x83, 
            0x82, 0x81, 0x7F, 0x7D, 0x7A, 0x78, 0x75, 0x72, 0x6E, 0x6A, 0x64, 0x65, 0x8B, 0x66, 0x6B, 0x6F, 0x73, 0x76, 0x79, 0x7B, 0x7E, 0x7F, 0x81, 0x82, 
            0x83, 0x04, 0x84, 0x03, 0x85, 0x80, 0x84, 0x01, 0x83, 0x87, 0x82, 0x81, 0x7F, 0x7D, 0x79, 0x74, 0x6F, 0x68, 0x23, 0x65, 0x92, 0x69, 0x6F, 0x74, 
            0x78, 0x7B, 0x7E, 0x81, 0x84, 0x87, 0x89, 0x8A, 0x8C, 0x8D, 0x8F, 0x90, 0x92, 0x93, 0x94, 0x95, 0x02, 0x96, 0x12, 0x97, 0x02, 0x96, 0x01, 0x95, 
            0x82, 0x94, 0x93, 0x92, 0x03, 0x91, 0x01, 0x92, 0x01, 0x93, 0x03, 0x94, 0x03, 0x95, 0x01, 0x94, 0x01, 0x93, 0x95, 0x92, 0x91, 0x90, 0x8E, 0x8D, 
            0x8A, 0x88, 0x86, 0x82, 0x7E, 0x7A, 0x75, 0x6F, 0x68, 0x6E, 0x76, 0x7D, 0x84, 0x8B, 0x91, 0x94, 0x96, 0x05, 0x97, 0x88, 0x96, 0x94, 0x91, 0x8E, 
            0x8C, 0x8F, 0x91, 0x93, 0x94, 0x01, 0x95, 0x04, 0x96, 0x01, 0x95, 0x8A, 0x93, 0x91, 0x8F, 0x8C, 0x87, 0x83, 0x7F, 0x7A, 0x75, 0x6F, 0x69, 0x32, 
            0x65, 0x1F, 0x64, 0x8D, 0x67, 0x6B, 0x6F, 0x73, 0x77, 0x7B, 0x7F, 0x82, 0x85, 0x88, 0x8C, 0x8E, 0x90, 0x92, 0x01, 0x93, 0x06, 0x94, 0x03, 0x93, 
            0x04, 0x94, 0x03, 0x93, 0x8D, 0x92, 0x91, 0x90, 0x8F, 0x8E, 0x8D, 0x8A, 0x87, 0x83, 0x7F, 0x7A, 0x75, 0x6F, 0x6A, 0x3B, 0x64, 0x89, 0x68, 0x6C, 
            0x70, 0x73, 0x76, 0x78, 0x7A, 0x7C, 0x7D, 0x7E, 0x01, 0x7F, 0x01, 0x80, 0x89, 0x7F, 0x7D, 0x7C, 0x7A, 0x77, 0x75, 0x72, 0x6F, 0x6B, 0x67, 0x65, 
            0x64, 0x89, 0x66, 0x6A, 0x6E, 0x71, 0x74, 0x76, 0x78, 0x7A, 0x7B, 0x7D, 0x03, 0x7E, 0x05, 0x7F, 0x80, 0x7E, 0x01, 0x7D, 0x86, 0x7C, 0x7B, 0x78, 
            0x75, 0x71, 0x6C, 0x66, 0x24, 0x64, 0x8F, 0x65, 0x6B, 0x70, 0x74, 0x78, 0x7B, 0x7E, 0x81, 0x84, 0x86, 0x88, 0x89, 0x8B, 0x8D, 0x8E, 0x90, 0x01, 
            0x91, 0x80, 0x92, 0x06, 0x93, 0x08, 0x94, 0x07, 0x93, 0x84, 0x92, 0x91, 0x90, 0x8F, 0x8E, 0x01, 0x8D, 0x02, 0x8C, 0x01, 0x8D, 0x01, 0x8E, 0x03, 
            0x8F, 0x05, 0x90, 0x01, 0x8F, 0x95, 0x8E, 0x8D, 0x8C, 0x8B, 0x8A, 0x88, 0x85, 0x83, 0x80, 0x7D, 0x79, 0x74, 0x6E, 0x68, 0x6A, 0x72, 0x79, 0x80, 
            0x87, 0x8D, 0x91, 0x93, 0x05, 0x94, 0x8A, 0x93, 0x91, 0x8F, 0x8C, 0x88, 0x8B, 0x8D, 0x8E, 0x8F, 0x90, 0x91, 0x05, 0x92, 0x8A, 0x91, 0x8F, 0x8D, 
            0x8A, 0x86, 0x82, 0x7E, 0x79, 0x74, 0x6E, 0x68, 0x33, 0x64, 0x1E, 0x63, 0x8E, 0x66, 0x6A, 0x6D, 0x71, 0x75, 0x78, 0x7C, 0x7E, 0x81, 0x84, 0x87, 
            0x8A, 0x8C, 0x8E, 0x8F, 0x14, 0x90, 0x01, 0x8F, 0x01, 0x8E, 0x8B, 0x8D, 0x8C, 0x8A, 0x88, 0x86, 0x82, 0x7F, 0x7A, 0x75, 0x70, 0x6B, 0x66, 0x29, 
            0x63, 0x01, 0x64, 0x0F, 0x63, 0x87, 0x65, 0x69, 0x6D, 0x70, 0x73, 0x75, 0x76, 0x78, 0x01, 0x7A, 0x80, 0x7B, 0x02, 0x7C, 0x87, 0x7A, 0x78, 0x77, 
            0x74, 0x72, 0x6F, 0x6B, 0x68, 0x67, 0x63, 0x88, 0x65, 0x69, 0x6C, 0x6F, 0x71, 0x73, 0x75, 0x76, 0x77, 0x02, 0x78, 0x02, 0x79, 0x01, 0x7A, 0x01, 
            0x79, 0x01, 0x78, 0x85, 0x77, 0x76, 0x74, 0x71, 0x6D, 0x68, 0x27, 0x63, 0x8E, 0x67, 0x6C, 0x70, 0x74, 0x78, 0x7B, 0x7D, 0x80, 0x83, 0x85, 0x87, 
            0x89, 0x8A, 0x8C, 0x8D, 0x01, 0x8E, 0x01, 0x8F, 0x13, 0x90, 0x01, 0x8F, 0x01, 0x8E, 0x83, 0x8D, 0x8C, 0x8A, 0x89, 0x01, 0x88, 0x05, 0x87, 0x01, 
            0x88, 0x01, 0x89, 0x01, 0x8A, 0x03, 0x8B, 0x80, 0x8C, 0x01, 0x8B, 0x01, 0x8A, 0x93, 0x89, 0x88, 0x87, 0x85, 0x83, 0x81, 0x7E, 0x7B, 0x77, 0x73, 
            0x6E, 0x67, 0x66, 0x6E, 0x76, 0x7C, 0x83, 0x89, 0x8D, 0x90, 0x05, 0x91, 0x87, 0x90, 0x8E, 0x8C, 0x89, 0x85, 0x86, 0x88, 0x89, 0x01, 0x8B, 0x81, 
            0x8C, 0x8D, 0x04, 0x8E, 0x89, 0x8D, 0x8B, 0x88, 0x85, 0x81, 0x7D, 0x78, 0x73, 0x6E, 0x68, 0x34, 0x63, 0x1D, 0x62, 0x8F, 0x65, 0x68, 0x6C, 0x6F, 
            0x73, 0x76, 0x79, 0x7B, 0x7E, 0x81, 0x83, 0x86, 0x88, 0x8A, 0x8B, 0x8C, 0x05, 0x8D, 0x0A, 0x8C, 0x01, 0x8D, 0x03, 0x8C, 0x01, 0x8B, 0x8B, 0x8A, 
            0x89, 0x87, 0x85, 0x83, 0x80, 0x7D, 0x79, 0x75, 0x70, 0x6B, 0x67, 0x25, 0x62, 0x01, 0x63, 0x80, 0x64, 0x03, 0x65, 0x80, 0x63, 0x0E, 0x62, 0x89, 
            0x63, 0x67, 0x6A, 0x6D, 0x6F, 0x71, 0x73, 0x74, 0x76, 0x77, 0x02, 0x78, 0x87, 0x77, 0x75, 0x73, 0x71, 0x6F, 0x6B, 0x68, 0x64, 0x69, 0x62, 0x88, 
            0x65, 0x67, 0x6A, 0x6C, 0x6D, 0x6F, 0x70, 0x71, 0x72, 0x02, 0x73, 0x03, 0x74, 0x87, 0x73, 0x72, 0x71, 0x70, 0x6E, 0x6B, 0x68, 0x63, 0x28, 0x62, 
            0x8F, 0x63, 0x68, 0x6D, 0x71, 0x74, 0x78, 0x7B, 0x7D, 0x80, 0x82, 0x83, 0x85, 0x87, 0x88, 0x89, 0x8A, 0x02, 0x8B, 0x12, 0x8C, 0x02, 0x8B, 0x86, 
            0x8A, 0x89, 0x88, 0x87, 0x85, 0x84, 0x83, 0x01, 0x82, 0x03, 0x81, 0x01, 0x82, 0x01, 0x83, 0x01, 0x84, 0x01, 0x85, 0x80, 0x86, 0x05, 0x87, 0x01, 
            0x86, 0x92, 0x85, 0x84, 0x82, 0x80, 0x7E, 0x7C, 0x79, 0x75, 0x71, 0x6C, 0x66, 0x63, 0x6B, 0x72, 0x79, 0x7F, 0x86, 0x8A, 0x8D, 0x05, 0x8E, 0x86, 
            0x8D, 0x8B, 0x89, 0x86, 0x82, 0x81, 0x83, 0x01, 0x85, 0x82, 0x86, 0x87, 0x88, 0x04, 0x89, 0x88, 0x88, 0x85, 0x83, 0x7F, 0x7B, 0x77, 0x72, 0x6D, 
            0x67, 0x35, 0x62, 0x1C, 0x61, 0x8F, 0x63, 0x67, 0x6A, 0x6D, 0x70, 0x73, 0x76, 0x78, 0x7A, 0x7D, 0x80, 0x82, 0x83, 0x85, 0x87, 0x88, 0x06, 0x89, 
            0x03, 0x88, 0x01, 0x87, 0x04, 0x88, 0x02, 0x89, 0x03, 0x88, 0x80, 0x87, 0x01, 0x86, 0x8A, 0x84, 0x82, 0x80, 0x7E, 0x7B, 0x77, 0x73, 0x6F, 0x6A, 
            0x66, 0x62, 0x22, 0x61, 0x81, 0x62, 0x63, 0x01, 0x64, 0x81, 0x65, 0x66, 0x01, 0x67, 0x83, 0x66, 0x65, 0x64, 0x62, 0x0E, 0x61, 0x87, 0x64, 0x67, 
            0x6A, 0x6C, 0x6D, 0x6F, 0x71, 0x73, 0x01, 0x74, 0x87, 0x73, 0x72, 0x71, 0x6F, 0x6D, 0x6B, 0x68, 0x64, 0x6C, 0x61, 0x87, 0x62, 0x64, 0x66, 0x67, 
            0x69, 0x6A, 0x6B, 0x6C, 0x05, 0x6D, 0x85, 0x6C, 0x6B, 0x69, 0x67, 0x65, 0x62, 0x2B, 0x61, 0x8C, 0x65, 0x69, 0x6E, 0x71, 0x75, 0x77, 0x7A, 0x7C, 
            0x7E, 0x7F, 0x81, 0x82, 0x83, 0x01, 0x84, 0x80, 0x85, 0x02, 0x86, 0x12, 0x87, 0x01, 0x86, 0x88, 0x85, 0x84, 0x83, 0x81, 0x80, 0x7F, 0x7E, 0x7D, 
            0x7C, 0x03, 0x7B, 0x01, 0x7C, 0x80, 0x7D, 0x01, 0x7E, 0x01, 0x7F, 0x81, 0x80, 0x81, 0x01, 0x82, 0x03, 0x83, 0x01, 0x82, 0x92, 0x81, 0x80, 0x7F, 
            0x7D, 0x7B, 0x78, 0x76, 0x72, 0x6F, 0x6A, 0x64, 0x61, 0x68, 0x70, 0x76, 0x7C, 0x83, 0x87, 0x8A, 0x05, 0x8B, 0x86, 0x8A, 0x88, 0x86, 0x83, 0x7F, 
            0x7D, 0x7F, 0x01, 0x80, 0x81, 0x81, 0x82, 0x01, 0x83, 0x81, 0x84, 0x85, 0x01, 0x84, 0x87, 0x82, 0x80, 0x7D, 0x7A, 0x76, 0x71, 0x6C, 0x67, 0x36, 
            0x61, 0x1C, 0x61, 0x8E, 0x64, 0x68, 0x6B, 0x6D, 0x70, 0x73, 0x75, 0x77, 0x79, 0x7B, 0x7D, 0x7F, 0x81, 0x83, 0x84, 0x01, 0x85, 0x02, 0x86, 0x01, 
            0x85, 0x01, 0x84, 0x06, 0x83, 0x02, 0x84, 0x03, 0x85, 0x02, 0x84, 0x01, 0x83, 0x8A, 0x82, 0x80, 0x7F, 0x7D, 0x7B, 0x78, 0x75, 0x71, 0x6C, 0x68, 
            0x64, 0x23, 0x61, 0x85, 0x62, 0x63, 0x64, 0x65, 0x66, 0x67, 0x01, 0x68, 0x83, 0x67, 0x66, 0x65, 0x63, 0x10, 0x61, 0x85, 0x64, 0x66, 0x68, 0x6A, 
            0x6C, 0x6E, 0x01, 0x6F, 0x01, 0x6E, 0x84, 0x6C, 0x6B, 0x69, 0x66, 0x63, 0x72, 0x61, 0x81, 0x63, 0x64, 0x06, 0x65, 0x81, 0x64, 0x63, 0x2F, 0x61, 
            0x89, 0x62, 0x66, 0x6A, 0x6E, 0x71, 0x74, 0x76, 0x78, 0x7A, 0x7B, 0x01, 0x7C, 0x80, 0x7D, 0x01, 0x7E, 0x80, 0x7F, 0x01, 0x80, 0x03, 0x81, 0x10, 
            0x80, 0x01, 0x7F, 0x85, 0x7E, 0x7D, 0x7B, 0x7A, 0x79, 0x78, 0x01, 0x76, 0x03, 0x75, 0x01, 0x76, 0x01, 0x77, 0x84, 0x78, 0x79, 0x7A, 0x7B, 0x7C, 
            0x01, 0x7D, 0x04, 0x7E, 0x01, 0x7D, 0x88, 0x7C, 0x7A, 0x79, 0x77, 0x75, 0x72, 0x6F, 0x6C, 0x67, 0x01, 0x61, 0x86, 0x66, 0x6D, 0x73, 0x79, 0x7F, 
            0x84, 0x87, 0x05, 0x88, 0x86, 0x87, 0x85, 0x83, 0x7F, 0x7B, 0x78, 0x7A, 0x01, 0x7B, 0x83, 0x7C, 0x7D, 0x7E, 0x7F, 0x01, 0x80, 0x88, 0x7F, 0x7E, 
            0x7D, 0x7B, 0x77, 0x74, 0x70, 0x6B, 0x66, 0x37, 0x61, 0x1B, 0x60, 0x8E, 0x61, 0x65, 0x68, 0x6A, 0x6D, 0x6F, 0x71, 0x73, 0x75, 0x77, 0x79, 0x7B, 
            0x7D, 0x7E, 0x80, 0x01, 0x81, 0x03, 0x82, 0x80, 0x81, 0x01, 0x80, 0x08, 0x7F, 0x02, 0x80, 0x03, 0x81, 0x01, 0x80, 0x8C, 0x7F, 0x7E, 0x7D, 0x7C, 
            0x7B, 0x79, 0x77, 0x75, 0x71, 0x6D, 0x6A, 0x66, 0x62, 0x22, 0x60, 0x86, 0x61, 0x62, 0x64, 0x65, 0x66, 0x67, 0x68, 0x01, 0x69, 0x01, 0x68, 0x82, 
            0x67, 0x64, 0x62, 0x10, 0x60, 0x84, 0x61, 0x63, 0x65, 0x67, 0x68, 0x02, 0x69, 0x84, 0x68, 0x67, 0x66, 0x64, 0x61, 0x7F, 0x60, 0x2F, 0x60, 0x87, 
            0x63, 0x67, 0x6B, 0x6E, 0x70, 0x72, 0x74, 0x75, 0x02, 0x76, 0x02, 0x77, 0x01, 0x78, 0x01, 0x79, 0x80, 0x7A, 0x02, 0x79, 0x0A, 0x78, 0x04, 0x79, 
            0x80, 0x78, 0x01, 0x77, 0x84, 0x75, 0x74, 0x73, 0x72, 0x71, 0x01, 0x70, 0x80, 0x6F, 0x03, 0x70, 0x01, 0x71, 0x84, 0x72, 0x73, 0x74, 0x75, 0x76, 
            0x01, 0x77, 0x80, 0x78, 0x05, 0x79, 0x89, 0x78, 0x77, 0x76, 0x75, 0x73, 0x71, 0x6E, 0x6B, 0x68, 0x63, 0x01, 0x60, 0x86, 0x64, 0x6A, 0x70, 0x76, 
            0x7C, 0x81, 0x84, 0x05, 0x85, 0x87, 0x84, 0x82, 0x7F, 0x7C, 0x78, 0x73, 0x75, 0x76, 0x01, 0x77, 0x82, 0x78, 0x79, 0x7A, 0x01, 0x7B, 0x88, 0x7A, 
            0x79, 0x78, 0x76, 0x72, 0x6F, 0x6B, 0x66, 0x61, 0x37, 0x60, 0x1B, 0x5F, 0x8F, 0x61, 0x64, 0x66, 0x69, 0x6B, 0x6D, 0x6E, 0x70, 0x72, 0x74, 0x76, 
            0x78, 0x79, 0x7B, 0x7C, 0x7D, 0x03, 0x7E, 0x01, 0x7D, 0x80, 0x7C, 0x03, 0x7B, 0x03, 0x7A, 0x02, 0x7B, 0x07, 0x7C, 0x8C, 0x7B, 0x7A, 0x79, 0x78, 
            0x77, 0x75, 0x73, 0x71, 0x6E, 0x6A, 0x67, 0x63, 0x60, 0x22, 0x5F, 0x86, 0x60, 0x62, 0x64, 0x66, 0x67, 0x68, 0x69, 0x02, 0x6A, 0x84, 0x69, 0x68, 
            0x66, 0x63, 0x60, 0x11, 0x5F, 0x84, 0x60, 0x61, 0x62, 0x63, 0x64, 0x01, 0x63, 0x81, 0x62, 0x60, 0x7F, 0x5F, 0x31, 0x5F, 0x85, 0x60, 0x63, 0x67, 
            0x6A, 0x6C, 0x6E, 0x01, 0x70, 0x0C, 0x71, 0x12, 0x70, 0x83, 0x6F, 0x6E, 0x6D, 0x6C, 0x01, 0x6B, 0x05, 0x6A, 0x01, 0x6B, 0x83, 0x6C, 0x6D, 0x6E, 
            0x6F, 0x01, 0x70, 0x81, 0x71, 0x72, 0x01, 0x73, 0x04, 0x74, 0x01, 0x73, 0x86, 0x72, 0x70, 0x6F, 0x6C, 0x6A, 0x68, 0x64, 0x02, 0x5F, 0x86, 0x61, 
            0x68, 0x6E, 0x74, 0x79, 0x7D, 0x80, 0x05, 0x82, 0x8A, 0x81, 0x7F, 0x7C, 0x78, 0x74, 0x6F, 0x70, 0x71, 0x72, 0x73, 0x74, 0x01, 0x75, 0x02, 0x76, 
            0x86, 0x75, 0x73, 0x71, 0x6E, 0x6A, 0x66, 0x61, 0x38, 0x5F, 0x1B, 0x5E, 0x8E, 0x5F, 0x62, 0x64, 0x67, 0x68, 0x6A, 0x6C, 0x6E, 0x70, 0x71, 0x73, 
            0x75, 0x76, 0x77, 0x79, 0x04, 0x7A, 0x80, 0x79, 0x01, 0x78, 0x01, 0x77, 0x06, 0x76, 0x01, 0x77, 0x07, 0x78, 0x01, 0x77, 0x89, 0x76, 0x74, 0x73, 
            0x72, 0x70, 0x6D, 0x6A, 0x67, 0x63, 0x60, 0x23, 0x5E, 0x86, 0x60, 0x61, 0x63, 0x66, 0x68, 0x69, 0x6A, 0x01, 0x6B, 0x01, 0x6A, 0x84, 0x68, 0x66, 
            0x64, 0x61, 0x5F, 0x7F, 0x5E, 0x4C, 0x5E, 0x84, 0x60, 0x63, 0x66, 0x68, 0x6A, 0x04, 0x6B, 0x01, 0x6A, 0x02, 0x69, 0x01, 0x6A, 0x01, 0x69, 0x13, 
            0x68, 0x01, 0x67, 0x01, 0x66, 0x03, 0x65, 0x02, 0x64, 0x01, 0x65, 0x01, 0x66, 0x84, 0x67, 0x68, 0x69, 0x6A, 0x6B, 0x01, 0x6C, 0x80, 0x6D, 0x02, 
            0x6E, 0x02, 0x6F, 0x01, 0x6E, 0x86, 0x6D, 0x6C, 0x6A, 0x68, 0x66, 0x64, 0x60, 0x02, 0x5E, 0x86, 0x5F, 0x65, 0x6B, 0x71, 0x76, 0x7A, 0x7D, 0x05, 
            0x7F, 0x87, 0x7D, 0x7B, 0x78, 0x75, 0x70, 0x6B, 0x6C, 0x6D, 0x01, 0x6E, 0x81, 0x6F, 0x70, 0x03, 0x71, 0x85, 0x70, 0x6F, 0x6D, 0x69, 0x65, 0x61, 
            0x39, 0x5E, 0x1C, 0x5D, 0x8D, 0x60, 0x62, 0x64, 0x66, 0x67, 0x69, 0x6B, 0x6C, 0x6E, 0x6F, 0x71, 0x72, 0x74, 0x75, 0x04, 0x76, 0x01, 0x75, 0x01, 
            0x74, 0x80, 0x73, 0x01, 0x72, 0x03, 0x71, 0x01, 0x72, 0x01, 0x73, 0x06, 0x74, 0x01, 0x73, 0x88, 0x72, 0x71, 0x6F, 0x6E, 0x6C, 0x6A, 0x67, 0x63, 
            0x60, 0x24, 0x5D, 0x86, 0x60, 0x62, 0x63, 0x66, 0x68, 0x6A, 0x6B, 0x01, 0x6C, 0x86, 0x6B, 0x6A, 0x69, 0x67, 0x64, 0x62, 0x60, 0x7F, 0x5D, 0x4D, 
            0x5D, 0x83, 0x5F, 0x61, 0x64, 0x65, 0x02, 0x66, 0x80, 0x65, 0x01, 0x64, 0x80, 0x63, 0x05, 0x62, 0x16, 0x61, 0x03, 0x60, 0x05, 0x5F, 0x80, 0x60, 
            0x01, 0x61, 0x01, 0x62, 0x84, 0x63, 0x64, 0x65, 0x66, 0x67, 0x02, 0x68, 0x02, 0x69, 0x01, 0x6A, 0x86, 0x69, 0x68, 0x67, 0x66, 0x64, 0x62, 0x60, 
            0x04, 0x5D, 0x86, 0x63, 0x68, 0x6E, 0x73, 0x77, 0x7A, 0x7B, 0x03, 0x7C, 0x85, 0x7B, 0x7A, 0x78, 0x75, 0x71, 0x6D, 0x01, 0x67, 0x81, 0x68, 0x69, 
            0x01, 0x6A, 0x01, 0x6C, 0x02, 0x6D, 0x84, 0x6C, 0x6B, 0x69, 0x65, 0x61, 0x3A, 0x5D, 0x1C, 0x5C, 0x8D, 0x5D, 0x5F, 0x61, 0x63, 0x64, 0x66, 0x67, 
            0x69, 0x6A, 0x6C, 0x6D, 0x6F, 0x70, 0x71, 0x01, 0x72, 0x80, 0x73, 0x02, 0x72, 0x01, 0x71, 0x80, 0x70, 0x01, 0x6F, 0x80, 0x6E, 0x03, 0x6D, 0x01, 
            0x6E, 0x01, 0x6F, 0x07, 0x70, 0x89, 0x6F, 0x6E, 0x6D, 0x6C, 0x6B, 0x69, 0x66, 0x63, 0x60, 0x5D, 0x23, 0x5C, 0x87, 0x5D, 0x60, 0x62, 0x64, 0x66, 
            0x68, 0x6A, 0x6B, 0x01, 0x6C, 0x87, 0x6B, 0x6A, 0x69, 0x67, 0x65, 0x63, 0x60, 0x5D, 0x7F, 0x5C, 0x4D, 0x5C, 0x81, 0x5D, 0x5F, 0x03, 0x60, 0x81, 
            0x5F, 0x5E, 0x01, 0x5D, 0x2A, 0x5C, 0x84, 0x5D, 0x5E, 0x5F, 0x60, 0x61, 0x01, 0x62, 0x02, 0x63, 0x01, 0x64, 0x02, 0x65, 0x84, 0x64, 0x63, 0x62, 
            0x61, 0x5F, 0x05, 0x5C, 0x86, 0x60, 0x66, 0x6B, 0x70, 0x74, 0x77, 0x78, 0x03, 0x79, 0x89, 0x78, 0x77, 0x75, 0x72, 0x6E, 0x69, 0x64, 0x63, 0x64, 
            0x65, 0x01, 0x66, 0x81, 0x67, 0x68, 0x01, 0x69, 0x01, 0x68, 0x83, 0x67, 0x65, 0x61, 0x5E, 0x3A, 0x5C, 0x1E, 0x5C, 0x8B, 0x5E, 0x5F, 0x61, 0x63, 
            0x64, 0x66, 0x67, 0x68, 0x6A, 0x6B, 0x6D, 0x6E, 0x04, 0x6F, 0x01, 0x6E, 0x01, 0x6D, 0x81, 0x6C, 0x6B, 0x01, 0x6A, 0x02, 0x69, 0x01, 0x6A, 0x01, 
            0x6B, 0x07, 0x6C, 0x01, 0x6B, 0x86, 0x6A, 0x69, 0x67, 0x65, 0x63, 0x60, 0x5D, 0x24, 0x5C, 0x87, 0x5E, 0x60, 0x62, 0x64, 0x66, 0x68, 0x6A, 0x6B, 
            0x02, 0x6C, 0x86, 0x6B, 0x69, 0x68, 0x66, 0x64, 0x61, 0x5E, 0x7F, 0x5C, 0x7F, 0x5C, 0x07, 0x5C, 0x01, 0x5D, 0x01, 0x5E, 0x01, 0x5F, 0x80, 0x60, 
            0x02, 0x61, 0x01, 0x60, 0x81, 0x5F, 0x5E, 0x06, 0x5C, 0x86, 0x5E, 0x63, 0x68, 0x6D, 0x71, 0x73, 0x75, 0x03, 0x76, 0x88, 0x75, 0x74, 0x71, 0x6F, 
            0x6B, 0x66, 0x62, 0x5F, 0x60, 0x01, 0x61, 0x81, 0x62, 0x63, 0x01, 0x64, 0x80, 0x65, 0x01, 0x64, 0x82, 0x63, 0x61, 0x5E, 0x3B, 0x5C, 0x1F, 0x5B, 
            0x8A, 0x5D, 0x5E, 0x60, 0x61, 0x62, 0x64, 0x65, 0x66, 0x68, 0x69, 0x6A, 0x04, 0x6B, 0x01, 0x6A, 0x01, 0x69, 0x81, 0x68, 0x67, 0x01, 0x66, 0x02, 
            0x65, 0x01, 0x66, 0x01, 0x67, 0x01, 0x68, 0x04, 0x69, 0x01, 0x68, 0x01, 0x67, 0x84, 0x66, 0x64, 0x62, 0x60, 0x5D, 0x24, 0x5B, 0x87, 0x5C, 0x5E, 
            0x61, 0x63, 0x65, 0x67, 0x69, 0x6A, 0x03, 0x6C, 0x86, 0x6B, 0x6A, 0x68, 0x66, 0x64, 0x61, 0x5E, 0x7F, 0x5B, 0x5C, 0x5B, 0x09, 0x5C, 0x01, 0x5B, 
            0x06, 0x5C, 0x1D, 0x5B, 0x80, 0x5C, 0x04, 0x5D, 0x80, 0x5C, 0x07, 0x5B, 0x86, 0x5C, 0x61, 0x66, 0x6A, 0x6D, 0x70, 0x72, 0x03, 0x73, 0x88, 0x72, 
            0x71, 0x6E, 0x6C, 0x68, 0x63, 0x5F, 0x5B, 0x5C, 0x01, 0x5D, 0x81, 0x5E, 0x5F, 0x04, 0x60, 0x81, 0x5F, 0x5D, 0x3C, 0x5B, 0x20, 0x5A, 0x8A, 0x5B, 
            0x5D, 0x5E, 0x5F, 0x60, 0x62, 0x63, 0x64, 0x65, 0x66, 0x67, 0x01, 0x68, 0x02, 0x67, 0x80, 0x66, 0x01, 0x65, 0x81, 0x64, 0x63, 0x01, 0x62, 0x01, 
            0x61, 0x02, 0x62, 0x01, 0x63, 0x01, 0x64, 0x06, 0x65, 0x86, 0x64, 0x63, 0x62, 0x61, 0x5F, 0x5D, 0x5B, 0x24, 0x5A, 0x86, 0x5D, 0x5F, 0x61, 0x64, 
            0x66, 0x68, 0x69, 0x01, 0x6B, 0x02, 0x6C, 0x87, 0x6A, 0x69, 0x68, 0x66, 0x64, 0x61, 0x5E, 0x5B, 0x7F, 0x5A, 0x43, 0x5A, 0x05, 0x5B, 0x08, 0x5A, 
            0x01, 0x5B, 0x80, 0x5C, 0x01, 0x5D, 0x0B, 0x5E, 0x05, 0x5D, 0x08, 0x5E, 0x03, 0x5D, 0x02, 0x5C, 0x01, 0x5B, 0x20, 0x5A, 0x84, 0x5E, 0x63, 0x67, 
            0x6A, 0x6D, 0x01, 0x6F, 0x02, 0x70, 0x86, 0x6F, 0x6D, 0x6B, 0x69, 0x65, 0x60, 0x5D, 0x04, 0x5A, 0x80, 0x5B, 0x03, 0x5C, 0x80, 0x5B, 0x3E, 0x5A, 
            0x22, 0x59, 0x88, 0x5B, 0x5C, 0x5D, 0x5E, 0x5F, 0x60, 0x61, 0x62, 0x63, 0x02, 0x64, 0x01, 0x63, 0x80, 0x62, 0x01, 0x61, 0x81, 0x60, 0x5F, 0x01, 
            0x5E, 0x02, 0x5D, 0x01, 0x5E, 0x01, 0x5F, 0x01, 0x60, 0x06, 0x61, 0x01, 0x60, 0x83, 0x5F, 0x5E, 0x5C, 0x5B, 0x24, 0x59, 0x88, 0x5A, 0x5D, 0x5F, 
            0x62, 0x64, 0x66, 0x67, 0x69, 0x6A, 0x03, 0x6B, 0x87, 0x69, 0x68, 0x67, 0x65, 0x63, 0x60, 0x5D, 0x5A, 0x7F, 0x59, 0x3C, 0x59, 0x02, 0x5A, 0x01, 
            0x5B, 0x01, 0x5C, 0x06, 0x5D, 0x06, 0x5C, 0x80, 0x5D, 0x01, 0x5E, 0x80, 0x5F, 0x02, 0x60, 0x02, 0x61, 0x04, 0x60, 0x0A, 0x5F, 0x03, 0x60, 0x02, 
            0x5F, 0x02, 0x5E, 0x02, 0x5D, 0x01, 0x5C, 0x81, 0x5B, 0x5A, 0x1F, 0x59, 0x84, 0x5C, 0x60, 0x65, 0x67, 0x6A, 0x01, 0x6C, 0x02, 0x6D, 0x86, 0x6C, 
            0x6B, 0x68, 0x66, 0x62, 0x5E, 0x5A, 0x49, 0x59, 0x23, 0x58, 0x84, 0x59, 0x5A, 0x5B, 0x5C, 0x5D, 0x01, 0x5E, 0x80, 0x5F, 0x02, 0x60, 0x01, 0x5F, 
            0x01, 0x5E, 0x81, 0x5D, 0x5C, 0x01, 0x5B, 0x80, 0x5A, 0x03, 0x59, 0x01, 0x5A, 0x01, 0x5B, 0x02, 0x5C, 0x04, 0x5D, 0x01, 0x5C, 0x82, 0x5B, 0x5A, 
            0x59, 0x25, 0x58, 0x88, 0x59, 0x5C, 0x5F, 0x61, 0x64, 0x65, 0x67, 0x68, 0x69, 0x02, 0x6A, 0x88, 0x69, 0x68, 0x67, 0x65, 0x63, 0x61, 0x5F, 0x5C, 
            0x59, 0x7F, 0x58, 0x2F, 0x58, 0x81, 0x59, 0x5A, 0x06, 0x5B, 0x04, 0x5C, 0x03, 0x5D, 0x01, 0x5E, 0x05, 0x5F, 0x05, 0x5E, 0x02, 0x5F, 0x80, 0x60, 
            0x02, 0x61, 0x04, 0x62, 0x07, 0x61, 0x02, 0x60, 0x09, 0x61, 0x01, 0x60, 0x01, 0x5F, 0x01, 0x5E, 0x80, 0x5D, 0x01, 0x5C, 0x80, 0x5B, 0x01, 0x5A, 
            0x80, 0x59, 0x1E, 0x58, 0x84, 0x5A, 0x5E, 0x62, 0x65, 0x67, 0x01, 0x69, 0x02, 0x6A, 0x85, 0x69, 0x68, 0x66, 0x63, 0x5F, 0x5B, 0x4A, 0x58, 0x26, 
            0x57, 0x81, 0x58, 0x59, 0x01, 0x5A, 0x01, 0x5B, 0x01, 0x5C, 0x01, 0x5B, 0x01, 0x5A, 0x80, 0x59, 0x01, 0x58, 0x0C, 0x57, 0x06, 0x58, 0x28, 0x57, 
            0x87, 0x58, 0x5B, 0x5E, 0x60, 0x63, 0x65, 0x66, 0x67, 0x03, 0x68, 0x87, 0x67, 0x66, 0x65, 0x63, 0x61, 0x5F, 0x5D, 0x5A, 0x7F, 0x57, 0x2E, 0x57, 
            0x82, 0x58, 0x59, 0x5A, 0x01, 0x5B, 0x02, 0x5C, 0x03, 0x5D, 0x04, 0x5E, 0x04, 0x5F, 0x0D, 0x60, 0x02, 0x61, 0x02, 0x62, 0x03, 0x63, 0x14, 0x62, 
            0x01, 0x61, 0x81, 0x60, 0x5F, 0x01, 0x5E, 0x82, 0x5D, 0x5C, 0x5B, 0x01, 0x5A, 0x81, 0x59, 0x58, 0x1E, 0x57, 0x85, 0x58, 0x5C, 0x5F, 0x62, 0x64, 
            0x66, 0x03, 0x67, 0x85, 0x66, 0x65, 0x63, 0x60, 0x5D, 0x59, 0x4A, 0x57, 0x2B, 0x57, 0x03, 0x58, 0x43, 0x57, 0x85, 0x5A, 0x5D, 0x5F, 0x61, 0x63, 
            0x65, 0x04, 0x66, 0x87, 0x65, 0x64, 0x63, 0x61, 0x5F, 0x5D, 0x5B, 0x58, 0x7F, 0x57, 0x2E, 0x57, 0x81, 0x58, 0x59, 0x01, 0x5B, 0x80, 0x5C, 0x02, 
            0x5D, 0x02, 0x5E, 0x03, 0x5F, 0x08, 0x60, 0x0C, 0x61, 0x03, 0x62, 0x04, 0x63, 0x0D, 0x62, 0x04, 0x63, 0x01, 0x62, 0x01, 0x61, 0x85, 0x60, 0x5F, 
            0x5E, 0x5D, 0x5C, 0x5B, 0x01, 0x5A, 0x81, 0x59, 0x58, 0x20, 0x57, 0x84, 0x59, 0x5D, 0x5F, 0x62, 0x63, 0x04, 0x64, 0x83, 0x62, 0x60, 0x5E, 0x5B, 
            0x4B, 0x57, 0x73, 0x56, 0x85, 0x59, 0x5B, 0x5D, 0x5F, 0x61, 0x63, 0x04, 0x64, 0x86, 0x63, 0x62, 0x61, 0x5F, 0x5D, 0x5B, 0x58, 0x7F, 0x56, 0x2F, 
            0x56, 0x82, 0x58, 0x59, 0x5B, 0x01, 0x5C, 0x80, 0x5D, 0x02, 0x5E, 0x04, 0x5F, 0x09, 0x60, 0x0C, 0x61, 0x0C, 0x62, 0x04, 0x61, 0x0A, 0x62, 0x01, 
            0x61, 0x89, 0x60, 0x5F, 0x5E, 0x5D, 0x5C, 0x5B, 0x5A, 0x59, 0x58, 0x57, 0x21, 0x56, 0x85, 0x57, 0x5A, 0x5D, 0x5F, 0x60, 0x61, 0x01, 0x62, 0x01, 
            0x61, 0x83, 0x60, 0x5E, 0x5B, 0x58, 0x4B, 0x56, 0x73, 0x55, 0x85, 0x57, 0x59, 0x5B, 0x5D, 0x5F, 0x61, 0x04, 0x62, 0x86, 0x61, 0x60, 0x5F, 0x5D, 
            0x5B, 0x59, 0x57, 0x7F, 0x55, 0x2E, 0x55, 0x84, 0x56, 0x57, 0x59, 0x5A, 0x5B, 0x01, 0x5C, 0x01, 0x5D, 0x02, 0x5E, 0x0B, 0x5F, 0x06, 0x60, 0x80, 
            0x61, 0x1C, 0x60, 0x04, 0x61, 0x02, 0x60, 0x80, 0x5F, 0x01, 0x5E, 0x86, 0x5C, 0x5B, 0x5A, 0x59, 0x58, 0x57, 0x56, 0x22, 0x55, 0x82, 0x58, 0x5A, 
            0x5C, 0x01, 0x5E, 0x01, 0x5F, 0x01, 0x5E, 0x83, 0x5D, 0x5B, 0x59, 0x56, 0x4B, 0x55, 0x74, 0x54, 0x85, 0x56, 0x59, 0x5B, 0x5D, 0x5E, 0x5F, 0x02, 
            0x60, 0x01, 0x5F, 0x85, 0x5E, 0x5D, 0x5B, 0x5A, 0x57, 0x55, 0x7F, 0x54, 0x2F, 0x54, 0x82, 0x56, 0x57, 0x59, 0x01, 0x5A, 0x80, 0x5B, 0x02, 0x5C, 
            0x03, 0x5D, 0x0D, 0x5E, 0x0D, 0x5F, 0x11, 0x5E, 0x07, 0x5F, 0x01, 0x5E, 0x88, 0x5D, 0x5C, 0x5B, 0x5A, 0x59, 0x58, 0x57, 0x56, 0x55, 0x22, 0x54, 
            0x82, 0x55, 0x58, 0x59, 0x01, 0x5B, 0x02, 0x5C, 0x83, 0x5B, 0x5A, 0x58, 0x56, 0x4C, 0x54, 0x74, 0x53, 0x84, 0x54, 0x56, 0x58, 0x5A, 0x5C, 0x05, 
            0x5D, 0x85, 0x5C, 0x5B, 0x59, 0x58, 0x56, 0x54, 0x7F, 0x53, 0x2F, 0x53, 0x83, 0x54, 0x56, 0x57, 0x58, 0x01, 0x59, 0x01, 0x5A, 0x02, 0x5B, 0x0E, 
            0x5C, 0x0C, 0x5D, 0x06, 0x5C, 0x06, 0x5B, 0x08, 0x5C, 0x04, 0x5D, 0x01, 0x5C, 0x01, 0x5B, 0x85, 0x5A, 0x59, 0x58, 0x57, 0x56, 0x55, 0x01, 0x54, 
            0x22, 0x53, 0x82, 0x55, 0x56, 0x58, 0x04, 0x59, 0x82, 0x58, 0x56, 0x54, 0x4C, 0x53, 0x25, 0x52, 0x04, 0x53, 0x4A, 0x52, 0x83, 0x54, 0x56, 0x58, 
            0x59, 0x05, 0x5B, 0x85, 0x5A, 0x59, 0x58, 0x56, 0x55, 0x53, 0x7F, 0x52, 0x30, 0x52, 0x81, 0x53, 0x55, 0x01, 0x56, 0x80, 0x57, 0x01, 0x58, 0x01, 
            0x59, 0x0F, 0x5A, 0x09, 0x5B, 0x05, 0x5A, 0x0E, 0x59, 0x0B, 0x5A, 0x01, 0x59, 0x80, 0x58, 0x01, 0x57, 0x80, 0x56, 0x01, 0x55, 0x81, 0x54, 0x53, 
            0x23, 0x52, 0x81, 0x53, 0x55, 0x04, 0x56, 0x81, 0x55, 0x53, 0x4D, 0x52, 0x23, 0x51, 0x01, 0x52, 0x04, 0x53, 0x80, 0x52, 0x4A, 0x51, 0x82, 0x53, 
            0x55, 0x57, 0x06, 0x58, 0x84, 0x57, 0x56, 0x55, 0x54, 0x52, 0x7F, 0x51, 0x31, 0x51, 0x83, 0x52, 0x53, 0x54, 0x55, 0x01, 0x56, 0x02, 0x57, 0x1A, 
            0x58, 0x05, 0x57, 0x08, 0x56, 0x08, 0x57, 0x06, 0x58, 0x01, 0x57, 0x01, 0x56, 0x01, 0x55, 0x01, 0x54, 0x80, 0x53, 0x01, 0x52, 0x23, 0x51, 0x80, 
            0x52, 0x04, 0x53, 0x80, 0x52, 0x4E, 0x51, 0x24, 0x51, 0x01, 0x52, 0x01, 0x53, 0x01, 0x52, 0x4C, 0x51, 0x81, 0x53, 0x54, 0x06, 0x56, 0x01, 0x55, 
            0x81, 0x54, 0x52, 0x7F, 0x51, 0x34, 0x51, 0x80, 0x52, 0x01, 0x53, 0x01, 0x54, 0x02, 0x55, 0x17, 0x56, 0x03, 0x55, 0x14, 0x54, 0x09, 0x55, 0x02, 
            0x54, 0x01, 0x53, 0x02, 0x52, 0x7A, 0x51, 0x23, 0x50, 0x01, 0x51, 0x02, 0x52, 0x02, 0x51, 0x4C, 0x50, 0x81, 0x52, 0x53, 0x05, 0x54, 0x01, 0x53, 
            0x81, 0x52, 0x51, 0x7F, 0x50, 0x36, 0x50, 0x01, 0x51, 0x01, 0x52, 0x02, 0x53, 0x14, 0x54, 0x02, 0x53, 0x04, 0x52, 0x13, 0x51, 0x02, 0x52, 0x05, 
            0x53, 0x03, 0x52, 0x02, 0x51, 0x7B, 0x50, 0x22, 0x4F, 0x03, 0x50, 0x01, 0x51, 0x02, 0x50, 0x4D, 0x4F, 0x80, 0x51, 0x05, 0x52, 0x01, 0x51, 0x01, 
            0x50, 0x7F, 0x4F, 0x39, 0x4F, 0x01, 0x50, 0x03, 0x51, 0x10, 0x52, 0x02, 0x51, 0x03, 0x50, 0x19, 0x4F, 0x03, 0x50, 0x80, 0x51, 0x06, 0x50, 0x7C, 
            0x4F, 0x23, 0x4E, 0x06, 0x4F, 0x4F, 0x4E, 0x80, 0x4F, 0x04, 0x50, 0x02, 0x4F, 0x7F, 0x4E, 0x3E, 0x4E, 0x04, 0x4F, 0x0B, 0x50, 0x03, 0x4F, 0x7F, 
            0x4E, 0x27, 0x4E, 0x7F, 0x4D, 0x7F, 0x4D, 0x7F, 0x4D, 0x7F, 0x4D, 0x7F, 0x4C, 0x7F, 0x4C, 0x7F, 0x4C, 0x7F, 0x4C, 0x7F, 0x4C, 0x7F, 0x4C, 0x7F, 
            0x4C, 0x7F, 0x4C, 0x7F, 0x4B, 0x7F, 0x4B, 0x7F, 0x4B, 0x7F, 0x4B, 0x7F, 0x4A, 0x7F, 0x4A, 0x7F, 0x4A, 0x7F, 0x4A, 0x7F, 0x49, 0x7F, 0x49, 0x7F, 
            0x49, 0x7F, 0x49, 0x7F, 0x48, 0x7F, 0x48, 0x7F, 0x48, 0x7F, 0x48, 0x7F, 0x47, 0x7F, 0x47, 0x7F, 0x47, 0x7F, 0x47, 0x7F, 0x47, 0x7F, 0x47, 0x7F, 
            0x47, 0x7F, 0x47, 0x7F, 0x46, 0x7F, 0x46, 0x7F, 0x46, 0x7F, 0x46, 0x7F, 0x45, 0x7F, 0x45, 0x7F, 0x45, 0x7F, 0x45, 0x7F, 0x44, 0x7F, 0x44, 0x7F, 
            0x44, 0x7F, 0x44, 0x7F, 0x43, 0x7F, 0x43, 0x7F, 0x43, 0x7F, 0x43, 0x7F, 0x42, 0x7F, 0x42, 0x7F, 0x42, 0x7F, 0x42, 0x7F, 0x42, 0x7F, 0x42, 0x7F, 
            0x42, 0x7F, 0x42, 0x7F, 0x41, 0x7F, 0x41, 0x7F, 0x41, 0x7F, 0x41, 0x7F, 0x40, 0x7F, 0x40, 0x7F, 0x40, 0x7F, 0x40, 0x7F, 0x3F, 0x7F, 0x3F, 0x7F, 
            0x3F, 0x7F, 0x3F, 0x7F, 0x3E, 0x7F, 0x3E, 0x7F, 0x3E, 0x7F, 0x3E, 0x7F, 0x3D, 0x7F, 0x3D, 0x7F, 0x3D, 0x7F, 0x3D, 0x7F, 0x3C, 0x7F, 0x3C, 0x7F, 
            0x3C, 0x7F, 0x3C, 0x7F, 0x3C, 0x7F, 0x3C, 0x7F, 0x3C, 0x7F, 0x3C, 0x7F, 0x3B, 0x7F, 0x3B, 0x7F, 0x3B, 0x7F, 0x3B, 0x7F, 0x3A, 0x7F, 0x3A, 0x7F, 
            0x3A, 0x7F, 0x3A, 0x7F, 0x39, 0x7F, 0x39, 0x7F, 0x39, 0x7F, 0x39, 0x7F, 0x38, 0x7F, 0x38, 0x7F, 0x38, 0x7F, 0x38, 0x7F, 0x37, 0x7F, 0x37, 0x7F, 
            0x37, 0x7F, 0x37, 0x7F, 0x37, 0x7F, 0x37, 0x7F, 0x37, 0x7F, 0x37, 0x7F, 0x36, 0x7F, 0x36, 0x7F, 0x36, 0x7F, 0x36, 0x7F, 0x35, 0x7F, 0x35, 0x7F, 
            0x35, 0x7F, 0x35, 0x7F, 0x34, 0x7F, 0x34, 0x7F, 0x34, 0x7F, 0x34, 0x7F, 0x33, 0x7F, 0x33, 0x7F, 0x33, 0x7F, 0x33, 0x7F, 0x32, 0x7F, 0x32, 0x7F, 
            0x32, 0x7F, 0x32, 0x7F, 0x32, 0x7F, 0x32, 0x7F, 0x32, 0x7F, 0x32, 0x7F, 0x31, 0x7F, 0x31, 0x7F, 0x31, 0x7F, 0x31, 0x7F, 0x30, 0x7F, 0x30, 0x7F, 
            0x30, 0x7F, 0x30, 0x7F, 0x2F, 0x7F, 0x2F, 0x7F, 0x2F, 0x7F, 0x2F, 0x7F, 0x2E, 0x7F, 0x2E, 0x7F, 0x2E, 0x7F, 0x2E, 0x7F, 0x2D, 0x7F, 0x2D, 0x7F, 
            0x2D, 0x7F, 0x2D, 0x7F, 0x2D, 0x7F, 0x2D, 0x7F, 0x2D, 0x7F, 0x2D, 0x7F, 0x2C, 0x7F, 0x2C, 0x7F, 0x2C, 0x7F, 0x2C, 
        };

        alignas(16) static const uint32_t s_cloudsAlphaOffset[192] =
        {
            0, 8, 256, 579, 904, 1228, 1536, 1846, 2144, 2429, 2696, 2947, 3208, 3458, 3718, 3986, 4264, 4548, 4832, 5123, 5407, 5682, 5937, 6180, 6414, 6642, 6867, 7085, 7291, 7486, 7698, 7918, 8130, 8343, 8550, 8752, 8953, 9146, 9340, 9532, 9719, 9922, 10127, 10333, 10540, 10747, 10966, 11199, 11441, 11687, 11936, 12184, 12432, 12681, 12939, 13202, 13468, 13740, 14008, 14270, 14522, 14775, 15035, 15298, 15566, 15840, 16115, 16392, 16672, 16954, 17241, 17522, 17806, 18089, 18356, 18623, 18894, 19157, 19419, 19692, 19959, 20213, 20484, 20758, 21035, 21315, 21595, 21870, 22127, 22381, 22639, 22914, 23202, 23493, 23803, 24118, 24438, 24773, 25127, 25475, 25821, 26162, 26508, 26853, 27187, 27515, 27844, 28177, 28518, 28867, 29197, 29525, 29828, 30127, 30425, 30720, 31006, 31294, 31554, 31802, 32038, 32262, 32493, 32723, 32955, 33184, 33422, 33658, 33904, 34148, 34385, 34606, 34803, 35005, 35218, 35440, 35657, 35864, 36063, 36261, 36454, 36641, 36821, 36998, 37178, 37364, 37542, 37726, 37922, 38125, 38341, 38561, 38785, 39009, 39230, 39444, 39648, 39844, 40029, 40198, 40348, 40485, 40601, 40695, 40781, 40847, 40901, 40943, 40977, 40997, 41019, 41041, 41055, 41063, 41071, 41079, 41087, 41095, 41103, 41111, 41119, 41127, 41135, 41143, 41151, 41159, 41167, 41175, 41183, 41191, 41199, 41207, 
        };

        alignas(16) static const uint32_t s_cloudsShadeOffset[192] =
        {
            0, 8, 16, 193, 419, 655, 904, 1158, 1412, 1661, 1857, 2023, 2173, 2326, 2527, 2734, 2963, 3217, 3478, 3740, 3987, 4235, 4471, 4695, 4906, 5091, 5287, 5481, 5667, 5843, 5997, 6165, 6352, 6519, 6681, 6847, 7004, 7171, 7330, 7483, 7631, 7804, 7982, 8160, 8340, 8514, 8693, 8891, 9104, 9315, 9522, 9726, 9946, 10160, 10392, 10626, 10866, 11103, 11330, 11556, 11781, 12006, 12226, 12464, 12706, 12938, 13173, 13406, 13624, 13817, 14010, 14212, 14427, 14649, 14843, 15019, 15203, 15389, 15584, 15775, 15953, 16118, 16279, 16447, 16623, 16797, 16968, 17125, 17282, 17440, 17603, 17764, 17931, 18123, 18328, 18551, 18806, 19083, 19372, 19677, 19994, 20306, 20615, 20918, 21218, 21524, 21825, 22116, 22411, 22714, 23021, 23302, 23581, 23853, 24144, 24421, 24692, 24942, 25183, 25390, 25599, 25797, 26002, 26200, 26401, 26602, 26801, 27003, 27217, 27417, 27610, 27778, 27938, 28094, 28241, 28366, 28484, 28608, 28736, 28871, 28980, 29066, 29144, 29222, 29295, 29366, 29436, 29503, 29551, 29599, 29641, 29667, 29675, 29683, 29691, 29699, 29707, 29715, 29723, 29731, 29739, 29747, 29755, 29763, 29771, 29779, 29787, 29795, 29803, 29811, 29819, 29827, 29835, 29843, 29851, 29859, 29867, 29875, 29883, 29891, 29899, 29907, 29915, 29923, 29931, 29939, 29947, 29955, 29963, 29971, 29979, 29987, 
        };
    }

    inline constexpr const uint8_t*  g_cloudsAlpha       = detail::s_cloudsAlphaData;
    inline constexpr const uint8_t*  g_cloudsShade       = detail::s_cloudsShadeData;
    inline constexpr const uint32_t* g_cloudsAlphaOffset = detail::s_cloudsAlphaOffset;
    inline constexpr const uint32_t* g_cloudsShadeOffset = detail::s_cloudsShadeOffset;
    inline constexpr uint16_t        CLOUDS_PANO_W        = 512;
    inline constexpr uint16_t        CLOUDS_PANO_H        = 192;
    inline constexpr uint16_t        CLOUDS_PANO_REPEATS  = 4;
    inline constexpr uint16_t        CLOUDS_DEFAULT_COLOR = 0xFFDF;
}
