# Blender 5.1.2
# www.blender.org
mtllib car.mtl
o NormalCar1_FrontLeftWheel_Cube.007
v 0.764401 0.226083 1.167920
v 0.762718 0.123314 1.110415
v 0.762630 0.268131 1.135951
v 0.764165 0.293255 1.151776
v 0.773333 0.292206 1.174348
v 0.762712 0.414589 1.282406
v 0.764058 0.313012 1.219922
v 0.762804 0.261933 1.365894
v 0.762713 0.181537 1.340875
v 0.762631 0.207990 1.195890
v 0.761800 0.213964 1.168353
v 0.763580 0.311451 1.166616
v 0.762643 0.413606 1.110674
v 0.761800 0.321880 1.168354
v 0.762787 0.262339 1.253352
v 0.763738 0.292889 1.242210
v 0.761800 0.274571 1.255419
v 0.762793 0.098042 1.188793
v 0.762423 0.106236 1.204525
v 0.761800 0.302914 1.145602
v 0.765980 0.242424 1.157514
v 0.761800 0.240406 1.141911
v 0.761800 0.318189 1.230861
v 0.764447 0.224061 1.221092
v 0.763781 0.238722 1.239240
v 0.761800 0.217655 1.230861
v 0.773275 0.245569 1.172137
v 0.773456 0.290187 1.218891
v 0.773405 0.245472 1.219129
v 0.762799 0.325541 1.190349
v 0.761800 0.240406 1.249827
v 0.730295 0.261273 1.255419
v 0.730295 0.240406 1.249827
v 0.730442 0.323097 1.179247
v 0.762423 0.276578 1.357556
v 0.762621 0.352105 1.342411
v 0.730295 0.213964 1.223385
v 0.730295 0.208373 1.202519
v 0.761800 0.302914 1.246136
v 0.761800 0.327471 1.202519
v 0.762423 0.429609 1.204525
v 0.721412 0.429609 1.204525
v 0.730442 0.323097 1.212492
v 0.762217 0.437979 1.190225
v 0.721412 0.190019 1.339001
v 0.721412 0.259266 1.357556
v 0.762289 0.350805 1.046888
v 0.762423 0.355557 1.057542
v 0.721412 0.129595 1.108235
v 0.730295 0.217655 1.160877
v 0.721412 0.429609 1.187214
v 0.721412 0.411054 1.117966
v 0.762166 0.260937 1.025997
v 0.762423 0.276578 1.034183
v 0.721412 0.106236 1.204525
v 0.721412 0.124790 1.273772
v 0.762227 0.179040 1.051781
v 0.762423 0.190019 1.052737
v 0.721412 0.411054 1.273772
v 0.761800 0.232930 1.145602
v 0.730295 0.232930 1.145602
v 0.721412 0.180287 1.057542
v 0.762629 0.118768 1.278358
v 0.762423 0.129595 1.283504
v 0.721412 0.259266 1.034183
v 0.721412 0.190019 1.052737
v 0.721412 0.355557 1.334196
v 0.721412 0.406249 1.283504
v 0.730295 0.240406 1.141911
v 0.730295 0.261273 1.136320
v 0.730295 0.318189 1.230861
v 0.730295 0.302914 1.246136
v 0.721412 0.124790 1.117966
v 0.721412 0.106236 1.187213
v 0.721412 0.406249 1.108235
v 0.721412 0.355557 1.057542
v 0.730295 0.208373 1.189220
v 0.730295 0.213964 1.168353
v 0.730295 0.302914 1.145602
v 0.730295 0.318189 1.160877
v 0.721412 0.129595 1.283504
v 0.721412 0.180287 1.334196
v 0.721412 0.345825 1.052737
v 0.721412 0.276578 1.034183
v 0.721412 0.276578 1.357556
v 0.721412 0.345825 1.339001
v 0.730295 0.232930 1.246136
v 0.730295 0.217655 1.230861
v 0.730295 0.274571 1.136320
v 0.730295 0.295438 1.141911
v 0.730295 0.295438 1.249827
v 0.730295 0.274571 1.255419
v 0.750415 0.239412 1.227731
v 0.749669 0.293899 1.232499
v 0.750415 0.299784 1.167359
v 0.753873 0.294749 1.219057
v 0.753000 0.237619 1.173545
v 0.755131 0.243755 1.217947
v 0.751335 0.243771 1.162403
v 0.755131 0.290000 1.171702
v 0.595207 0.267922 0.933977
v 0.757007 0.267922 0.933977
v 0.757007 0.136976 0.969064
v 0.595207 0.136976 0.969064
v 0.757007 0.041117 1.064923
v 0.595207 0.041117 1.064923
v 0.757007 0.006030 1.195869
v 0.595207 0.006030 1.195869
v 0.757007 0.041117 1.326815
v 0.595207 0.041117 1.326815
v 0.757007 0.136976 1.422674
v 0.595207 0.136976 1.422674
v 0.757007 0.267922 1.457761
v 0.595207 0.267922 1.457761
v 0.757007 0.398868 1.422674
v 0.595207 0.398868 1.422674
v 0.757007 0.494727 1.326815
v 0.595207 0.494727 1.326815
v 0.757007 0.529814 1.195869
v 0.595207 0.529814 1.195869
v 0.757007 0.494727 1.064923
v 0.595207 0.494727 1.064923
v 0.786423 0.330233 1.388917
v 0.757007 0.398868 0.969064
v 0.595207 0.398868 0.969064
v 0.786070 0.181363 1.345793
v 0.786070 0.267922 1.368986
v 0.786423 0.131895 1.346357
v 0.789024 0.091912 1.195869
v 0.788887 0.261393 1.019410
v 0.786423 0.117435 1.059842
v 0.786423 0.403950 1.045382
v 0.788887 0.444382 1.189340
v 0.788823 0.423372 1.280947
v 0.786070 0.117998 1.109310
v 0.786070 0.417846 1.109310
v 0.786070 0.354481 1.345793
v 0.786070 0.117998 1.282428
v 0.786070 0.354481 1.045945
v 0.786070 0.181363 1.045945
v 0.593456 0.267922 -1.505148
v 0.755255 0.267922 -1.505148
v 0.755255 0.136976 -1.470062
v 0.593456 0.136976 -1.470062
v 0.755255 0.041117 -1.374203
v 0.593456 0.041117 -1.374203
v 0.755255 0.006030 -1.243256
v 0.593456 0.006030 -1.243256
v 0.755255 0.041117 -1.112310
v 0.593456 0.041117 -1.112310
v 0.755255 0.136976 -1.016451
v 0.593456 0.136976 -1.016451
v 0.755255 0.267922 -0.981364
v 0.593456 0.267922 -0.981364
v 0.755255 0.398868 -1.016451
v 0.593456 0.398868 -1.016451
v 0.755255 0.494727 -1.112310
v 0.593456 0.494727 -1.112310
v 0.755255 0.529814 -1.243256
v 0.593456 0.529814 -1.243256
v 0.755255 0.494727 -1.374202
v 0.593456 0.494727 -1.374202
v 0.784672 0.330235 -1.050210
v 0.755255 0.398868 -1.470062
v 0.593456 0.398868 -1.470062
v 0.784319 0.181363 -1.093333
v 0.784319 0.267922 -1.070139
v 0.784672 0.131895 -1.092768
v 0.784672 0.205609 -1.436304
v 0.784672 0.069582 -1.285814
v 0.784672 0.403948 -1.393745
v 0.787136 0.444382 -1.249785
v 0.787072 0.423372 -1.158179
v 0.760965 0.414121 -1.157398
v 0.760466 0.437979 -1.248901
v 0.784319 0.117998 -1.329815
v 0.784319 0.094805 -1.243256
v 0.784319 0.417846 -1.329815
v 0.784319 0.354481 -1.093333
v 0.784319 0.117998 -1.156698
v 0.784319 0.354481 -1.393180
v 0.784319 0.267922 -1.416374
v 0.784319 0.181363 -1.393180
v 0.760962 0.181537 -1.098251
v 0.761053 0.261933 -1.073231
v 0.760566 0.121081 -1.325405
v 0.761042 0.098042 -1.250332
v 0.760892 0.413605 -1.328451
v 0.760873 0.352748 -1.096262
v 0.760878 0.118768 -1.160768
v 0.760539 0.350804 -1.392237
v 0.760415 0.260937 -1.413129
v 0.760461 0.178179 -1.388287
v 0.719661 0.259266 -1.081570
v 0.719661 0.190019 -1.100125
v 0.728544 0.240406 -1.189298
v 0.728544 0.261273 -1.183707
v 0.719661 0.345825 -1.100125
v 0.719661 0.276578 -1.081570
v 0.728544 0.274571 -1.183707
v 0.728544 0.295438 -1.189298
v 0.719661 0.406249 -1.155622
v 0.719661 0.355557 -1.104929
v 0.728544 0.302914 -1.192989
v 0.728544 0.318189 -1.208264
v 0.719661 0.429609 -1.234600
v 0.719661 0.411054 -1.165354
v 0.728691 0.323097 -1.226634
v 0.719661 0.355557 -1.381583
v 0.719661 0.406249 -1.330891
v 0.728544 0.318189 -1.278248
v 0.728544 0.302914 -1.293524
v 0.719661 0.411054 -1.321159
v 0.719661 0.429609 -1.251912
v 0.728544 0.327471 -1.249906
v 0.728544 0.321880 -1.270772
v 0.719661 0.276578 -1.404943
v 0.719661 0.345825 -1.386388
v 0.728544 0.295438 -1.297215
v 0.728544 0.274571 -1.302806
v 0.719661 0.190019 -1.386388
v 0.719661 0.259266 -1.404943
v 0.728544 0.261273 -1.302806
v 0.728544 0.240406 -1.297215
v 0.719661 0.129595 -1.330891
v 0.719661 0.180287 -1.381583
v 0.728544 0.232930 -1.293524
v 0.728544 0.217655 -1.278248
v 0.719661 0.106236 -1.251912
v 0.719661 0.124790 -1.321159
v 0.728544 0.213964 -1.270772
v 0.728544 0.208373 -1.249906
v 0.719661 0.124790 -1.165354
v 0.719661 0.106236 -1.234600
v 0.728544 0.208373 -1.236607
v 0.728544 0.213964 -1.215741
v 0.719661 0.180287 -1.104929
v 0.719661 0.129595 -1.155622
v 0.728544 0.217655 -1.208264
v 0.728544 0.232930 -1.192989
v 0.748663 0.239411 -1.211395
v 0.753380 0.243755 -1.221179
v 0.751249 0.237619 -1.265581
v 0.749583 0.243771 -1.276723
v 0.748663 0.299784 -1.271767
v 0.753380 0.289999 -1.267424
v 0.747917 0.304552 -1.217279
v 0.752121 0.291110 -1.216429
v -0.591716 0.267922 -1.505148
v -0.591716 0.136976 -1.470062
v -0.753516 0.136976 -1.470062
v -0.753516 0.267922 -1.505148
v -0.591716 0.041117 -1.374203
v -0.753516 0.041117 -1.374203
v -0.591716 0.006030 -1.243256
v -0.753516 0.006030 -1.243256
v -0.591716 0.041117 -1.112310
v -0.753516 0.041117 -1.112310
v -0.591716 0.136976 -1.016452
v -0.753516 0.136976 -1.016452
v -0.591716 0.267922 -0.981364
v -0.753516 0.267922 -0.981364
v -0.591716 0.398868 -1.016452
v -0.753516 0.398868 -1.016452
v -0.591716 0.494727 -1.112310
v -0.753516 0.494727 -1.112310
v -0.591716 0.529814 -1.243256
v -0.753516 0.529814 -1.243256
v -0.591716 0.494727 -1.374202
v -0.753516 0.494727 -1.374202
v -0.591716 0.398868 -1.470062
v -0.753516 0.398868 -1.470062
v -0.782579 0.267922 -1.070139
v -0.785396 0.174037 -1.093703
v -0.782932 0.069582 -1.200699
v -0.782932 0.330235 -1.436303
v -0.782932 0.131895 -1.393745
v -0.782932 0.466262 -1.285814
v -0.785332 0.419326 -1.151172
v -0.782932 0.310483 -1.044917
v -0.782579 0.441039 -1.243256
v -0.759313 0.437947 -1.249245
v -0.782579 0.094805 -1.243256
v -0.782579 0.117998 -1.329815
v -0.782579 0.417846 -1.329815
v -0.782579 0.354481 -1.093333
v -0.782579 0.117998 -1.156698
v -0.782579 0.354481 -1.393180
v -0.782579 0.181363 -1.393180
v -0.782579 0.267922 -1.416374
v -0.758726 0.262277 -1.073200
v -0.758675 0.098050 -1.250242
v -0.759228 0.353289 -1.097399
v -0.758799 0.118941 -1.160375
v -0.759138 0.350411 -1.392410
v -0.759314 0.178381 -1.388460
v -0.759302 0.260846 -1.413137
v -0.717921 0.259266 -1.081570
v -0.726804 0.261273 -1.183707
v -0.726804 0.240406 -1.189298
v -0.717921 0.190019 -1.100125
v -0.717921 0.345825 -1.100125
v -0.726804 0.295438 -1.189298
v -0.726804 0.274571 -1.183707
v -0.717921 0.276578 -1.081570
v -0.717921 0.406249 -1.155622
v -0.726804 0.318189 -1.208264
v -0.726804 0.302914 -1.192989
v -0.717921 0.355557 -1.104930
v -0.717921 0.429609 -1.234601
v -0.726951 0.323097 -1.226634
v -0.717921 0.411054 -1.165354
v -0.717921 0.355557 -1.381583
v -0.726804 0.302914 -1.293524
v -0.726804 0.318189 -1.278249
v -0.717921 0.406249 -1.330891
v -0.717921 0.411054 -1.321159
v -0.726804 0.321880 -1.270772
v -0.726804 0.327471 -1.249906
v -0.717921 0.429609 -1.251912
v -0.717921 0.276578 -1.404943
v -0.726804 0.274571 -1.302806
v -0.726804 0.295438 -1.297215
v -0.717921 0.345825 -1.386388
v -0.717921 0.190019 -1.386388
v -0.726804 0.240406 -1.297215
v -0.726804 0.261273 -1.302806
v -0.717921 0.259266 -1.404943
v -0.717921 0.129595 -1.330891
v -0.726804 0.217655 -1.278249
v -0.726804 0.232930 -1.293524
v -0.717921 0.180287 -1.381583
v -0.717921 0.106236 -1.251912
v -0.726804 0.208373 -1.249906
v -0.726804 0.213964 -1.270772
v -0.717921 0.124790 -1.321159
v -0.717921 0.124790 -1.165354
v -0.726804 0.213964 -1.215741
v -0.726804 0.208373 -1.236607
v -0.717921 0.106236 -1.234601
v -0.717921 0.180287 -1.104930
v -0.726804 0.232930 -1.192989
v -0.726804 0.217655 -1.208264
v -0.717921 0.129595 -1.155622
v -0.746924 0.239411 -1.211395
v -0.751640 0.243755 -1.221179
v -0.749509 0.237619 -1.265581
v -0.747844 0.243771 -1.276723
v -0.746924 0.299784 -1.271767
v -0.751640 0.289999 -1.267424
v -0.746178 0.304552 -1.217279
v -0.750381 0.291110 -1.216429
v 0.762649 0.226083 -1.271206
v 0.760672 0.129595 -1.330891
v 0.760878 0.268131 -1.303175
v 0.762413 0.293254 -1.287349
v 0.771582 0.292206 -1.264778
v 0.761785 0.314463 -1.218171
v 0.760879 0.207990 -1.243235
v 0.760048 0.213964 -1.270772
v 0.761828 0.311451 -1.272510
v 0.760048 0.321880 -1.270772
v 0.761036 0.262339 -1.185775
v 0.762551 0.291904 -1.198373
v 0.760048 0.274571 -1.183707
v 0.760672 0.106236 -1.234600
v 0.760048 0.302914 -1.293524
v 0.764228 0.242423 -1.281611
v 0.760048 0.240406 -1.297215
v 0.760048 0.318189 -1.208264
v 0.762695 0.224061 -1.218034
v 0.762028 0.238722 -1.199886
v 0.760048 0.217655 -1.208264
v 0.771524 0.245568 -1.266989
v 0.771705 0.290187 -1.220235
v 0.771655 0.245472 -1.219997
v 0.760808 0.326401 -1.237590
v 0.760048 0.240406 -1.189298
v 0.760048 0.327471 -1.249906
v 0.760672 0.276578 -1.081570
v 0.760048 0.302914 -1.192989
v 0.760672 0.429609 -1.234600
v 0.760672 0.355557 -1.381583
v 0.760672 0.276578 -1.404943
v 0.760672 0.190019 -1.386388
v 0.760048 0.232930 -1.293524
v 0.760672 0.129595 -1.155622
v -0.762616 0.229881 -1.268574
v -0.758309 0.217655 -1.278249
v -0.758744 0.124307 -1.331707
v -0.760247 0.314263 -1.218289
v -0.759152 0.182727 -1.097574
v -0.758309 0.213964 -1.270772
v -0.760289 0.311294 -1.272457
v -0.758309 0.321880 -1.270772
v -0.759222 0.412928 -1.329641
v -0.759308 0.262402 -1.185637
v -0.758309 0.274571 -1.183707
v -0.760567 0.291974 -1.198167
v -0.758932 0.106236 -1.234601
v -0.759139 0.208003 -1.243047
v -0.758309 0.302914 -1.293524
v -0.758309 0.240406 -1.297215
v -0.760288 0.238875 -1.286767
v -0.758309 0.318189 -1.208264
v -0.759135 0.415277 -1.157919
v -0.758309 0.217655 -1.208264
v -0.760089 0.238668 -1.199728
v -0.759140 0.267943 -1.303189
v -0.769914 0.291182 -1.265707
v -0.769807 0.244210 -1.265595
v -0.760956 0.293145 -1.287118
v -0.769964 0.290944 -1.220991
v -0.758309 0.240406 -1.189298
v -0.759296 0.325403 -1.248840
v -0.758932 0.276578 -1.081570
v -0.760674 0.223829 -1.217924
v -0.758309 0.302914 -1.192989
v -0.758309 0.327471 -1.236607
v -0.758932 0.429609 -1.234601
v -0.758932 0.355557 -1.381583
v -0.758932 0.276578 -1.404943
v -0.758932 0.190019 -1.386388
v -0.758932 0.124790 -1.321159
v -0.758932 0.129595 -1.155622
v -0.769842 0.246401 -1.218973
v 0.546278 0.408671 -1.994171
v 0.557254 0.632911 -1.927252
v 0.710305 0.558980 -1.814375
v 0.712471 0.333260 -1.808610
v 0.832904 0.584392 -0.680086
v 0.832943 0.641293 -0.150912
v 0.832943 0.408671 -0.148463
v 0.692096 0.649377 1.872391
v 0.764557 0.569773 1.757954
v 0.373277 0.837844 -1.912076
v 0.000000 0.837844 -1.930181
v 0.773125 0.514149 -1.402684
v 0.750716 0.415250 -1.498972
v 0.651730 0.837844 -1.799953
v 0.697091 0.820212 -1.473154
v 0.000000 0.580798 -2.045712
v 0.373277 0.601692 -2.013001
v 0.346572 0.579264 -2.021897
v 0.348367 0.429021 -2.062176
v -0.000001 0.251667 2.112576
v 0.268131 0.251760 2.104826
v 0.321162 0.629076 1.972145
v 0.846607 0.411804 -0.148458
v 0.833105 0.223862 0.195444
v 0.844677 0.644509 -0.150867
v 0.830834 0.611921 1.006128
v 0.830606 0.403641 0.874916
v 0.359347 0.835996 -1.334019
v 0.661048 0.948233 0.523966
v 0.741947 0.764517 0.821309
v 0.731071 0.784292 0.722378
v 0.661268 0.942903 0.466352
v 0.430648 0.754510 1.154305
v 0.387437 0.725503 1.284745
v 0.715161 0.729751 1.308931
v 0.836204 0.223762 -0.189060
v 0.761895 0.766321 0.297889
v 0.822364 0.577997 1.336200
v -0.434709 0.761382 0.912920
v 0.448576 0.761385 0.909685
v 0.444567 0.783726 0.868465
v 0.764435 0.305477 -1.565038
v 0.764793 0.273134 -1.571057
v 0.722768 0.304931 -1.825913
v 0.808512 0.381310 -0.947133
v 0.809844 0.504349 -1.046956
v 0.681371 0.965268 -0.234265
v 0.762785 0.767317 -0.170491
v 0.750014 0.794025 -0.201554
v 0.725648 0.766321 -1.094397
v 0.635002 0.947895 0.525494
v 0.705458 0.783288 0.783945
v 0.832943 0.170647 -0.648818
v 0.725731 0.173127 1.875295
v 0.681349 0.171465 1.987689
v 0.799949 0.553831 -1.229203
v 0.752660 0.305500 -1.545434
v 0.577680 1.145808 -0.254918
v 0.595533 1.122832 -0.281118
v 0.000000 0.558980 2.055079
v 0.373277 0.558980 2.044919
v 0.718254 0.569055 1.881773
v 0.673835 0.567614 1.959546
v 0.373277 0.408671 2.103292
v 0.268131 0.380744 2.104826
v 0.751294 0.270348 -1.550814
v 0.827847 0.170729 0.746016
v -0.827768 0.170752 0.741723
v 0.832399 0.176358 0.912052
v 0.007742 0.177207 -0.871999
v 0.808121 0.184162 -0.909072
v 0.584670 0.213150 -1.094908
v 0.600285 0.188205 -0.915647
v 0.495004 0.287661 -1.608241
v 0.564645 0.276875 -1.550250
v 0.223831 0.254482 -1.506914
v 0.000000 0.286978 -1.638682
v 0.597657 0.175638 1.492681
v 0.373627 0.170719 2.103710
v 0.000000 0.170659 2.113452
v 0.794432 0.382811 1.464333
v -0.398609 0.728114 1.277201
v 0.817825 0.496348 1.335669
v 0.824147 0.538892 1.197882
v 0.829954 0.501551 1.050373
v 0.829954 0.382815 0.938292
v 0.785491 0.175581 1.493024
v 0.606284 0.382815 1.464104
v 0.630794 0.496348 1.335669
v 0.642924 0.382815 0.938292
v 0.656882 0.544338 1.197882
v 0.642924 0.501551 1.050373
v 0.642772 0.176275 0.912098
v 0.373389 1.182609 -0.253916
v 0.373389 1.154511 0.176838
v 0.575134 1.119043 0.157958
v 0.554737 1.093864 0.201630
v 0.582163 1.107551 -0.634739
v 0.342746 1.143178 -0.635716
v 0.000000 1.182609 -0.253916
v 0.598485 1.060457 -0.839886
v 0.522893 1.050699 -0.863568
v 0.613451 0.905017 -1.161273
v 0.668837 0.910214 -1.048109
v 0.668363 0.907879 -0.976681
v 0.717040 0.793204 -1.048727
v 0.581499 1.091289 0.145234
v 0.632807 0.763651 -1.837246
v 0.385693 0.766255 -1.936779
v 0.653721 0.655894 -1.851098
v 0.442098 0.769615 0.862658
v 0.634498 0.934825 0.518819
v 0.704955 0.770218 0.777270
v 0.381584 1.132609 0.219685
v 0.381080 1.119539 0.213010
v 0.000000 1.149351 0.222311
v 0.000000 1.136281 0.215636
v 0.000000 1.171253 0.179819
v 0.751132 0.785562 -0.127960
v 0.674493 0.955202 -0.158913
v 0.589213 1.111035 -0.201903
v 0.675071 0.956063 -0.232618
v 0.623418 1.042952 -0.787289
v 0.571244 0.254025 -1.457076
v 0.633594 0.840562 -1.305597
v 0.385919 0.320707 -2.079338
v 0.672397 0.850828 -1.288107
v 0.558896 0.320786 -2.011665
v 0.603682 0.351072 -0.948662
v 0.600552 0.498068 -1.041750
v 0.591407 0.551568 -1.232678
v 0.582262 0.509843 -1.408447
v 0.575250 0.404121 -1.504300
v 0.668172 0.933297 -0.734592
v 0.620959 1.062197 -0.683220
v 0.618280 1.075688 -0.609393
v 0.000000 0.836943 -1.348666
v 0.522878 1.042391 -0.859995
v 0.607782 0.170698 2.051772
v 0.608607 0.418689 2.036116
v 0.740624 0.408671 1.857567
v 0.722768 0.332786 -1.825913
v 0.546278 0.345012 -1.994171
v 0.373277 0.345012 -2.061741
v 0.647099 0.535303 1.982978
v 0.705824 0.514621 1.908312
v -0.000000 0.430751 -2.084198
v 0.000000 0.345012 -2.089564
v 0.558741 0.345251 -2.011872
v 0.000000 0.345251 -2.107265
v 0.385740 0.345251 -2.079443
v 0.000000 0.320561 -2.107241
v 0.686493 0.407074 1.974942
v 0.560780 0.509328 2.017069
v 0.436740 0.426381 2.074140
v 0.436640 0.499348 2.052789
v 0.747794 0.699863 0.800032
v 0.747794 0.729718 0.800032
v 0.738115 0.729718 0.778696
v 0.738115 0.699863 0.778696
v 0.769012 0.699863 0.753949
v 0.769012 0.729718 0.753949
v 0.771437 0.737657 0.718148
v 0.771437 0.691923 0.718148
v 0.847509 0.691993 0.725071
v 0.903680 0.737657 0.641279
v 0.887144 0.783073 0.662439
v 0.847703 0.790443 0.724910
v 0.787155 0.696025 0.772260
v 0.851300 0.691923 0.622485
v 0.871412 0.737657 0.596751
v 0.883569 0.691923 0.667014
v 0.821701 0.692029 0.673633
v 0.821909 0.790443 0.673465
v 0.854876 0.783073 0.617910
v 0.795390 0.733753 0.769807
v 0.803252 0.793743 0.764263
v 0.774751 0.790305 0.715214
v 0.668269 0.420786 1.968602
v 0.602583 0.417184 2.018407
v 0.639831 0.531832 1.972180
v 0.708593 0.457217 1.911969
v -0.000001 0.383987 2.114550
v -0.430587 0.754511 1.154301
v 0.344164 0.570474 -1.981466
v 0.000000 0.570474 -2.002823
v 0.000000 0.422309 -2.040236
v 0.344164 0.422309 -2.018879
v 0.385693 0.634610 -1.992794
v 0.376607 0.626335 -1.972845
v 0.535466 0.623719 -1.904404
v 0.376607 0.757981 -1.910733
v 0.626080 0.757981 -1.814872
v 0.645907 0.649519 -1.834603
v 0.670088 0.936769 -0.667484
v 0.751630 0.794666 -0.739605
v 0.744336 0.794697 -0.804310
v 0.266942 0.380744 2.090455
v 0.267351 0.251760 2.086910
v 0.000000 0.251760 2.094000
v -0.546278 0.408671 -1.994171
v -0.710305 0.558980 -1.814375
v -0.557254 0.632911 -1.927252
v -0.833329 0.580135 -0.692315
v -0.832943 0.408671 -0.148463
v -0.832943 0.641293 -0.150912
v -0.819555 0.572125 1.365134
v -0.764557 0.569773 1.757954
v -0.692096 0.649377 1.872391
v -0.713307 0.732392 1.303340
v -0.373277 0.837844 -1.912076
v -0.770018 0.535574 -1.424942
v -0.695421 0.820276 -1.485977
v -0.651730 0.837844 -1.799953
v -0.752806 0.423647 -1.492633
v -0.346572 0.579264 -2.021897
v -0.373277 0.601692 -2.013001
v -0.349830 0.429024 -2.061963
v -0.268131 0.251760 2.104826
v -0.373627 0.170719 2.103710
v -0.355758 0.630433 1.964301
v -0.846607 0.411804 -0.148458
v -0.846607 0.644426 -0.150907
v -0.833012 0.639409 0.271179
v -0.826905 0.631350 0.868119
v -0.371598 0.841981 -1.338353
v -0.661048 0.948233 0.523966
v -0.658541 0.946814 0.458485
v -0.741713 0.764523 0.821382
v -0.832943 0.223832 0.205313
v -0.835226 0.223766 -0.189097
v -0.761895 0.766321 0.297889
v -0.830666 0.601763 1.132710
v -0.456784 0.783288 0.865301
v -0.751728 0.306670 -1.547794
v -0.764942 0.305392 -1.565210
v -0.832812 0.381256 0.936351
v -0.761941 0.766333 -0.170351
v -0.764243 0.273285 -1.571394
v -0.722768 0.304931 -1.825913
v -0.808465 0.381446 -0.947218
v -0.809814 0.505606 -1.048465
v -0.684781 0.951024 -0.230802
v -0.725648 0.766321 -1.094397
v -0.705458 0.783288 0.783945
v -0.635002 0.947895 0.525494
v -0.832943 0.170659 -0.652285
v -0.726178 0.173140 1.874007
v -0.681982 0.171438 1.987119
v -0.769432 0.509843 -1.408704
v -0.796452 0.551573 -1.232545
v -0.798545 0.578978 -1.226148
v -0.577633 1.145848 -0.254044
v -0.373277 0.558980 2.044919
v -0.718254 0.569055 1.881773
v -0.673835 0.567614 1.959546
v -0.268131 0.380744 2.104826
v -0.373277 0.408671 2.103292
v -0.751294 0.270348 -1.550814
v -0.584763 0.212612 -1.093667
v -0.495004 0.287661 -1.608241
v -0.564701 0.276874 -1.550248
v -0.812008 0.177235 -0.862670
v -0.570980 0.252847 -1.459068
v -0.785474 0.175579 1.493016
v -0.817825 0.496348 1.335669
v -0.793977 0.382794 1.464211
v -0.829954 0.501551 1.050373
v -0.824147 0.538892 1.197882
v -0.833002 0.175447 0.854350
v -0.597643 0.175673 1.492678
v -0.630795 0.496348 1.335669
v -0.606284 0.382815 1.464104
v -0.642719 0.175479 0.912185
v -0.642924 0.382815 0.938292
v -0.642924 0.501551 1.050373
v -0.656882 0.544338 1.197882
v -0.829938 0.175568 0.912515
v -0.575134 1.119043 0.157958
v -0.373389 1.154511 0.176838
v -0.373389 1.182609 -0.253916
v -0.373389 1.140035 -0.633812
v -0.582163 1.107551 -0.634739
v -0.523005 1.050234 -0.863511
v -0.598485 1.060457 -0.839886
v -0.719283 0.794816 -1.048537
v -0.674745 0.909290 -0.980342
v -0.385693 0.766255 -1.936779
v -0.632807 0.763651 -1.837246
v -0.653721 0.655894 -1.851098
v -0.456281 0.770218 0.858626
v -0.704955 0.770218 0.777270
v -0.634498 0.934825 0.518819
v -0.554738 1.093864 0.201630
v -0.381080 1.119539 0.213010
v -0.381584 1.132609 0.219685
v -0.749365 0.784216 -0.128124
v -0.687580 0.932702 -0.153465
v -0.580799 1.090663 0.145516
v -0.594065 1.121935 -0.280799
v -0.663670 0.905683 -0.975447
v -0.622965 1.042547 -0.787599
v -0.621353 1.062383 -0.683277
v -0.618930 1.076181 -0.609445
v -0.633594 0.840562 -1.305597
v -0.672397 0.850828 -1.288107
v -0.558917 0.320786 -2.011657
v -0.575812 0.404250 -1.504243
v -0.600552 0.498068 -1.041750
v -0.603867 0.349743 -0.948225
v -0.591407 0.551568 -1.232678
v -0.582262 0.509843 -1.408447
v -0.808462 0.188541 -0.910041
v -0.600271 0.188212 -0.915649
v -0.590081 1.112044 -0.202000
v -0.732234 0.785081 0.722826
v -0.668678 0.930405 -0.735715
v -0.750950 0.794873 -0.201861
v -0.522965 1.041736 -0.860090
v -0.613451 0.905018 -1.161273
v -0.608608 0.418689 2.036116
v -0.607781 0.170698 2.051772
v -0.740624 0.408671 1.857567
v -0.710035 0.333375 -1.811157
v -0.722768 0.332786 -1.825913
v -0.373277 0.345012 -2.061741
v -0.546278 0.345012 -1.994171
v -0.704784 0.513637 1.906796
v -0.640339 0.532991 1.977961
v -0.558741 0.345251 -2.011872
v -0.385919 0.320707 -2.079338
v -0.385740 0.345251 -2.079443
v -0.686494 0.407074 1.974942
v -0.436641 0.499348 2.052789
v -0.436741 0.426381 2.074140
v -0.747794 0.699863 0.800032
v -0.738116 0.699863 0.778696
v -0.738116 0.729718 0.778696
v -0.747794 0.729718 0.800032
v -0.769012 0.699863 0.753949
v -0.771438 0.691923 0.718148
v -0.771438 0.737657 0.718148
v -0.769012 0.729718 0.753949
v -0.847703 0.691923 0.724910
v -0.847703 0.790443 0.724910
v -0.887145 0.783073 0.662439
v -0.903680 0.737657 0.641279
v -0.787155 0.696025 0.772260
v -0.851301 0.691923 0.622485
v -0.883569 0.691923 0.667014
v -0.871412 0.737657 0.596751
v -0.821910 0.691923 0.673465
v -0.821910 0.790443 0.673465
v -0.854876 0.783073 0.617910
v -0.794440 0.733489 0.770425
v -0.801376 0.792815 0.765924
v -0.776531 0.791672 0.713639
v -0.602584 0.417184 2.018407
v -0.664110 0.417298 1.963179
v -0.671378 0.420769 1.973977
v -0.560781 0.509328 2.017069
v -0.709601 0.456155 1.914134
v -0.775558 0.769697 -0.170356
v -0.344164 0.570474 -1.981466
v -0.344164 0.422309 -2.018879
v -0.535466 0.623719 -1.904404
v -0.376607 0.626335 -1.972845
v -0.385693 0.634610 -1.992794
v -0.376607 0.757981 -1.910733
v -0.626080 0.757981 -1.814872
v -0.645907 0.649519 -1.834603
v -0.677533 0.923778 -0.673906
v -0.751749 0.794625 -0.739740
v -0.743301 0.794202 -0.804330
v -0.267352 0.380744 2.086910
v -0.267352 0.251760 2.086910
v 0.433073 0.934825 0.600175
v -0.421487 0.932933 0.607379
v 0.671996 0.948213 0.206814
v -0.750184 0.783889 0.202448
v -0.671997 0.948213 0.206814
v -0.284931 0.833837 -1.339915
v 0.747485 0.783744 0.322400
v -0.762432 0.225925 1.167837
v -0.760478 0.123201 1.106410
v -0.762563 0.312806 1.219851
v -0.760478 0.262277 1.365926
v -0.760904 0.182727 1.341552
v -0.760060 0.213964 1.168353
v -0.762040 0.311293 1.166670
v -0.760060 0.321880 1.168354
v -0.760974 0.412928 1.109485
v -0.761059 0.262402 1.253489
v -0.760060 0.274571 1.255419
v -0.761798 0.293008 1.242410
v -0.760427 0.098050 1.188884
v -0.760684 0.106236 1.204525
v -0.760890 0.208003 1.196078
v -0.760060 0.302914 1.145602
v -0.760060 0.240406 1.141911
v -0.764163 0.242399 1.157420
v -0.760060 0.318189 1.230861
v -0.760887 0.415278 1.281207
v -0.760060 0.217655 1.230861
v -0.761840 0.238668 1.239398
v -0.760891 0.267943 1.135937
v -0.771666 0.291182 1.173419
v -0.771558 0.244211 1.173531
v -0.762707 0.293145 1.152008
v -0.771715 0.290944 1.218135
v -0.760060 0.240406 1.249827
v -0.728555 0.240406 1.249827
v -0.728555 0.261273 1.255419
v -0.761047 0.325404 1.190286
v -0.728702 0.323097 1.179247
v -0.760684 0.276578 1.357556
v -0.760980 0.353289 1.341727
v -0.728555 0.208373 1.202519
v -0.728555 0.213964 1.223385
v -0.762425 0.223829 1.221201
v -0.760060 0.302914 1.246136
v -0.760060 0.327471 1.202519
v -0.719673 0.429609 1.204525
v -0.760684 0.429609 1.204525
v -0.761065 0.437947 1.189881
v -0.719673 0.259266 1.357556
v -0.719673 0.190019 1.339001
v -0.760890 0.350411 1.046715
v -0.760684 0.355557 1.057542
v -0.728555 0.217655 1.160878
v -0.719673 0.129595 1.108235
v -0.719673 0.411054 1.117966
v -0.719673 0.429609 1.187214
v -0.761054 0.260846 1.025989
v -0.760684 0.276578 1.034183
v -0.719673 0.124790 1.273772
v -0.719673 0.106236 1.204525
v -0.761073 0.179208 1.051632
v -0.760684 0.190019 1.052737
v -0.719673 0.411054 1.273772
v -0.728702 0.323097 1.212492
v -0.760060 0.232930 1.145602
v -0.719673 0.180287 1.057542
v -0.728555 0.232930 1.145602
v -0.760684 0.124790 1.117966
v -0.760550 0.118941 1.278752
v -0.760684 0.129595 1.283504
v -0.719673 0.190019 1.052737
v -0.719673 0.259266 1.034183
v -0.719673 0.406249 1.283504
v -0.719673 0.355557 1.334196
v -0.728555 0.261273 1.136320
v -0.728555 0.240406 1.141911
v -0.728555 0.302914 1.246136
v -0.728555 0.318189 1.230861
v -0.719673 0.106236 1.187213
v -0.719673 0.124790 1.117966
v -0.719673 0.355557 1.057542
v -0.719673 0.406249 1.108235
v -0.728555 0.213964 1.168353
v -0.728555 0.208373 1.189220
v -0.728555 0.318189 1.160878
v -0.728555 0.302914 1.145602
v -0.719673 0.180287 1.334196
v -0.719673 0.129595 1.283504
v -0.719673 0.276578 1.034183
v -0.719673 0.345825 1.052737
v -0.719673 0.345825 1.339001
v -0.719673 0.276578 1.357556
v -0.728555 0.217655 1.230861
v -0.728555 0.232930 1.246136
v -0.728555 0.295438 1.141911
v -0.728555 0.274571 1.136320
v -0.728555 0.274571 1.255419
v -0.728555 0.295438 1.249827
v -0.748675 0.239412 1.227731
v -0.771593 0.246401 1.220153
v -0.747929 0.293899 1.232499
v -0.752133 0.294749 1.219057
v -0.753392 0.290000 1.171702
v -0.749595 0.243771 1.162403
v -0.753392 0.243755 1.217947
v -0.748675 0.299784 1.167359
v -0.751261 0.237619 1.173545
v -0.593468 0.267922 0.933977
v -0.593468 0.136976 0.969064
v -0.755267 0.136976 0.969064
v -0.755267 0.267922 0.933977
v -0.593468 0.041117 1.064923
v -0.755267 0.041117 1.064923
v -0.593468 0.006030 1.195869
v -0.755267 0.006030 1.195869
v -0.593468 0.041117 1.326815
v -0.755267 0.041117 1.326815
v -0.593468 0.136976 1.422674
v -0.755267 0.136976 1.422674
v -0.593468 0.267922 1.457761
v -0.755267 0.267922 1.457761
v -0.593468 0.398868 1.422674
v -0.755267 0.398868 1.422674
v -0.593468 0.494727 1.326815
v -0.755267 0.494727 1.326815
v -0.593468 0.529814 1.195870
v -0.755267 0.529814 1.195869
v -0.593468 0.494727 1.064923
v -0.755267 0.494727 1.064923
v -0.784683 0.117435 1.331897
v -0.593468 0.398868 0.969064
v -0.755267 0.398868 0.969064
v -0.784330 0.267922 1.368986
v -0.784330 0.181363 1.345793
v -0.787147 0.091463 1.189340
v -0.784683 0.330235 1.002823
v -0.784683 0.131895 1.045382
v -0.784683 0.466262 1.153310
v -0.787083 0.419326 1.287954
v -0.784683 0.310481 1.394209
v -0.784330 0.441039 1.195869
v -0.784330 0.117998 1.109310
v -0.784330 0.417846 1.109310
v -0.784330 0.354481 1.345793
v -0.784330 0.117998 1.282428
v -0.784330 0.354481 1.045945
v -0.784330 0.181363 1.045945
v -0.784330 0.267922 1.022752
vn 0.9726 0.1867 0.1384
vn 0.7101 -0.6779 -0.1904
vn 0.5976 -0.4980 -0.6284
vn 0.7872 0.5837 0.1991
vn 0.9837 -0.0304 0.1773
vn 0.3760 -0.7990 -0.4693
vn 0.3491 -0.1815 -0.9193
vn 0.8017 -0.3904 0.4527
vn 0.2675 0.9225 -0.2782
vn 0.9827 -0.1466 0.1128
vn 0.9466 -0.0012 -0.3224
vn 0.1692 0.9835 0.0642
vn 0.4531 -0.4763 0.7535
vn 0.1972 0.3832 0.9024
vn 0.9666 0.2563 0.0064
vn 0.3240 0.6215 -0.7133
vn 0.9435 0.0312 0.3299
vn 0.6020 -0.4857 -0.6338
vn 0.7480 -0.6632 0.0253
vn 0.6538 0.7258 0.2137
vn 0.9177 -0.3885 0.0824
vn 0.9018 0.1974 0.3845
vn 0.4507 -0.7145 0.5352
vn 0.8875 0.0883 -0.4523
vn 0.7789 -0.0554 0.6247
vn 0.6034 0.5287 0.5970
vn 0.7246 0.2031 -0.6586
vn -0.0433 -0.2703 0.9618
vn 0.9913 -0.0467 0.1230
vn 0.1701 -0.2131 0.9621
vn 0.8510 0.3832 -0.3590
vn 0.3791 0.7415 0.5536
vn 0.1839 0.4174 -0.8899
vn 0.4780 -0.7797 -0.4044
vn 0.3280 0.3137 -0.8911
vn -0.2349 -0.9122 -0.3357
vn 0.7209 0.3760 0.5822
vn 0.0478 0.9138 0.4033
vn 0.7267 0.3438 0.5948
vn 0.3340 0.7812 -0.5275
vn 0.1842 0.8751 0.4476
vn 0.2981 -0.9376 0.1790
vn 0.9368 -0.1614 -0.3103
vn 0.8726 -0.2651 0.4102
vn 0.0698 0.8167 0.5728
vn 0.2387 0.5768 0.7812
vn 0.9047 -0.4123 0.1077
vn 0.6083 0.7909 -0.0662
vn -0.2335 -0.3187 -0.9187
vn 0.7159 0.0952 0.6916
vn -0.3590 -0.7357 -0.5743
vn 0.6657 0.6870 0.2912
vn 0.2089 0.9225 0.3244
vn 0.0015 -0.7525 0.6586
vn 0.8061 0.5346 0.2539
vn 0.8943 0.1028 -0.4355
vn 0.9228 -0.2655 0.2793
vn 0.2870 0.8710 -0.3986
vn 0.8085 -0.2945 0.5095
vn -0.3540 -0.3034 -0.8847
vn 0.5449 -0.6426 -0.5387
vn 0.6255 -0.4414 0.6434
vn 0.8911 -0.4091 -0.1963
vn 0.1455 0.9401 0.3082
vn 0.1249 0.3511 0.9280
vn 0.9905 -0.0324 -0.1339
vn 0.9030 0.2300 0.3630
vn 0.0747 0.8988 -0.4319
vn -0.2443 -0.6795 -0.6918
vn -0.0631 0.8331 -0.5495
vn -0.0530 0.6840 0.7276
vn 0.9914 0.0825 0.1015
vn 0.7983 0.3294 0.5042
vn 0.8957 -0.4446 0.0027
vn -0.3713 -0.9181 -0.1388
vn 0.9906 0.0998 -0.0940
vn -0.2376 -0.6282 -0.7409
vn 0.6197 -0.0734 0.7814
vn 0.6849 0.7140 -0.1453
vn -0.0620 0.8892 0.4532
vn 0.9152 -0.3564 0.1880
vn 0.9253 -0.0928 0.3677
vn 0.1273 -0.1630 0.9784
vn 0.9906 0.0402 -0.1310
vn 0.9064 -0.0194 0.4220
vn 0.0935 0.9941 0.0542
vn -0.0273 -0.7013 0.7123
vn 0.6219 0.6457 0.4430
vn -0.1923 -0.0418 -0.9805
vn -0.0391 0.9972 -0.0641
vn -0.0305 0.2633 0.9642
vn 0.9914 0.0204 0.1293
vn 0.2830 -0.9450 0.1641
vn -0.0498 0.4517 -0.8908
vn -0.9224 0.3006 0.2424
vn 0.2033 -0.9224 0.3285
vn 0.4480 0.0777 -0.8906
vn 0.6448 -0.3149 0.6965
vn 0.7004 0.2646 -0.6629
vn 0.2520 -0.0859 0.9639
vn 0.8580 -0.2754 -0.4335
vn -0.9989 -0.0234 -0.0405
vn 0.0536 0.1560 -0.9863
vn 0.9070 -0.1268 -0.4016
vn 0.6990 -0.2579 -0.6670
vn 0.0536 -0.9322 -0.3580
vn 0.7131 -0.5242 -0.4655
vn -0.9033 -0.1350 0.4072
vn 0.7063 -0.6927 -0.1459
vn 0.0536 -0.7761 0.6283
vn 0.6990 -0.6670 0.2579
vn -0.9941 0.0639 0.0874
vn 0.7051 -0.4688 0.5321
vn 0.0536 0.1561 0.9863
vn 0.6990 -0.1101 0.7066
vn -0.9033 0.4202 -0.0867
vn 0.0012 0.7141 0.7000
vn 0.0761 0.8635 0.4986
vn -0.9941 0.0438 0.0991
vn 0.8564 0.4313 -0.2838
vn 0.0536 0.9322 -0.3580
vn 0.8478 0.2583 -0.4631
vn 0.9978 0.0155 0.0651
vn 0.8943 0.2756 0.3524
vn -0.9033 0.4201 0.0867
vn 0.8405 -0.0179 -0.5416
vn 0.2747 0.0432 -0.9606
vn 0.7425 -0.6308 -0.2255
vn 0.7014 0.5694 -0.4288
vn 0.9982 -0.0102 -0.0591
vn 0.8111 -0.4989 0.3051
vn 0.8892 -0.4131 -0.1967
vn 0.7706 -0.3035 0.5603
vn 0.7154 -0.6632 -0.2197
vn 0.1193 0.8566 0.5020
vn 0.1527 -0.5953 0.7889
vn 0.1758 -0.2212 -0.9592
vn 0.7355 0.0545 -0.6753
vn 0.6693 -0.7415 -0.0466
vn 0.1480 0.7843 0.6025
vn 0.8488 -0.2649 -0.4576
vn 0.8987 -0.1522 -0.4114
vn 0.7051 -0.2264 -0.6720
vn 0.6990 -0.5569 -0.4487
vn 0.7051 -0.6952 -0.1399
vn -0.0129 0.2897 0.9570
vn -0.9991 0.0210 0.0364
vn 0.0536 0.7761 0.6283
vn 0.8546 0.5187 -0.0266
vn 0.9977 0.0156 0.0652
vn 0.2746 0.0432 -0.9606
vn 0.7432 -0.6293 -0.2274
vn 0.9977 -0.0487 0.0461
vn 0.9977 -0.0160 -0.0658
vn 0.9440 -0.2917 -0.1545
vn 0.7719 -0.3030 0.5589
vn 0.7239 -0.6551 -0.2165
vn -0.2119 -0.9745 0.0743
vn 0.7113 -0.4903 0.5036
vn 0.1231 0.8539 0.5057
vn 0.2132 0.9361 0.2799
vn 0.1661 -0.2218 -0.9608
vn 0.7446 -0.1101 -0.6584
vn 0.6699 -0.7390 -0.0717
vn 0.2082 -0.4583 0.8641
vn 0.6688 -0.4296 0.6068
vn 0.4318 0.6114 -0.6631
vn 0.4823 -0.2360 -0.8436
vn 0.0576 0.8139 0.5782
vn 0.7941 0.5916 -0.1391
vn -0.3255 -0.4757 0.8172
vn 0.1760 0.2892 -0.9409
vn 0.9129 0.4002 -0.0810
vn 0.7219 -0.6917 -0.0208
vn 0.7963 -0.5155 0.3166
vn 0.1072 0.8775 0.4674
vn 0.9913 -0.0468 0.1230
vn -0.0526 -0.2817 0.9581
vn 0.9083 -0.1783 0.3785
vn 0.1451 0.7669 0.6252
vn 0.9914 0.0204 0.1294
vn -0.0519 0.2335 0.9710
vn 0.9280 0.0354 0.3709
vn 0.0935 0.9941 0.0543
vn 0.6922 0.0887 0.7162
vn -0.3654 0.2382 -0.8999
vn 0.8354 -0.3515 -0.4227
vn -0.3395 -0.1583 -0.9272
vn 0.7083 0.0200 0.7056
vn 0.5912 0.7794 -0.2074
vn -0.0619 0.8892 0.4532
vn -0.3654 -0.9030 -0.2262
vn 0.5708 0.8090 0.1406
vn -0.2551 0.9508 0.1758
vn 0.6904 0.6664 0.2816
vn -0.3700 -0.6628 -0.6510
vn -0.2217 -0.1426 -0.9646
vn -0.0101 0.9996 -0.0259
vn 0.9906 0.0401 -0.1310
vn 0.0704 -0.2156 0.9739
vn -0.2265 -0.5894 -0.7754
vn 0.0629 0.2977 0.9526
vn 0.6239 -0.4420 0.6445
vn -0.2498 -0.1114 -0.9619
vn 0.9906 -0.0940 -0.0997
vn 0.0660 0.7355 0.6743
vn 0.6216 -0.0660 0.7805
vn -0.2363 -0.5926 -0.7701
vn 0.7402 0.4160 0.5282
vn 0.9184 -0.3956 -0.0075
vn 0.6286 0.3803 0.6784
vn -0.2353 -0.8899 -0.3909
vn 0.7407 0.6302 0.2326
vn -0.0512 -0.7229 0.6891
vn 0.9306 -0.3096 0.1951
vn 0.9253 -0.0928 0.3678
vn -0.0613 -0.4991 -0.8644
vn -0.7051 -0.4688 -0.5321
vn 0.9033 0.4072 -0.1350
vn -0.8993 -0.2756 -0.3396
vn -0.8496 -0.2643 -0.4565
vn 0.9941 -0.0874 0.0639
vn -0.8383 -0.4612 -0.2907
vn -0.0536 -0.9863 0.1560
vn -0.8511 -0.5250 -0.0030
vn 0.9033 0.0867 0.4201
vn -0.8564 -0.4589 0.2368
vn -0.0536 -0.3580 0.9322
vn -0.8383 -0.2907 0.4612
vn 0.9941 0.0990 0.0437
vn -0.8511 -0.0028 0.5249
vn -0.0536 0.6283 0.7762
vn 0.0001 0.9624 0.2716
vn 0.9991 0.0364 0.0209
vn -0.0536 0.9863 0.1560
vn -0.7026 0.5547 -0.4457
vn 0.9941 0.0874 0.0639
vn -0.6997 0.2270 -0.6774
vn -0.9962 0.0827 0.0272
vn -0.6950 0.0636 -0.7162
vn -0.0536 0.6282 -0.7762
vn -0.7026 -0.1087 -0.7032
vn -0.1719 -0.3406 -0.9244
vn -0.9438 -0.2799 -0.1760
vn -0.9947 0.1012 -0.0191
vn -0.9942 -0.1045 0.0259
vn -0.9441 0.2800 0.1739
vn -0.7493 -0.6614 0.0329
vn -0.5922 -0.7645 0.2545
vn -0.2011 -0.8500 -0.4870
vn -0.7668 -0.3088 -0.5627
vn -0.2138 0.9166 -0.3377
vn -0.4629 0.1753 0.8689
vn -0.3031 -0.9516 -0.0509
vn -0.0900 -0.7770 -0.6230
vn -0.0577 0.6110 -0.7895
vn -0.2968 -0.8601 0.4149
vn -0.2913 -0.0683 0.9542
vn -0.7442 -0.6275 0.2290
vn -0.9223 -0.3123 -0.2278
vn -0.5290 0.8211 -0.2143
vn -0.8504 0.3058 -0.4281
vn -0.5455 0.6664 -0.5082
vn -0.7956 -0.6057 0.0094
vn -0.2378 0.2429 -0.9405
vn -0.9157 0.1355 -0.3784
vn -0.6829 -0.7304 -0.0117
vn -0.1650 0.6335 0.7560
vn -0.6765 -0.3583 0.6434
vn -0.5626 0.1660 0.8099
vn -0.6296 0.3485 0.6943
vn 0.3697 -0.6515 -0.6625
vn 0.2550 0.1758 0.9508
vn -0.5633 0.5752 0.5932
vn -0.6757 0.6616 0.3252
vn 0.3667 -0.8963 -0.2493
vn 0.2549 0.6207 0.7414
vn -0.5691 0.7721 0.2828
vn -0.6357 0.7711 0.0359
vn 0.3641 -0.9001 0.2394
vn 0.2552 0.9098 0.3272
vn -0.2141 0.8891 -0.4047
vn -0.8913 0.4532 -0.0140
vn -0.1657 0.1025 0.9808
vn -0.6219 0.4431 0.6457
vn -0.9037 0.1821 -0.3874
vn -0.9252 0.3678 -0.0928
vn 0.0512 0.6891 -0.7229
vn -0.9913 0.1230 -0.0467
vn -0.8740 0.4092 -0.2620
vn -0.1451 0.6252 0.7669
vn 0.0527 0.9580 -0.2818
vn -0.6689 0.6384 0.3808
vn -0.7808 0.2466 0.5740
vn -0.9228 0.2793 -0.2655
vn 0.2353 -0.3909 -0.8899
vn -0.6192 0.7825 -0.0657
vn -0.7776 0.5126 0.3641
vn -0.9274 0.0977 -0.3611
vn 0.2363 -0.7701 -0.5926
vn -0.6287 0.6417 -0.4393
vn -0.7844 0.6176 0.0580
vn -0.9180 -0.1968 -0.3442
vn 0.2523 -0.9606 -0.1166
vn 0.2377 -0.7327 -0.6377
vn -0.9904 -0.1341 -0.0323
vn -0.0629 0.9526 0.2977
vn 0.0631 -0.5495 0.8331
vn 0.2318 -0.9542 -0.1893
vn -0.9906 -0.1310 0.0402
vn -0.0703 0.9739 -0.2156
vn 0.0101 -0.0259 0.9996
vn -0.5636 -0.2264 0.7944
vn -0.9906 -0.0940 0.0997
vn 0.3654 -0.2262 -0.9030
vn 0.0620 0.4532 0.8892
vn 0.6655 0.5064 -0.5484
vn 0.1603 0.9354 -0.3152
vn 0.9712 0.1923 0.1404
vn 0.7100 -0.6779 -0.1904
vn 0.5975 -0.4980 -0.6284
vn 0.7871 0.5838 0.1991
vn 0.9837 -0.0304 0.1775
vn 0.3927 -0.7983 -0.4566
vn 0.2215 0.9295 -0.2949
vn 0.9797 -0.1443 0.1390
vn 0.9012 0.1221 -0.4158
vn 0.1553 0.9861 0.0597
vn 0.4550 -0.4494 0.7688
vn 0.9435 0.0313 0.3299
vn 0.6006 0.7643 0.2346
vn 0.9502 -0.2968 -0.0951
vn 0.9019 0.1975 0.3841
vn 0.4505 -0.7144 0.5354
vn 0.8874 0.0884 -0.4524
vn 0.7788 -0.0554 0.6248
vn 0.6212 0.6445 0.4458
vn 0.8652 -0.0671 0.4968
vn 0.1701 -0.2129 0.9622
vn 0.3798 -0.1469 -0.9133
vn 0.1839 0.4177 -0.8898
vn 0.0350 0.9167 0.3980
vn 0.2548 -0.9533 0.1623
vn 0.2090 0.9225 0.3245
vn 0.2706 0.9003 -0.3408
vn 0.5447 -0.6453 -0.5356
vn 0.3065 0.6037 -0.7359
vn -0.0102 -0.9157 0.4017
vn 0.3703 -0.5438 0.7531
vn 0.8659 0.5002 0.0069
vn 0.1764 0.1055 0.9787
vn 0.6268 -0.3517 0.6953
vn 0.5888 0.0562 -0.8063
vn 0.8165 -0.5774 0.0052
vn -0.4177 -0.5703 -0.7073
vn -0.8374 0.5350 -0.1120
vn -0.9992 -0.0287 0.0290
vn -0.9139 -0.0450 0.4035
vn -0.5749 -0.6051 -0.5508
vn -0.8298 -0.3610 -0.4256
vn -0.6601 -0.4498 0.6016
vn -0.1449 0.9752 -0.1674
vn -0.5999 -0.4779 -0.6416
vn -0.1430 0.3249 0.9349
vn -0.4227 0.4887 0.7633
vn -0.6494 -0.6809 0.3387
vn -0.1577 0.6714 0.7241
vn -0.4506 0.5353 -0.7144
vn -0.6378 -0.6527 0.4090
vn -0.3595 -0.4134 -0.8366
vn -0.4018 -0.6876 0.6048
vn -0.6994 0.4922 -0.5182
vn -0.6082 -0.7208 0.3323
vn -0.7513 -0.1326 0.6466
vn -0.9521 0.1932 -0.2369
vn -0.7095 -0.6897 0.1447
vn -0.6152 0.6427 0.4565
vn -0.6396 -0.5186 -0.5674
vn -0.4643 0.6288 -0.6237
vn -0.4100 -0.5591 0.7206
vn -0.3036 0.1555 -0.9400
vn -0.1386 0.8097 0.5702
vn -0.2404 -0.9683 0.0674
vn -0.1266 0.6862 0.7163
vn -0.1386 0.2319 0.9628
vn -0.1289 0.6797 0.7221
vn -0.1325 0.9739 0.1840
vn -0.1954 0.1183 0.9736
vn -0.2387 0.7812 0.5768
vn -0.6282 0.3700 0.6844
vn -0.0947 -0.8592 0.5028
vn -0.1093 -0.9794 -0.1696
vn -0.5390 0.0024 -0.8423
vn -0.5064 -0.3772 -0.7754
vn -0.9778 -0.2050 -0.0427
vn -0.8056 -0.0079 -0.5924
vn -0.7592 0.0737 0.6466
vn -0.1101 0.5726 -0.8124
vn 0.9127 0.4039 0.0625
vn 0.3785 -0.0153 -0.9255
vn 0.8524 0.3951 -0.3425
vn 0.9785 0.2030 -0.0354
vn 0.0634 0.4821 -0.8738
vn 0.9956 0.0545 -0.0763
vn 0.8228 0.5672 0.0362
vn 0.9571 -0.0166 0.2893
vn 0.8407 0.5398 0.0419
vn 0.1650 0.9707 0.1747
vn 0.5496 0.4241 -0.7197
vn -0.8109 0.5072 -0.2919
vn 0.3362 0.9342 0.1195
vn -0.4829 0.8423 -0.2394
vn 0.7104 0.1352 -0.6907
vn 0.7127 -0.3422 0.6124
vn 0.4342 -0.3920 0.8111
vn -0.1612 -0.8215 -0.5470
vn 0.3856 0.2787 -0.8796
vn 0.1837 -0.7419 -0.6449
vn -0.5146 0.2122 -0.8307
vn -0.1804 0.5337 0.8262
vn 0.4712 -0.7111 0.5218
vn -0.0850 0.9542 0.2870
vn -0.2491 0.8546 0.4556
vn 0.0751 -0.1425 -0.9869
vn 0.6288 0.6746 -0.3868
vn 0.8561 0.4151 0.3079
vn 0.9982 -0.0183 0.0573
vn 0.9938 -0.0819 -0.0746
vn -0.3105 0.9464 -0.0887
vn 0.0061 0.7564 -0.6540
vn 0.9631 0.2645 -0.0489
vn 0.6826 0.3384 -0.6477
vn 0.1288 0.7088 0.6935
vn 0.8913 0.4527 0.0246
vn 0.0221 0.9818 0.1884
vn 0.0089 0.9985 -0.0537
vn 0.4901 0.8715 -0.0144
vn 0.2097 0.9683 0.1361
vn 0.4079 0.8479 0.3386
vn -0.2057 0.9718 0.1157
vn 0.8282 0.5202 -0.2087
vn 0.9824 -0.1020 -0.1562
vn 0.4415 -0.4115 -0.7973
vn 0.5919 -0.7485 -0.2990
vn 0.7383 0.4485 -0.5037
vn 0.7817 0.6085 -0.1370
vn 0.9198 0.3604 -0.1553
vn -0.2520 0.7201 -0.6465
vn -0.9954 0.0648 0.0712
vn 0.6507 -0.7580 0.0452
vn 0.6370 -0.7387 0.2205
vn 0.3486 -0.9303 -0.1140
vn 0.7371 -0.3462 -0.5803
vn 0.3189 0.4147 0.8522
vn -0.0065 0.3693 0.9293
vn 0.8577 0.0141 0.5139
vn 0.2842 0.6307 0.7221
vn -0.7028 -0.6956 0.1492
vn 0.0375 0.4250 0.9044
vn -0.7875 -0.6162 0.0108
vn -0.5679 -0.8034 0.1792
vn 0.6054 -0.7954 0.0310
vn -0.0293 -0.9688 0.2462
vn -0.0671 -0.9940 -0.0861
vn 0.4423 -0.8929 0.0844
vn -0.6658 -0.7461 0.0050
vn 0.7800 -0.6187 -0.0945
vn 0.3085 -0.8686 0.3877
vn 0.0734 -0.9734 -0.2172
vn -0.0050 -0.9982 -0.0600
vn 0.0692 -0.9896 -0.1264
vn 0.9077 -0.4195 0.0014
vn 0.8686 -0.2441 0.4313
vn 0.1164 -0.7382 -0.6645
vn 0.9222 0.0050 -0.3867
vn -0.5617 -0.7944 0.2312
vn -0.5676 -0.7803 -0.2626
vn 0.9390 -0.0088 -0.3439
vn 0.0031 0.9884 0.1521
vn 0.0718 -0.8530 -0.5170
vn 0.2322 -0.8328 -0.5024
vn 0.1281 -0.9623 0.2400
vn 0.1252 -0.6952 0.7079
vn -0.0421 -0.7902 -0.6115
vn -0.0049 -0.9844 -0.1760
vn 0.9135 0.2497 0.3212
vn -0.0820 -0.9775 0.1942
vn 0.9210 -0.0374 0.3878
vn 0.1744 0.9833 0.0517
vn 0.1218 0.9449 0.3038
vn 0.5545 0.7473 0.3661
vn 0.1971 0.8672 0.4573
vn -0.3961 0.6561 0.6424
vn 0.6842 0.7176 -0.1305
vn -0.0761 0.9634 -0.2571
vn 0.0155 0.9941 -0.1077
vn 0.0134 0.9319 -0.3625
vn 0.2481 0.8115 -0.5290
vn 0.2637 0.7102 -0.6527
vn 0.2345 0.3547 -0.9051
vn 0.5357 0.5947 -0.5995
vn 0.9240 -0.3012 -0.2357
vn 0.8477 0.5160 -0.1231
vn 0.8408 -0.0570 -0.5384
vn 0.2804 -0.7955 -0.5372
vn -0.4655 -0.6569 -0.5931
vn -0.4048 -0.3046 -0.8622
vn -0.5208 0.3110 0.7950
vn -0.0278 0.9900 0.1382
vn -0.4030 -0.2341 0.8848
vn 0.3936 0.7793 0.4876
vn 0.0003 0.9063 0.4226
vn -0.0000 -0.4421 0.8970
vn 0.0478 0.8929 0.4478
vn 0.6377 0.7653 -0.0872
vn 0.2772 0.6956 0.6627
vn 0.5539 0.1005 -0.8265
vn 0.7333 0.6552 -0.1815
vn 0.2347 0.9611 0.1454
vn 0.7222 0.6873 -0.0777
vn 0.9685 -0.2450 0.0456
vn 0.4986 -0.7183 -0.4852
vn 0.0055 0.7656 0.6433
vn -0.4434 -0.3687 -0.8170
vn 0.4097 -0.3210 -0.8539
vn -0.0238 -0.5895 -0.8074
vn 0.1139 -0.4880 -0.8654
vn 0.3202 0.6766 0.6631
vn 0.8589 -0.1627 0.4856
vn 0.9919 -0.0228 -0.1251
vn 0.8200 -0.4459 -0.3589
vn -0.0458 -0.9926 0.1124
vn 0.9173 0.1256 0.3779
vn 0.7874 -0.1036 0.6076
vn 0.0828 -0.3322 0.9396
vn -0.0751 -0.1138 0.9907
vn 0.5427 0.4728 -0.6942
vn 0.8021 -0.2129 -0.5579
vn 0.8088 -0.0726 0.5836
vn 0.1110 0.8242 -0.5553
vn -0.7517 -0.2616 -0.6054
vn 0.4399 0.2411 0.8651
vn 0.6915 -0.6449 0.3256
vn 0.9026 0.0939 0.4200
vn 0.4868 0.7718 0.4090
vn 0.9447 0.1198 -0.3052
vn 0.7779 0.2985 -0.5529
vn -0.0658 0.9963 0.0550
vn 0.6422 -0.7570 0.1206
vn 0.6841 -0.4181 0.5976
vn 0.0001 0.0468 -0.9989
vn -0.0032 0.9935 -0.1134
vn 0.6303 -0.0709 -0.7731
vn -0.3771 0.9034 -0.2040
vn -0.0000 1.0000 -0.0011
vn 0.8368 0.0498 0.5452
vn -0.4980 0.0033 0.8672
vn -0.5280 -0.0951 0.8439
vn 0.6789 0.7312 0.0663
vn -0.2469 -0.4213 0.8727
vn -0.5361 -0.5527 0.6381
vn 0.0020 -1.0000 -0.0069
vn -0.1885 0.5648 -0.8034
vn -0.9827 0.1591 0.0954
vn -0.9722 -0.1564 0.1742
vn -0.4636 -0.3309 -0.8220
vn -0.5505 0.3541 -0.7560
vn 0.9252 -0.0059 0.3795
vn -0.0793 0.9614 0.2634
vn 0.5686 -0.8217 0.0402
vn 0.6488 -0.0151 -0.7608
vn 0.2046 -0.9639 -0.1706
vn 0.0796 0.9354 0.3445
vn 0.9317 -0.0713 0.3561
vn 0.3019 -0.9517 -0.0556
vn -0.7903 -0.0055 -0.6127
vn -0.0890 -0.9515 -0.2945
vn 0.4161 0.9052 -0.0865
vn -0.6265 0.0301 -0.7789
vn 0.0665 0.9971 -0.0366
vn -0.7983 0.3123 0.5150
vn 0.4467 0.8909 -0.0828
vn 0.0338 0.2211 0.9747
vn 0.6229 0.0568 0.7803
vn 0.7166 0.2543 0.6495
vn -0.4608 -0.2168 0.8606
vn -0.0024 0.9996 0.0269
vn -0.6888 -0.7105 0.1440
vn -0.0000 0.2505 -0.9681
vn 0.3858 0.7815 -0.4903
vn -0.0002 0.2504 -0.9681
vn 0.6867 0.6348 0.3542
vn -0.3456 0.9162 0.2027
vn 0.3379 0.3867 -0.8581
vn 0.9070 -0.2265 0.3549
vn 0.3571 0.2783 -0.8917
vn -0.4599 0.8609 0.2175
vn 0.6469 0.7034 0.2945
vn -0.5779 -0.6084 0.5439
vn -0.0000 -0.0264 0.9997
vn -0.9987 -0.0026 0.0518
vn -0.8394 0.3783 -0.3902
vn -0.4588 0.8883 -0.0186
vn -0.3474 0.1550 -0.9248
vn -0.7125 0.3561 -0.6046
vn -0.9556 0.2509 -0.1547
vn -0.6950 -0.6124 -0.3767
vn 0.0706 -0.1602 -0.9846
vn -0.9661 -0.0376 0.2555
vn -0.1387 0.9666 -0.2155
vn -0.9755 0.2181 -0.0307
vn -0.7802 0.6239 -0.0438
vn 0.0144 0.3759 -0.9265
vn -0.4628 -0.6977 0.5468
vn -0.9949 0.0923 -0.0410
vn -0.6643 0.1381 -0.7346
vn -0.3419 0.1945 -0.9194
vn 0.9307 -0.1252 -0.3437
vn 0.4532 0.3145 -0.8341
vn 0.3931 0.9043 0.1667
vn 0.0053 -0.3768 0.9263
vn -0.1655 0.7364 0.6560
vn -0.0696 -0.2299 -0.9707
vn -0.3143 -0.4415 -0.8404
vn -0.2362 0.6714 0.7024
vn -0.9484 -0.2898 0.1288
vn -0.8874 0.4561 0.0669
vn -0.0628 0.9962 0.0609
vn -0.8348 0.4999 -0.2306
vn -0.9916 0.1180 0.0528
vn -0.4720 0.8816 -0.0029
vn -0.9928 0.1190 -0.0093
vn -0.9943 0.0215 -0.1040
vn -0.3432 0.5594 -0.7545
vn -0.5398 -0.5538 0.6339
vn -0.9741 0.1402 -0.1776
vn -0.6494 0.6803 0.3399
vn -0.6267 -0.3497 -0.6964
vn -0.3416 -0.4433 -0.8287
vn -0.6432 0.3624 0.6745
vn -0.9072 0.4185 -0.0435
vn -0.9115 0.4107 0.0227
vn 0.8888 0.3106 -0.3371
vn 0.9967 0.0758 0.0296
vn -0.6845 0.4542 -0.5703
vn -0.8429 -0.5379 0.0142
vn -0.1012 -0.9947 0.0190
vn -0.9992 -0.0032 -0.0397
vn -0.0602 -0.9535 -0.2953
vn -0.2783 0.3899 0.8778
vn -0.8836 0.0257 0.4675
vn -0.2530 0.6144 0.7473
vn 0.1043 -0.9476 0.3019
vn -0.0365 0.4246 0.9047
vn -0.3623 -0.8912 0.2729
vn -0.7156 -0.6796 -0.1612
vn -0.1888 -0.8756 0.4447
vn -0.7115 -0.7019 0.0319
vn -0.0678 -0.9831 -0.1700
vn -0.3545 -0.9152 0.1915
vn -0.1496 -0.5515 -0.8207
vn -0.3323 -0.4577 0.8247
vn -0.6162 -0.3868 -0.6860
vn -0.2168 -0.5280 -0.8211
vn -0.1801 -0.9828 0.0419
vn -0.0521 -0.9980 0.0349
vn -0.8698 -0.4453 -0.2123
vn 0.1082 -0.6139 -0.7819
vn -0.5965 -0.7036 0.3861
vn -0.9436 0.1961 0.2670
vn -0.6025 -0.6070 -0.5182
vn 0.0820 -0.9775 0.1942
vn 0.0187 -0.8209 0.5708
vn -0.1298 0.9385 0.3198
vn -0.2002 0.9794 -0.0279
vn -0.3472 0.9199 0.1820
vn -0.2262 0.8700 0.4381
vn 0.0130 0.8486 0.5289
vn -0.6809 0.7205 -0.1315
vn 0.0452 0.9876 -0.1506
vn -0.2331 0.9678 0.0953
vn 0.7193 0.3315 -0.6105
vn -0.3864 0.6415 -0.6627
vn 0.8438 0.3868 -0.3721
vn -0.9762 0.0432 -0.2127
vn -0.6885 0.3082 0.6565
vn -0.4420 0.8821 -0.1629
vn -0.7053 -0.6999 -0.1126
vn 0.6825 -0.0870 -0.7256
vn 0.3765 -0.2545 -0.8907
vn 0.3616 0.8236 0.4370
vn -0.0530 0.9822 0.1802
vn -0.1691 0.8592 0.4830
vn -0.4261 0.7592 0.4919
vn 0.4156 -0.2223 0.8820
vn -0.9617 0.2710 0.0420
vn -0.3906 0.5872 0.7090
vn -0.7868 0.5802 0.2105
vn -0.6653 0.3397 0.6648
vn -0.7762 0.5296 -0.3421
vn -0.9730 -0.2309 -0.0002
vn -0.3862 0.3241 -0.8636
vn -0.2024 0.9114 -0.3582
vn -0.0891 -0.2904 -0.9527
vn -0.6498 0.1078 -0.7524
vn -0.6053 -0.1955 -0.7716
vn -0.0173 0.2425 0.9700
vn -0.8176 -0.3340 0.4690
vn -0.2969 -0.5916 0.7496
vn 0.0397 -0.5348 -0.8440
vn -0.6132 0.0187 -0.7897
vn 0.0490 -0.9908 0.1263
vn -0.9929 0.0484 0.1087
vn -0.6351 -0.2949 -0.7139
vn 0.1241 -0.8833 -0.4521
vn 0.1744 -0.1430 0.9742
vn -0.4383 0.7950 0.4194
vn -0.3957 0.4925 -0.7751
vn -0.3063 0.7635 -0.5685
vn 0.0029 0.7900 -0.6130
vn -0.0695 0.9727 0.2214
vn 0.0796 0.9130 0.4000
vn -0.7148 -0.6044 0.3518
vn -0.9081 0.1549 0.3891
vn -0.0135 0.9597 -0.2809
vn -0.8775 -0.1623 0.4512
vn -0.6297 0.1569 -0.7609
vn -0.8656 0.1644 -0.4730
vn -0.8229 0.3295 0.4629
vn -0.7509 -0.6099 0.2534
vn 0.2483 0.9166 -0.3135
vn 0.3774 0.9033 -0.2042
vn -0.7543 -0.0167 0.6564
vn -0.6707 0.6736 0.3105
vn -0.6899 0.7234 0.0272
vn -0.9402 0.3014 0.1588
vn 0.9313 -0.2812 -0.2313
vn -0.6222 0.1039 0.7759
vn 0.9389 -0.0947 0.3309
vn 0.0616 -0.9980 -0.0145
vn 0.5635 0.3005 -0.7696
vn 0.0763 0.9929 0.0909
vn 0.8511 -0.0248 -0.5245
vn 0.5223 -0.7367 0.4295
vn -0.7837 -0.0251 0.6206
vn -0.7956 -0.5168 0.3161
vn -0.8811 -0.2103 0.4235
vn -0.6545 0.4774 -0.5863
vn 0.4472 0.6432 0.6216
vn -0.7518 -0.0558 0.6570
vn 0.7593 0.2541 -0.5991
vn -0.4266 -0.8917 -0.1512
vn -0.5188 -0.6143 -0.5946
vn 0.9146 -0.2869 -0.2850
vn -0.2452 0.9687 -0.0396
vn 0.7973 0.0403 -0.6023
vn 0.8166 0.0345 0.5762
vn 0.8155 -0.0450 -0.5770
vn -0.2669 0.1263 0.9554
vn -0.8020 0.4059 0.4382
vn -0.5691 0.1549 0.8075
vn -0.8213 0.2902 -0.4912
vn -0.8250 0.5537 0.1131
vn -0.0033 -0.9777 -0.2098
vn -0.2914 0.9459 -0.1428
vn 0.0153 0.9358 0.3522
vn -0.1187 0.9909 0.0632
vn -0.8126 -0.0789 -0.5775
vn -0.7113 -0.6110 0.3473
vn -0.5968 -0.0314 -0.8017
vn 0.9166 0.3953 0.0595
vn -0.3414 0.8095 -0.4776
vn 0.6543 0.3312 0.6798
vn 0.6440 -0.3286 0.6909
vn -0.1127 0.9048 0.4107
vn 0.1515 0.9039 0.4000
vn 0.9081 0.4178 0.0300
vn 0.9082 -0.3213 -0.2683
vn -0.9130 0.4079 0.0097
vn -0.8170 -0.2750 0.5069
vn -0.9992 -0.0286 0.0291
vn -0.5742 -0.6066 -0.5498
vn -0.8110 -0.2048 -0.5480
vn -0.7216 -0.3872 0.5738
vn -0.7646 0.5051 -0.4003
vn -0.2276 0.9659 -0.1231
vn -0.7544 -0.2459 0.6086
vn -0.5997 -0.4777 -0.6421
vn -0.1763 0.2611 0.9491
vn -0.5161 0.5771 0.6329
vn -0.6493 -0.6808 0.3389
vn 0.1012 0.7264 -0.6797
vn -0.4508 0.5351 -0.7145
vn -0.8653 -0.1815 0.4672
vn -0.4984 -0.4145 -0.7615
vn -0.3773 -0.6879 0.6201
vn -0.7534 -0.2453 -0.6101
vn -0.8353 0.0661 -0.5458
vn -0.6082 -0.7209 0.3323
vn -0.7511 -0.1328 0.6466
vn -0.9522 0.1934 -0.2366
vn -0.7093 -0.6898 0.1450
vn -0.6048 0.6092 0.5129
vn -0.6368 -0.5092 -0.5790
vn -0.5007 0.6030 -0.6210
vn -0.5920 0.1742 0.7869
vn -0.4100 -0.5592 0.7205
vn 0.2550 0.1757 0.9508
vn -0.7130 -0.0177 -0.7009
vn -0.1780 0.6018 -0.7786
vn 0.4102 -0.3237 -0.8526
vn -0.2174 0.2424 -0.9455
vn 0.1923 -0.9805 -0.0418
vn 0.0391 -0.0641 0.9972
vn -0.1150 0.8394 0.5311
vn -0.1036 0.0540 0.9932
vn -0.1135 0.6810 0.7235
vn -0.9221 0.1373 -0.3617
vn -0.6293 -0.3503 -0.6938
vn 0.3682 -0.5120 -0.7761
vn -0.6702 0.3044 0.6769
vn -0.1386 0.2318 0.9629
vn -0.5501 -0.8348 -0.0227
vn 0.2490 -0.2877 -0.9248
vn -0.9438 0.3297 0.0223
vn -0.1379 0.6298 0.7644
vn -0.8722 0.4129 -0.2623
vn -0.0726 0.5679 0.8199
vn -0.8981 -0.3429 0.2753
vn -0.1668 0.9776 -0.1281
vn -0.4235 -0.0348 -0.9052
vn -0.1310 0.9738 0.1856
vn -0.1160 -0.3827 0.9165
vn -0.9352 0.3472 0.0694
vn -0.4082 -0.7004 -0.5855
vn 0.0631 -0.8917 0.4482
vn -0.9768 -0.0664 -0.2037
vn -0.1950 0.1251 0.9728
vn -0.7997 0.5010 0.3309
vn -0.9274 0.0977 -0.3610
vn 0.3653 -0.9302 0.0351
vn -0.6844 0.7256 0.0717
vn 0.2369 -0.7122 -0.6608
vn -0.5692 0.7721 0.2827
vn 0.2552 0.9098 0.3273
vn -0.1685 0.9075 0.3847
vn -0.9905 -0.1339 -0.0324
vn -0.9152 0.1880 -0.3564
vn -0.9253 0.3677 -0.0928
vn 0.2443 -0.6917 -0.6796
vn 0.0195 0.7193 -0.6944
vn -0.6219 0.4430 0.6457
vn 0.3713 -0.0704 -0.9258
vn -0.9906 -0.0940 0.0998
vn -0.8061 0.2539 0.5346
vn 0.3718 -0.8375 -0.4005
vn -0.6757 0.6615 0.3252
vn -0.6849 -0.1453 0.7140
vn 0.2173 -0.1888 -0.9577
vn -0.7209 0.5822 0.3760
vn -0.6685 0.5497 0.5008
vn -0.4636 0.8512 -0.2459
vn -0.6346 0.2664 0.7255
vn -0.2531 -0.8057 -0.5355
vn -0.5986 0.7962 -0.0874
vn -0.5733 0.8171 0.0606
vn -0.4775 -0.6343 0.6080
vn -0.8434 0.0106 -0.5372
vn 0.0866 -0.7804 0.6192
vn -0.8511 -0.2599 -0.4562
vn -0.8564 -0.4345 -0.2790
vn -0.8383 -0.5448 -0.0212
vn -0.8496 -0.4565 0.2643
vn -0.7026 0.5546 -0.4457
vn -0.9963 0.0817 0.0268
vn -0.9441 -0.3296 -0.0108
vn -0.2151 -0.3405 -0.9153
vn -0.2267 0.7940 -0.5640
vn -0.7937 0.3507 -0.4970
vn -0.9963 -0.0841 0.0175
vn -0.4187 0.2510 0.8728
vn -0.3031 -0.9516 -0.0510
vn -0.0899 -0.7770 -0.6230
vn -0.1646 0.6348 -0.7549
vn -0.3129 -0.0690 0.9473
s 1
usemtl Grey.001
f 5//1 27//2 3//3
f 3//3 4//4 5//1
f 10//5 11//6 1//7
f 13//8 14//9 12//10
f 16//11 17//12 15//13
f 10//5 19//14 18//15
f 12//10 4//4 20//16
f 3//3 21//17 22//18
f 6//19 23//20 7//21
f 25//22 26//23 24//24
f 29//25 27//2 5//1
f 29//25 5//1 28//26
f 28//26 5//1 30//27
f 30//27 7//21 28//26
f 29//25 28//26 15//13
f 15//13 25//22 29//25
f 27//2 29//25 10//5
f 10//5 1//7 27//2
f 12//10 30//27 5//1
f 16//11 15//13 28//26
f 24//24 10//5 29//25
f 21//17 3//3 27//2
f 32//28 33//29 31//30
f 31//30 15//13 32//28
f 15//13 31//30 25//22
f 9//31 25//22 31//30
f 14//9 34//32 30//27
f 17//12 35//33 8//34
f 8//34 15//13 17//12
f 36//35 8//34 35//33
f 37//36 38//37 10//5
f 10//5 24//24 37//36
f 36//35 16//11 39//38
f 23//20 39//38 16//11
f 16//11 7//21 23//20
f 42//39 43//40 40//41
f 40//41 41//42 42//39
f 7//21 30//27 40//41
f 6//19 41//42 44//43
f 41//42 40//41 30//27
f 30//27 44//43 41//42
f 9//31 46//44 8//34
f 46//44 9//31 45//45
f 13//8 48//46 47//47
f 48//46 20//16 4//4
f 4//4 47//47 48//46
f 2//48 50//49 1//7
f 50//49 2//48 49//50
f 30//27 12//10 14//9
f 51//51 52//52 13//8
f 13//8 44//43 51//51
f 47//47 54//53 53//54
f 3//3 53//54 54//53
f 19//14 56//55 63//56
f 56//55 19//14 55//57
f 53//54 58//58 57//59
f 58//58 22//18 21//17
f 21//17 57//59 58//58
f 7//21 59//60 6//19
f 59//60 7//21 43//40
f 1//7 60//61 21//17
f 57//59 21//17 60//61
f 61//62 62//63 57//59
f 57//59 60//61 61//62
f 2//48 1//7 11//6
f 40//41 43//40 7//21
f 63//56 18//15 19//14
f 50//49 61//62 60//61
f 60//61 1//7 50//49
f 9//31 63//56 64//64
f 26//23 64//64 63//56
f 63//56 24//24 26//23
f 38//37 55//57 19//14
f 19//14 10//5 38//37
f 30//27 51//51 44//43
f 51//51 30//27 34//32
f 31//30 45//45 9//31
f 45//45 31//30 33//29
f 65//65 66//66 58//58
f 58//58 53//54 65//65
f 63//56 37//36 24//24
f 37//36 63//56 56//55
f 36//35 68//67 6//19
f 68//67 36//35 67//68
f 52//52 34//32 14//9
f 14//9 13//8 52//52
f 46//44 32//28 15//13
f 15//13 8//34 46//44
f 22//18 70//69 3//3
f 70//69 22//18 69//70
f 71//71 72//72 39//38
f 39//38 23//20 71//71
f 58//58 69//70 22//18
f 69//70 58//58 66//66
f 68//67 71//71 23//20
f 23//20 6//19 68//67
f 2//48 74//73 18//15
f 74//73 2//48 73//74
f 75//75 76//76 48//46
f 48//46 13//8 75//75
f 70//69 65//65 53//54
f 53//54 3//3 70//69
f 39//38 67//68 36//35
f 67//68 39//38 72//72
f 77//77 78//78 11//6
f 11//6 10//5 77//77
f 20//16 80//79 12//10
f 80//79 20//16 79//80
f 78//78 73//74 2//48
f 2//48 11//6 78//78
f 12//10 75//75 13//8
f 75//75 12//10 80//79
f 64//64 82//81 9//31
f 82//81 64//64 81//82
f 83//83 84//84 54//53
f 54//53 47//47 83//83
f 18//15 77//77 10//5
f 77//77 18//15 74//73
f 35//33 86//85 36//35
f 86//85 35//33 85//86
f 48//46 79//80 20//16
f 79//80 48//46 76//76
f 87//87 88//88 26//23
f 26//23 25//22 87//87
f 3//3 90//89 4//4
f 90//89 3//3 89//90
f 91//91 92//92 17//12
f 17//12 16//11 91//91
f 82//81 87//87 25//22
f 25//22 9//31 82//81
f 90//89 83//83 47//47
f 47//47 4//4 90//89
f 17//12 85//86 35//33
f 85//86 17//12 92//92
f 57//59 49//50 2//48
f 49//50 57//59 62//63
f 88//88 81//82 64//64
f 64//64 26//23 88//88
f 59//60 42//39 41//42
f 41//42 6//19 59//60
f 54//53 89//90 3//3
f 89//90 54//53 84//84
f 86//85 91//91 16//11
f 16//11 36//35 86//85
f 24//24 93//93 25//22
f 28//26 94//94 16//11
f 94//94 28//26 96//95
f 5//1 95//96 12//10
f 95//96 5//1 100//97
f 28//26 7//21 96//95
f 99//98 97//99 1//7
f 1//7 21//17 99//98
f 4//4 12//10 95//96
f 97//99 99//98 27//2
f 94//94 96//95 7//21
f 7//21 16//11 94//94
f 93//93 98//100 29//25
f 29//25 25//22 93//93
f 21//17 27//2 99//98
f 98//100 93//93 24//24
f 24//24 29//25 98//100
f 4//4 100//97 5//1
f 100//97 4//4 95//96
f 1//7 97//99 27//2
f 353//317 186//170 354//318
f 357//319 374//320 355//321
f 355//321 356//322 357//319
f 359//323 360//324 353//317
f 188//171 362//325 361//326
f 364//327 365//328 363//329
f 359//323 366//14 187//169
f 361//326 356//322 367//16
f 355//321 368//330 369//18
f 174//158 370//331 358//332
f 372//333 373//334 371//335
f 376//336 374//320 357//319
f 376//336 357//319 375//337
f 375//337 357//319 377//338
f 377//338 358//332 375//337
f 376//336 375//337 363//329
f 363//329 372//333 376//336
f 374//320 376//336 359//323
f 359//323 353//317 374//320
f 361//326 377//338 357//319
f 364//327 363//329 375//337
f 371//335 359//323 376//336
f 368//330 355//321 374//320
f 197//178 196//177 378//339
f 378//339 363//329 197//178
f 363//329 378//339 372//333
f 184//168 372//333 378//339
f 362//325 215//193 379//340
f 215//193 362//325 216//194
f 365//328 380//341 185//167
f 185//167 363//329 365//328
f 189//172 185//167 380//341
f 236//212 235//211 359//323
f 359//323 371//335 236//212
f 189//172 364//327 381//342
f 370//331 381//342 364//327
f 364//327 358//332 370//331
f 206//187 208//189 377//338
f 377//338 382//343 206//187
f 174//158 382//343 175//159
f 377//338 175//159 382//343
f 184//168 194//179 185//167
f 194//179 184//168 195//180
f 188//171 383//46 191//174
f 383//46 367//16 356//322
f 356//322 191//174 383//46
f 354//318 228//204 353//317
f 228//204 354//318 225//205
f 175//159 377//338 379//340
f 362//325 379//340 377//338
f 377//338 361//326 362//325
f 214//196 213//195 188//171
f 188//171 175//159 214//196
f 191//174 384//344 192//175
f 355//321 192//175 384//344
f 366//14 233//213 190//173
f 233//213 366//14 234//57
f 192//175 385//345 193//176
f 385//345 369//18 368//330
f 368//330 193//176 385//345
f 358//332 207//188 174//158
f 207//188 358//332 208//189
f 353//317 386//346 368//330
f 193//176 368//330 386//346
f 193//176 354//318 186//170
f 227//203 226//206 193//176
f 193//176 386//346 227//203
f 186//170 353//317 360//324
f 377//338 208//189 358//332
f 190//173 187//169 366//14
f 228//204 227//203 386//346
f 386//346 353//317 228//204
f 184//168 190//173 387//64
f 373//334 387//64 190//173
f 190//173 371//335 373//334
f 235//211 234//57 366//14
f 366//14 359//323 235//211
f 379//340 214//196 175//159
f 214//196 379//340 215//193
f 378//339 195//180 184//168
f 195//180 378//339 196//177
f 222//202 221//66 385//345
f 385//345 192//175 222//202
f 190//173 236//212 371//335
f 236//212 190//173 233//213
f 203//186 202//185 174//158
f 174//158 189//172 203//186
f 213//195 216//194 362//325
f 362//325 188//171 213//195
f 194//179 197//178 363//329
f 363//329 185//167 194//179
f 369//18 223//201 355//321
f 223//201 369//18 224//70
f 205//71 204//72 381//342
f 381//342 370//331 205//71
f 385//345 224//70 369//18
f 224//70 385//345 221//66
f 202//185 205//71 370//331
f 370//331 174//158 202//185
f 186//170 229//209 187//169
f 229//209 186//170 230//210
f 210//192 209//76 383//46
f 383//46 188//171 210//192
f 223//201 222//202 192//175
f 192//175 355//321 223//201
f 381//342 203//186 189//172
f 203//186 381//342 204//72
f 232//208 231//207 360//324
f 360//324 359//323 232//208
f 367//16 211//190 361//326
f 211//190 367//16 212//191
f 231//207 230//210 186//170
f 186//170 360//324 231//207
f 361//326 210//192 188//171
f 210//192 361//326 211//190
f 387//64 237//215 184//168
f 237//215 387//64 238//216
f 218//200 217//199 384//344
f 384//344 191//174 218//200
f 187//169 232//208 359//323
f 232//208 187//169 229//209
f 380//341 198//183 189//172
f 198//183 380//341 199//184
f 383//46 212//191 367//16
f 212//191 383//46 209//76
f 240//214 239//88 373//334
f 373//334 372//333 240//214
f 355//321 219//197 356//322
f 219//197 355//321 220//198
f 201//182 200//181 365//328
f 365//328 364//327 201//182
f 237//215 240//214 372//333
f 372//333 184//168 237//215
f 219//197 218//200 191//174
f 191//174 356//322 219//197
f 365//328 199//184 380//341
f 199//184 365//328 200//181
f 226//206 225//205 354//318
f 354//318 193//176 226//206
f 239//88 238//216 387//64
f 387//64 373//334 239//88
f 207//188 206//187 382//343
f 382//343 174//158 207//188
f 384//344 220//198 355//321
f 220//198 384//344 217//199
f 198//183 201//182 364//327
f 364//327 189//172 198//183
f 371//335 241//347 372//333
f 375//337 248//348 364//327
f 357//319 245//349 361//326
f 245//349 357//319 246//350
f 247//351 248//348 375//337
f 375//337 358//332 247//351
f 244//352 243//353 353//317
f 353//317 368//330 244//352
f 356//322 361//326 245//349
f 243//353 244//352 374//320
f 364//327 247//351 358//332
f 247//351 364//327 248//348
f 241//347 242//354 376//336
f 376//336 372//333 241//347
f 368//330 374//320 244//352
f 242//354 241//347 371//335
f 371//335 376//336 242//354
f 356//322 246//350 357//319
f 246//350 356//322 245//349
f 353//317 243//353 374//320
f 389//355 390//263 388//356
f 410//357 412//358 409//359
f 393//360 401//361 388//356
f 395//362 396//264 394//363
f 398//364 399//365 397//366
f 400//367 401//361 292//262
f 412//358 394//363 402//368
f 404//369 409//359 403//370
f 405//371 406//249 391//372
f 407//373 408//374 417//375
f 410//357 426//376 413//377
f 411//378 426//376 410//357
f 413//377 391//372 415//379
f 426//376 408//374 397//366
f 411//378 388//356 401//361
f 410//357 415//379 394//363
f 415//379 410//357 413//377
f 413//377 397//366 399//365
f 397//366 413//377 426//376
f 426//376 401//361 417//375
f 401//361 426//376 411//378
f 411//378 409//359 404//369
f 409//359 411//378 410//357
f 299//270 397//366 414//380
f 414//380 300//273 299//270
f 414//380 397//366 408//374
f 408//374 392//261 414//380
f 319//292 395//362 415//379
f 395//362 319//292 318//289
f 416//381 397//366 291//260
f 397//366 416//381 398//364
f 291//260 293//265 416//381
f 338//309 417//375 401//361
f 401//361 339//312 338//309
f 399//365 293//265 418//382
f 418//382 391//372 399//365
f 391//372 418//382 405//371
f 310//284 420//383 419//384
f 419//384 311//282 310//284
f 415//379 391//372 419//384
f 420//383 406//249 282//251
f 419//384 282//251 415//379
f 282//251 419//384 420//383
f 298//272 392//261 291//260
f 392//261 298//272 301//271
f 421//385 396//264 295//267
f 402//368 295//267 412//358
f 295//267 402//368 421//385
f 330//301 390//263 389//355
f 390//263 330//301 329//303
f 394//363 415//379 395//362
f 320//290 282//251 396//264
f 396//264 317//291 320//290
f 422//386 295//267 297//268
f 297//268 409//359 422//386
f 337//311 400//367 294//266
f 400//367 337//311 340//310
f 423//387 297//268 296//269
f 403//370 296//269 404//369
f 296//269 403//370 423//387
f 312//283 391//372 406//249
f 391//372 312//283 311//282
f 388//356 404//369 389//355
f 331//304 404//369 296//269
f 296//269 332//302 331//304
f 424//388 388//356 390//263
f 388//356 424//388 393//360
f 390//263 292//262 424//388
f 311//282 419//384 391//372
f 292//262 294//266 400//367
f 331//304 389//355 404//369
f 389//355 331//304 330//301
f 294//266 392//261 425//389
f 425//389 417//375 294//266
f 417//375 425//389 407//373
f 339//312 401//361 400//367
f 400//367 340//310 339//312
f 320//290 415//379 282//251
f 415//379 320//290 319//292
f 301//271 414//380 392//261
f 414//380 301//271 300//273
f 328//298 297//268 423//387
f 423//387 325//299 328//298
f 338//309 294//266 417//375
f 294//266 338//309 337//311
f 306//280 293//265 406//249
f 293//265 306//280 309//279
f 317//291 396//264 395//362
f 395//362 318//289 317//291
f 298//272 291//260 397//366
f 397//366 299//270 298//272
f 327//300 403//370 409//359
f 403//370 327//300 326//297
f 307//278 405//371 418//382
f 418//382 308//281 307//278
f 326//297 423//387 403//370
f 423//387 326//297 325//299
f 306//280 406//249 405//371
f 405//371 307//278 306//280
f 333//307 424//388 292//262
f 424//388 333//307 336//306
f 316//286 396//264 421//385
f 421//385 313//287 316//286
f 327//300 409//359 297//268
f 297//268 328//298 327//300
f 309//279 418//382 293//265
f 418//382 309//279 308//281
f 334//305 401//361 393//360
f 393//360 335//308 334//305
f 315//288 402//368 394//363
f 402//368 315//288 314//285
f 335//308 393//360 424//388
f 424//388 336//306 335//308
f 316//286 394//363 396//264
f 394//363 316//286 315//288
f 341//315 425//389 392//261
f 425//389 341//315 344//314
f 324//294 295//267 422//386
f 422//386 321//295 324//294
f 334//305 292//262 401//361
f 292//262 334//305 333//307
f 302//276 416//381 293//265
f 416//381 302//276 305//275
f 314//285 421//385 402//368
f 421//385 314//285 313//287
f 342//313 408//374 407//373
f 407//373 343//316 342//313
f 323//296 409//359 412//358
f 409//359 323//296 322//293
f 303//274 399//365 398//364
f 398//364 304//277 303//274
f 341//315 392//261 408//374
f 408//374 342//313 341//315
f 323//296 412//358 295//267
f 295//267 324//294 323//296
f 305//275 398//364 416//381
f 398//364 305//275 304//277
f 332//302 296//269 390//263
f 390//263 329//303 332//302
f 343//316 407//373 425//389
f 425//389 344//314 343//316
f 312//283 406//249 420//383
f 420//383 310//284 312//283
f 322//293 422//386 409//359
f 422//386 322//293 321//295
f 302//276 293//265 399//365
f 399//365 303//274 302//276
f 345//390 417//375 408//374
f 352//391 413//377 399//365
f 349//392 410//357 394//363
f 410//357 349//392 350//393
f 351//394 391//372 413//377
f 413//377 352//391 351//394
f 348//395 404//369 388//356
f 388//356 347//396 348//395
f 349//392 394//363 412//358
f 411//378 348//395 347//396
f 351//394 399//365 391//372
f 399//365 351//394 352//391
f 345//390 408//374 426//376
f 426//376 346//397 345//390
f 348//395 411//378 404//369
f 346//397 426//376 417//375
f 417//375 345//390 346//397
f 350//393 412//358 410//357
f 412//358 350//393 349//392
f 347//396 388//356 411//378
f 612//589 614//590 613//591
f 614//590 612//589 611//588
f 626//600 625//601 624//599
f 791//765 612//589 613//591
f 612//589 791//765 790//764
f 801//773 802//774 626//600
f 626//600 624//599 801//773
f 833//781 835//358 832//782
f 815//783 824//784 810//785
f 817//786 818//787 816//788
f 820//789 821//790 819//791
f 823//367 824//784 822//792
f 835//358 816//788 825//793
f 827//794 832//782 826//795
f 828//796 829//797 812//798
f 830//799 831//800 846//801
f 833//781 903//802 836//803
f 834//804 903//802 833//781
f 836//803 812//798 840//805
f 903//802 831//800 819//791
f 834//804 810//785 824//784
f 833//781 840//805 816//788
f 840//805 833//781 836//803
f 836//803 819//791 821//790
f 819//791 836//803 903//802
f 903//802 824//784 846//801
f 824//784 903//802 834//804
f 834//804 832//782 827//794
f 832//782 834//804 833//781
f 839//806 819//791 837//807
f 837//807 838//808 839//806
f 837//807 819//791 831//800
f 831//800 814//809 837//807
f 841//810 817//786 840//805
f 842//381 819//791 813//811
f 819//791 842//381 820//789
f 813//811 843//812 842//381
f 845//813 846//801 824//784
f 824//784 844//814 845//813
f 821//790 843//812 847//815
f 847//815 812//798 821//790
f 812//798 847//815 828//796
f 849//816 850//383 848//817
f 848//817 867//818 849//816
f 840//805 812//798 848//817
f 850//383 829//797 851//819
f 848//817 851//819 840//805
f 851//819 848//817 850//383
f 852//820 814//809 813//811
f 814//809 852//820 853//821
f 855//822 818//787 854//823
f 825//793 854//823 835//358
f 854//823 825//793 855//822
f 856//824 811//825 810//785
f 811//825 856//824 857//826
f 816//788 840//805 817//786
f 859//827 851//819 818//787
f 818//787 858//828 859//827
f 861//386 854//823 860//829
f 860//829 832//782 861//386
f 862//830 823//367 872//831
f 823//367 862//830 863//310
f 865//832 860//829 864//833
f 826//795 864//833 827//794
f 864//833 826//795 865//832
f 866//834 812//798 829//797
f 812//798 866//834 867//818
f 868//835 810//785 827//794
f 827//794 864//833 868//835
f 870//836 868//835 864//833
f 864//833 869//837 870//836
f 871//838 810//785 811//825
f 810//785 871//838 815//783
f 811//825 822//792 871//838
f 867//818 848//817 812//798
f 822//792 872//831 823//367
f 856//824 810//785 868//835
f 868//835 870//836 856//824
f 872//831 814//809 873//389
f 873//389 846//801 872//831
f 846//801 873//389 830//799
f 844//814 824//784 823//367
f 823//367 863//310 844//814
f 859//827 840//805 851//819
f 840//805 859//827 841//810
f 853//821 837//807 814//809
f 837//807 853//821 838//808
f 875//839 860//829 865//832
f 865//832 874//840 875//839
f 845//813 872//831 846//801
f 872//831 845//813 862//830
f 876//841 843//812 829//797
f 843//812 876//841 877//842
f 858//828 818//787 817//786
f 817//786 841//810 858//828
f 852//820 813//811 819//791
f 819//791 839//806 852//820
f 878//843 826//795 832//782
f 826//795 878//843 879//297
f 881//844 828//796 847//815
f 847//815 880//845 881//844
f 879//297 865//832 826//795
f 865//832 879//297 874//840
f 876//841 829//797 828//796
f 828//796 881//844 876//841
f 882//846 871//838 822//792
f 871//838 882//846 883//847
f 885//848 818//787 855//822
f 855//822 884//849 885//848
f 878//843 832//782 860//829
f 860//829 875//839 878//843
f 877//842 847//815 843//812
f 847//815 877//842 880//845
f 887//850 824//784 815//783
f 815//783 886//308 887//850
f 888//851 825//793 816//788
f 825//793 888//851 889//852
f 886//308 815//783 871//838
f 871//838 883//847 886//308
f 885//848 816//788 818//787
f 816//788 885//848 888//851
f 890//853 873//389 814//809
f 873//389 890//853 891//854
f 893//855 854//823 861//386
f 861//386 892//295 893//855
f 887//850 822//792 824//784
f 822//792 887//850 882//846
f 894//856 842//381 843//812
f 842//381 894//856 895//857
f 889//852 855//822 825//793
f 855//822 889//852 884//849
f 897//858 831//800 830//799
f 830//799 896//316 897//858
f 898//859 832//782 835//358
f 832//782 898//859 899//860
f 901//861 821//790 820//789
f 820//789 900//277 901//861
f 890//853 814//809 831//800
f 831//800 897//858 890//853
f 898//859 835//358 854//823
f 854//823 893//855 898//859
f 895//857 820//789 842//381
f 820//789 895//857 900//277
f 857//826 864//833 811//825
f 864//833 857//826 869//837
f 896//316 830//799 873//389
f 873//389 891//854 896//316
f 866//834 829//797 850//383
f 850//383 849//816 866//834
f 899//860 861//386 832//782
f 861//386 899//860 892//295
f 894//856 843//812 821//790
f 821//790 901//861 894//856
f 902//862 846//801 831//800
f 904//863 836//803 821//790
f 836//803 904//863 905//864
f 909//865 833//781 816//788
f 833//781 909//865 906//866
f 905//864 812//798 836//803
f 907//867 827//794 810//785
f 810//785 910//868 907//867
f 909//865 816//788 835//358
f 834//804 907//867 910//868
f 904//863 821//790 812//798
f 812//798 905//864 904//863
f 902//862 831//800 903//802
f 903//802 908//869 902//862
f 907//867 834//804 827//794
f 908//869 903//802 846//801
f 846//801 902//862 908//869
f 906//866 835//358 833//781
f 835//358 906//866 909//865
f 910//868 810//785 834//804
usemtl Black.001
f 102//101 104//102 101//103
f 104//102 102//101 103//104
f 105//105 106//106 104//102
f 104//102 103//104 105//105
f 107//107 108//108 106//106
f 106//106 105//105 107//107
f 109//109 110//110 108//108
f 108//108 107//107 109//109
f 111//111 112//112 110//110
f 110//110 109//109 111//111
f 113//113 114//114 112//112
f 112//112 111//111 113//113
f 115//115 116//116 114//114
f 114//114 113//113 115//115
f 117//117 118//118 116//116
f 116//116 115//115 117//117
f 117//117 120//119 118//118
f 120//119 117//117 119//120
f 119//120 122//121 120//119
f 122//121 119//120 121//122
f 128//123 123//124 113//113
f 113//113 111//111 128//123
f 121//122 125//125 122//121
f 125//125 121//122 124//126
f 124//126 101//103 125//125
f 101//103 124//126 102//101
f 104//102 125//125 101//103
f 125//125 120//119 122//121
f 120//119 116//116 118//118
f 116//116 112//112 114//114
f 112//112 108//108 110//110
f 108//108 104//102 106//106
f 104//102 120//119 125//125
f 120//119 112//112 116//116
f 112//112 104//102 108//108
f 104//102 112//112 120//119
f 126//127 127//128 123//124
f 123//124 128//123 126//127
f 111//111 109//109 128//123
f 129//129 128//123 109//109
f 109//109 107//107 129//129
f 132//130 130//131 102//101
f 102//101 124//126 132//130
f 130//131 131//132 103//104
f 103//104 102//101 130//131
f 131//132 129//129 107//107
f 107//107 105//105 131//132
f 124//126 121//122 132//130
f 105//105 103//104 131//132
f 133//133 132//130 121//122
f 121//122 119//120 133//133
f 134//134 133//133 119//120
f 119//120 117//117 134//134
f 123//124 134//134 117//117
f 117//117 115//115 123//124
f 115//115 113//113 123//124
f 6//19 44//43 133//133
f 133//133 134//134 6//19
f 129//129 131//132 135//135
f 133//133 136//136 132//130
f 127//128 137//137 123//124
f 129//129 138//138 128//123
f 136//136 139//139 132//130
f 130//131 140//140 131//132
f 134//134 123//124 137//137
f 138//138 126//127 128//123
f 130//131 132//130 139//139
f 140//140 135//135 131//132
f 126//127 8//34 127//128
f 8//34 126//127 9//31
f 135//135 18//15 129//129
f 18//15 135//135 2//48
f 44//43 13//8 136//136
f 136//136 133//133 44//43
f 127//128 36//35 137//137
f 36//35 127//128 8//34
f 129//129 63//56 138//138
f 63//56 129//129 18//15
f 13//8 47//47 139//139
f 139//139 136//136 13//8
f 53//54 57//59 140//140
f 140//140 130//131 53//54
f 137//137 6//19 134//134
f 6//19 137//137 36//35
f 138//138 9//31 126//127
f 9//31 138//138 63//56
f 47//47 53//54 130//131
f 130//131 139//139 47//47
f 57//59 2//48 135//135
f 135//135 140//140 57//59
f 33//29 32//28 46//44
f 46//44 45//45 33//29
f 92//92 91//91 86//85
f 86//85 85//86 92//92
f 72//72 71//71 68//67
f 68//67 67//68 72//72
f 42//39 59//60 43//40
f 80//79 79//80 76//76
f 76//76 75//75 80//79
f 52//52 51//51 34//32
f 90//89 89//90 84//84
f 84//84 83//83 90//89
f 70//69 69//70 66//66
f 66//66 65//65 70//69
f 61//62 50//49 49//50
f 49//50 62//63 61//62
f 78//78 77//77 74//73
f 74//73 73//74 78//78
f 38//37 37//36 56//55
f 56//55 55//57 38//37
f 88//88 87//87 82//81
f 82//81 81//82 88//88
f 142//141 144//102 141//103
f 144//102 142//141 143//142
f 145//143 146//106 144//102
f 144//102 143//142 145//143
f 147//144 148//108 146//106
f 146//106 145//143 147//144
f 149//145 150//110 148//108
f 148//108 147//144 149//145
f 151//111 152//112 150//110
f 150//110 149//145 151//111
f 153//113 154//114 152//112
f 152//112 151//111 153//113
f 155//146 156//147 154//114
f 154//114 153//113 155//146
f 155//146 158//148 156//147
f 158//148 155//146 157//149
f 157//149 160//119 158//148
f 160//119 157//149 159//120
f 159//120 162//121 160//119
f 162//121 159//120 161//122
f 168//150 163//124 153//113
f 153//113 151//111 168//150
f 161//122 165//125 162//121
f 165//125 161//122 164//126
f 164//126 141//103 165//125
f 141//103 164//126 142//141
f 144//102 165//125 141//103
f 165//125 160//119 162//121
f 160//119 156//147 158//148
f 156//147 152//112 154//114
f 152//112 148//108 150//110
f 148//108 144//102 146//106
f 144//102 160//119 165//125
f 160//119 152//112 156//147
f 152//112 144//102 148//108
f 144//102 152//112 160//119
f 166//151 167//152 163//124
f 163//124 168//150 166//151
f 151//111 149//145 168//150
f 170//153 168//150 149//145
f 149//145 147//144 170//153
f 171//154 169//155 142//141
f 142//141 164//126 171//154
f 143//142 142//141 169//155
f 147//144 145//143 170//153
f 164//126 161//122 171//154
f 169//155 170//153 145//143
f 145//143 143//142 169//155
f 172//156 171//154 161//122
f 161//122 159//120 172//156
f 173//157 172//156 159//120
f 159//120 157//149 173//157
f 163//124 173//157 157//149
f 157//149 155//146 163//124
f 155//146 153//113 163//124
f 174//158 175//159 172//156
f 172//156 173//157 174//158
f 176//160 177//161 170//153
f 172//156 178//136 171//154
f 167//152 179//162 163//124
f 177//161 180//163 168//150
f 168//150 170//153 177//161
f 178//136 181//164 171//154
f 182//165 183//166 169//155
f 173//157 163//124 179//162
f 180//163 166//151 168//150
f 181//164 182//165 169//155
f 169//155 171//154 181//164
f 183//166 176//160 170//153
f 170//153 169//155 183//166
f 166//151 185//167 167//152
f 185//167 166//151 184//168
f 176//160 187//169 177//161
f 187//169 176//160 186//170
f 175//159 188//171 178//136
f 178//136 172//156 175//159
f 167//152 189//172 179//162
f 189//172 167//152 185//167
f 177//161 190//173 180//163
f 190//173 177//161 187//169
f 188//171 191//174 181//164
f 181//164 178//136 188//171
f 192//175 193//176 183//166
f 183//166 182//165 192//175
f 179//162 174//158 173//157
f 174//158 179//162 189//172
f 180//163 184//168 166//151
f 184//168 180//163 190//173
f 191//174 192//175 182//165
f 182//165 181//164 191//174
f 193//176 186//170 176//160
f 176//160 183//166 193//176
f 196//177 197//178 194//179
f 194//179 195//180 196//177
f 200//181 201//182 198//183
f 198//183 199//184 200//181
f 204//72 205//71 202//185
f 202//185 203//186 204//72
f 206//187 207//188 208//189
f 211//190 212//191 209//76
f 209//76 210//192 211//190
f 215//193 216//194 213//195
f 213//195 214//196 215//193
f 219//197 220//198 217//199
f 217//199 218//200 219//197
f 223//201 224//70 221//66
f 221//66 222//202 223//201
f 227//203 228//204 225//205
f 225//205 226//206 227//203
f 231//207 232//208 229//209
f 229//209 230//210 231//207
f 235//211 236//212 233//213
f 233//213 234//57 235//211
f 239//88 240//214 237//215
f 237//215 238//216 239//88
f 250//217 252//218 249//219
f 252//218 250//217 251//220
f 254//221 251//220 250//217
f 250//217 253//222 254//221
f 256//223 254//221 253//222
f 253//222 255//224 256//223
f 258//225 256//223 255//224
f 255//224 257//226 258//225
f 260//227 258//225 257//226
f 257//226 259//228 260//227
f 262//229 260//227 259//228
f 259//228 261//230 262//229
f 264//231 262//229 261//230
f 261//230 263//232 264//231
f 266//233 264//231 263//232
f 263//232 265//234 266//233
f 267//235 266//233 265//234
f 266//233 267//235 268//236
f 269//237 268//236 267//235
f 268//236 269//237 270//238
f 280//239 260//227 262//229
f 260//227 280//239 274//240
f 271//241 270//238 269//237
f 270//238 271//241 272//242
f 249//219 272//242 271//241
f 272//242 249//219 252//218
f 253//222 250//217 249//219
f 249//219 271//241 269//237
f 269//237 267//235 265//234
f 265//234 263//232 261//230
f 261//230 259//228 257//226
f 257//226 255//224 253//222
f 253//222 249//219 269//237
f 269//237 265//234 261//230
f 261//230 257//226 253//222
f 253//222 269//237 261//230
f 273//243 274//240 280//239
f 274//240 258//225 260//227
f 258//225 274//240 275//244
f 275//244 256//223 258//225
f 276//245 272//242 252//218
f 277//246 252//218 251//220
f 252//218 277//246 276//245
f 275//244 254//221 256//223
f 254//221 275//244 277//246
f 276//245 270//238 272//242
f 270//238 276//245 278//247
f 277//246 251//220 254//221
f 278//247 268//236 270//238
f 278//247 266//233 268//236
f 266//233 278//247 279//248
f 279//248 264//231 266//233
f 264//231 279//248 280//239
f 280//239 262//229 264//231
f 406//249 279//248 281//250
f 281//250 282//251 406//249
f 283//252 277//246 275//244
f 277//246 283//252 284//253
f 278//247 285//254 281//250
f 280//239 286//255 273//243
f 275//244 287//256 283//252
f 288//257 278//247 276//245
f 278//247 288//257 285//254
f 289//258 276//245 277//246
f 276//245 289//258 290//259
f 280//239 279//248 286//255
f 275//244 274//240 287//256
f 276//245 290//259 288//257
f 277//246 284//253 289//258
f 281//250 279//248 278//247
f 291//260 274//240 273//243
f 274//240 291//260 392//261
f 292//262 284//253 283//252
f 284//253 292//262 390//263
f 282//251 281//250 285//254
f 285//254 396//264 282//251
f 293//265 273//243 286//255
f 273//243 293//265 291//260
f 294//266 283//252 287//256
f 283//252 294//266 292//262
f 396//264 285//254 288//257
f 288//257 295//267 396//264
f 297//268 290//259 289//258
f 289//258 296//269 297//268
f 406//249 286//255 279//248
f 286//255 406//249 293//265
f 392//261 287//256 274//240
f 287//256 392//261 294//266
f 295//267 288//257 290//259
f 290//259 297//268 295//267
f 296//269 289//258 284//253
f 284//253 390//263 296//269
f 299//270 301//271 298//272
f 301//271 299//270 300//273
f 303//274 305//275 302//276
f 305//275 303//274 304//277
f 307//278 309//279 306//280
f 309//279 307//278 308//281
f 311//282 312//283 310//284
f 314//285 316//286 313//287
f 316//286 314//285 315//288
f 318//289 320//290 317//291
f 320//290 318//289 319//292
f 322//293 324//294 321//295
f 324//294 322//293 323//296
f 326//297 328//298 325//299
f 328//298 326//297 327//300
f 330//301 332//302 329//303
f 332//302 330//301 331//304
f 334//305 336//306 333//307
f 336//306 334//305 335//308
f 338//309 340//310 337//311
f 340//310 338//309 339//312
f 342//313 344//314 341//315
f 344//314 342//313 343//316
f 622//441 475//446 474//442
f 545//598 809//778 463//437
f 463//437 474//442 545//598
f 809//778 457//431 456//434
f 456//434 463//437 809//778
f 476//447 532//502 623//540
f 623//540 622//441 476//447
f 744//641 799//637 664//636
f 806//780 664//636 658//631
f 664//636 806//780 723//772
f 742//629 658//631 655//627
f 658//631 742//629 806//780
f 712//685 799//637 800//718
f 799//637 712//685 670//642
f 912//217 914//218 911//219
f 914//218 912//217 913//220
f 916//870 913//220 912//217
f 912//217 915//222 916//870
f 918//871 916//870 915//222
f 915//222 917//224 918//871
f 920//872 918//871 917//224
f 917//224 919//226 920//872
f 922//873 920//872 919//226
f 919//226 921//228 922//873
f 924//229 922//873 921//228
f 921//228 923//230 924//229
f 926//231 924//229 923//230
f 923//230 925//232 926//231
f 928//233 926//231 925//232
f 925//232 927//234 928//233
f 929//235 928//233 927//234
f 928//233 929//235 930//874
f 931//237 930//874 929//235
f 930//874 931//237 932//238
f 943//875 922//873 924//229
f 922//873 943//875 933//876
f 934//241 932//238 931//237
f 932//238 934//241 935//242
f 911//219 935//242 934//241
f 935//242 911//219 914//218
f 915//222 912//217 911//219
f 911//219 934//241 931//237
f 931//237 929//235 927//234
f 927//234 925//232 923//230
f 923//230 921//228 919//226
f 919//226 917//224 915//222
f 915//222 911//219 931//237
f 931//237 927//234 923//230
f 923//230 919//226 915//222
f 915//222 931//237 923//230
f 936//877 933//876 943//875
f 933//876 936//877 937//878
f 933//876 920//872 922//873
f 933//876 918//871 920//872
f 918//871 933//876 938//879
f 939//245 935//242 914//218
f 940//880 914//218 913//220
f 914//218 940//880 939//245
f 938//879 916//870 918//871
f 916//870 938//879 940//880
f 939//245 932//238 935//242
f 932//238 939//245 941//247
f 940//880 913//220 916//870
f 941//247 930//874 932//238
f 941//247 928//233 930//874
f 928//233 941//247 942//248
f 942//248 926//231 928//233
f 926//231 942//248 943//875
f 943//875 924//229 926//231
f 829//797 942//248 944//250
f 944//250 851//819 829//797
f 940//880 938//879 945//881
f 941//247 946//882 944//250
f 943//875 947//883 936//877
f 948//884 938//879 933//876
f 949//257 941//247 939//245
f 941//247 949//257 946//882
f 950//885 939//245 940//880
f 939//245 950//885 951//259
f 943//875 942//248 947//883
f 933//876 937//878 948//884
f 939//245 951//259 949//257
f 940//880 945//881 950//885
f 944//250 942//248 941//247
f 813//811 937//878 936//877
f 937//878 813//811 814//809
f 822//792 945//881 938//879
f 945//881 822//792 811//825
f 851//819 944//250 946//882
f 946//882 818//787 851//819
f 843//812 936//877 947//883
f 936//877 843//812 813//811
f 872//831 938//879 948//884
f 938//879 872//831 822//792
f 818//787 946//882 949//257
f 949//257 854//823 818//787
f 860//829 951//259 950//885
f 950//885 864//833 860//829
f 829//797 947//883 942//248
f 947//883 829//797 843//812
f 814//809 948//884 937//878
f 948//884 814//809 872//831
f 854//823 949//257 951//259
f 951//259 860//829 854//823
f 864//833 950//885 945//881
f 945//881 811//825 864//833
f 839//806 853//821 852//820
f 853//821 839//806 838//808
f 901//861 895//857 894//856
f 895//857 901//861 900//277
f 881//844 877//842 876//841
f 877//842 881//844 880//845
f 867//818 866//834 849//816
f 889//852 885//848 884//849
f 885//848 889//852 888//851
f 841//810 859//827 858//828
f 899//860 893//855 892//295
f 893//855 899//860 898//859
f 879//297 875//839 874//840
f 875//839 879//297 878//843
f 856//824 869//837 857//826
f 869//837 856//824 870//836
f 887//850 883//847 882//846
f 883//847 887//850 886//308
f 845//813 863//310 862//830
f 863//310 845//813 844//814
f 897//858 891//854 890//853
f 891//854 897//858 896//316
usemtl Blue.001
f 428//398 430//399 427//400
f 430//399 428//398 429//401
f 432//402 433//403 431//404
f 434//405 435//406 464//407
f 464//407 461//408 434//405
f 436//409 639//410 441//411
f 639//410 436//409 437//412
f 440//413 441//411 438//414
f 438//414 439//415 429//401
f 429//401 440//413 438//414
f 442//416 443//417 444//418
f 443//417 427//400 445//419
f 427//400 443//417 428//398
f 446//420 505//421 447//422
f 434//405 461//408 448//423
f 432//402 449//424 433//403
f 449//424 432//402 451//425
f 452//426 453//427 450//428
f 450//428 451//425 452//426
f 639//410 454//429 441//411
f 454//429 639//410 563//430
f 457//431 458//432 455//433
f 455//433 456//434 457//431
f 459//435 461//408 456//434
f 461//408 459//435 460//436
f 456//434 452//426 451//425
f 451//425 463//437 456//434
f 461//408 464//407 452//426
f 452//426 456//434 461//408
f 466//438 467//439 465//440
f 456//434 466//438 459//435
f 622//441 474//442 432//402
f 432//402 431//404 622//441
f 471//443 472//444 431//404
f 473//445 474//442 475//446
f 476//447 622//441 431//404
f 431//404 472//444 476//447
f 455//433 478//448 456//434
f 478//448 455//433 477//449
f 462//450 450//428 493//451
f 479//452 462//450 493//451
f 441//411 476//447 482//453
f 482//453 438//414 441//411
f 487//454 448//423 486//455
f 435//406 434//405 488//456
f 448//423 489//457 434//405
f 489//457 448//423 487//454
f 491//458 447//422 505//421
f 505//421 490//459 491//458
f 673//460 493//451 494//461
f 493//451 673//460 479//452
f 495//462 519//463 493//451
f 673//460 496//464 497//465
f 497//465 479//452 673//460
f 496//464 686//466 498//467
f 498//467 499//468 496//464
f 502//469 503//470 500//471
f 480//472 481//473 504//474
f 504//474 513//475 480//472
f 505//421 506//476 697//477
f 697//477 504//474 505//421
f 464//407 435//406 507//478
f 460//436 508//479 461//408
f 507//478 509//480 464//407
f 510//481 511//482 452//426
f 452//426 464//407 510//481
f 511//482 512//483 453//427
f 453//427 452//426 511//482
f 509//480 510//481 464//407
f 495//462 453//427 512//483
f 514//484 515//485 509//480
f 509//480 507//478 514//484
f 516//486 519//463 495//462
f 495//462 512//483 516//486
f 517//487 518//488 511//482
f 511//482 510//481 517//487
f 515//485 517//487 510//481
f 510//481 509//480 515//485
f 518//488 516//486 512//483
f 512//483 511//482 518//488
f 516//486 514//484 504//474
f 504//474 519//463 516//486
f 515//485 518//488 517//487
f 518//488 515//485 514//484
f 514//484 516//486 518//488
f 504//474 697//477 519//463
f 520//489 522//490 484//491
f 522//490 520//489 521//492
f 456//434 467//439 466//438
f 467//439 456//434 478//448
f 522//490 477//449 455//433
f 477//449 522//490 523//493
f 524//494 520//489 484//491
f 520//489 524//494 525//495
f 525//495 526//496 520//489
f 527//497 525//495 524//494
f 525//495 527//497 528//498
f 553//499 528//498 527//497
f 528//498 553//499 529//500
f 531//501 532//502 476//447
f 476//447 530//503 531//501
f 458//432 533//504 522//490
f 522//490 455//433 458//432
f 436//409 442//416 437//412
f 442//416 436//409 443//417
f 440//413 535//505 436//409
f 535//505 440//413 534//506
f 428//398 536//507 429//401
f 477//449 539//508 478//448
f 539//508 477//449 538//509
f 523//493 540//510 541//511
f 543//512 541//511 540//510
f 540//510 542//513 543//512
f 544//514 540//510 521//492
f 540//510 544//514 542//513
f 521//492 523//493 522//490
f 523//493 521//492 540//510
f 533//504 547//515 484//491
f 484//491 522//490 533//504
f 547//515 546//516 473//445
f 473//445 484//491 547//515
f 485//517 473//445 548//518
f 549//519 531//501 530//503
f 530//503 527//497 549//519
f 524//494 549//519 527//497
f 549//519 524//494 561//520
f 484//491 562//521 524//494
f 562//521 484//491 485//517
f 498//467 502//469 550//522
f 502//469 498//467 686//466
f 472//444 482//453 476//447
f 551//523 441//411 454//429
f 503//470 578//524 552//525
f 552//525 500//471 503//470
f 530//503 553//499 527//497
f 530//503 476//447 553//499
f 470//526 500//471 554//527
f 500//471 552//525 554//527
f 439//415 483//528 430//399
f 430//399 429//401 439//415
f 500//471 470//526 469//529
f 471//443 556//530 472//444
f 556//530 471//443 555//531
f 556//530 557//532 482//453
f 482//453 472//444 556//530
f 557//532 558//533 438//414
f 438//414 482//453 557//532
f 559//534 501//535 483//528
f 483//528 439//415 559//534
f 558//533 559//534 439//415
f 439//415 438//414 558//533
f 559//534 550//522 501//535
f 556//530 558//533 557//532
f 496//464 499//468 497//465
f 500//471 469//529 492//536
f 492//536 501//535 500//471
f 550//522 502//469 500//471
f 500//471 501//535 550//522
f 555//531 499//468 498//467
f 556//530 555//531 559//534
f 559//534 558//533 556//530
f 555//531 498//467 550//522
f 550//522 559//534 555//531
f 523//493 538//509 477//449
f 478//448 537//537 467//439
f 537//537 478//448 539//508
f 560//538 621//539 622//441
f 622//441 623//540 560//538
f 475//446 548//518 473//445
f 529//500 564//541 528//498
f 529//500 553//499 551//523
f 551//523 553//499 441//411
f 553//499 476//447 441//411
f 446//420 506//476 505//421
f 566//542 490//459 505//421
f 505//421 565//543 566//542
f 507//478 435//406 567//544
f 480//472 513//475 507//478
f 507//478 567//544 480//472
f 492//536 483//528 501//535
f 497//465 555//531 471//443
f 555//531 497//465 499//468
f 483//528 568//545 430//399
f 568//545 483//528 468//546
f 513//475 514//484 507//478
f 514//484 513//475 504//474
f 427//400 570//547 445//419
f 570//547 427//400 569//548
f 495//462 493//451 453//427
f 462//450 433//403 449//424
f 450//428 453//427 493//451
f 571//549 572//550 488//456
f 488//456 489//457 571//549
f 445//419 574//551 573//552
f 574//551 445//419 570//547
f 462//450 479//452 431//404
f 431//404 433//403 462//450
f 479//452 497//465 471//443
f 471//443 431//404 479//452
f 430//399 569//548 427//400
f 565//543 505//421 504//474
f 470//526 554//527 575//553
f 575//553 568//545 470//526
f 577//554 578//524 576//555
f 578//524 577//554 552//525
f 575//553 552//525 577//554
f 552//525 575//553 554//527
f 469//529 470//526 568//545
f 568//545 468//546 469//529
f 569//548 577//554 570//547
f 577//554 569//548 575//553
f 469//529 468//546 483//528
f 483//528 492//536 469//529
f 430//399 575//553 569//548
f 575//553 430//399 568//545
f 570//547 576//555 574//551
f 576//555 570//547 577//554
f 481//473 565//543 504//474
f 567//544 579//556 481//473
f 481//473 480//472 567//544
f 580//557 571//549 489//457
f 489//457 487//454 580//557
f 581//558 582//559 487//454
f 487//454 490//459 581//558
f 584//560 586//561 583//562
f 586//561 584//560 585//563
f 588//564 590//565 587//566
f 590//565 588//564 589//567
f 593//568 594//569 591//570
f 591//570 592//571 593//568
f 584//560 583//562 595//572
f 595//572 602//573 584//560
f 587//566 590//565 595//572
f 585//563 602//573 588//564
f 602//573 585//563 584//560
f 592//571 598//574 596//575
f 596//575 597//576 592//571
f 596//575 599//577 597//576
f 598//574 592//571 591//570
f 596//575 598//574 591//570
f 591//570 599//577 596//575
f 594//569 601//578 600//579
f 601//578 594//569 593//568
f 601//578 593//568 592//571
f 592//571 597//576 601//578
f 602//573 591//570 594//569
f 594//569 603//580 602//573
f 602//573 604//581 589//567
f 604//581 602//573 603//580
f 599//577 601//578 597//576
f 601//578 599//577 600//579
f 589//567 600//579 599//577
f 604//581 600//579 589//567
f 599//577 591//570 595//572
f 595//572 590//565 599//577
f 602//573 595//572 591//570
f 589//567 599//577 590//565
f 588//564 602//573 589//567
f 595//572 583//562 586//561
f 586//561 587//566 595//572
f 585//563 587//566 586//561
f 587//566 585//563 588//564
f 603//580 600//579 604//581
f 600//579 603//580 594//569
f 605//582 606//583 566//542
f 488//456 434//405 489//457
f 580//557 607//584 571//549
f 608//585 605//582 579//556
f 579//556 567//544 608//585
f 572//550 608//585 567//544
f 567//544 488//456 572//550
f 566//542 581//558 490//459
f 566//542 579//556 605//582
f 572//550 571//549 607//584
f 581//558 566//542 606//583
f 451//425 474//442 463//437
f 462//450 449//424 450//428
f 474//442 451//425 432//402
f 451//425 450//428 449//424
f 490//459 487//454 486//455
f 486//455 609//586 490//459
f 441//411 440//413 436//409
f 466//438 610//587 459//435
f 610//587 466//438 465//440
f 448//423 461//408 508//479
f 459//435 508//479 460//436
f 508//479 459//435 610//587
f 611//588 612//589 442//416
f 442//416 444//418 611//588
f 445//419 444//418 443//417
f 573//552 614//590 445//419
f 614//590 573//552 613//591
f 445//419 611//588 444//418
f 611//588 445//419 614//590
f 615//592 617//593 428//398
f 617//593 615//592 616//594
f 618//595 616//594 615//592
f 615//592 535//505 618//595
f 436//409 615//592 443//417
f 615//592 436//409 535//505
f 428//398 443//417 615//592
f 536//507 534//506 440//413
f 440//413 429//401 536//507
f 619//596 618//595 535//505
f 535//505 534//506 619//596
f 428//398 620//597 536//507
f 620//597 428//398 617//593
f 536//507 619//596 534//506
f 619//596 536//507 620//597
f 580//557 487//454 582//559
f 561//520 524//494 562//521
f 562//521 621//539 560//538
f 560//538 561//520 562//521
f 485//517 484//491 473//445
f 473//445 546//516 545//598
f 545//598 474//442 473//445
f 491//458 609//586 624//599
f 609//586 491//458 490//459
f 579//556 566//542 565//543
f 565//543 481//473 579//556
f 447//422 626//600 446//420
f 626//600 447//422 625//601
f 491//458 625//601 447//422
f 625//601 491//458 624//599
f 750//602 629//603 627//604
f 629//603 750//602 628//605
f 630//606 631//607 632//608
f 634//609 636//610 633//611
f 636//610 634//609 635//612
f 637//613 639//410 437//412
f 639//410 641//614 638//615
f 641//614 640//616 628//605
f 640//616 641//614 639//410
f 643//617 442//416 642//618
f 627//604 643//617 644//619
f 643//617 627//604 629//603
f 645//620 646//621 446//420
f 635//612 508//479 636//610
f 508//479 635//612 647//622
f 648//623 632//608 631//607
f 632//608 648//623 649//624
f 639//410 652//625 563//430
f 654//626 655//627 653//628
f 655//627 654//626 742//629
f 636//610 610//587 655//627
f 610//587 636//610 508//479
f 651//630 658//631 650//632
f 658//631 651//630 655//627
f 655//627 659//633 636//610
f 465//440 467//439 660//634
f 659//633 655//627 651//630
f 465//440 655//627 610//587
f 651//630 663//635 659//633
f 664//636 630//606 632//608
f 630//606 664//636 799//637
f 630//606 668//638 667//639
f 664//636 669//640 744//641
f 799//637 668//638 630//606
f 668//638 799//637 670//642
f 671//643 653//628 655//627
f 653//628 671//643 672//644
f 657//645 494//461 656//646
f 657//645 673//460 494//461
f 676//647 678//648 638//615
f 678//648 676//647 677//649
f 670//642 638//615 678//648
f 638//615 670//642 639//410
f 680//650 448//423 647//622
f 448//423 680//650 486//455
f 634//609 681//651 635//612
f 682//652 647//622 635//612
f 647//622 682//652 680//650
f 683//653 684//654 646//621
f 646//621 645//620 683//653
f 494//461 519//463 696//655
f 519//463 494//461 493//451
f 689//656 496//464 673//460
f 677//649 668//638 678//648
f 496//464 740//657 686//466
f 502//469 690//658 687//659
f 687//659 503//470 502//469
f 674//660 691//661 697//477
f 697//477 675//662 674//660
f 697//477 506//476 646//621
f 634//609 633//611 693//663
f 633//611 636//610 659//633
f 692//664 693//663 633//611
f 659//633 694//665 695//666
f 659//633 663//635 694//665
f 695//666 633//611 659//633
f 633//611 695//666 692//664
f 704//667 663//635 696//655
f 699//668 693//663 692//664
f 692//664 698//669 699//668
f 701//670 663//635 704//667
f 704//667 700//671 701//670
f 703//672 695//666 694//665
f 694//665 702//673 703//672
f 698//669 692//664 695//666
f 695//666 703//672 698//669
f 702//673 694//665 663//635
f 663//635 701//670 702//673
f 699//668 700//671 697//477
f 700//671 699//668 701//670
f 698//669 703//672 702//673
f 698//669 701//670 699//668
f 701//670 698//669 702//673
f 700//671 704//667 696//655
f 696//655 519//463 700//671
f 697//477 700//671 519//463
f 705//674 707//675 679//676
f 707//675 705//674 706//677
f 660//634 655//627 465//440
f 655//627 660//634 671//643
f 672//644 705//674 653//628
f 705//674 672//644 720//678
f 707//675 709//679 679//676
f 709//679 707//675 708//680
f 526//496 708//680 707//675
f 708//680 526//496 525//495
f 708//680 711//681 709//679
f 711//681 708//680 710//682
f 525//495 710//682 708//680
f 710//682 525//495 528//498
f 710//682 732//683 711//681
f 732//683 710//682 746//684
f 712//685 713//686 670//642
f 725//687 653//628 705//674
f 653//628 725//687 654//626
f 442//416 637//613 437//412
f 637//613 442//416 643//617
f 714//688 640//616 637//613
f 640//616 714//688 715//689
f 716//690 629//603 628//605
f 537//537 660//634 467//439
f 660//634 537//537 717//691
f 719//692 672//644 671//643
f 671//643 718//693 719//692
f 721//694 722//695 720//678
f 543//512 542//513 722//695
f 722//695 721//694 543//512
f 722//695 544//514 706//677
f 544//514 722//695 542//513
f 720//678 706//677 705//674
f 706//677 720//678 722//695
f 741//696 705//674 679//676
f 705//674 741//696 725//687
f 724//697 679//676 669//640
f 679//676 724//697 741//696
f 713//686 727//698 728//699
f 711//681 713//686 728//699
f 728//699 709//679 711//681
f 709//679 728//699 729//700
f 730//701 679//676 709//679
f 679//676 730//701 726//702
f 690//658 502//469 686//466
f 668//638 670//642 678//648
f 638//615 641//614 676//647
f 639//410 731//703 652//625
f 503//470 687//659 757//704
f 757//704 578//524 503//470
f 713//686 711//681 732//683
f 713//686 732//683 670//642
f 666//705 733//706 687//659
f 733//706 757//704 687//659
f 661//707 628//605 750//602
f 628//605 661//707 641//614
f 687//659 665//708 666//705
f 734//709 641//614 661//707
f 735//710 667//639 668//638
f 667//639 735//710 736//711
f 735//710 668//638 677//649
f 677//649 737//712 735//710
f 737//712 677//649 676//647
f 676//647 738//713 737//712
f 661//707 688//714 734//709
f 738//713 676//647 641//614
f 641//614 734//709 738//713
f 690//658 734//709 688//714
f 735//710 737//712 738//713
f 739//715 740//657 689//656
f 687//659 688//714 685//716
f 685//716 665//708 687//659
f 496//464 689//656 740//657
f 690//658 688//714 687//659
f 740//657 736//711 686//466
f 736//711 738//713 734//709
f 738//713 736//711 735//710
f 686//466 734//709 690//658
f 734//709 686//466 736//711
f 672//644 719//692 720//678
f 717//691 671//643 660//634
f 671//643 717//691 718//693
f 798//717 800//718 799//637
f 800//718 798//717 743//719
f 727//698 713//686 712//685
f 710//682 745//720 746//684
f 652//625 808//721 563//430
f 564//541 710//682 528//498
f 710//682 564//541 745//720
f 808//721 652//625 731//703
f 732//683 746//684 731//703
f 731//703 639//410 732//683
f 732//683 639//410 670//642
f 646//621 506//476 446//420
f 747//722 748//723 646//621
f 646//621 684//654 747//722
f 693//663 749//724 634//609
f 691//661 749//724 693//663
f 749//724 691//661 674//660
f 688//714 661//707 685//716
f 736//711 739//715 667//639
f 739//715 736//711 740//657
f 751//725 661//707 750//602
f 661//707 751//725 662//726
f 699//668 691//661 693//663
f 691//661 699//668 697//477
f 689//656 667//639 739//715
f 752//727 627//604 644//619
f 627//604 752//727 753//728
f 494//461 663//635 651//630
f 663//635 494//461 696//655
f 631//607 657//645 648//623
f 656//646 651//630 650//632
f 651//630 656//646 494//461
f 754//729 682//652 681//651
f 682//652 754//729 755//730
f 574//551 644//619 573//552
f 644//619 574//551 752//727
f 673//460 631//607 630//606
f 631//607 673//460 657//645
f 689//656 630//606 667//639
f 630//606 689//656 673//460
f 753//728 750//602 627//604
f 697//477 646//621 748//723
f 733//706 751//725 756//731
f 751//725 733//706 666//705
f 578//524 758//732 576//555
f 758//732 578//524 757//704
f 757//704 756//731 758//732
f 756//731 757//704 733//706
f 666//705 662//726 751//725
f 662//726 666//705 665//708
f 758//732 753//728 752//727
f 753//728 758//732 756//731
f 662//726 685//716 661//707
f 685//716 662//726 665//708
f 756//731 750//602 753//728
f 750//602 756//731 751//725
f 576//555 752//727 574//551
f 752//727 576//555 758//732
f 675//662 697//477 748//723
f 759//733 674//660 675//662
f 674//660 759//733 749//724
f 787//734 680//650 682//652
f 682//652 755//730 787//734
f 761//735 684//654 680//650
f 680//650 760//736 761//735
f 764//737 765//738 762//739
f 762//739 763//740 764//737
f 768//741 769//742 766//743
f 766//743 767//744 768//741
f 771//745 773//746 770//747
f 773//746 771//745 772//748
f 765//738 781//749 774//750
f 774//750 762//739 765//738
f 774//750 767//744 766//743
f 781//749 764//737 769//742
f 764//737 781//749 765//738
f 773//746 777//751 775//752
f 775//752 776//753 773//746
f 778//754 775//752 777//751
f 770//747 773//746 776//753
f 775//752 778//754 770//747
f 770//747 776//753 775//752
f 780//755 771//745 779//756
f 771//745 780//755 772//748
f 772//748 777//751 773//746
f 777//751 772//748 780//755
f 771//745 770//747 781//749
f 782//757 771//745 781//749
f 782//757 781//749 768//741
f 768//741 783//758 782//757
f 779//756 778//754 777//751
f 777//751 780//755 779//756
f 779//756 768//741 778//754
f 783//758 768//741 779//756
f 778//754 767//744 774//750
f 774//750 770//747 778//754
f 770//747 774//750 781//749
f 778//754 768//741 767//744
f 781//749 769//742 768//741
f 774//750 766//743 763//740
f 763//740 762//739 774//750
f 766//743 764//737 763//740
f 764//737 766//743 769//742
f 779//756 782//757 783//758
f 782//757 779//756 771//745
f 784//759 786//760 747//722
f 786//760 784//759 785//761
f 681//651 682//652 635//612
f 786//760 749//724 759//733
f 749//724 786//760 788//762
f 788//762 681//651 749//724
f 681//651 788//762 754//729
f 684//654 761//735 747//722
f 786//760 759//733 747//722
f 785//761 788//762 786//760
f 747//722 761//735 784//759
f 789//763 650//632 658//631
f 650//632 789//763 649//624
f 648//623 656//646 650//632
f 656//646 648//623 657//645
f 649//624 664//636 632//608
f 664//636 649//624 789//763
f 664//636 789//763 658//631
f 650//632 649//624 648//623
f 684//654 609//586 486//455
f 486//455 680//650 684//654
f 640//616 639//410 637//613
f 448//423 508//479 647//622
f 790//764 642//618 442//416
f 442//416 612//589 790//764
f 642//618 644//619 643//617
f 791//765 573//552 644//619
f 573//552 791//765 613//591
f 791//765 644//619 642//618
f 642//618 790//764 791//765
f 792//766 794//767 629//603
f 794//767 792//766 793//768
f 793//768 714//688 794//767
f 714//688 793//768 795//769
f 794//767 637//613 643//617
f 637//613 794//767 714//688
f 643//617 629//603 794//767
f 715//689 628//605 640//616
f 628//605 715//689 716//690
f 796//770 715//689 714//688
f 714//688 795//769 796//770
f 797//771 629//603 716//690
f 629//603 797//771 792//766
f 797//771 716//690 715//689
f 715//689 796//770 797//771
f 787//734 760//736 680//650
f 729//700 730//701 709//679
f 798//717 729//700 743//719
f 729//700 798//717 730//701
f 544//514 520//489 526//496
f 520//489 544//514 521//492
f 526//496 706//677 544//514
f 706//677 526//496 707//675
f 669//640 679//676 726//702
f 724//697 664//636 723//772
f 664//636 724//697 669//640
f 624//599 609//586 683//653
f 683//653 801//773 624//599
f 684//654 683//653 609//586
f 759//733 675//662 748//723
f 748//723 747//722 759//733
f 626//600 645//620 446//420
f 645//620 626//600 802//774
f 801//773 683//653 645//620
f 645//620 802//774 801//773
f 567//544 435//406 488//456
f 634//609 749//724 681//651
usemtl Windows.001
f 804//775 537//537 803//776
f 539//508 803//776 537//537
f 803//776 539//508 538//509
f 541//511 538//509 523//493
f 538//509 541//511 803//776
f 543//512 803//776 541//511
f 803//776 543//512 804//775
f 546//516 805//777 809//778
f 809//778 545//598 546//516
f 805//777 458//432 457//431
f 457//431 809//778 805//777
f 547//515 533//504 805//777
f 805//777 546//516 547//515
f 458//432 805//777 533//504
f 621//539 548//518 475//446
f 475//446 622//441 621//539
f 562//521 485//517 548//518
f 548//518 621//539 562//521
f 549//519 561//520 560//538
f 454//429 564//541 529//500
f 808//721 564//541 454//429
f 454//429 563//430 808//721
f 454//429 529//500 551//523
f 560//538 531//501 549//519
f 532//502 531//501 560//538
f 560//538 623//540 532//502
f 804//775 717//691 537//537
f 804//775 718//693 717//691
f 718//693 804//775 719//692
f 719//692 721//694 720//678
f 721//694 719//692 804//775
f 804//775 543//512 721//694
f 807//779 723//772 806//780
f 723//772 807//779 724//697
f 654//626 806//780 742//629
f 806//780 654//626 807//779
f 725//687 724//697 807//779
f 724//697 725//687 741//696
f 654//626 725//687 807//779
f 669//640 799//637 744//641
f 799//637 669//640 798//717
f 726//702 798//717 669//640
f 798//717 726//702 730//701
f 728//699 743//719 729//700
f 745//720 808//721 746//684
f 808//721 745//720 564//541
f 746//684 808//721 731//703
f 743//719 728//699 727//698
f 727//698 800//718 743//719
f 800//718 727//698 712//685
usemtl Headlights.001
f 607//584 605//582 608//585
f 608//585 572//550 607//584
f 606//583 580//557 582//559
f 582//559 581//558 606//583
f 605//582 607//584 606//583
f 580//557 606//583 607//584
f 785//761 754//729 788//762
f 754//729 785//761 755//730
f 784//759 761//735 760//736
f 760//736 787//734 784//759
f 785//761 784//759 755//730
f 787//734 755//730 784//759
usemtl TailLights.001
f 619//596 616//594 618//595
f 616//594 619//596 617//593
f 619//596 620//597 617//593
f 793//768 796//770 795//769
f 796//770 793//768 792//766
f 796//770 792//766 797//771
