# Blender 5.1.2
# www.blender.org
mtllib Без имени.mtl
o Teapot
v 0.605903 0.005903 -0.000000
v 0.000000 0.000000 0.000000
v 0.584584 0.005902 -0.162696
v 0.524218 0.005902 -0.307888
v 0.430191 0.005901 -0.430191
v 0.307888 0.005901 -0.524218
v 0.162696 0.005901 -0.584584
v 0.000000 0.005901 -0.605903
v -0.162696 0.005901 -0.584584
v -0.307888 0.005901 -0.524218
v -0.430191 0.005901 -0.430191
v -0.524218 0.005902 -0.307888
v -0.584584 0.005902 -0.162696
v -0.605903 0.005903 -0.000000
v -0.584584 0.005904 0.162696
v -0.524218 0.005904 0.307888
v -0.430191 0.005905 0.430191
v -0.307888 0.005905 0.524218
v -0.162696 0.005905 0.584584
v 0.000000 0.005905 0.605903
v 0.162696 0.005905 0.584584
v 0.307888 0.005905 0.524218
v 0.430191 0.005905 0.430191
v 0.524218 0.005904 0.307888
v 0.584584 0.005904 0.162696
v 1.400000 2.400000 -0.000008
v 1.350740 2.400000 0.375917
v 1.332760 2.454690 0.370913
v 1.381370 2.454690 -0.000009
v 1.384260 2.487500 -0.000009
v 1.335550 2.487500 0.371690
v 1.403120 2.498440 -0.000009
v 1.353760 2.498440 0.376756
v 1.382010 2.487500 0.384619
v 1.432410 2.487500 -0.000009
v 1.414950 2.454690 0.393787
v 1.466550 2.454690 -0.000009
v 1.447220 2.400000 0.402769
v 1.500000 2.400000 -0.000008
v 1.211260 2.400000 0.711398
v 1.195140 2.454690 0.701929
v 1.197640 2.487500 0.703400
v 1.213960 2.498440 0.712986
v 1.239300 2.487500 0.727866
v 1.268840 2.454690 0.745216
v 1.297780 2.400000 0.762213
v 0.994000 2.400000 0.993991
v 0.980770 2.454690 0.980761
v 0.982824 2.487500 0.982815
v 0.996219 2.498440 0.996210
v 1.017010 2.487500 1.017000
v 1.041250 2.454690 1.041240
v 1.065000 2.400000 1.064990
v 0.711407 2.400000 1.211250
v 0.701938 2.454690 1.195130
v 0.703409 2.487500 1.197630
v 0.712995 2.498440 1.213950
v 0.727875 2.487500 1.239290
v 0.745225 2.454690 1.268830
v 0.762222 2.400000 1.297770
v 0.375926 2.400010 1.350730
v 0.370922 2.454690 1.332750
v 0.371699 2.487500 1.335540
v 0.376765 2.498450 1.353750
v 0.384628 2.487500 1.382000
v 0.393796 2.454700 1.414940
v 0.402778 2.400010 1.447210
v 0.000000 2.400010 1.399990
v 0.000000 2.454690 1.381360
v 0.000000 2.487500 1.384250
v 0.000000 2.498450 1.403110
v 0.000000 2.487510 1.432400
v 0.000000 2.454700 1.466540
v 0.000000 2.400010 1.499990
v -0.375926 2.400010 1.350730
v -0.370922 2.454690 1.332750
v -0.371699 2.487500 1.335540
v -0.376765 2.498450 1.353750
v -0.384628 2.487500 1.382000
v -0.393796 2.454700 1.414940
v -0.402778 2.400010 1.447210
v -0.711407 2.400000 1.211250
v -0.701938 2.454690 1.195130
v -0.703409 2.487500 1.197630
v -0.712995 2.498440 1.213950
v -0.727875 2.487500 1.239290
v -0.745225 2.454690 1.268830
v -0.762222 2.400000 1.297770
v -0.994000 2.400000 0.993991
v -0.980770 2.454690 0.980761
v -0.982824 2.487500 0.982815
v -0.996219 2.498440 0.996210
v -1.017010 2.487500 1.017000
v -1.041250 2.454690 1.041240
v -1.065000 2.400000 1.064990
v -1.211260 2.400000 0.711398
v -1.195140 2.454690 0.701929
v -1.197640 2.487500 0.703400
v -1.213960 2.498440 0.712986
v -1.239300 2.487500 0.727866
v -1.268840 2.454690 0.745216
v -1.297780 2.400000 0.762213
v -1.350740 2.400000 0.375917
v -1.332760 2.454690 0.370913
v -1.335550 2.487500 0.371690
v -1.353760 2.498440 0.376756
v -1.382010 2.487500 0.384619
v -1.414950 2.454690 0.393787
v -1.447220 2.400000 0.402769
v -1.400000 2.400000 -0.000008
v -1.381370 2.454690 -0.000009
v -1.384260 2.487500 -0.000009
v -1.403120 2.498440 -0.000009
v -1.432410 2.487500 -0.000009
v -1.466550 2.454690 -0.000009
v -1.500000 2.400000 -0.000008
v -1.350740 2.400000 -0.375935
v -1.332760 2.454690 -0.370931
v -1.335550 2.487500 -0.371708
v -1.353760 2.498440 -0.376774
v -1.382010 2.487500 -0.384637
v -1.414950 2.454690 -0.393805
v -1.447220 2.400000 -0.402787
v -1.211260 2.400000 -0.711416
v -1.195140 2.454690 -0.701947
v -1.197640 2.487500 -0.703418
v -1.213960 2.498440 -0.713004
v -1.239300 2.487500 -0.727884
v -1.268840 2.454690 -0.745234
v -1.297780 2.400000 -0.762231
v -0.994000 2.400000 -0.994009
v -0.980770 2.454690 -0.980779
v -0.982824 2.487500 -0.982833
v -0.996219 2.498440 -0.996228
v -1.017010 2.487500 -1.017020
v -1.041250 2.454690 -1.041260
v -1.065000 2.400000 -1.065010
v -0.711407 2.400000 -1.211270
v -0.701938 2.454690 -1.195150
v -0.703409 2.487500 -1.197650
v -0.712995 2.498440 -1.213970
v -0.727875 2.487500 -1.239310
v -0.745225 2.454690 -1.268850
v -0.762222 2.400000 -1.297790
v -0.375926 2.400000 -1.350750
v -0.370922 2.454680 -1.332770
v -0.371699 2.487490 -1.335560
v -0.376765 2.498440 -1.353770
v -0.384628 2.487490 -1.382020
v -0.393796 2.454680 -1.414960
v -0.402778 2.399990 -1.447230
v 0.000000 2.399990 -1.400010
v 0.000000 2.454680 -1.381380
v 0.000000 2.487490 -1.384270
v 0.000000 2.498430 -1.403130
v 0.000000 2.487490 -1.432420
v 0.000000 2.454680 -1.466560
v 0.000000 2.399990 -1.500010
v 0.375926 2.400000 -1.350750
v 0.370922 2.454680 -1.332770
v 0.371699 2.487490 -1.335560
v 0.376765 2.498440 -1.353770
v 0.384628 2.487490 -1.382020
v 0.393796 2.454680 -1.414960
v 0.402778 2.399990 -1.447230
v 0.711407 2.400000 -1.211270
v 0.701938 2.454690 -1.195150
v 0.703409 2.487500 -1.197650
v 0.712995 2.498440 -1.213970
v 0.727875 2.487500 -1.239310
v 0.745225 2.454690 -1.268850
v 0.762222 2.400000 -1.297790
v 0.994000 2.400000 -0.994009
v 0.980770 2.454690 -0.980779
v 0.982824 2.487500 -0.982833
v 0.996219 2.498440 -0.996228
v 1.017010 2.487500 -1.017020
v 1.041250 2.454690 -1.041260
v 1.065000 2.400000 -1.065010
v 1.211260 2.400000 -0.711416
v 1.195140 2.454690 -0.701947
v 1.197640 2.487500 -0.703418
v 1.213960 2.498440 -0.713004
v 1.239300 2.487500 -0.727884
v 1.268840 2.454690 -0.745234
v 1.297780 2.400000 -0.762231
v 1.350740 2.400000 -0.375935
v 1.332760 2.454690 -0.370931
v 1.335550 2.487500 -0.371708
v 1.353760 2.498440 -0.376774
v 1.382010 2.487500 -0.384637
v 1.414950 2.454690 -0.393805
v 1.447220 2.400000 -0.402787
v 1.566710 2.137850 0.436024
v 1.623840 2.137850 -0.000008
v 1.679490 1.877780 0.467414
v 1.740740 1.877780 -0.000007
v 1.778880 1.621880 0.495075
v 1.843750 1.621870 -0.000006
v 1.858160 1.372220 0.517142
v 1.925930 1.372220 -0.000005
v 1.910650 1.130900 0.531750
v 1.980320 1.130900 -0.000004
v 1.929630 0.900002 0.537034
v 2.000000 0.900000 -0.000003
v 1.404920 2.137850 0.825145
v 1.506060 1.877780 0.884547
v 1.595190 1.621880 0.936892
v 1.666280 1.372220 0.978651
v 1.713350 1.130900 1.006300
v 1.730370 0.900004 1.016300
v 1.152930 2.137850 1.152920
v 1.235930 1.877780 1.235920
v 1.309060 1.621870 1.309050
v 1.367410 1.372230 1.367400
v 1.406030 1.130910 1.406030
v 1.420000 0.900005 1.420000
v 0.825153 2.137860 1.404910
v 0.884554 1.877790 1.506050
v 0.936898 1.621890 1.595180
v 0.978656 1.372230 1.666270
v 1.006300 1.130910 1.713350
v 1.016300 0.900006 1.730370
v 0.436032 2.137860 1.566700
v 0.467421 1.877790 1.679480
v 0.495081 1.621880 1.778870
v 0.517147 1.372230 1.858150
v 0.531754 1.130910 1.910650
v 0.537037 0.900007 1.929630
v 0.000000 2.137860 1.623830
v 0.000000 1.877790 1.740730
v 0.000000 1.621880 1.843740
v 0.000000 1.372230 1.925920
v 0.000000 1.130910 1.980320
v 0.000000 0.900007 2.000000
v -0.436032 2.137860 1.566700
v -0.467421 1.877790 1.679480
v -0.495081 1.621890 1.778870
v -0.517147 1.372230 1.858150
v -0.531754 1.130910 1.910650
v -0.537037 0.900007 1.929630
v -0.825153 2.137860 1.404910
v -0.884554 1.877790 1.506050
v -0.936898 1.621890 1.595180
v -0.978656 1.372230 1.666270
v -1.006300 1.130910 1.713350
v -1.016300 0.900006 1.730370
v -1.152930 2.137850 1.152920
v -1.235930 1.877780 1.235920
v -1.309060 1.621870 1.309050
v -1.367410 1.372230 1.367400
v -1.406030 1.130910 1.406030
v -1.420000 0.900005 1.420000
v -1.404920 2.137850 0.825145
v -1.506060 1.877780 0.884547
v -1.595190 1.621880 0.936892
v -1.666280 1.372220 0.978651
v -1.713350 1.130900 1.006300
v -1.730370 0.900004 1.016300
v -1.566710 2.137850 0.436024
v -1.679490 1.877780 0.467414
v -1.778880 1.621870 0.495075
v -1.858160 1.372220 0.517142
v -1.910650 1.130900 0.531750
v -1.929630 0.900002 0.537034
v -1.623840 2.137850 -0.000008
v -1.740740 1.877780 -0.000007
v -1.843750 1.621870 -0.000006
v -1.925930 1.372220 -0.000005
v -1.980320 1.130900 -0.000004
v -2.000000 0.900000 -0.000003
v -1.566710 2.137850 -0.436040
v -1.679490 1.877780 -0.467428
v -1.778880 1.621880 -0.495087
v -1.858160 1.372220 -0.517152
v -1.910650 1.130900 -0.531758
v -1.929630 0.899998 -0.537040
v -1.404920 2.137850 -0.825161
v -1.506060 1.877780 -0.884561
v -1.595190 1.621880 -0.936904
v -1.666280 1.372220 -0.978661
v -1.713350 1.130900 -1.006300
v -1.730370 0.899996 -1.016300
v -1.152930 2.137850 -1.152940
v -1.235930 1.877780 -1.235940
v -1.309060 1.621870 -1.309070
v -1.367410 1.372220 -1.367420
v -1.406030 1.130890 -1.406030
v -1.420000 0.899995 -1.420000
v -0.825153 2.137840 -1.404930
v -0.884554 1.877770 -1.506070
v -0.936898 1.621870 -1.595200
v -0.978656 1.372210 -1.666290
v -1.006300 1.130890 -1.713350
v -1.016300 0.899994 -1.730370
v -0.436032 2.137840 -1.566720
v -0.467421 1.877770 -1.679500
v -0.495081 1.621860 -1.778890
v -0.517147 1.372210 -1.858170
v -0.531754 1.130890 -1.910650
v -0.537037 0.899993 -1.929630
v 0.000000 2.137840 -1.623850
v 0.000000 1.877770 -1.740750
v 0.000000 1.621860 -1.843760
v 0.000000 1.372210 -1.925940
v 0.000000 1.130890 -1.980320
v 0.000000 0.899993 -2.000000
v 0.436032 2.137840 -1.566720
v 0.467421 1.877770 -1.679500
v 0.495081 1.621870 -1.778890
v 0.517147 1.372210 -1.858170
v 0.531754 1.130890 -1.910650
v 0.537037 0.899993 -1.929630
v 0.825153 2.137840 -1.404930
v 0.884554 1.877770 -1.506070
v 0.936898 1.621870 -1.595200
v 0.978656 1.372210 -1.666290
v 1.006300 1.130890 -1.713350
v 1.016300 0.899994 -1.730370
v 1.152930 2.137850 -1.152940
v 1.235930 1.877780 -1.235940
v 1.309060 1.621870 -1.309070
v 1.367410 1.372220 -1.367420
v 1.406030 1.130890 -1.406030
v 1.420000 0.899995 -1.420000
v 1.404920 2.137850 -0.825161
v 1.506060 1.877780 -0.884561
v 1.595190 1.621880 -0.936904
v 1.666280 1.372220 -0.978661
v 1.713350 1.130900 -1.006300
v 1.730370 0.899996 -1.016300
v 1.566710 2.137850 -0.436040
v 1.679490 1.877780 -0.467428
v 1.778880 1.621870 -0.495087
v 1.858160 1.372220 -0.517152
v 1.910650 1.130900 -0.531758
v 1.929630 0.899998 -0.537040
v 1.893900 0.693405 0.527089
v 1.962960 0.693403 -0.000002
v 1.804560 0.522224 0.502227
v 1.870370 0.522222 -0.000002
v 1.688430 0.384377 0.469906
v 1.750000 0.384375 -0.000001
v 1.572290 0.277780 0.437585
v 1.629630 0.277778 -0.000001
v 1.482960 0.200349 0.412722
v 1.537040 0.200347 -0.000001
v 1.447220 0.150001 0.402777
v 1.500000 0.150000 -0.000001
v 1.698330 0.693407 0.997473
v 1.618220 0.522225 0.950423
v 1.514070 0.384378 0.889258
v 1.409930 0.277781 0.828092
v 1.329820 0.200350 0.781042
v 1.297780 0.150003 0.762221
v 1.393700 0.693408 1.393700
v 1.327960 0.522227 1.327960
v 1.242500 0.384380 1.242500
v 1.157040 0.277782 1.157040
v 1.091300 0.200351 1.091300
v 1.065000 0.150004 1.065000
v 0.997476 0.693409 1.698330
v 0.950425 0.522228 1.618220
v 0.889259 0.384381 1.514070
v 0.828093 0.277783 1.409930
v 0.781043 0.200352 1.329820
v 0.762222 0.150005 1.297780
v 0.527092 0.693410 1.893900
v 0.502229 0.522229 1.804560
v 0.469907 0.384381 1.688430
v 0.437586 0.277784 1.572290
v 0.412723 0.200352 1.482960
v 0.402778 0.150005 1.447220
v 0.000000 0.693410 1.962960
v 0.000000 0.522229 1.870370
v 0.000000 0.384381 1.750000
v 0.000000 0.277784 1.629630
v 0.000000 0.200353 1.537040
v 0.000000 0.150006 1.500000
v -0.527092 0.693410 1.893900
v -0.502229 0.522229 1.804560
v -0.469907 0.384381 1.688430
v -0.437586 0.277784 1.572290
v -0.412723 0.200352 1.482960
v -0.402778 0.150005 1.447220
v -0.997476 0.693409 1.698330
v -0.950425 0.522228 1.618220
v -0.889259 0.384381 1.514070
v -0.828093 0.277783 1.409930
v -0.781043 0.200352 1.329820
v -0.762222 0.150005 1.297780
v -1.393700 0.693408 1.393700
v -1.327960 0.522227 1.327960
v -1.242500 0.384380 1.242500
v -1.157040 0.277782 1.157040
v -1.091300 0.200351 1.091300
v -1.065000 0.150004 1.065000
v -1.698330 0.693407 0.997473
v -1.618220 0.522225 0.950423
v -1.514070 0.384378 0.889258
v -1.409930 0.277781 0.828092
v -1.329820 0.200350 0.781042
v -1.297780 0.150003 0.762221
v -1.893900 0.693405 0.527089
v -1.804560 0.522224 0.502227
v -1.688430 0.384377 0.469906
v -1.572290 0.277780 0.437585
v -1.482960 0.200349 0.412722
v -1.447220 0.150001 0.402777
v -1.962960 0.693403 -0.000002
v -1.870370 0.522222 -0.000002
v -1.750000 0.384375 -0.000001
v -1.629630 0.277778 -0.000001
v -1.537040 0.200347 -0.000001
v -1.500000 0.150000 -0.000001
v -1.893900 0.693401 -0.527095
v -1.804560 0.522220 -0.502231
v -1.688430 0.384373 -0.469908
v -1.572290 0.277776 -0.437587
v -1.482960 0.200345 -0.412724
v -1.447220 0.149999 -0.402779
v -1.698330 0.693399 -0.997479
v -1.618220 0.522218 -0.950427
v -1.514070 0.384372 -0.889260
v -1.409930 0.277775 -0.828094
v -1.329820 0.200344 -0.781044
v -1.297780 0.149997 -0.762223
v -1.393700 0.693398 -1.393700
v -1.327960 0.522217 -1.327960
v -1.242500 0.384370 -1.242500
v -1.157040 0.277774 -1.157040
v -1.091300 0.200343 -1.091300
v -1.065000 0.149996 -1.065000
v -0.997476 0.693397 -1.698330
v -0.950425 0.522216 -1.618220
v -0.889259 0.384369 -1.514070
v -0.828093 0.277773 -1.409930
v -0.781043 0.200342 -1.329820
v -0.762222 0.149995 -1.297780
v -0.527092 0.693396 -1.893900
v -0.502229 0.522215 -1.804560
v -0.469907 0.384369 -1.688430
v -0.437586 0.277772 -1.572290
v -0.412723 0.200342 -1.482960
v -0.402778 0.149995 -1.447220
v 0.000000 0.693396 -1.962960
v 0.000000 0.522215 -1.870370
v 0.000000 0.384369 -1.750000
v 0.000000 0.277772 -1.629630
v 0.000000 0.200341 -1.537040
v 0.000000 0.149994 -1.500000
v 0.527092 0.693396 -1.893900
v 0.502229 0.522215 -1.804560
v 0.469907 0.384369 -1.688430
v 0.437586 0.277772 -1.572290
v 0.412723 0.200342 -1.482960
v 0.402778 0.149995 -1.447220
v 0.997476 0.693397 -1.698330
v 0.950425 0.522216 -1.618220
v 0.889259 0.384369 -1.514070
v 0.828093 0.277773 -1.409930
v 0.781043 0.200342 -1.329820
v 0.762222 0.149995 -1.297780
v 1.393700 0.693398 -1.393700
v 1.327960 0.522217 -1.327960
v 1.242500 0.384370 -1.242500
v 1.157040 0.277774 -1.157040
v 1.091300 0.200343 -1.091300
v 1.065000 0.149996 -1.065000
v 1.698330 0.693399 -0.997479
v 1.618220 0.522218 -0.950427
v 1.514070 0.384372 -0.889260
v 1.409930 0.277775 -0.828094
v 1.329820 0.200344 -0.781044
v 1.297780 0.149997 -0.762223
v 1.893900 0.693401 -0.527095
v 1.804560 0.522220 -0.502231
v 1.688430 0.384373 -0.469908
v 1.572290 0.277776 -0.437587
v 1.482960 0.200345 -0.412724
v 1.447220 0.149999 -0.402779
v 1.022220 0.022222 -0.000000
v 0.986255 0.022221 -0.274486
v 1.284370 0.046875 -0.000000
v 1.239180 0.046874 -0.344878
v 1.427780 0.077778 -0.000000
v 1.377540 0.077777 -0.383385
v 1.487850 0.112847 -0.000000
v 1.435500 0.112846 -0.399515
v 0.884412 0.022220 -0.519440
v 1.111220 0.046873 -0.652653
v 1.235290 0.077775 -0.725523
v 1.287260 0.112844 -0.756047
v 0.725778 0.022219 -0.725778
v 0.911906 0.046872 -0.911906
v 1.013720 0.077774 -1.013720
v 1.056370 0.112843 -1.056370
v 0.519440 0.022219 -0.884412
v 0.652653 0.046871 -1.111220
v 0.725523 0.077774 -1.235290
v 0.756047 0.112842 -1.287260
v 0.274486 0.022219 -0.986255
v 0.344878 0.046871 -1.239180
v 0.383385 0.077773 -1.377540
v 0.399515 0.112842 -1.435500
v 0.000000 0.022218 -1.022220
v 0.000000 0.046871 -1.284370
v 0.000000 0.077773 -1.427780
v 0.000000 0.112842 -1.487850
v -0.274486 0.022219 -0.986255
v -0.344878 0.046871 -1.239180
v -0.383385 0.077773 -1.377540
v -0.399515 0.112842 -1.435500
v -0.519440 0.022219 -0.884412
v -0.652653 0.046871 -1.111220
v -0.725523 0.077774 -1.235290
v -0.756047 0.112842 -1.287260
v -0.725778 0.022219 -0.725778
v -0.911906 0.046872 -0.911906
v -1.013720 0.077774 -1.013720
v -1.056370 0.112843 -1.056370
v -0.884412 0.022220 -0.519440
v -1.111220 0.046873 -0.652653
v -1.235290 0.077775 -0.725523
v -1.287260 0.112844 -0.756047
v -0.986255 0.022221 -0.274486
v -1.239180 0.046874 -0.344878
v -1.377540 0.077777 -0.383385
v -1.435500 0.112846 -0.399515
v -1.022220 0.022222 -0.000000
v -1.284370 0.046875 -0.000000
v -1.427780 0.077778 -0.000000
v -1.487850 0.112847 -0.000000
v -0.986255 0.022223 0.274486
v -1.239180 0.046876 0.344878
v -1.377540 0.077779 0.383385
v -1.435500 0.112848 0.399515
v -0.884412 0.022224 0.519440
v -1.111220 0.046877 0.652653
v -1.235290 0.077781 0.725523
v -1.287260 0.112850 0.756047
v -0.725778 0.022225 0.725778
v -0.911906 0.046878 0.911906
v -1.013720 0.077782 1.013720
v -1.056370 0.112851 1.056370
v -0.519440 0.022225 0.884412
v -0.652653 0.046879 1.111220
v -0.725523 0.077782 1.235290
v -0.756047 0.112852 1.287260
v -0.274486 0.022225 0.986255
v -0.344878 0.046879 1.239180
v -0.383385 0.077783 1.377540
v -0.399515 0.112852 1.435500
v 0.000000 0.022226 1.022220
v 0.000000 0.046879 1.284370
v 0.000000 0.077783 1.427780
v 0.000000 0.112852 1.487850
v 0.274486 0.022225 0.986255
v 0.344878 0.046879 1.239180
v 0.383385 0.077783 1.377540
v 0.399515 0.112852 1.435500
v 0.519440 0.022225 0.884412
v 0.652653 0.046879 1.111220
v 0.725523 0.077782 1.235290
v 0.756047 0.112852 1.287260
v 0.725778 0.022225 0.725778
v 0.911906 0.046878 0.911906
v 1.013720 0.077782 1.013720
v 1.056370 0.112851 1.056370
v 0.884412 0.022224 0.519440
v 1.111220 0.046877 0.652653
v 1.235290 0.077781 0.725523
v 1.287260 0.112850 0.756047
v 0.986255 0.022223 0.274486
v 1.239180 0.046876 0.344878
v 1.377540 0.077779 0.383385
v 1.435500 0.112848 0.399515
v 0.192963 2.700000 0.053694
v 0.200000 2.700000 -0.000010
v 0.165279 2.785420 0.046035
v 0.171296 2.785420 -0.000010
v 0.173037 2.700000 0.101620
v 0.148234 2.785420 0.087096
v 0.142000 2.700000 0.141990
v 0.121672 2.785420 0.121662
v 0.101630 2.700000 0.173027
v 0.087106 2.785420 0.148224
v 0.053704 2.700000 0.192953
v 0.046045 2.785420 0.165269
v 0.000000 2.700000 0.199990
v 0.000000 2.785420 0.171286
v -0.053704 2.700000 0.192953
v -0.046045 2.785420 0.165269
v -0.101630 2.700000 0.173027
v -0.087106 2.785420 0.148224
v -0.142000 2.700000 0.141990
v -0.121672 2.785420 0.121662
v -0.173037 2.700000 0.101620
v -0.148234 2.785420 0.087096
v -0.192963 2.700000 0.053694
v -0.165279 2.785420 0.046035
v -0.200000 2.700000 -0.000010
v -0.171296 2.785420 -0.000010
v -0.192963 2.700000 -0.053714
v -0.165279 2.785420 -0.046055
v -0.173037 2.700000 -0.101640
v -0.148234 2.785420 -0.087116
v -0.142000 2.700000 -0.142010
v -0.121672 2.785420 -0.121682
v -0.101630 2.700000 -0.173047
v -0.087106 2.785420 -0.148244
v -0.053704 2.700000 -0.192973
v -0.046045 2.785420 -0.165289
v 0.000000 2.700000 -0.200010
v 0.000000 2.785420 -0.171306
v 0.053704 2.700000 -0.192973
v 0.046045 2.785420 -0.165289
v 0.101630 2.700000 -0.173047
v 0.087106 2.785420 -0.148244
v 0.142000 2.700000 -0.142010
v 0.121672 2.785420 -0.121682
v 0.173037 2.700000 -0.101640
v 0.148234 2.785420 -0.087116
v 0.192963 2.700000 -0.053714
v 0.165279 2.785420 -0.046055
v 0.338579 2.636110 0.094221
v 0.350926 2.636110 -0.000009
v 0.553875 2.588890 0.154140
v 0.574074 2.588890 -0.000009
v 0.795972 2.550000 0.221519
v 0.825000 2.550000 -0.000009
v 1.021990 2.511110 0.284422
v 1.059260 2.511110 -0.000009
v 1.189040 2.463890 0.330915
v 1.232410 2.463890 -0.000009
v 1.254260 2.400000 0.349065
v 1.300000 2.400000 -0.000008
v 0.303616 2.636110 0.178312
v 0.496680 2.588890 0.291705
v 0.713778 2.550000 0.419213
v 0.916455 2.511110 0.538252
v 1.066260 2.463890 0.626237
v 1.124740 2.400000 0.660584
v 0.249157 2.636110 0.249147
v 0.407593 2.588890 0.407583
v 0.585750 2.550000 0.585741
v 0.752074 2.511110 0.752065
v 0.875009 2.463890 0.875000
v 0.923000 2.400000 0.922991
v 0.178322 2.636110 0.303606
v 0.291715 2.588890 0.496670
v 0.419222 2.550000 0.713769
v 0.538261 2.511110 0.916446
v 0.626246 2.463890 1.066250
v 0.660593 2.400000 1.124730
v 0.094230 2.636110 0.338569
v 0.154150 2.588890 0.553865
v 0.221528 2.550000 0.795963
v 0.284431 2.511110 1.021980
v 0.330924 2.463890 1.189030
v 0.349074 2.400000 1.254250
v 0.000000 2.636110 0.350916
v 0.000000 2.588890 0.574064
v 0.000000 2.550000 0.824991
v 0.000000 2.511110 1.059250
v 0.000000 2.463890 1.232400
v 0.000000 2.400000 1.299990
v -0.094230 2.636110 0.338569
v -0.154150 2.588890 0.553865
v -0.221528 2.550000 0.795963
v -0.284431 2.511110 1.021980
v -0.330924 2.463890 1.189030
v -0.349074 2.400000 1.254250
v -0.178322 2.636110 0.303606
v -0.291715 2.588890 0.496670
v -0.419222 2.550000 0.713769
v -0.538261 2.511110 0.916446
v -0.626246 2.463890 1.066250
v -0.660593 2.400000 1.124730
v -0.249157 2.636110 0.249147
v -0.407593 2.588890 0.407583
v -0.585750 2.550000 0.585741
v -0.752074 2.511110 0.752065
v -0.875009 2.463890 0.875000
v -0.923000 2.400000 0.922991
v -0.303616 2.636110 0.178312
v -0.496680 2.588890 0.291705
v -0.713778 2.550000 0.419213
v -0.916455 2.511110 0.538252
v -1.066260 2.463890 0.626237
v -1.124740 2.400000 0.660584
v -0.338579 2.636110 0.094221
v -0.553875 2.588890 0.154140
v -0.795972 2.550000 0.221519
v -1.021990 2.511110 0.284422
v -1.189040 2.463890 0.330915
v -1.254260 2.400000 0.349065
v -0.350926 2.636110 -0.000009
v -0.574074 2.588890 -0.000009
v -0.825000 2.550000 -0.000009
v -1.059260 2.511110 -0.000009
v -1.232410 2.463890 -0.000009
v -1.300000 2.400000 -0.000008
v -0.338579 2.636110 -0.094239
v -0.553875 2.588890 -0.154160
v -0.795972 2.550000 -0.221537
v -1.021990 2.511110 -0.284440
v -1.189040 2.463890 -0.330933
v -1.254260 2.400000 -0.349083
v -0.303616 2.636110 -0.178332
v -0.496680 2.588890 -0.291725
v -0.713778 2.550000 -0.419231
v -0.916455 2.511110 -0.538270
v -1.066260 2.463890 -0.626255
v -1.124740 2.400000 -0.660602
v -0.249157 2.636110 -0.249167
v -0.407593 2.588890 -0.407603
v -0.585750 2.550000 -0.585759
v -0.752074 2.511110 -0.752083
v -0.875009 2.463890 -0.875018
v -0.923000 2.400000 -0.923009
v -0.178322 2.636110 -0.303626
v -0.291715 2.588890 -0.496690
v -0.419222 2.550000 -0.713787
v -0.538261 2.511110 -0.916464
v -0.626246 2.463890 -1.066270
v -0.660593 2.400000 -1.124750
v -0.094230 2.636110 -0.338589
v -0.154150 2.588890 -0.553885
v -0.221528 2.550000 -0.795981
v -0.284431 2.511110 -1.022000
v -0.330924 2.463890 -1.189050
v -0.349074 2.400000 -1.254270
v 0.000000 2.636110 -0.350936
v 0.000000 2.588890 -0.574084
v 0.000000 2.550000 -0.825009
v 0.000000 2.511110 -1.059270
v 0.000000 2.463890 -1.232420
v 0.000000 2.400000 -1.300010
v 0.094230 2.636110 -0.338589
v 0.154150 2.588890 -0.553885
v 0.221528 2.550000 -0.795981
v 0.284431 2.511110 -1.022000
v 0.330924 2.463890 -1.189050
v 0.349074 2.400000 -1.254270
v 0.178322 2.636110 -0.303626
v 0.291715 2.588890 -0.496690
v 0.419222 2.550000 -0.713787
v 0.538261 2.511110 -0.916464
v 0.626246 2.463890 -1.066270
v 0.660593 2.400000 -1.124750
v 0.249157 2.636110 -0.249167
v 0.407593 2.588890 -0.407603
v 0.585750 2.550000 -0.585759
v 0.752074 2.511110 -0.752083
v 0.875009 2.463890 -0.875018
v 0.923000 2.400000 -0.923009
v 0.303616 2.636110 -0.178332
v 0.496680 2.588890 -0.291725
v 0.713778 2.550000 -0.419231
v 0.916455 2.511110 -0.538270
v 1.066260 2.463890 -0.626255
v 1.124740 2.400000 -0.660602
v 0.338579 2.636110 -0.094239
v 0.553875 2.588890 -0.154160
v 0.795972 2.550000 -0.221537
v 1.021990 2.511110 -0.284440
v 1.189040 2.463890 -0.330933
v 1.254260 2.400000 -0.349083
v -1.924540 2.023960 -0.000007
v -1.600000 2.025000 -0.000007
v -1.927040 2.040550 0.124992
v -1.592590 2.041670 0.124992
v -2.196300 2.016670 -0.000007
v -2.206450 2.032720 0.124992
v -2.428240 2.011460 0.124993
v -2.412500 1.996870 -0.000007
v -2.589850 1.970060 0.124993
v -2.570370 1.958330 -0.000007
v -2.688700 1.901810 0.124993
v -2.667130 1.894790 -0.000007
v -2.722220 1.800000 0.124993
v -2.700000 1.800000 -0.000006
v -1.933300 2.082020 0.199992
v -1.574070 2.083330 0.199992
v -2.231820 2.072840 0.199992
v -2.467590 2.047920 0.199992
v -2.638550 1.999380 0.199993
v -2.742630 1.919370 0.199993
v -2.777780 1.800000 0.199993
v -1.941440 2.135940 0.224992
v -1.550000 2.137500 0.224992
v -2.264810 2.125000 0.224992
v -2.518750 2.095310 0.224992
v -2.701850 2.037500 0.224992
v -2.812730 1.942190 0.224993
v -2.850000 1.800000 0.224993
v -1.949570 2.189850 0.199992
v -1.525930 2.191670 0.199992
v -2.297810 2.177160 0.199992
v -2.569910 2.142710 0.199992
v -2.765160 2.075620 0.199992
v -2.882840 1.965010 0.199993
v -2.922220 1.800000 0.199993
v -1.955830 2.231330 0.124992
v -1.507410 2.233330 0.124992
v -2.323180 2.217280 0.124992
v -2.609260 2.179170 0.124992
v -2.813850 2.104940 0.124992
v -2.936760 1.982560 0.124993
v -2.977780 1.800000 0.124993
v -1.958330 2.247920 -0.000008
v -1.500000 2.250000 -0.000008
v -2.333330 2.233330 -0.000008
v -2.625000 2.193750 -0.000008
v -2.833330 2.116670 -0.000007
v -2.958330 1.989580 -0.000007
v -3.000000 1.800000 -0.000006
v -1.507410 2.233330 -0.125008
v -1.955830 2.231330 -0.125008
v -2.323180 2.217280 -0.125008
v -2.609260 2.179170 -0.125008
v -2.813850 2.104940 -0.125008
v -2.936760 1.982560 -0.125007
v -2.977780 1.800000 -0.125007
v -1.525930 2.191670 -0.200008
v -1.949570 2.189850 -0.200008
v -2.297810 2.177160 -0.200008
v -2.569910 2.142710 -0.200008
v -2.765160 2.075620 -0.200008
v -2.882840 1.965010 -0.200007
v -2.922220 1.800000 -0.200007
v -1.550000 2.137500 -0.225008
v -1.941440 2.135940 -0.225008
v -2.264810 2.125000 -0.225008
v -2.518750 2.095310 -0.225008
v -2.701850 2.037500 -0.225008
v -2.812730 1.942190 -0.225007
v -2.850000 1.800000 -0.225007
v -1.574070 2.083330 -0.200008
v -1.933300 2.082020 -0.200008
v -2.231820 2.072840 -0.200008
v -2.467590 2.047920 -0.200008
v -2.638550 1.999380 -0.200007
v -2.742630 1.919370 -0.200007
v -2.777780 1.800000 -0.200007
v -1.592590 2.041670 -0.125008
v -1.927040 2.040550 -0.125008
v -2.206450 2.032720 -0.125008
v -2.428240 2.011460 -0.125007
v -2.589850 1.970060 -0.125007
v -2.688700 1.901810 -0.125007
v -2.722220 1.800000 -0.125007
v -2.704180 1.663980 0.124994
v -2.682870 1.670830 -0.000006
v -2.648290 1.505350 0.124994
v -2.629630 1.516670 -0.000005
v -2.551850 1.335760 0.124995
v -2.537500 1.350000 -0.000005
v -2.412210 1.166870 0.124996
v -2.403700 1.183330 -0.000004
v -2.226680 1.010330 0.124996
v -2.225460 1.029170 -0.000004
v -1.992590 0.877778 0.124997
v -2.000000 0.900000 -0.000003
v -2.757470 1.646840 0.199994
v -2.694920 1.477060 0.199995
v -2.587730 1.300170 0.199995
v -2.433470 1.125720 0.199996
v -2.229720 0.963228 0.199996
v -1.974070 0.822223 0.199997
v -2.826740 1.624570 0.224994
v -2.755560 1.440280 0.224995
v -2.634370 1.253910 0.224995
v -2.461110 1.072220 0.224996
v -2.233680 0.901998 0.224997
v -1.950000 0.750001 0.224997
v -2.896000 1.602290 0.199994
v -2.816190 1.403500 0.199995
v -2.681020 1.207640 0.199996
v -2.488750 1.018720 0.199996
v -2.237640 0.840767 0.199997
v -1.925930 0.677779 0.199997
v -2.949290 1.585150 0.124994
v -2.862830 1.375210 0.124995
v -2.716900 1.172050 0.124996
v -2.510010 0.977573 0.124996
v -2.240680 0.793666 0.124997
v -1.907410 0.622222 0.124998
v -2.970600 1.578300 -0.000006
v -2.881480 1.363890 -0.000005
v -2.731250 1.157810 -0.000004
v -2.518520 0.961111 -0.000003
v -2.241900 0.774826 -0.000003
v -1.900000 0.600000 -0.000002
v -2.949290 1.585150 -0.125006
v -2.862830 1.375210 -0.125005
v -2.716900 1.172050 -0.125004
v -2.510010 0.977572 -0.125004
v -2.240680 0.793666 -0.125003
v -1.907410 0.622222 -0.125002
v -2.896000 1.602290 -0.200006
v -2.816190 1.403500 -0.200005
v -2.681020 1.207640 -0.200004
v -2.488750 1.018720 -0.200004
v -2.237640 0.840765 -0.200003
v -1.925930 0.677777 -0.200003
v -2.826740 1.624570 -0.225006
v -2.755560 1.440280 -0.225005
v -2.634370 1.253910 -0.225005
v -2.461110 1.072220 -0.225004
v -2.233680 0.901996 -0.225003
v -1.950000 0.749999 -0.225003
v -2.757470 1.646840 -0.200006
v -2.694920 1.477060 -0.200005
v -2.587730 1.300170 -0.200005
v -2.433470 1.125720 -0.200004
v -2.229720 0.963226 -0.200004
v -1.974070 0.822221 -0.200003
v -2.704180 1.663980 -0.125006
v -2.648290 1.505350 -0.125006
v -2.551850 1.335760 -0.125005
v -2.412210 1.166870 -0.125004
v -2.226680 1.010330 -0.125004
v -1.992590 0.877778 -0.125003
v 1.700000 1.425000 -0.000005
v 1.700000 1.363890 0.274995
v 2.072380 1.425210 0.262341
v 2.058800 1.476390 -0.000005
v 2.290120 1.572020 0.230704
v 2.270370 1.611110 -0.000006
v 2.409720 1.773610 0.189576
v 2.387500 1.800000 -0.000006
v 2.487650 1.999280 0.148450
v 2.462960 2.013890 -0.000007
v 2.580400 2.218310 0.116813
v 2.549540 2.223610 -0.000008
v 2.700000 2.400000 -0.000008
v 2.744440 2.400000 0.104158
v 1.700000 1.211110 0.439996
v 2.106330 1.297250 0.419748
v 2.339510 1.474280 0.369131
v 2.465280 1.707640 0.303327
v 2.549380 1.962760 0.237524
v 2.657560 2.205070 0.186906
v 2.855560 2.400000 0.166658
v 1.700000 1.012500 0.494996
v 2.150460 1.130900 0.472218
v 2.403700 1.347220 0.415273
v 2.537500 1.621870 0.341244
v 2.629630 1.915280 0.267215
v 2.757870 2.187850 0.210270
v 3.000000 2.400000 0.187491
v 1.700000 0.813891 0.439997
v 2.194600 0.964560 0.419749
v 2.467900 1.220160 0.369132
v 2.609720 1.536110 0.303327
v 2.709880 1.867800 0.237524
v 2.858180 2.170630 0.186906
v 3.144440 2.400000 0.166658
v 1.700000 0.661112 0.274998
v 2.228550 0.836601 0.262343
v 2.517280 1.122430 0.230706
v 2.665280 1.470140 0.189578
v 2.771600 1.831280 0.148450
v 2.935340 2.157380 0.116813
v 3.255560 2.400000 0.104158
v 1.700000 0.600000 -0.000002
v 2.242130 0.785417 -0.000003
v 2.537040 1.083330 -0.000004
v 2.687500 1.443750 -0.000005
v 2.796300 1.816670 -0.000006
v 2.966200 2.152080 -0.000008
v 3.300000 2.400000 -0.000008
v 1.700000 0.661110 -0.275002
v 2.228550 0.836599 -0.262349
v 2.517280 1.122430 -0.230714
v 2.665280 1.470140 -0.189588
v 2.771600 1.831280 -0.148464
v 2.935340 2.157380 -0.116829
v 3.255560 2.400000 -0.104176
v 1.700000 0.813887 -0.440003
v 2.194600 0.964556 -0.419757
v 2.467900 1.220160 -0.369141
v 2.609720 1.536110 -0.303339
v 2.709880 1.867800 -0.237538
v 2.858180 2.170630 -0.186922
v 3.144440 2.400000 -0.166676
v 1.700000 1.012500 -0.495004
v 2.150460 1.130900 -0.472226
v 2.403700 1.347220 -0.415283
v 2.537500 1.621870 -0.341256
v 2.629630 1.915280 -0.267229
v 2.757870 2.187850 -0.210286
v 3.000000 2.400000 -0.187509
v 1.700000 1.211110 -0.440004
v 2.106330 1.297250 -0.419758
v 2.339510 1.474280 -0.369141
v 2.465280 1.707640 -0.303339
v 2.549380 1.962760 -0.237538
v 2.657560 2.205070 -0.186922
v 2.855560 2.400000 -0.166676
v 1.700000 1.363890 -0.275005
v 2.072380 1.425210 -0.262351
v 2.290120 1.572020 -0.230716
v 2.409720 1.773610 -0.189590
v 2.487650 1.999280 -0.148464
v 2.580400 2.218310 -0.116829
v 2.744440 2.400000 -0.104176
v 2.749070 2.431250 -0.000009
v 2.796410 2.431930 0.101023
v 2.792590 2.450000 -0.000009
v 2.839780 2.451230 0.092969
v 2.825000 2.456250 -0.000009
v 2.869680 2.457810 0.082022
v 2.881210 2.451540 0.070207
v 2.840740 2.450000 -0.000009
v 2.869490 2.432310 0.059549
v 2.834260 2.431250 -0.000009
v 2.829630 2.400000 0.052074
v 2.800000 2.400000 -0.000008
v 2.914740 2.433610 0.161565
v 2.957750 2.454320 0.148139
v 2.981370 2.461720 0.129158
v 2.982370 2.455400 0.107398
v 2.957560 2.434960 0.085639
v 2.903700 2.400000 0.066658
v 3.068580 2.435810 0.181675
v 3.111110 2.458330 0.165963
v 3.126560 2.466800 0.142960
v 3.113890 2.460420 0.115269
v 3.072050 2.438410 0.085495
v 3.000000 2.400000 0.056241
v 3.222410 2.438000 0.161411
v 3.264470 2.462350 0.146905
v 3.271760 2.471870 0.124991
v 3.245400 2.465430 0.097522
v 3.186540 2.441860 0.066349
v 3.096300 2.400000 0.033324
v 3.340750 2.439690 0.100830
v 3.382440 2.465430 0.091426
v 3.383450 2.475780 0.076814
v 3.346570 2.469290 0.057861
v 3.274610 2.444510 0.035437
v 3.170370 2.400000 0.010408
v 3.388080 2.440360 -0.000009
v 3.429630 2.466670 -0.000009
v 3.428130 2.477340 -0.000009
v 3.387040 2.470830 -0.000009
v 3.309840 2.445570 -0.000009
v 3.200000 2.400000 -0.000008
v 3.340750 2.439690 -0.101089
v 3.382440 2.465430 -0.093373
v 3.383450 2.475780 -0.083342
v 3.346570 2.469290 -0.073312
v 3.274610 2.444510 -0.065595
v 3.170370 2.400000 -0.062509
v 3.222410 2.438000 -0.161737
v 3.264470 2.462350 -0.149392
v 3.271760 2.471870 -0.133342
v 3.245400 2.465430 -0.117293
v 3.186540 2.441860 -0.104947
v 3.096300 2.400000 -0.100009
v 3.068580 2.435810 -0.181953
v 3.111110 2.458330 -0.168065
v 3.126560 2.466800 -0.150009
v 3.113890 2.460420 -0.131953
v 3.072050 2.438410 -0.118065
v 3.000000 2.400000 -0.112509
v 2.914740 2.433610 -0.161737
v 2.957750 2.454320 -0.149392
v 2.981370 2.461720 -0.133342
v 2.982370 2.455400 -0.117293
v 2.957560 2.434960 -0.104947
v 2.903700 2.400000 -0.100009
v 2.796410 2.431930 -0.101089
v 2.839780 2.451230 -0.093373
v 2.869680 2.457810 -0.083342
v 2.881210 2.451540 -0.073312
v 2.869490 2.432310 -0.065595
v 2.829630 2.400000 -0.062509
v 0.278704 3.127080 -0.000011
v 0.000000 3.150000 -0.000011
v 0.268946 3.127080 0.075067
v 0.241285 3.127080 0.141920
v 0.198140 3.127080 0.198129
v 0.141931 3.127080 0.241274
v 0.075078 3.127080 0.268935
v 0.000000 3.127080 0.278693
v -0.075078 3.127080 0.268935
v -0.141931 3.127080 0.241274
v -0.198140 3.127080 0.198129
v -0.241285 3.127080 0.141920
v -0.268946 3.127080 0.075067
v -0.278704 3.127080 -0.000011
v -0.268946 3.127080 -0.075089
v -0.241285 3.127080 -0.141942
v -0.198140 3.127080 -0.198151
v -0.141931 3.127080 -0.241296
v -0.075078 3.127080 -0.268957
v 0.000000 3.127080 -0.278715
v 0.075078 3.127080 -0.268957
v 0.141931 3.127080 -0.241296
v 0.198140 3.127080 -0.198151
v 0.241285 3.127080 -0.141942
v 0.268946 3.127080 -0.075089
v 0.350254 3.066670 0.097760
v 0.362963 3.066670 -0.000011
v 0.313617 2.981250 0.087518
v 0.325000 2.981250 -0.000011
v 0.228728 2.883330 0.063793
v 0.237037 2.883330 -0.000010
v 0.165279 2.785420 0.046035
v 0.171296 2.785420 -0.000010
v 0.314228 3.066670 0.184824
v 0.281352 2.981250 0.165470
v 0.205180 2.883330 0.120636
v 0.148234 2.785420 0.087096
v 0.258037 3.066670 0.258027
v 0.231031 2.981250 0.231020
v 0.168463 2.883330 0.168452
v 0.121672 2.785420 0.121662
v 0.184834 3.066670 0.314218
v 0.165481 2.981250 0.281341
v 0.120647 2.883330 0.205169
v 0.087106 2.785420 0.148224
v 0.097771 3.066670 0.350244
v 0.087529 2.981250 0.313606
v 0.063803 2.883330 0.228717
v 0.046045 2.785420 0.165269
v 0.000000 3.066670 0.362953
v 0.000000 2.981250 0.324989
v 0.000000 2.883330 0.237026
v 0.000000 2.785420 0.171286
v -0.097771 3.066670 0.350244
v -0.087529 2.981250 0.313606
v -0.063803 2.883330 0.228717
v -0.046045 2.785420 0.165269
v -0.184834 3.066670 0.314218
v -0.165481 2.981250 0.281341
v -0.120647 2.883330 0.205169
v -0.087106 2.785420 0.148224
v -0.258037 3.066670 0.258027
v -0.231031 2.981250 0.231020
v -0.168463 2.883330 0.168452
v -0.121672 2.785420 0.121662
v -0.314228 3.066670 0.184824
v -0.281352 2.981250 0.165470
v -0.205180 2.883330 0.120636
v -0.148234 2.785420 0.087096
v -0.350254 3.066670 0.097760
v -0.313617 2.981250 0.087518
v -0.228728 2.883330 0.063793
v -0.165279 2.785420 0.046035
v -0.362963 3.066670 -0.000011
v -0.325000 2.981250 -0.000011
v -0.237037 2.883330 -0.000010
v -0.171296 2.785420 -0.000010
v -0.350254 3.066670 -0.097782
v -0.313617 2.981250 -0.087540
v -0.228728 2.883330 -0.063813
v -0.165279 2.785420 -0.046055
v -0.314228 3.066670 -0.184844
v -0.281352 2.981250 -0.165492
v -0.205180 2.883330 -0.120658
v -0.148234 2.785420 -0.087116
v -0.258037 3.066670 -0.258047
v -0.231031 2.981250 -0.231042
v -0.168463 2.883330 -0.168474
v -0.121672 2.785420 -0.121682
v -0.184834 3.066670 -0.314238
v -0.165481 2.981250 -0.281363
v -0.120647 2.883330 -0.205191
v -0.087106 2.785420 -0.148244
v -0.097771 3.066670 -0.350264
v -0.087529 2.981250 -0.313628
v -0.063803 2.883330 -0.228739
v -0.046045 2.785420 -0.165289
v 0.000000 3.066670 -0.362973
v 0.000000 2.981250 -0.325011
v 0.000000 2.883330 -0.237048
v 0.000000 2.785420 -0.171306
v 0.097771 3.066670 -0.350264
v 0.087529 2.981250 -0.313628
v 0.063803 2.883330 -0.228739
v 0.046045 2.785420 -0.165289
v 0.184834 3.066670 -0.314238
v 0.165481 2.981250 -0.281363
v 0.120647 2.883330 -0.205191
v 0.087106 2.785420 -0.148244
v 0.258037 3.066670 -0.258047
v 0.231031 2.981250 -0.231042
v 0.168463 2.883330 -0.168474
v 0.121672 2.785420 -0.121682
v 0.314228 3.066670 -0.184844
v 0.281352 2.981250 -0.165492
v 0.205180 2.883330 -0.120658
v 0.148234 2.785420 -0.087116
v 0.350254 3.066670 -0.097782
v 0.313617 2.981250 -0.087540
v 0.228728 2.883330 -0.063813
v 0.165279 2.785420 -0.046055
vn 0.0257 -0.9997 -0.0000
vn -0.0000 -1.0000 -0.0000
vn 0.0248 -0.9997 -0.0066
vn 0.0222 -0.9997 -0.0128
vn 0.0181 -0.9997 -0.0181
vn 0.0128 -0.9997 -0.0222
vn 0.0066 -0.9997 -0.0248
vn -0.0000 -0.9997 -0.0257
vn -0.0066 -0.9997 -0.0248
vn -0.0128 -0.9997 -0.0222
vn -0.0181 -0.9997 -0.0181
vn -0.0222 -0.9997 -0.0128
vn -0.0248 -0.9997 -0.0066
vn -0.0257 -0.9997 -0.0000
vn -0.0248 -0.9997 0.0066
vn -0.0222 -0.9997 0.0128
vn -0.0181 -0.9997 0.0181
vn -0.0128 -0.9997 0.0222
vn -0.0066 -0.9997 0.0248
vn -0.0000 -0.9997 0.0257
vn 0.0066 -0.9997 0.0248
vn 0.0128 -0.9997 0.0222
vn 0.0181 -0.9997 0.0181
vn 0.0222 -0.9997 0.0128
vn 0.0248 -0.9997 0.0066
vn -0.9466 -0.3225 -0.0000
vn -0.9140 -0.3230 -0.2455
vn -0.9586 -0.1222 -0.2571
vn -0.9925 -0.1220 -0.0000
vn -0.8321 0.5547 -0.0000
vn -0.8032 0.5554 -0.2153
vn -0.0486 0.9988 -0.0000
vn -0.0462 0.9988 -0.0127
vn 0.5254 0.8391 0.1409
vn 0.5443 0.8389 -0.0000
vn 0.7564 0.6219 0.2029
vn 0.7835 0.6214 -0.0000
vn 0.8506 0.4738 0.2282
vn 0.8809 0.4733 -0.0000
vn -0.8189 -0.3235 -0.4742
vn -0.8590 -0.1224 -0.4971
vn -0.7197 0.5556 -0.4164
vn -0.0418 0.9988 -0.0244
vn 0.4701 0.8396 0.2720
vn 0.6772 0.6226 0.3920
vn 0.7618 0.4745 0.4410
vn -0.6690 -0.3237 -0.6690
vn -0.7018 -0.1225 -0.7018
vn -0.5879 0.5557 -0.5879
vn -0.0343 0.9988 -0.0343
vn 0.3839 0.8398 0.3839
vn 0.5532 0.6229 0.5532
vn 0.6223 0.4748 0.6223
vn -0.4742 -0.3235 -0.8189
vn -0.4971 -0.1224 -0.8590
vn -0.4164 0.5555 -0.7197
vn -0.0244 0.9988 -0.0418
vn 0.2720 0.8396 0.4701
vn 0.3920 0.6226 0.6772
vn 0.4410 0.4745 0.7618
vn -0.2455 -0.3230 -0.9140
vn -0.2571 -0.1223 -0.9586
vn -0.2154 0.5552 -0.8033
vn -0.0127 0.9988 -0.0463
vn 0.1409 0.8391 0.5254
vn 0.2029 0.6219 0.7563
vn 0.2282 0.4738 0.8506
vn -0.0000 -0.3225 -0.9466
vn -0.0000 -0.1221 -0.9925
vn -0.0000 0.5545 -0.8322
vn -0.0000 0.9988 -0.0488
vn -0.0000 0.8389 0.5443
vn -0.0000 0.6214 0.7835
vn -0.0000 0.4733 0.8809
vn 0.2455 -0.3230 -0.9140
vn 0.2571 -0.1223 -0.9586
vn 0.2154 0.5552 -0.8033
vn 0.0127 0.9988 -0.0463
vn -0.1409 0.8391 0.5254
vn -0.2029 0.6219 0.7563
vn -0.2282 0.4738 0.8506
vn 0.4742 -0.3235 -0.8189
vn 0.4971 -0.1224 -0.8590
vn 0.4164 0.5555 -0.7197
vn 0.0244 0.9988 -0.0418
vn -0.2720 0.8396 0.4701
vn -0.3920 0.6226 0.6772
vn -0.4410 0.4745 0.7618
vn 0.6690 -0.3237 -0.6690
vn 0.7018 -0.1225 -0.7018
vn 0.5879 0.5557 -0.5879
vn 0.0343 0.9988 -0.0343
vn -0.3839 0.8398 0.3839
vn -0.5532 0.6229 0.5532
vn -0.6223 0.4748 0.6223
vn 0.8189 -0.3235 -0.4742
vn 0.8590 -0.1224 -0.4971
vn 0.7197 0.5556 -0.4164
vn 0.0418 0.9988 -0.0244
vn -0.4701 0.8396 0.2720
vn -0.6772 0.6226 0.3920
vn -0.7618 0.4745 0.4410
vn 0.9140 -0.3230 -0.2455
vn 0.9586 -0.1222 -0.2571
vn 0.8032 0.5554 -0.2153
vn 0.0462 0.9988 -0.0127
vn -0.5254 0.8391 0.1409
vn -0.7564 0.6219 0.2029
vn -0.8506 0.4738 0.2282
vn 0.9466 -0.3225 -0.0000
vn 0.9925 -0.1220 -0.0000
vn 0.8321 0.5547 -0.0000
vn 0.0486 0.9988 -0.0000
vn -0.5443 0.8389 -0.0000
vn -0.7835 0.6214 -0.0000
vn -0.8809 0.4733 -0.0000
vn 0.9140 -0.3230 0.2455
vn 0.9586 -0.1222 0.2571
vn 0.8032 0.5554 0.2153
vn 0.0462 0.9988 0.0127
vn -0.5254 0.8391 -0.1409
vn -0.7564 0.6219 -0.2029
vn -0.8506 0.4738 -0.2282
vn 0.8189 -0.3235 0.4742
vn 0.8590 -0.1224 0.4971
vn 0.7197 0.5556 0.4164
vn 0.0418 0.9988 0.0244
vn -0.4701 0.8396 -0.2720
vn -0.6772 0.6226 -0.3920
vn -0.7618 0.4745 -0.4410
vn 0.6690 -0.3237 0.6690
vn 0.7018 -0.1225 0.7018
vn 0.5879 0.5557 0.5879
vn 0.0343 0.9988 0.0343
vn -0.3838 0.8398 -0.3839
vn -0.5532 0.6229 -0.5532
vn -0.6223 0.4748 -0.6223
vn 0.4742 -0.3235 0.8189
vn 0.4971 -0.1224 0.8590
vn 0.4164 0.5556 0.7197
vn 0.0244 0.9988 0.0418
vn -0.2720 0.8396 -0.4701
vn -0.3920 0.6226 -0.6772
vn -0.4410 0.4745 -0.7618
vn 0.2455 -0.3230 0.9140
vn 0.2571 -0.1223 0.9586
vn 0.2154 0.5552 0.8033
vn 0.0128 0.9988 0.0463
vn -0.1409 0.8390 -0.5255
vn -0.2029 0.6219 -0.7564
vn -0.2282 0.4738 -0.8506
vn -0.0000 -0.3225 0.9466
vn -0.0000 -0.1220 0.9925
vn -0.0000 0.5547 0.8321
vn -0.0000 0.9988 0.0486
vn -0.0000 0.8389 -0.5443
vn -0.0000 0.6214 -0.7835
vn -0.0000 0.4733 -0.8809
vn -0.2455 -0.3230 0.9140
vn -0.2571 -0.1223 0.9586
vn -0.2154 0.5552 0.8033
vn -0.0128 0.9988 0.0463
vn 0.1409 0.8390 -0.5255
vn 0.2029 0.6219 -0.7564
vn 0.2282 0.4738 -0.8506
vn -0.4742 -0.3235 0.8189
vn -0.4971 -0.1224 0.8590
vn -0.4164 0.5556 0.7197
vn -0.0244 0.9988 0.0418
vn 0.2720 0.8396 -0.4701
vn 0.3920 0.6226 -0.6772
vn 0.4410 0.4745 -0.7618
vn -0.6690 -0.3237 0.6690
vn -0.7018 -0.1225 0.7018
vn -0.5879 0.5557 0.5879
vn -0.0343 0.9988 0.0343
vn 0.3838 0.8398 -0.3838
vn 0.5532 0.6229 -0.5532
vn 0.6223 0.4748 -0.6223
vn -0.8189 -0.3235 0.4742
vn -0.8590 -0.1224 0.4971
vn -0.7197 0.5556 0.4164
vn -0.0418 0.9988 0.0244
vn 0.4701 0.8396 -0.2720
vn 0.6772 0.6226 -0.3920
vn 0.7618 0.4745 -0.4410
vn -0.9140 -0.3230 0.2455
vn -0.9586 -0.1222 0.2571
vn -0.8032 0.5554 0.2153
vn -0.0462 0.9988 0.0127
vn 0.5254 0.8391 -0.1409
vn 0.7564 0.6219 -0.2029
vn 0.8506 0.4738 -0.2282
vn 0.8771 0.4188 0.2353
vn 0.9083 0.4183 -0.0000
vn 0.8887 0.3917 0.2385
vn 0.9203 0.3912 -0.0000
vn 0.9073 0.3428 0.2435
vn 0.9396 0.3424 -0.0000
vn 0.9311 0.2659 0.2499
vn 0.9641 0.2656 -0.0000
vn 0.9546 0.1521 0.2562
vn 0.9884 0.1519 -0.0000
vn 0.9648 -0.0457 0.2590
vn 0.9990 -0.0457 -0.0000
vn 0.7857 0.4194 0.4548
vn 0.7961 0.3923 0.4608
vn 0.8128 0.3434 0.4705
vn 0.8342 0.2664 0.4829
vn 0.8553 0.1524 0.4951
vn 0.8645 -0.0458 0.5005
vn 0.6418 0.4197 0.6418
vn 0.6504 0.3925 0.6504
vn 0.6641 0.3436 0.6641
vn 0.6815 0.2666 0.6815
vn 0.6988 0.1525 0.6988
vn 0.7064 -0.0459 0.7064
vn 0.4548 0.4194 0.7857
vn 0.4608 0.3923 0.7961
vn 0.4705 0.3434 0.8128
vn 0.4829 0.2664 0.8342
vn 0.4951 0.1524 0.8553
vn 0.5005 -0.0458 0.8645
vn 0.2353 0.4188 0.8771
vn 0.2385 0.3916 0.8887
vn 0.2435 0.3428 0.9073
vn 0.2499 0.2659 0.9310
vn 0.2562 0.1521 0.9546
vn 0.2590 -0.0457 0.9648
vn -0.0000 0.4183 0.9083
vn -0.0000 0.3912 0.9203
vn -0.0000 0.3424 0.9396
vn -0.0000 0.2656 0.9641
vn -0.0000 0.1519 0.9884
vn -0.0000 -0.0457 0.9990
vn -0.2353 0.4188 0.8771
vn -0.2385 0.3917 0.8887
vn -0.2435 0.3428 0.9073
vn -0.2499 0.2659 0.9311
vn -0.2562 0.1521 0.9546
vn -0.2590 -0.0457 0.9648
vn -0.4548 0.4194 0.7857
vn -0.4608 0.3923 0.7961
vn -0.4705 0.3434 0.8128
vn -0.4829 0.2664 0.8342
vn -0.4951 0.1524 0.8553
vn -0.5005 -0.0458 0.8645
vn -0.6418 0.4197 0.6418
vn -0.6504 0.3925 0.6504
vn -0.6641 0.3436 0.6641
vn -0.6815 0.2666 0.6815
vn -0.6988 0.1525 0.6988
vn -0.7064 -0.0459 0.7064
vn -0.7857 0.4194 0.4548
vn -0.7961 0.3923 0.4608
vn -0.8128 0.3434 0.4705
vn -0.8342 0.2664 0.4829
vn -0.8553 0.1524 0.4951
vn -0.8645 -0.0458 0.5005
vn -0.8771 0.4188 0.2353
vn -0.8887 0.3916 0.2385
vn -0.9073 0.3428 0.2435
vn -0.9311 0.2659 0.2499
vn -0.9546 0.1521 0.2562
vn -0.9648 -0.0457 0.2590
vn -0.9083 0.4183 -0.0000
vn -0.9203 0.3912 -0.0000
vn -0.9396 0.3424 -0.0000
vn -0.9641 0.2656 -0.0000
vn -0.9884 0.1519 -0.0000
vn -0.9990 -0.0457 -0.0000
vn -0.8771 0.4188 -0.2353
vn -0.8887 0.3917 -0.2385
vn -0.9073 0.3428 -0.2435
vn -0.9311 0.2659 -0.2499
vn -0.9546 0.1521 -0.2562
vn -0.9648 -0.0457 -0.2590
vn -0.7857 0.4194 -0.4548
vn -0.7961 0.3923 -0.4608
vn -0.8128 0.3434 -0.4705
vn -0.8342 0.2664 -0.4829
vn -0.8553 0.1524 -0.4952
vn -0.8645 -0.0458 -0.5005
vn -0.6418 0.4197 -0.6418
vn -0.6504 0.3925 -0.6504
vn -0.6641 0.3436 -0.6641
vn -0.6815 0.2666 -0.6815
vn -0.6988 0.1525 -0.6988
vn -0.7064 -0.0459 -0.7064
vn -0.4548 0.4194 -0.7857
vn -0.4608 0.3923 -0.7961
vn -0.4705 0.3434 -0.8128
vn -0.4829 0.2664 -0.8342
vn -0.4952 0.1524 -0.8553
vn -0.5005 -0.0458 -0.8645
vn -0.2353 0.4188 -0.8771
vn -0.2385 0.3916 -0.8887
vn -0.2435 0.3428 -0.9073
vn -0.2499 0.2659 -0.9311
vn -0.2562 0.1521 -0.9546
vn -0.2590 -0.0457 -0.9648
vn -0.0000 0.4183 -0.9083
vn -0.0000 0.3912 -0.9203
vn -0.0000 0.3424 -0.9396
vn -0.0000 0.2655 -0.9641
vn -0.0000 0.1519 -0.9884
vn -0.0000 -0.0457 -0.9990
vn 0.2353 0.4188 -0.8771
vn 0.2385 0.3917 -0.8887
vn 0.2435 0.3428 -0.9073
vn 0.2499 0.2659 -0.9311
vn 0.2562 0.1521 -0.9546
vn 0.2590 -0.0457 -0.9648
vn 0.4548 0.4194 -0.7857
vn 0.4608 0.3923 -0.7961
vn 0.4705 0.3434 -0.8128
vn 0.4829 0.2664 -0.8342
vn 0.4952 0.1524 -0.8553
vn 0.5005 -0.0458 -0.8645
vn 0.6418 0.4197 -0.6418
vn 0.6504 0.3925 -0.6504
vn 0.6641 0.3436 -0.6641
vn 0.6815 0.2666 -0.6815
vn 0.6988 0.1525 -0.6988
vn 0.7064 -0.0459 -0.7064
vn 0.7857 0.4194 -0.4548
vn 0.7961 0.3923 -0.4608
vn 0.8128 0.3434 -0.4705
vn 0.8342 0.2664 -0.4829
vn 0.8553 0.1524 -0.4952
vn 0.8645 -0.0458 -0.5005
vn 0.8771 0.4188 -0.2353
vn 0.8887 0.3916 -0.2385
vn 0.9073 0.3428 -0.2435
vn 0.9311 0.2659 -0.2499
vn 0.9546 0.1521 -0.2562
vn 0.9648 -0.0457 -0.2590
vn 0.9128 -0.3266 0.2450
vn 0.9453 -0.3263 -0.0000
vn 0.7959 -0.5665 0.2136
vn 0.8244 -0.5660 -0.0000
vn 0.6874 -0.7025 0.1844
vn 0.7122 -0.7020 -0.0000
vn 0.6302 -0.7578 0.1690
vn 0.6530 -0.7574 -0.0000
vn 0.6988 -0.6903 0.1874
vn 0.7240 -0.6898 -0.0000
vn 0.8559 -0.4635 0.2296
vn 0.8864 -0.4629 -0.0000
vn 0.8178 -0.3272 0.4735
vn 0.7128 -0.5672 0.4126
vn 0.6154 -0.7032 0.3562
vn 0.5641 -0.7584 0.3265
vn 0.6257 -0.6909 0.3621
vn 0.7666 -0.4641 0.4437
vn 0.6681 -0.3274 0.6681
vn 0.5822 -0.5675 0.5822
vn 0.5026 -0.7034 0.5026
vn 0.4607 -0.7587 0.4607
vn 0.5110 -0.6912 0.5110
vn 0.6262 -0.4644 0.6262
vn 0.4735 -0.3272 0.8178
vn 0.4126 -0.5673 0.7128
vn 0.3562 -0.7032 0.6154
vn 0.3265 -0.7584 0.5641
vn 0.3621 -0.6909 0.6257
vn 0.4437 -0.4641 0.7666
vn 0.2450 -0.3266 0.9128
vn 0.2136 -0.5665 0.7959
vn 0.1844 -0.7025 0.6874
vn 0.1690 -0.7578 0.6302
vn 0.1874 -0.6903 0.6988
vn 0.2296 -0.4635 0.8559
vn -0.0000 -0.3263 0.9453
vn -0.0000 -0.5660 0.8244
vn -0.0000 -0.7020 0.7122
vn -0.0000 -0.7574 0.6530
vn -0.0000 -0.6898 0.7240
vn -0.0000 -0.4629 0.8864
vn -0.2450 -0.3266 0.9128
vn -0.2136 -0.5665 0.7959
vn -0.1844 -0.7025 0.6874
vn -0.1690 -0.7578 0.6302
vn -0.1874 -0.6903 0.6988
vn -0.2296 -0.4635 0.8559
vn -0.4735 -0.3272 0.8178
vn -0.4126 -0.5673 0.7128
vn -0.3562 -0.7032 0.6154
vn -0.3265 -0.7584 0.5641
vn -0.3621 -0.6909 0.6257
vn -0.4437 -0.4641 0.7666
vn -0.6681 -0.3274 0.6681
vn -0.5822 -0.5675 0.5822
vn -0.5026 -0.7034 0.5026
vn -0.4607 -0.7587 0.4607
vn -0.5110 -0.6912 0.5110
vn -0.6262 -0.4644 0.6262
vn -0.8178 -0.3272 0.4735
vn -0.7128 -0.5672 0.4126
vn -0.6154 -0.7032 0.3562
vn -0.5641 -0.7584 0.3265
vn -0.6257 -0.6909 0.3621
vn -0.7666 -0.4641 0.4437
vn -0.9128 -0.3266 0.2450
vn -0.7959 -0.5665 0.2136
vn -0.6874 -0.7025 0.1844
vn -0.6302 -0.7578 0.1690
vn -0.6988 -0.6903 0.1874
vn -0.8559 -0.4635 0.2296
vn -0.9453 -0.3263 -0.0000
vn -0.8244 -0.5660 -0.0000
vn -0.7122 -0.7020 -0.0000
vn -0.6530 -0.7574 -0.0000
vn -0.7240 -0.6898 -0.0000
vn -0.8864 -0.4629 -0.0000
vn -0.9128 -0.3266 -0.2450
vn -0.7959 -0.5665 -0.2136
vn -0.6874 -0.7025 -0.1844
vn -0.6302 -0.7578 -0.1690
vn -0.6988 -0.6903 -0.1874
vn -0.8559 -0.4635 -0.2295
vn -0.8178 -0.3272 -0.4735
vn -0.7127 -0.5673 -0.4126
vn -0.6154 -0.7032 -0.3562
vn -0.5641 -0.7584 -0.3265
vn -0.6257 -0.6909 -0.3621
vn -0.7666 -0.4641 -0.4437
vn -0.6681 -0.3274 -0.6681
vn -0.5822 -0.5675 -0.5822
vn -0.5026 -0.7034 -0.5026
vn -0.4607 -0.7587 -0.4606
vn -0.5110 -0.6912 -0.5110
vn -0.6262 -0.4644 -0.6262
vn -0.4735 -0.3272 -0.8178
vn -0.4126 -0.5673 -0.7127
vn -0.3562 -0.7032 -0.6154
vn -0.3265 -0.7585 -0.5641
vn -0.3621 -0.6909 -0.6257
vn -0.4437 -0.4641 -0.7666
vn -0.2450 -0.3266 -0.9128
vn -0.2136 -0.5665 -0.7959
vn -0.1844 -0.7025 -0.6874
vn -0.1690 -0.7578 -0.6302
vn -0.1874 -0.6903 -0.6988
vn -0.2296 -0.4635 -0.8559
vn -0.0000 -0.3263 -0.9453
vn -0.0000 -0.5660 -0.8244
vn -0.0000 -0.7020 -0.7122
vn -0.0000 -0.7574 -0.6530
vn -0.0000 -0.6898 -0.7240
vn -0.0000 -0.4629 -0.8864
vn 0.2450 -0.3266 -0.9128
vn 0.2136 -0.5665 -0.7959
vn 0.1844 -0.7025 -0.6874
vn 0.1690 -0.7578 -0.6302
vn 0.1874 -0.6903 -0.6988
vn 0.2296 -0.4635 -0.8559
vn 0.4735 -0.3272 -0.8178
vn 0.4126 -0.5673 -0.7127
vn 0.3562 -0.7032 -0.6154
vn 0.3265 -0.7585 -0.5641
vn 0.3621 -0.6909 -0.6257
vn 0.4437 -0.4641 -0.7666
vn 0.6681 -0.3274 -0.6681
vn 0.5822 -0.5675 -0.5822
vn 0.5026 -0.7034 -0.5026
vn 0.4607 -0.7587 -0.4606
vn 0.5110 -0.6912 -0.5110
vn 0.6262 -0.4644 -0.6262
vn 0.8178 -0.3272 -0.4735
vn 0.7127 -0.5673 -0.4126
vn 0.6154 -0.7032 -0.3562
vn 0.5641 -0.7584 -0.3265
vn 0.6257 -0.6909 -0.3621
vn 0.7666 -0.4641 -0.4437
vn 0.9128 -0.3266 -0.2450
vn 0.7959 -0.5665 -0.2136
vn 0.6874 -0.7025 -0.1844
vn 0.6302 -0.7578 -0.1690
vn 0.6988 -0.6903 -0.1874
vn 0.8559 -0.4635 -0.2295
vn 0.0687 -0.9976 -0.0000
vn 0.0663 -0.9976 -0.0177
vn 0.1572 -0.9876 -0.0000
vn 0.1517 -0.9876 -0.0406
vn 0.3732 -0.9278 -0.0000
vn 0.3601 -0.9279 -0.0965
vn 0.7892 -0.6142 -0.0000
vn 0.7620 -0.6144 -0.2045
vn 0.0593 -0.9977 -0.0343
vn 0.1356 -0.9876 -0.0785
vn 0.3222 -0.9282 -0.1864
vn 0.6823 -0.6151 -0.3950
vn 0.0484 -0.9977 -0.0484
vn 0.1107 -0.9877 -0.1107
vn 0.2630 -0.9283 -0.2630
vn 0.5573 -0.6154 -0.5573
vn 0.0343 -0.9977 -0.0593
vn 0.0785 -0.9876 -0.1356
vn 0.1864 -0.9282 -0.3222
vn 0.3950 -0.6151 -0.6823
vn 0.0177 -0.9976 -0.0663
vn 0.0406 -0.9876 -0.1517
vn 0.0965 -0.9279 -0.3601
vn 0.2045 -0.6144 -0.7620
vn -0.0000 -0.9976 -0.0687
vn -0.0000 -0.9876 -0.1572
vn -0.0000 -0.9278 -0.3732
vn -0.0000 -0.6142 -0.7892
vn -0.0177 -0.9976 -0.0663
vn -0.0406 -0.9876 -0.1517
vn -0.0965 -0.9279 -0.3601
vn -0.2045 -0.6144 -0.7620
vn -0.0343 -0.9977 -0.0593
vn -0.0785 -0.9876 -0.1356
vn -0.1864 -0.9282 -0.3222
vn -0.3950 -0.6151 -0.6823
vn -0.0484 -0.9977 -0.0484
vn -0.1107 -0.9877 -0.1107
vn -0.2630 -0.9283 -0.2630
vn -0.5573 -0.6154 -0.5573
vn -0.0593 -0.9977 -0.0343
vn -0.1356 -0.9876 -0.0785
vn -0.3222 -0.9282 -0.1864
vn -0.6823 -0.6151 -0.3950
vn -0.0663 -0.9976 -0.0177
vn -0.1517 -0.9876 -0.0406
vn -0.3601 -0.9279 -0.0965
vn -0.7620 -0.6144 -0.2045
vn -0.0687 -0.9976 -0.0000
vn -0.1572 -0.9876 -0.0000
vn -0.3732 -0.9278 -0.0000
vn -0.7892 -0.6142 -0.0000
vn -0.0663 -0.9976 0.0178
vn -0.1517 -0.9876 0.0406
vn -0.3601 -0.9279 0.0965
vn -0.7620 -0.6144 0.2045
vn -0.0593 -0.9977 0.0343
vn -0.1356 -0.9876 0.0785
vn -0.3222 -0.9282 0.1864
vn -0.6823 -0.6151 0.3950
vn -0.0484 -0.9977 0.0484
vn -0.1107 -0.9877 0.1107
vn -0.2630 -0.9283 0.2630
vn -0.5573 -0.6154 0.5573
vn -0.0343 -0.9977 0.0593
vn -0.0785 -0.9876 0.1356
vn -0.1864 -0.9282 0.3222
vn -0.3950 -0.6151 0.6823
vn -0.0177 -0.9976 0.0663
vn -0.0406 -0.9876 0.1517
vn -0.0965 -0.9279 0.3602
vn -0.2045 -0.6144 0.7620
vn -0.0000 -0.9976 0.0687
vn -0.0000 -0.9876 0.1572
vn -0.0000 -0.9278 0.3732
vn -0.0000 -0.6142 0.7892
vn 0.0177 -0.9976 0.0663
vn 0.0406 -0.9876 0.1517
vn 0.0965 -0.9279 0.3602
vn 0.2045 -0.6144 0.7620
vn 0.0343 -0.9977 0.0593
vn 0.0785 -0.9876 0.1356
vn 0.1864 -0.9282 0.3222
vn 0.3950 -0.6151 0.6823
vn 0.0484 -0.9977 0.0484
vn 0.1107 -0.9877 0.1107
vn 0.2630 -0.9283 0.2630
vn 0.5573 -0.6154 0.5573
vn 0.0593 -0.9977 0.0343
vn 0.1356 -0.9876 0.0785
vn 0.3222 -0.9282 0.1864
vn 0.6823 -0.6151 0.3950
vn 0.0663 -0.9976 0.0178
vn 0.1517 -0.9876 0.0406
vn 0.3601 -0.9279 0.0965
vn 0.7620 -0.6144 0.2045
vn 0.6922 0.6975 0.1856
vn 0.7171 0.6970 -0.0000
vn 0.9156 0.3188 0.2451
vn 0.9479 0.3185 -0.0000
vn 0.6201 0.6977 0.3588
vn 0.8205 0.3190 0.4744
vn 0.5066 0.6977 0.5066
vn 0.6702 0.3191 0.6702
vn 0.3588 0.6977 0.6201
vn 0.4744 0.3190 0.8205
vn 0.1856 0.6975 0.6922
vn 0.2451 0.3188 0.9156
vn -0.0000 0.6970 0.7171
vn -0.0000 0.3185 0.9479
vn -0.1856 0.6975 0.6922
vn -0.2451 0.3188 0.9156
vn -0.3588 0.6977 0.6201
vn -0.4744 0.3190 0.8205
vn -0.5066 0.6977 0.5066
vn -0.6702 0.3191 0.6702
vn -0.6201 0.6977 0.3588
vn -0.8205 0.3190 0.4744
vn -0.6922 0.6975 0.1856
vn -0.9156 0.3188 0.2451
vn -0.7171 0.6970 -0.0000
vn -0.9479 0.3185 -0.0000
vn -0.6922 0.6975 -0.1856
vn -0.9156 0.3188 -0.2451
vn -0.6201 0.6977 -0.3588
vn -0.8205 0.3190 -0.4744
vn -0.5066 0.6977 -0.5066
vn -0.6702 0.3191 -0.6702
vn -0.3588 0.6977 -0.6201
vn -0.4744 0.3190 -0.8205
vn -0.1856 0.6975 -0.6922
vn -0.2451 0.3188 -0.9156
vn -0.0000 0.6970 -0.7171
vn -0.0000 0.3185 -0.9479
vn 0.1856 0.6975 -0.6922
vn 0.2451 0.3188 -0.9156
vn 0.3588 0.6977 -0.6201
vn 0.4744 0.3190 -0.8205
vn 0.5066 0.6977 -0.5066
vn 0.6702 0.3191 -0.6702
vn 0.6201 0.6977 -0.3588
vn 0.8205 0.3190 -0.4744
vn 0.6922 0.6975 -0.1856
vn 0.9156 0.3188 -0.2451
vn 0.2821 0.9564 0.0757
vn 0.2925 0.9563 -0.0000
vn 0.1716 0.9841 0.0460
vn 0.1780 0.9840 -0.0000
vn 0.1533 0.9873 0.0411
vn 0.1589 0.9873 -0.0000
vn 0.2101 0.9761 0.0563
vn 0.2177 0.9760 -0.0000
vn 0.4872 0.8635 0.1306
vn 0.5047 0.8633 -0.0000
vn 0.6628 0.7273 0.1782
vn 0.6869 0.7267 -0.0000
vn 0.2524 0.9565 0.1461
vn 0.1535 0.9841 0.0889
vn 0.1371 0.9874 0.0793
vn 0.1879 0.9762 0.1087
vn 0.4359 0.8639 0.2522
vn 0.5933 0.7279 0.3437
vn 0.2061 0.9566 0.2061
vn 0.1253 0.9842 0.1253
vn 0.1119 0.9874 0.1119
vn 0.1534 0.9762 0.1534
vn 0.3559 0.8641 0.3559
vn 0.4847 0.7281 0.4847
vn 0.1461 0.9565 0.2524
vn 0.0889 0.9841 0.1535
vn 0.0793 0.9874 0.1371
vn 0.1087 0.9762 0.1879
vn 0.2522 0.8639 0.4359
vn 0.3437 0.7279 0.5933
vn 0.0757 0.9564 0.2821
vn 0.0460 0.9841 0.1716
vn 0.0411 0.9873 0.1533
vn 0.0563 0.9761 0.2101
vn 0.1306 0.8635 0.4872
vn 0.1782 0.7273 0.6628
vn -0.0000 0.9563 0.2925
vn -0.0000 0.9840 0.1780
vn -0.0000 0.9873 0.1589
vn -0.0000 0.9760 0.2177
vn -0.0000 0.8633 0.5047
vn -0.0000 0.7267 0.6869
vn -0.0757 0.9564 0.2821
vn -0.0460 0.9841 0.1716
vn -0.0411 0.9873 0.1533
vn -0.0563 0.9761 0.2101
vn -0.1306 0.8635 0.4872
vn -0.1782 0.7273 0.6628
vn -0.1461 0.9565 0.2524
vn -0.0889 0.9841 0.1535
vn -0.0793 0.9874 0.1371
vn -0.1087 0.9762 0.1879
vn -0.2522 0.8639 0.4359
vn -0.3437 0.7279 0.5933
vn -0.2061 0.9566 0.2061
vn -0.1253 0.9842 0.1253
vn -0.1119 0.9874 0.1119
vn -0.1534 0.9762 0.1534
vn -0.3559 0.8641 0.3559
vn -0.4847 0.7281 0.4847
vn -0.2524 0.9565 0.1461
vn -0.1535 0.9841 0.0889
vn -0.1371 0.9874 0.0793
vn -0.1879 0.9762 0.1087
vn -0.4359 0.8639 0.2522
vn -0.5933 0.7279 0.3437
vn -0.2821 0.9564 0.0757
vn -0.1716 0.9841 0.0460
vn -0.1533 0.9873 0.0411
vn -0.2101 0.9761 0.0563
vn -0.4872 0.8635 0.1306
vn -0.6628 0.7273 0.1782
vn -0.2925 0.9563 -0.0000
vn -0.1780 0.9840 -0.0000
vn -0.1589 0.9873 -0.0000
vn -0.2177 0.9760 -0.0000
vn -0.5047 0.8633 -0.0000
vn -0.6869 0.7267 -0.0000
vn -0.2821 0.9564 -0.0757
vn -0.1716 0.9841 -0.0460
vn -0.1533 0.9873 -0.0411
vn -0.2101 0.9761 -0.0563
vn -0.4872 0.8635 -0.1306
vn -0.6628 0.7273 -0.1782
vn -0.2524 0.9565 -0.1461
vn -0.1535 0.9841 -0.0889
vn -0.1371 0.9874 -0.0793
vn -0.1879 0.9762 -0.1087
vn -0.4359 0.8639 -0.2522
vn -0.5933 0.7279 -0.3437
vn -0.2061 0.9566 -0.2061
vn -0.1253 0.9842 -0.1253
vn -0.1119 0.9874 -0.1119
vn -0.1534 0.9762 -0.1534
vn -0.3559 0.8641 -0.3559
vn -0.4847 0.7281 -0.4847
vn -0.1461 0.9565 -0.2524
vn -0.0889 0.9841 -0.1535
vn -0.0793 0.9874 -0.1371
vn -0.1087 0.9762 -0.1879
vn -0.2522 0.8639 -0.4359
vn -0.3437 0.7279 -0.5933
vn -0.0757 0.9564 -0.2821
vn -0.0460 0.9841 -0.1716
vn -0.0411 0.9873 -0.1533
vn -0.0563 0.9761 -0.2101
vn -0.1306 0.8635 -0.4872
vn -0.1782 0.7273 -0.6628
vn -0.0000 0.9563 -0.2925
vn -0.0000 0.9840 -0.1780
vn -0.0000 0.9873 -0.1589
vn -0.0000 0.9760 -0.2177
vn -0.0000 0.8633 -0.5047
vn -0.0000 0.7267 -0.6869
vn 0.0757 0.9564 -0.2821
vn 0.0460 0.9841 -0.1716
vn 0.0411 0.9873 -0.1533
vn 0.0563 0.9761 -0.2101
vn 0.1306 0.8635 -0.4872
vn 0.1782 0.7273 -0.6628
vn 0.1461 0.9565 -0.2524
vn 0.0889 0.9841 -0.1535
vn 0.0793 0.9874 -0.1371
vn 0.1087 0.9762 -0.1879
vn 0.2522 0.8639 -0.4359
vn 0.3437 0.7279 -0.5933
vn 0.2061 0.9566 -0.2061
vn 0.1253 0.9842 -0.1253
vn 0.1119 0.9874 -0.1119
vn 0.1534 0.9762 -0.1534
vn 0.3559 0.8641 -0.3559
vn 0.4847 0.7281 -0.4847
vn 0.2524 0.9565 -0.1461
vn 0.1535 0.9841 -0.0889
vn 0.1371 0.9874 -0.0793
vn 0.1879 0.9762 -0.1087
vn 0.4359 0.8639 -0.2522
vn 0.5933 0.7279 -0.3437
vn 0.2821 0.9564 -0.0757
vn 0.1716 0.9841 -0.0460
vn 0.1533 0.9873 -0.0411
vn 0.2101 0.9761 -0.0563
vn 0.4872 0.8635 -0.1306
vn 0.6628 0.7273 -0.1782
vn 0.0153 -0.9999 -0.0000
vn 0.0033 -1.0000 -0.0000
vn 0.0152 -0.9493 0.3139
vn 0.0033 -0.9444 0.3287
vn 0.0589 -0.9983 -0.0000
vn 0.0580 -0.9476 0.3140
vn 0.1584 -0.9347 0.3182
vn 0.1598 -0.9872 -0.0000
vn 0.3740 -0.8610 0.3448
vn 0.3916 -0.9201 -0.0000
vn 0.7268 -0.5539 0.4061
vn 0.7846 -0.6200 -0.0000
vn 0.9082 -0.0828 0.4103
vn 0.9950 -0.0998 -0.0000
vn 0.0119 -0.6794 0.7337
vn 0.0024 -0.6362 0.7715
vn 0.0465 -0.6744 0.7369
vn 0.1260 -0.6490 0.7503
vn 0.2701 -0.5622 0.7817
vn 0.4601 -0.3163 0.8296
vn 0.5631 -0.0412 0.8254
vn 0.0002 0.0042 1.0000
vn -0.0005 0.1133 0.9936
vn 0.0035 0.0140 0.9999
vn 0.0059 0.0359 0.9993
vn -0.0078 0.0588 0.9982
vn -0.0465 0.0416 0.9981
vn -0.0392 0.0031 0.9992
vn -0.0142 0.6824 0.7308
vn -0.0032 0.7278 0.6858
vn -0.0554 0.6801 0.7310
vn -0.1500 0.6557 0.7400
vn -0.3225 0.5652 0.7593
vn -0.5376 0.3158 0.7818
vn -0.6115 0.0300 0.7906
vn -0.0206 0.9494 0.3133
vn -0.0043 0.9548 0.2973
vn -0.0827 0.9450 0.3165
vn -0.2296 0.9146 0.3329
vn -0.5023 0.7859 0.3605
vn -0.8106 0.4432 0.3826
vn -0.9212 0.0397 0.3870
vn -0.0219 0.9998 -0.0000
vn -0.0045 1.0000 -0.0000
vn -0.0877 0.9961 -0.0000
vn -0.2462 0.9692 -0.0000
vn -0.5492 0.8357 -0.0000
vn -0.8811 0.4730 -0.0000
vn -0.9991 0.0415 -0.0000
vn -0.0043 0.9548 -0.2973
vn -0.0206 0.9494 -0.3133
vn -0.0827 0.9450 -0.3165
vn -0.2296 0.9146 -0.3329
vn -0.5024 0.7859 -0.3605
vn -0.8106 0.4432 -0.3826
vn -0.9212 0.0397 -0.3870
vn -0.0032 0.7278 -0.6858
vn -0.0142 0.6824 -0.7308
vn -0.0554 0.6801 -0.7310
vn -0.1500 0.6557 -0.7400
vn -0.3225 0.5652 -0.7593
vn -0.5377 0.3158 -0.7818
vn -0.6115 0.0300 -0.7906
vn -0.0005 0.1133 -0.9936
vn 0.0002 0.0042 -1.0000
vn 0.0035 0.0140 -0.9999
vn 0.0059 0.0359 -0.9993
vn -0.0078 0.0588 -0.9982
vn -0.0465 0.0416 -0.9981
vn -0.0392 0.0031 -0.9992
vn 0.0024 -0.6362 -0.7715
vn 0.0119 -0.6794 -0.7337
vn 0.0465 -0.6744 -0.7369
vn 0.1260 -0.6490 -0.7503
vn 0.2701 -0.5622 -0.7817
vn 0.4601 -0.3163 -0.8296
vn 0.5631 -0.0412 -0.8254
vn 0.0033 -0.9444 -0.3287
vn 0.0152 -0.9493 -0.3139
vn 0.0580 -0.9476 -0.3140
vn 0.1584 -0.9347 -0.3182
vn 0.3740 -0.8610 -0.3448
vn 0.7268 -0.5539 -0.4061
vn 0.9082 -0.0828 -0.4103
vn 0.8905 0.2148 0.4011
vn 0.9729 0.2310 -0.0000
vn 0.8366 0.3841 0.3905
vn 0.9125 0.4090 -0.0000
vn 0.7652 0.5302 0.3651
vn 0.8288 0.5595 -0.0000
vn 0.6711 0.6632 0.3314
vn 0.7190 0.6950 -0.0000
vn 0.5495 0.7763 0.3090
vn 0.5809 0.8140 -0.0000
vn 0.4612 0.8215 0.3352
vn 0.4971 0.8677 -0.0000
vn 0.5597 0.1397 0.8168
vn 0.5286 0.2555 0.8095
vn 0.4949 0.3598 0.7910
vn 0.4452 0.4679 0.7635
vn 0.3761 0.5600 0.7382
vn 0.2873 0.5279 0.7992
vn -0.0246 -0.0057 0.9997
vn -0.0209 -0.0122 0.9997
vn -0.0145 -0.0145 0.9998
vn -0.0098 -0.0133 0.9999
vn -0.0148 -0.0139 0.9998
vn -0.1018 -0.1967 0.9752
vn -0.5855 -0.1547 0.7958
vn -0.5385 -0.2917 0.7905
vn -0.4872 -0.4089 0.7716
vn -0.4284 -0.5120 0.7446
vn -0.3608 -0.5848 0.7265
vn -0.3573 -0.6916 0.6278
vn -0.8891 -0.2389 0.3904
vn -0.8070 -0.4485 0.3841
vn -0.7010 -0.6134 0.3638
vn -0.5905 -0.7338 0.3360
vn -0.4862 -0.8150 0.3153
vn -0.4401 -0.8556 0.2725
vn -0.9655 -0.2605 -0.0000
vn -0.8721 -0.4893 -0.0000
vn -0.7483 -0.6634 -0.0000
vn -0.6218 -0.7832 -0.0000
vn -0.5076 -0.8616 -0.0000
vn -0.4570 -0.8895 -0.0000
vn -0.8891 -0.2389 -0.3904
vn -0.8070 -0.4485 -0.3841
vn -0.7010 -0.6134 -0.3638
vn -0.5905 -0.7338 -0.3360
vn -0.4862 -0.8150 -0.3153
vn -0.4401 -0.8556 -0.2724
vn -0.5855 -0.1547 -0.7958
vn -0.5385 -0.2917 -0.7905
vn -0.4872 -0.4089 -0.7716
vn -0.4284 -0.5120 -0.7446
vn -0.3608 -0.5848 -0.7265
vn -0.3573 -0.6916 -0.6277
vn -0.0246 -0.0058 -0.9997
vn -0.0209 -0.0122 -0.9997
vn -0.0145 -0.0145 -0.9998
vn -0.0098 -0.0133 -0.9999
vn -0.0148 -0.0139 -0.9998
vn -0.1018 -0.1967 -0.9752
vn 0.5597 0.1397 -0.8168
vn 0.5286 0.2555 -0.8095
vn 0.4949 0.3598 -0.7910
vn 0.4452 0.4679 -0.7635
vn 0.3761 0.5600 -0.7382
vn 0.2873 0.5279 -0.7992
vn 0.8905 0.2148 -0.4011
vn 0.8366 0.3841 -0.3905
vn 0.7652 0.5302 -0.3651
vn 0.6711 0.6632 -0.3314
vn 0.5495 0.7763 -0.3090
vn 0.4612 0.8215 -0.3352
vn -0.1499 0.9887 -0.0000
vn -0.1370 0.8724 0.4691
vn -0.2978 0.8404 0.4529
vn -0.3505 0.9366 -0.0000
vn -0.6175 0.6640 0.4216
vn -0.7155 0.6986 -0.0000
vn -0.8013 0.4502 0.3939
vn -0.9009 0.4341 -0.0000
vn -0.8280 0.3798 0.4124
vn -0.9293 0.3693 -0.0000
vn -0.7292 0.5035 0.4634
vn -0.8579 0.5138 -0.0000
vn -0.6631 0.7485 -0.0000
vn -0.5315 0.6865 0.4962
vn -0.0667 0.4915 0.8683
vn -0.1179 0.5032 0.8561
vn -0.2543 0.4744 0.8428
vn -0.4111 0.3992 0.8195
vn -0.4594 0.3465 0.8179
vn -0.3859 0.3958 0.8333
vn -0.2707 0.4879 0.8299
vn 0.0627 -0.0435 0.9971
vn 0.1359 -0.0025 0.9907
vn 0.2480 0.0952 0.9641
vn 0.2093 0.1707 0.9628
vn 0.0962 0.1786 0.9792
vn 0.0096 0.1543 0.9880
vn -0.0001 0.1520 0.9884
vn 0.2026 -0.5429 0.8150
vn 0.3601 -0.4792 0.8004
vn 0.6120 -0.2822 0.7388
vn 0.6792 -0.1068 0.7261
vn 0.5839 -0.0785 0.8080
vn 0.4027 -0.2053 0.8920
vn 0.2795 -0.3387 0.8984
vn 0.2941 -0.8551 0.4270
vn 0.4884 -0.7687 0.4129
vn 0.7846 -0.5015 0.3645
vn 0.8939 -0.2796 0.3503
vn 0.8614 -0.2853 0.4202
vn 0.6794 -0.5405 0.4963
vn 0.4584 -0.7546 0.4696
vn 0.3208 -0.9471 -0.0000
vn 0.5251 -0.8510 -0.0000
vn 0.8276 -0.5613 -0.0000
vn 0.9434 -0.3316 -0.0000
vn 0.9336 -0.3584 -0.0000
vn 0.7564 -0.6542 -0.0000
vn 0.4919 -0.8706 0.0001
vn 0.2941 -0.8551 -0.4270
vn 0.4884 -0.7687 -0.4129
vn 0.7846 -0.5015 -0.3645
vn 0.8939 -0.2796 -0.3503
vn 0.8614 -0.2853 -0.4202
vn 0.6794 -0.5405 -0.4963
vn 0.4579 -0.7556 -0.4684
vn 0.2026 -0.5429 -0.8150
vn 0.3601 -0.4792 -0.8004
vn 0.6120 -0.2822 -0.7388
vn 0.6792 -0.1068 -0.7261
vn 0.5839 -0.0785 -0.8080
vn 0.4027 -0.2053 -0.8920
vn 0.2792 -0.3422 -0.8972
vn 0.0627 -0.0435 -0.9971
vn 0.1359 -0.0025 -0.9907
vn 0.2480 0.0952 -0.9641
vn 0.2093 0.1707 -0.9628
vn 0.0962 0.1786 -0.9792
vn 0.0096 0.1543 -0.9880
vn -0.0005 0.1494 -0.9888
vn -0.0667 0.4915 -0.8683
vn -0.1179 0.5032 -0.8561
vn -0.2543 0.4743 -0.8428
vn -0.4111 0.3992 -0.8195
vn -0.4594 0.3465 -0.8179
vn -0.3859 0.3957 -0.8334
vn -0.2710 0.4872 -0.8302
vn -0.1370 0.8724 -0.4691
vn -0.2978 0.8404 -0.4529
vn -0.6175 0.6640 -0.4216
vn -0.8013 0.4502 -0.3939
vn -0.8281 0.3798 -0.4124
vn -0.7292 0.5035 -0.4634
vn -0.5315 0.6865 -0.4962
vn -0.4807 0.8769 -0.0000
vn -0.3947 0.8154 0.4236
vn -0.3208 0.9472 0.0001
vn -0.2553 0.9220 0.2911
vn 0.0027 1.0000 -0.0007
vn -0.0072 0.9999 -0.0076
vn 0.3668 0.7044 -0.6077
vn 0.8532 0.5212 -0.0164
vn 0.5675 -0.1541 -0.8088
vn 0.8038 -0.5944 -0.0250
vn 0.5809 -0.5845 -0.5664
vn 0.6738 -0.7387 -0.0210
vn -0.2068 0.6382 0.7416
vn -0.1295 0.8621 0.4900
vn -0.0345 0.9990 0.0267
vn 0.0416 0.8713 -0.4889
vn 0.1035 0.5539 -0.8261
vn 0.1897 0.1742 -0.9663
vn 0.0201 0.3226 0.9463
vn 0.0220 0.7489 0.6623
vn -0.0257 0.9954 0.0922
vn -0.0566 0.9316 -0.3590
vn -0.0707 0.7820 -0.6192
vn -0.0664 0.6515 -0.7557
vn 0.2818 -0.1750 0.9434
vn 0.3039 0.4442 0.8428
vn 0.0353 0.9839 0.1754
vn -0.1099 0.9535 -0.2805
vn -0.1496 0.8477 -0.5090
vn -0.1456 0.7775 -0.6118
vn 0.4672 -0.6832 0.5611
vn 0.6995 0.0044 0.7146
vn 0.3549 0.8928 0.2774
vn -0.1744 0.9691 -0.1746
vn -0.2530 0.8943 -0.3690
vn -0.1915 0.8080 -0.5572
vn 0.4954 -0.8687 0.0016
vn 0.9339 -0.3573 0.0110
vn 0.7042 0.7098 0.0134
vn -0.2056 0.9786 -0.0066
vn -0.3224 0.9457 -0.0412
vn -0.3150 0.9163 -0.2474
vn 0.4591 -0.7038 -0.5421
vn 0.6937 -0.0965 -0.7138
vn 0.4087 0.8484 -0.3363
vn -0.1983 0.9634 0.1802
vn -0.3068 0.8885 0.3411
vn -0.3360 0.8089 0.4825
vn 0.2771 -0.2158 -0.9363
vn 0.3062 0.3499 -0.8853
vn 0.0563 0.9711 -0.2318
vn -0.1468 0.9122 0.3826
vn -0.2026 0.7008 0.6839
vn -0.1594 0.4448 0.8813
vn 0.0169 0.3001 -0.9538
vn 0.0194 0.7019 -0.7120
vn -0.0237 0.9954 -0.0931
vn -0.0474 0.8294 0.5567
vn -0.0153 0.3866 0.9221
vn 0.0807 0.0014 0.9967
vn -0.2100 0.6322 -0.7458
vn -0.1374 0.8491 -0.5100
vn -0.0235 0.9997 -0.0049
vn 0.1205 0.7246 0.6786
vn 0.2608 0.0066 0.9654
vn 0.3415 -0.3855 0.8572
vn -0.3955 0.8148 -0.4239
vn -0.2580 0.9206 -0.2930
vn 0.0050 0.9999 0.0117
vn 0.4666 0.5998 0.6500
vn 0.6220 -0.4009 0.6727
vn 0.5849 -0.6614 0.4696
vn 0.3638 0.9315 -0.0000
vn -0.0000 1.0000 -0.0000
vn 0.3515 0.9315 0.0935
vn 0.3144 0.9318 0.1813
vn 0.2564 0.9319 0.2564
vn 0.1813 0.9318 0.3144
vn 0.0935 0.9315 0.3515
vn -0.0000 0.9315 0.3638
vn -0.0935 0.9315 0.3515
vn -0.1813 0.9318 0.3144
vn -0.2564 0.9319 0.2564
vn -0.3144 0.9318 0.1813
vn -0.3515 0.9315 0.0935
vn -0.3638 0.9315 -0.0000
vn -0.3515 0.9315 -0.0935
vn -0.3144 0.9318 -0.1813
vn -0.2564 0.9319 -0.2564
vn -0.1813 0.9318 -0.3144
vn -0.0935 0.9315 -0.3515
vn -0.0000 0.9315 -0.3638
vn 0.0935 0.9315 -0.3515
vn 0.1813 0.9318 -0.3144
vn 0.2564 0.9319 -0.2564
vn 0.3144 0.9318 -0.1813
vn 0.3515 0.9315 -0.0935
vn 0.9354 0.2498 0.2502
vn 0.9683 0.2499 -0.0000
vn 0.8140 -0.5387 0.2173
vn 0.8429 -0.5381 -0.0000
vn 0.7595 -0.6180 0.2029
vn 0.7868 -0.6172 -0.0000
vn 0.8016 -0.5582 0.2142
vn 0.8302 -0.5574 -0.0000
vn 0.8384 0.2498 0.4844
vn 0.7291 -0.5397 0.4209
vn 0.6800 -0.6191 0.3927
vn 0.7178 -0.5594 0.4146
vn 0.6847 0.2499 0.6847
vn 0.5951 -0.5402 0.5951
vn 0.5550 -0.6195 0.5550
vn 0.5859 -0.5599 0.5859
vn 0.4844 0.2498 0.8384
vn 0.4209 -0.5397 0.7291
vn 0.3927 -0.6191 0.6800
vn 0.4146 -0.5594 0.7178
vn 0.2502 0.2498 0.9354
vn 0.2173 -0.5387 0.8140
vn 0.2029 -0.6180 0.7595
vn 0.2142 -0.5582 0.8016
vn -0.0000 0.2499 0.9683
vn -0.0000 -0.5381 0.8429
vn -0.0000 -0.6172 0.7868
vn -0.0000 -0.5574 0.8302
vn -0.2502 0.2498 0.9354
vn -0.2173 -0.5387 0.8140
vn -0.2029 -0.6180 0.7595
vn -0.2142 -0.5582 0.8016
vn -0.4844 0.2498 0.8384
vn -0.4209 -0.5397 0.7291
vn -0.3927 -0.6191 0.6800
vn -0.4146 -0.5594 0.7178
vn -0.6847 0.2499 0.6847
vn -0.5951 -0.5402 0.5951
vn -0.5550 -0.6195 0.5550
vn -0.5859 -0.5599 0.5859
vn -0.8384 0.2498 0.4844
vn -0.7291 -0.5397 0.4209
vn -0.6800 -0.6191 0.3927
vn -0.7178 -0.5594 0.4146
vn -0.9354 0.2498 0.2502
vn -0.8140 -0.5387 0.2173
vn -0.7595 -0.6180 0.2029
vn -0.8016 -0.5582 0.2142
vn -0.9683 0.2499 -0.0000
vn -0.8429 -0.5381 -0.0000
vn -0.7868 -0.6172 -0.0000
vn -0.8302 -0.5574 -0.0000
vn -0.9354 0.2498 -0.2502
vn -0.8140 -0.5387 -0.2173
vn -0.7595 -0.6180 -0.2029
vn -0.8016 -0.5582 -0.2142
vn -0.8384 0.2498 -0.4844
vn -0.7291 -0.5397 -0.4209
vn -0.6800 -0.6191 -0.3927
vn -0.7178 -0.5594 -0.4146
vn -0.6847 0.2499 -0.6847
vn -0.5951 -0.5402 -0.5951
vn -0.5550 -0.6196 -0.5550
vn -0.5859 -0.5599 -0.5859
vn -0.4844 0.2498 -0.8384
vn -0.4209 -0.5397 -0.7291
vn -0.3927 -0.6191 -0.6800
vn -0.4146 -0.5594 -0.7178
vn -0.2502 0.2498 -0.9354
vn -0.2173 -0.5387 -0.8140
vn -0.2029 -0.6180 -0.7595
vn -0.2142 -0.5582 -0.8016
vn -0.0000 0.2499 -0.9683
vn -0.0000 -0.5381 -0.8429
vn -0.0000 -0.6172 -0.7868
vn -0.0000 -0.5574 -0.8302
vn 0.2502 0.2498 -0.9354
vn 0.2173 -0.5387 -0.8140
vn 0.2029 -0.6180 -0.7595
vn 0.2142 -0.5582 -0.8016
vn 0.4844 0.2498 -0.8384
vn 0.4209 -0.5397 -0.7291
vn 0.3927 -0.6191 -0.6800
vn 0.4146 -0.5594 -0.7178
vn 0.6847 0.2499 -0.6847
vn 0.5951 -0.5402 -0.5951
vn 0.5550 -0.6196 -0.5550
vn 0.5859 -0.5599 -0.5859
vn 0.8384 0.2498 -0.4844
vn 0.7291 -0.5397 -0.4209
vn 0.6800 -0.6191 -0.3927
vn 0.7178 -0.5594 -0.4146
vn 0.9354 0.2498 -0.2502
vn 0.8140 -0.5387 -0.2173
vn 0.7595 -0.6180 -0.2029
vn 0.8016 -0.5582 -0.2142
vt 0.176395 0.246288
vt 0.240400 0.219181
vt 0.185593 0.262857
vt 0.198157 0.275793
vt 0.213291 0.284755
vt 0.230196 0.289406
vt 0.248075 0.289406
vt 0.266131 0.284417
vt 0.282364 0.274835
vt 0.295085 0.261831
vt 0.303956 0.246226
vt 0.308640 0.228842
vt 0.308798 0.210500
vt 0.304093 0.192021
vt 0.294896 0.175452
vt 0.282331 0.162516
vt 0.267198 0.153553
vt 0.250293 0.148903
vt 0.232413 0.148902
vt 0.214358 0.153892
vt 0.198124 0.163474
vt 0.185403 0.176478
vt 0.176532 0.192083
vt 0.171849 0.209467
vt 0.171691 0.227809
vt 0.379005 0.852203
vt 0.375058 0.813548
vt 0.381726 0.812824
vt 0.385620 0.850965
vt 0.389317 0.851201
vt 0.385415 0.812981
vt 0.317988 0.666233
vt 0.329331 0.624034
vt 0.320145 0.667048
vt 0.331644 0.624276
vt 0.334887 0.624739
vt 0.323149 0.668405
vt 0.649000 0.514298
vt 0.651267 0.554403
vt 0.644849 0.516748
vt 0.647063 0.555919
vt 0.655684 0.511909
vt 0.658002 0.552929
vt 0.373380 0.772403
vt 0.380070 0.772227
vt 0.383756 0.772299
vt 0.329331 0.582115
vt 0.331643 0.581785
vt 0.334887 0.581362
vt 0.338422 0.580933
vt 0.338422 0.625344
vt 0.652431 0.479903
vt 0.645819 0.483005
vt 0.373893 0.730800
vt 0.380576 0.731178
vt 0.384263 0.731164
vt 0.318758 0.542355
vt 0.320926 0.541482
vt 0.323946 0.540218
vt 0.327219 0.538809
vt 0.634250 0.509941
vt 0.638280 0.484876
vt 0.640909 0.512827
vt 0.644849 0.488321
vt 0.376517 0.690772
vt 0.383166 0.691682
vt 0.386858 0.691585
vt 0.298382 0.506632
vt 0.300271 0.505273
vt 0.302861 0.503253
vt 0.305632 0.500962
vt 0.631152 0.543639
vt 0.637880 0.545774
vt 0.381178 0.654350
vt 0.387763 0.655745
vt 0.391465 0.655573
vt 0.268973 0.476826
vt 0.270463 0.475060
vt 0.272429 0.472410
vt 0.635936 0.585732
vt 0.642078 0.547971
vt 0.640178 0.586999
vt 0.629164 0.584508
vt 0.387793 0.623567
vt 0.394290 0.625372
vt 0.398006 0.625136
vt 0.231303 0.454816
vt 0.232278 0.452751
vt 0.233449 0.449634
vt 0.635249 0.631271
vt 0.639509 0.631477
vt 0.628461 0.631086
vt 0.395692 0.602016
vt 0.402084 0.604108
vt 0.989548 0.430099
vt 0.985539 0.452023
vt 0.985726 0.429784
vt 0.981708 0.451753
vt 0.189292 0.443290
vt 0.189695 0.441066
vt 0.189976 0.437707
vt 0.635936 0.677512
vt 0.640178 0.676642
vt 0.629164 0.678382
vt 0.991746 0.450319
vt 0.988562 0.480436
vt 0.982396 0.481739
vt 0.978559 0.481531
vt 0.147591 0.443167
vt 0.147426 0.440943
vt 0.146825 0.437580
vt 0.637880 0.719460
vt 0.642078 0.717613
vt 0.631152 0.721286
vt 0.986341 0.516552
vt 0.980205 0.517374
vt 0.976363 0.517241
vt 0.108069 0.453679
vt 0.107365 0.451598
vt 0.105928 0.448458
vt 0.104006 0.444861
vt 0.145877 0.433723
vt 0.634250 0.758155
vt 0.640909 0.755506
vt 0.985168 0.556766
vt 0.979047 0.557053
vt 0.975203 0.557003
vt 0.072592 0.474058
vt 0.071405 0.472255
vt 0.069217 0.469545
vt 0.066420 0.466451
vt 0.638280 0.787343
vt 0.644849 0.784043
vt 0.985127 0.599178
vt 0.979007 0.598900
vt 0.975162 0.598938
vt 0.043028 0.503534
vt 0.041437 0.502132
vt 0.038625 0.500046
vt 0.035098 0.497679
vt 0.031365 0.495433
vt 0.063400 0.463492
vt 0.986302 0.641887
vt 0.980166 0.641042
vt 0.976325 0.641167
vt 0.021243 0.541337
vt 0.019357 0.540451
vt 0.016082 0.539165
vt 0.012018 0.537730
vt 0.007758 0.536397
vt 0.988603 0.680164
vt 0.982436 0.678809
vt 0.978599 0.679014
vt 0.009900 0.583535
vt 0.007857 0.583224
vt 0.004344 0.582831
vt 0.000000 0.582437
vt 0.686786 0.151990
vt 0.682043 0.110630
vt 0.692320 0.153384
vt 0.687682 0.112947
vt 0.991746 0.710026
vt 0.985537 0.708273
vt 0.981707 0.708540
vt 0.009900 0.625454
vt 0.007858 0.625714
vt 0.004344 0.626208
vt -0.000000 0.626848
vt 0.689132 0.196048
vt 0.694613 0.196460
vt 0.405761 0.433723
vt 0.405761 0.475323
vt 0.402195 0.475170
vt 0.402195 0.434124
vt 0.960322 0.710161
vt 0.964368 0.687135
vt 0.968197 0.687418
vt 0.964142 0.710492
vt 0.020473 0.665215
vt 0.018576 0.666017
vt 0.015286 0.667352
vt 0.011202 0.668972
vt 0.689137 0.240626
vt 0.694618 0.240044
vt 0.958178 0.688720
vt 0.961526 0.657313
vt 0.967672 0.656146
vt 0.971507 0.656365
vt 0.040849 0.700938
vt 0.039230 0.702227
vt 0.036371 0.704317
vt 0.032790 0.706819
vt 0.686858 0.283545
vt 0.692390 0.282007
vt 0.963937 0.619199
vt 0.970049 0.618540
vt 0.973890 0.618680
vt 0.070258 0.730744
vt 0.069039 0.732440
vt 0.066802 0.735160
vt 0.063947 0.738397
vt 0.682350 0.322627
vt 0.687982 0.320217
vt 0.965223 0.575741
vt 0.971319 0.575660
vt 0.975162 0.575710
vt 0.107928 0.752754
vt 0.107223 0.754748
vt 0.105782 0.757936
vt 0.103856 0.761715
vt 0.101691 0.765491
vt 0.060871 0.741641
vt 0.965209 0.531594
vt 0.971305 0.532100
vt 0.975148 0.532059
vt 0.149940 0.764280
vt 0.149806 0.766433
vt 0.149255 0.769863
vt 0.148365 0.773928
vt 0.147215 0.777981
vt 0.963935 0.491527
vt 0.970048 0.492566
vt 0.973889 0.492442
vt 0.191640 0.764403
vt 0.192075 0.766557
vt 0.192406 0.769990
vt 0.192544 0.774058
vt 0.654964 0.725903
vt 0.651438 0.758159
vt 0.648296 0.723519
vt 0.644849 0.755056
vt 0.961543 0.457078
vt 0.967688 0.458576
vt 0.971524 0.458381
vt 0.231162 0.753891
vt 0.232136 0.755901
vt 0.233303 0.759112
vt 0.234416 0.762920
vt 0.657482 0.687216
vt 0.650758 0.685695
vt 0.958178 0.429784
vt 0.964368 0.431645
vt 0.968197 0.431394
vt 0.266639 0.733512
vt 0.268096 0.735245
vt 0.270014 0.738024
vt 0.652137 0.643574
vt 0.646566 0.684155
vt 0.647913 0.643014
vt 0.658893 0.644134
vt 0.391916 0.905727
vt 0.384853 0.884000
vt 0.398360 0.903776
vt 0.391391 0.882338
vt 0.395100 0.882640
vt 0.402084 0.904124
vt 0.296203 0.704036
vt 0.298064 0.705368
vt 0.300607 0.707523
vt 0.652339 0.599146
vt 0.648110 0.599621
vt 0.659099 0.598693
vt 0.687357 0.503100
vt 0.689866 0.547506
vt 0.718718 0.494791
vt 0.721409 0.542394
vt 0.749457 0.487484
vt 0.752307 0.537904
vt 0.779262 0.481680
vt 0.782238 0.534347
vt 0.807820 0.477879
vt 0.810880 0.532034
vt 0.834820 0.476583
vt 0.837911 0.531276
vt 0.683835 0.468451
vt 0.714943 0.457648
vt 0.745458 0.448143
vt 0.775084 0.440585
vt 0.803525 0.435623
vt 0.830482 0.433907
vt 0.602678 0.499300
vt 0.607041 0.472167
vt 0.571412 0.489266
vt 0.576089 0.460179
vt 0.540760 0.480446
vt 0.545715 0.449637
vt 0.511032 0.473444
vt 0.516205 0.441263
vt 0.482531 0.468869
vt 0.487851 0.435778
vt 0.455567 0.467326
vt 0.460940 0.433907
vt 0.599325 0.535781
vt 0.567818 0.528373
vt 0.536954 0.521867
vt 0.507054 0.516711
vt 0.478441 0.513358
vt 0.451436 0.512257
vt 0.597171 0.580024
vt 0.565509 0.575802
vt 0.534508 0.572102
vt 0.504500 0.569186
vt 0.475815 0.567315
vt 0.448784 0.566750
vt 0.596411 0.630447
vt 0.564694 0.629854
vt 0.533644 0.629353
vt 0.503598 0.628989
vt 0.474887 0.628807
vt 0.447847 0.628853
vt 0.597171 0.681648
vt 0.565509 0.684741
vt 0.534509 0.687488
vt 0.504500 0.689714
vt 0.475815 0.691248
vt 0.448784 0.691915
vt 0.599325 0.728095
vt 0.567818 0.734532
vt 0.536954 0.740224
vt 0.507054 0.744802
vt 0.478441 0.747891
vt 0.451436 0.749121
vt 0.602678 0.768007
vt 0.571412 0.777318
vt 0.540760 0.785542
vt 0.511032 0.792139
vt 0.482531 0.796565
vt 0.455567 0.798279
vt 0.607041 0.799604
vt 0.576089 0.811189
vt 0.545715 0.821419
vt 0.516205 0.829614
vt 0.487851 0.835100
vt 0.460940 0.837196
vt 0.016805 0.487307
vt 0.051487 0.452730
vt 0.002907 0.479677
vt 0.040085 0.442611
vt 0.551594 0.845833
vt 0.581641 0.834240
vt 0.522348 0.855117
vt 0.494167 0.861323
vt 0.510756 0.030912
vt 0.500281 -0.000000
vt 0.526522 0.002044
vt 0.536894 0.032651
vt 0.654339 0.102071
vt 0.647097 0.065277
vt 0.675354 0.076642
vt 0.626744 0.093997
vt 0.618982 0.054554
vt 0.599370 0.086891
vt 0.591148 0.045114
vt 0.572327 0.081238
vt 0.563738 0.037600
vt 0.545725 0.077523
vt 0.519675 0.076229
vt 0.659473 0.146846
vt 0.632248 0.141995
vt 0.605201 0.137729
vt 0.578416 0.134343
vt 0.551987 0.132127
vt 0.525998 0.131375
vt 0.662012 0.194542
vt 0.634970 0.193124
vt 0.608084 0.191884
vt 0.581428 0.190911
vt 0.555083 0.190293
vt 0.529126 0.190119
vt 0.662018 0.242800
vt 0.634976 0.244857
vt 0.608089 0.246678
vt 0.581435 0.248147
vt 0.555089 0.249145
vt 0.529132 0.249556
vt 0.659549 0.289262
vt 0.632330 0.294664
vt 0.605287 0.299434
vt 0.578507 0.303253
vt 0.552080 0.305808
vt 0.526093 0.306782
vt 0.654671 0.331572
vt 0.627100 0.340019
vt 0.599747 0.347472
vt 0.572721 0.353433
vt 0.546130 0.357406
vt 0.520084 0.358892
vt 0.647442 0.367369
vt 0.675673 0.355695
vt 0.619351 0.378394
vt 0.591539 0.388117
vt 0.564148 0.395891
vt 0.537315 0.401061
vt 0.511181 0.402982
vt 0.682760 0.769681
vt 0.677956 0.795434
vt 0.647000 0.781949
vt 0.713791 0.780562
vt 0.708640 0.808170
vt 0.744238 0.790167
vt 0.738783 0.819408
vt 0.773810 0.797853
vt 0.768111 0.828398
vt 0.802214 0.802982
vt 0.796355 0.834389
vt 0.829159 0.804916
vt 0.823241 0.836635
vt 0.686579 0.734761
vt 0.717884 0.743129
vt 0.748573 0.750519
vt 0.778338 0.756437
vt 0.806871 0.760397
vt 0.833861 0.761907
vt 0.689303 0.692880
vt 0.720805 0.698234
vt 0.751668 0.702965
vt 0.781570 0.706765
vt 0.810195 0.709321
vt 0.837218 0.710325
vt 0.690830 0.646242
vt 0.722442 0.648237
vt 0.753401 0.650010
vt 0.783381 0.651450
vt 0.812056 0.652444
vt 0.839099 0.652883
vt 0.691054 0.597049
vt 0.722681 0.595503
vt 0.753655 0.594156
vt 0.783646 0.593106
vt 0.812328 0.592453
vt 0.839374 0.592295
vt 0.858431 0.479374
vt 0.861465 0.533054
vt 0.877373 0.486161
vt 0.880264 0.537309
vt 0.032253 0.242470
vt 0.045841 0.295842
vt 0.029518 0.300620
vt 0.014996 0.243577
vt 0.048686 0.241224
vt 0.061339 0.290925
vt 0.061206 0.240245
vt 0.073140 0.287122
vt 0.066726 0.239940
vt 0.078373 0.285687
vt 0.854173 0.437489
vt 0.015483 0.186957
vt -0.000000 0.244140
vt 0.000512 0.184717
vt 0.032711 0.189493
vt 0.049112 0.191891
vt 0.061608 0.193715
vt 0.067117 0.194531
vt 0.431957 0.470732
vt 0.437231 0.437930
vt 0.029941 0.133294
vt 0.015686 0.128397
vt 0.046236 0.139284
vt 0.061707 0.145135
vt 0.073487 0.149616
vt 0.078712 0.151495
vt 0.427903 0.514830
vt 0.057324 0.085123
vt 0.044424 0.077841
vt 0.071858 0.094214
vt 0.085567 0.103165
vt 0.095991 0.110031
vt 0.100673 0.112863
vt 0.425300 0.568314
vt 0.406636 0.571953
vt 0.409117 0.520993
vt 0.108599 0.056654
vt 0.096593 0.044981
vt 0.119781 0.068190
vt 0.128262 0.077042
vt 0.132166 0.080670
vt 0.424380 0.629267
vt 0.405761 0.630031
vt 0.155487 0.028979
vt 0.146705 0.015402
vt 0.163444 0.042418
vt 0.169443 0.052735
vt 0.984049 0.831482
vt 0.985769 0.784931
vt 0.989400 0.831307
vt 0.991163 0.783607
vt 0.425300 0.691160
vt 0.406636 0.689005
vt 0.207636 0.014568
vt 0.202441 -0.000000
vt 0.212005 0.028998
vt 0.215246 0.040077
vt 0.983718 0.878782
vt 0.989060 0.879775
vt 0.427903 0.747307
vt 0.409117 0.742503
vt 0.259275 0.014569
vt 0.257632 -0.000000
vt 0.260093 0.028999
vt 0.260602 0.040078
vt 0.984769 0.921720
vt 0.990137 0.923773
vt 0.431957 0.795554
vt 0.412980 0.788475
vt 0.308102 0.028002
vt 0.309817 0.014358
vt 0.305561 0.041507
vt 0.303486 0.051876
vt 0.987060 0.958647
vt 0.992486 0.961613
vt 0.437231 0.833751
vt 0.418005 0.824870
vt 0.351811 0.053888
vt 0.356534 0.042024
vt 0.346264 0.065614
vt 0.341877 0.074613
vt 0.340634 0.078298
vt 0.303168 0.056110
vt 0.486605 0.034409
vt 0.476324 0.004070
vt 0.465729 0.043033
vt 0.455933 0.014126
vt 0.388101 0.091249
vt 0.395319 0.081955
vt 0.380057 0.100405
vt 0.373750 0.107427
vt 0.417973 0.077422
vt 0.410117 0.054238
vt 0.424250 0.073978
vt 0.416200 0.050223
vt 0.495359 0.078887
vt 0.474070 0.085413
vt 0.456082 0.093868
vt 0.448278 0.054215
vt 0.441669 0.102311
vt 0.434402 0.065387
vt 0.397082 0.149460
vt 0.404795 0.144970
vt 0.424662 0.111409
vt 0.431104 0.108805
vt 0.501565 0.133012
vt 0.479984 0.136985
vt 0.461615 0.142121
vt 0.446821 0.147246
vt 0.435964 0.151186
vt 0.429405 0.152769
vt 0.504635 0.190668
vt 0.482908 0.191922
vt 0.464351 0.193522
vt 0.449370 0.195111
vt 0.438367 0.196332
vt 0.431750 0.196827
vt 0.504641 0.249005
vt 0.482914 0.247507
vt 0.464357 0.245530
vt 0.449375 0.243542
vt 0.438372 0.242011
vt 0.431755 0.241405
vt 0.501658 0.305171
vt 0.480072 0.301024
vt 0.461698 0.295602
vt 0.446899 0.290170
vt 0.436037 0.285990
vt 0.429476 0.284325
vt 0.495761 0.356316
vt 0.474453 0.349756
vt 0.456441 0.341199
vt 0.442003 0.332630
vt 0.431419 0.326038
vt 0.424969 0.323407
vt 0.487023 0.399589
vt 0.466127 0.390988
vt 0.448650 0.379777
vt 0.302691 0.393476
vt 0.346353 0.367705
vt 0.305019 0.405968
vt 0.351907 0.378293
vt 0.300779 0.383847
vt 0.341961 0.359540
vt 0.418292 0.356474
vt 0.424577 0.359921
vt 0.476324 0.429942
vt 0.500281 0.433907
vt 0.455933 0.419909
vt 0.252871 0.420380
vt 0.306523 0.418321
vt 0.250787 0.433724
vt 0.254129 0.406896
vt 0.254976 0.396505
vt 0.410117 0.379668
vt 0.416200 0.383688
vt 0.857490 0.759415
vt 0.852874 0.801627
vt 0.876476 0.752993
vt 0.872079 0.793213
vt 0.201231 0.420378
vt 0.195596 0.433724
vt 0.206041 0.406896
vt 0.209621 0.396504
vt 0.211564 0.392433
vt 0.255827 0.392433
vt 0.860784 0.708787
vt 0.879616 0.704753
vt 0.152404 0.406946
vt 0.143411 0.419366
vt 0.160573 0.394387
vt 0.166736 0.384706
vt 0.994939 0.207238
vt 0.992882 0.245953
vt 0.987422 0.248596
vt 0.989530 0.208926
vt 0.862630 0.652409
vt 0.881375 0.651034
vt 0.108695 0.381059
vt 0.096694 0.391700
vt 0.119870 0.370281
vt 0.128346 0.361969
vt 0.995837 0.164143
vt 0.990451 0.164767
vt 0.862900 0.592943
vt 0.881631 0.594374
vt 0.072405 0.343699
vt 0.057910 0.351769
vt 0.086077 0.335490
vt 0.096472 0.329155
vt 0.995503 0.118703
vt 0.990108 0.118204
vt 0.101143 0.326707
vt 0.132093 0.264858
vt 0.147610 0.292813
vt 0.103818 0.276489
vt 0.123314 0.311612
vt 0.087890 0.282773
vt 0.109563 0.321818
vt 0.080634 0.285308
vt 0.103219 0.325996
vt 0.998041 0.073472
vt 0.999668 0.118849
vt 0.993862 0.072955
vt 0.168808 0.314637
vt 0.149948 0.339033
vt 0.139171 0.352300
vt 0.134073 0.357760
vt 1.000000 0.163921
vt 0.194340 0.329758
vt 0.182027 0.358031
vt 0.174832 0.373420
vt 0.171234 0.379768
vt 0.999109 0.206667
vt 0.222861 0.337604
vt 0.217862 0.367890
vt 0.214668 0.384380
vt 0.212746 0.391189
vt 0.997068 0.245067
vt 0.253025 0.337604
vt 0.255762 0.367890
vt 0.256800 0.384380
vt 0.256650 0.391190
vt 0.993951 0.277102
vt 0.989739 0.278248
vt 0.283486 0.329186
vt 0.294035 0.357313
vt 0.299347 0.372623
vt 0.300987 0.378938
vt 0.405760 0.378357
vt 0.413870 0.355351
vt 0.310875 0.313021
vt 0.328447 0.337002
vt 0.337601 0.350043
vt 0.340851 0.355408
vt 0.420493 0.322551
vt 0.332336 0.291082
vt 0.355413 0.309436
vt 0.367577 0.319400
vt 0.372088 0.323475
vt 0.424963 0.283785
vt 0.347303 0.264755
vt 0.374218 0.276358
vt 0.388481 0.282628
vt 0.393872 0.285156
vt 0.427223 0.241214
vt 0.355204 0.235426
vt 0.384145 0.239508
vt 0.399517 0.241664
vt 0.405372 0.242469
vt 0.427219 0.196997
vt 0.355470 0.204481
vt 0.384480 0.200627
vt 0.399889 0.198442
vt 0.405761 0.197428
vt 0.424892 0.153296
vt 0.347533 0.173305
vt 0.374508 0.161456
vt 0.388804 0.154897
vt 0.394208 0.152051
vt 0.420188 0.112271
vt 0.332016 0.145351
vt 0.355011 0.126333
vt 0.367130 0.115852
vt 0.371623 0.111363
vt 0.413553 0.078558
vt 0.310819 0.123527
vt 0.328378 0.098912
vt 0.337523 0.085370
vt 0.340770 0.079599
vt 0.405760 0.055563
vt 0.285287 0.108406
vt 0.296298 0.079914
vt 0.301861 0.064250
vt 0.303608 0.057591
vt 0.986251 0.986669
vt 0.982887 0.957638
vt 0.990451 0.987916
vt 0.256766 0.100560
vt 0.260463 0.070055
vt 0.262025 0.053291
vt 0.262096 0.046170
vt 0.980614 0.921010
vt 0.226602 0.100559
vt 0.222563 0.070055
vt 0.219894 0.053290
vt 0.218192 0.046169
vt 0.979572 0.878420
vt 0.196141 0.108977
vt 0.184290 0.080632
vt 0.177347 0.065047
vt 0.173855 0.058422
vt 0.979901 0.831503
vt 0.168752 0.125143
vt 0.149878 0.100943
vt 0.139093 0.087627
vt 0.133991 0.081951
vt 0.981607 0.785329
vt 0.147290 0.147082
vt 0.122912 0.128509
vt 0.109116 0.118271
vt 0.102754 0.113884
vt 0.984466 0.744844
vt 0.988651 0.744115
vt 0.132324 0.173409
vt 0.104108 0.161587
vt 0.088213 0.155042
vt 0.080971 0.152203
vt 0.988269 0.711494
vt 0.992486 0.710492
vt 0.124423 0.202738
vt 0.094180 0.198437
vt 0.077177 0.196007
vt 0.069471 0.194890
vt 0.124156 0.233683
vt 0.093845 0.237318
vt 0.076804 0.239229
vt 0.069082 0.239931
vt 0.991653 0.001108
vt 0.995257 0.032814
vt 0.991056 0.031966
vt 0.987422 0.000000
vt 0.854106 0.384122
vt 0.854513 0.389585
vt 0.843941 0.386328
vt 0.844290 0.391013
vt 0.853596 0.379863
vt 0.843503 0.382678
vt 0.360286 0.732166
vt 0.360873 0.728833
vt 0.370426 0.734758
vt 0.370928 0.731905
vt 0.359806 0.736653
vt 0.370015 0.738599
vt 0.359460 0.742097
vt 0.369719 0.743264
vt 0.359274 0.748306
vt 0.369560 0.748587
vt 0.359274 0.754613
vt 0.369559 0.753994
vt 0.359455 0.760336
vt 0.369714 0.758898
vt 0.359795 0.765258
vt 0.370005 0.763112
vt 0.360274 0.769157
vt 0.370415 0.766449
vt 0.360873 0.771815
vt 0.370928 0.768723
vt 0.855737 0.384396
vt 0.854851 0.379863
vt 0.864217 0.382494
vt 0.864977 0.386382
vt 0.856364 0.389911
vt 0.865514 0.391109
vt 0.856670 0.395786
vt 0.865777 0.396141
vt 0.856663 0.401730
vt 0.865772 0.401229
vt 0.856353 0.407452
vt 0.865506 0.406127
vt 0.855746 0.412662
vt 0.864986 0.410589
vt 0.854851 0.417070
vt 0.864218 0.414367
vt 0.854130 0.416960
vt 0.853596 0.420143
vt 0.843962 0.414458
vt 0.843503 0.417184
vt 0.854523 0.412652
vt 0.844299 0.410769
vt 0.854766 0.407488
vt 0.844507 0.406350
vt 0.854851 0.401742
vt 0.844579 0.401430
vt 0.854769 0.395683
vt 0.844509 0.396241
vt 0.884419 0.125024
vt 0.887269 0.135728
vt 0.868809 0.131234
vt 0.870433 0.137335
vt 0.907928 0.115419
vt 0.912590 0.132930
vt 0.934492 0.104491
vt 0.941192 0.129657
vt 0.959268 0.094312
vt 0.967870 0.126624
vt 0.977413 0.086954
vt 0.987422 0.124548
vt 0.357086 0.602016
vt 0.358731 0.637585
vt 0.348943 0.606784
vt 0.350502 0.640504
vt 0.879113 0.115816
vt 0.865785 0.125987
vt 0.899247 0.100357
vt 0.922017 0.082845
vt 0.943252 0.066520
vt 0.958779 0.054619
vt 0.964427 0.050380
vt 0.984084 0.084488
vt 0.871757 0.108421
vt 0.861593 0.121772
vt 0.887215 0.088259
vt 0.904725 0.065460
vt 0.921050 0.044199
vt 0.932947 0.028649
vt 0.937179 0.022985
vt 0.862760 0.103154
vt 0.856465 0.118770
vt 0.872496 0.079643
vt 0.883573 0.053077
vt 0.893891 0.028300
vt 0.901350 0.010151
vt 0.903848 0.003473
vt 0.852527 0.100330
vt 0.850633 0.117161
vt 0.855757 0.075023
vt 0.859517 0.046438
vt 0.863005 0.019774
vt 0.865415 0.000233
vt 0.339031 0.637436
vt 0.340755 0.602016
vt 0.348943 0.606367
vt 0.347308 0.639945
vt 0.841467 0.100264
vt 0.844330 0.117123
vt 0.837664 0.074914
vt 0.833516 0.046282
vt 0.829620 0.019575
vt 0.826572 -0.000000
vt 0.338422 0.677803
vt 0.346731 0.678213
vt 0.830780 0.103050
vt 0.838239 0.118711
vt 0.820181 0.079472
vt 0.808392 0.052832
vt 0.797362 0.027984
vt 0.789042 0.009785
vt 0.339031 0.718793
vt 0.347308 0.717072
vt 0.821605 0.108301
vt 0.833010 0.121704
vt 0.805172 0.088063
vt 0.786822 0.065178
vt 0.769668 0.043836
vt 0.756820 0.028227
vt 0.340755 0.755977
vt 0.348943 0.752323
vt 0.814255 0.115613
vt 0.828821 0.125871
vt 0.793148 0.100024
vt 0.769542 0.082367
vt 0.747481 0.065906
vt 0.731007 0.053905
vt 0.724163 0.049627
vt 0.751392 0.022540
vt 0.809042 0.124580
vt 0.825850 0.130981
vt 0.784620 0.114693
vt 0.757287 0.103448
vt 0.731746 0.092973
vt 0.712700 0.085395
vt 0.704852 0.082844
vt 0.806279 0.134796
vt 0.824276 0.136804
vt 0.780101 0.131406
vt 0.750792 0.127466
vt 0.723407 0.123811
vt 0.702998 0.121275
vt 0.694618 0.120691
vt 0.806280 0.145857
vt 0.824276 0.143108
vt 0.780101 0.149500
vt 0.750793 0.153470
vt 0.723408 0.157198
vt 0.702998 0.160120
vt 0.694619 0.161667
vt 0.809130 0.156562
vt 0.825900 0.149209
vt 0.784763 0.167012
vt 0.757493 0.178636
vt 0.732010 0.189510
vt 0.713008 0.197713
vt 0.705176 0.201322
vt 0.814436 0.165770
vt 0.828924 0.154456
vt 0.793444 0.182074
vt 0.769967 0.200281
vt 0.748026 0.217302
vt 0.731642 0.230049
vt 0.724833 0.235431
vt 0.821791 0.173165
vt 0.833116 0.158671
vt 0.805476 0.194172
vt 0.787259 0.217666
vt 0.770229 0.239624
vt 0.757473 0.256019
vt 0.752081 0.262825
vt 0.830789 0.178432
vt 0.838244 0.161673
vt 0.820195 0.202788
vt 0.808411 0.230049
vt 0.797387 0.255523
vt 0.789071 0.274517
vt 0.785412 0.282338
vt 0.841021 0.181256
vt 0.844076 0.163282
vt 0.836934 0.207408
vt 0.832467 0.236689
vt 0.828273 0.264048
vt 0.825006 0.284435
vt 0.823318 0.292801
vt 0.852081 0.181322
vt 0.850379 0.163320
vt 0.855027 0.207517
vt 0.858469 0.236844
vt 0.861658 0.264248
vt 0.863848 0.284668
vt 0.864290 0.293045
vt 0.862768 0.178536
vt 0.856470 0.161732
vt 0.872510 0.202959
vt 0.883593 0.230295
vt 0.893916 0.255838
vt 0.901379 0.274883
vt 0.903879 0.282725
vt 0.871943 0.173285
vt 0.861699 0.158739
vt 0.887519 0.194368
vt 0.905162 0.217949
vt 0.921610 0.239986
vt 0.933600 0.256441
vt 0.937868 0.263270
vt 0.879293 0.165973
vt 0.865888 0.154572
vt 0.899543 0.182407
vt 0.922442 0.200759
vt 0.943797 0.217916
vt 0.959413 0.230762
vt 0.965097 0.236184
vt 0.884506 0.157006
vt 0.868859 0.149462
vt 0.908071 0.167738
vt 0.934697 0.179679
vt 0.959532 0.190850
vt 0.977720 0.199272
vt 0.358692 0.716633
vt 0.357086 0.753956
vt 0.348943 0.750825
vt 0.350465 0.715442
vt 0.887269 0.146789
vt 0.870433 0.143639
vt 0.912590 0.151025
vt 0.941192 0.155661
vt 0.967871 0.160011
vt 0.987422 0.163393
vt 0.359274 0.677255
vt 0.351017 0.678112
vt 0.905600 0.389250
vt 0.906224 0.426428
vt 0.890879 0.389240
vt 0.891521 0.427554
vt 0.905168 0.357972
vt 0.890439 0.357074
vt 0.890300 0.331198
vt 0.905020 0.332770
vt 0.890563 0.311753
vt 0.905250 0.313818
vt 0.891325 0.298880
vt 0.905950 0.301291
vt 0.934680 0.841114
vt 0.947140 0.842013
vt 0.931593 0.852230
vt 0.944195 0.852333
vt 0.881594 0.389408
vt 0.882283 0.430563
vt 0.881136 0.355023
vt 0.881021 0.327464
vt 0.881366 0.306785
vt 0.882283 0.293045
vt 0.024054 0.877713
vt 0.029547 0.880243
vt 0.024460 0.892171
vt 0.030291 0.892683
vt 0.110629 0.935179
vt 0.150983 0.946322
vt 0.108364 0.940698
vt 0.152331 0.952855
vt 0.077337 0.925012
vt 0.072329 0.929573
vt 0.051567 0.915001
vt 0.044658 0.918472
vt 0.025788 0.906386
vt 0.033786 0.904327
vt 0.016152 0.892307
vt 0.016186 0.875226
vt 0.105597 0.946769
vt 0.153177 0.959941
vt 0.066817 0.934687
vt 0.037246 0.922496
vt 0.017285 0.908998
vt 0.007339 0.892996
vt 0.007814 0.873292
vt 0.931593 0.829724
vt 0.931550 0.879009
vt 0.923179 0.829457
vt 0.923134 0.881625
vt 0.931542 0.789098
vt 0.923120 0.786595
vt 0.931312 0.757106
vt 0.922864 0.752940
vt 0.922317 0.728396
vt 0.930820 0.733720
vt 0.000000 0.894142
vt 0.010184 0.911624
vt 0.000811 0.872420
vt 0.908748 0.829402
vt 0.908703 0.882723
vt 0.908686 0.785644
vt 0.908419 0.751324
vt 0.907851 0.726316
vt 0.906885 0.710492
vt 0.921387 0.712862
vt 0.270945 0.913537
vt 0.280557 0.909637
vt 0.271751 0.934632
vt 0.281269 0.929945
vt 0.894015 0.881759
vt 0.894060 0.829591
vt 0.894001 0.786729
vt 0.893745 0.753074
vt 0.893198 0.728530
vt 0.892268 0.712997
vt 0.258135 0.917165
vt 0.258847 0.937473
vt 0.884959 0.879224
vt 0.885002 0.829940
vt 0.884951 0.789313
vt 0.884722 0.757321
vt 0.884229 0.733936
vt 0.883389 0.719130
vt 0.247410 0.919083
vt 0.247888 0.937426
vt 0.881631 0.875890
vt 0.881672 0.830352
vt 0.881631 0.792636
vt 0.404990 0.510773
vt 0.402195 0.481071
vt 0.404990 0.475323
vt 0.743468 0.399768
vt 0.748038 0.418233
vt 0.743468 0.424521
vt 0.234074 0.945235
vt 0.241638 0.949163
vt 0.222056 0.950626
vt 0.228932 0.955524
vt 0.240142 0.935180
vt 0.239970 0.919395
vt 0.156064 0.942748
vt 0.181893 0.944797
vt 0.181319 0.951672
vt 0.153177 0.949454
vt 0.203195 0.945588
vt 0.204374 0.952417
vt 0.219664 0.944224
vt 0.230995 0.939803
vt 0.968507 0.858542
vt 0.973834 0.862651
vt 0.967527 0.871664
vt 0.962740 0.865916
vt 0.971948 0.845436
vt 0.977735 0.846959
vt 0.920489 0.427758
vt 0.919847 0.389444
vt 0.927943 0.389734
vt 0.928631 0.430889
vt 0.919407 0.357278
vt 0.927485 0.355350
vt 0.919268 0.331402
vt 0.927370 0.327790
vt 0.919531 0.311957
vt 0.927714 0.307111
vt 0.920293 0.299084
vt 0.928631 0.293372
vt 0.961511 0.843690
vt 0.958424 0.854806
vt 0.936104 0.825163
vt 0.948493 0.826864
vt 0.936267 0.805949
vt 0.948697 0.808211
vt 0.934864 0.784765
vt 0.947432 0.787438
vt 0.931593 0.762904
vt 0.944377 0.765935
vt 0.834765 0.403148
vt 0.820378 0.404121
vt 0.820833 0.384921
vt 0.835206 0.383125
vt 0.834737 0.429050
vt 0.820339 0.429053
vt 0.030888 0.861165
vt 0.035616 0.865547
vt 0.042965 0.844046
vt 0.046613 0.849474
vt 0.060273 0.827497
vt 0.062495 0.833414
vt 0.082801 0.812662
vt 0.083214 0.818755
vt 0.843096 0.401945
vt 0.843503 0.379863
vt 0.843096 0.430269
vt 0.024013 0.856272
vt 0.037491 0.837790
vt 0.056655 0.820607
vt 0.081534 0.805542
vt 0.112164 0.793421
vt 0.110538 0.800683
vt 0.148576 0.785065
vt 0.143473 0.792701
vt 0.016635 0.851930
vt 0.031515 0.832088
vt 0.052533 0.814268
vt 0.079764 0.798975
vt 0.113286 0.786712
vt 0.153177 0.777981
vt 0.010398 0.849207
vt 0.026356 0.828318
vt 0.048801 0.810009
vt 0.845316 0.856122
vt 0.835762 0.858311
vt 0.834863 0.840374
vt 0.844495 0.836635
vt 0.845231 0.882942
vt 0.835791 0.883181
vt 0.844192 0.917307
vt 0.834863 0.915268
vt 0.264379 0.888390
vt 0.274194 0.885267
vt 0.253661 0.863698
vt 0.263757 0.861095
vt 0.238712 0.839572
vt 0.249176 0.837323
vt 0.491425 0.897835
vt 0.483481 0.890077
vt 0.491425 0.861323
vt 0.716844 0.399768
vt 0.728569 0.408756
vt 0.716844 0.425107
vt 0.859927 0.884234
vt 0.860058 0.856633
vt 0.858845 0.919510
vt 0.251772 0.892795
vt 0.241336 0.868623
vt 0.226754 0.844851
vt 0.207960 0.821685
vt 0.219453 0.816119
vt 0.184883 0.799327
vt 0.195804 0.793449
vt 0.872930 0.920958
vt 0.873969 0.886593
vt 0.241554 0.896658
vt 0.231820 0.873782
vt 0.218160 0.850899
vt 0.200529 0.828447
vt 0.178884 0.806871
vt 0.153177 0.786610
vt 0.157455 0.777981
vt 0.234775 0.899496
vt 0.225952 0.878306
vt 0.213489 0.856577
vt 0.197372 0.835056
vt 0.177586 0.814495
vt 0.154117 0.795643
vt 0.973551 0.827474
vt 0.979572 0.826386
vt 0.973608 0.806862
vt 0.979492 0.803954
vt 0.971862 0.784650
vt 0.977297 0.780408
vt 0.968052 0.761895
vt 0.972788 0.756487
vt 0.961922 0.739646
vt 0.965766 0.732935
vt 0.953214 0.718958
vt 0.956031 0.710492
vt 0.962935 0.827738
vt 0.963098 0.808524
vt 0.961695 0.787340
vt 0.958424 0.765480
vt 0.952981 0.744235
vt 0.805646 0.430342
vt 0.796550 0.432336
vt 0.796550 0.404012
vt 0.805674 0.404440
vt 0.939209 0.745091
vt 0.849477 0.294247
vt 0.881021 0.293045
vt 0.880577 0.336988
vt 0.850407 0.336484
vt 0.878368 0.363847
vt 0.851779 0.362437
vt 0.875342 0.379863
vt 0.853438 0.377950
vt 0.387627 0.526782
vt 0.402084 0.517298
vt 0.398512 0.543664
vt 0.387565 0.550436
vt 0.394540 0.568923
vt 0.386595 0.573593
vt 0.813416 0.941388
vt 0.799962 0.937520
vt 0.812637 0.922073
vt 0.800665 0.916607
vt 0.896364 0.466843
vt 0.922721 0.507414
vt 0.881631 0.480280
vt 0.907299 0.515972
vt 0.926946 0.541457
vt 0.912966 0.546155
vt 0.917498 0.571431
vt 0.905934 0.572873
vt 0.902837 0.599791
vt 0.893501 0.598170
vt 0.882967 0.624087
vt 0.891423 0.628993
vt 0.881631 0.652669
vt 0.891716 0.661493
vt 0.913250 0.450119
vt 0.940608 0.496996
vt 0.943217 0.535973
vt 0.930969 0.570067
vt 0.913750 0.602299
vt 0.901453 0.635685
vt 0.903966 0.673245
vt 0.928573 0.433907
vt 0.957003 0.487070
vt 0.958178 0.530919
vt 0.943361 0.569058
vt 0.923820 0.605084
vt 0.910820 0.642595
vt 0.915625 0.685192
vt 0.694618 0.296479
vt 0.715942 0.293557
vt 0.714692 0.358067
vt 0.694618 0.356566
vt 0.696690 0.393773
vt 0.714123 0.397661
vt 0.371435 0.884935
vt 0.365360 0.901725
vt 0.355896 0.853842
vt 0.350872 0.866000
vt 0.337678 0.821474
vt 0.930624 0.607534
vt 0.951693 0.568676
vt 0.917284 0.648153
vt 0.483481 0.933494
vt 0.474953 0.924974
vt 0.483481 0.895474
vt 0.475918 0.882763
vt 0.748680 0.293045
vt 0.745816 0.359293
vt 0.741406 0.399768
vt 0.346226 0.917291
vt 0.335136 0.878135
vt 0.333819 0.829243
vt 0.321527 0.838045
vt 0.322028 0.795163
vt 0.312567 0.801336
vt 0.461253 0.921577
vt 0.463719 0.877688
vt 0.779649 0.295285
vt 0.775468 0.359715
vt 0.767570 0.399111
vt 0.321400 0.925014
vt 0.314749 0.885137
vt 0.305532 0.844229
vt 0.299769 0.806955
vt 0.447879 0.925002
vt 0.451777 0.882788
vt 0.796550 0.299244
vt 0.791860 0.359204
vt 0.319468 0.959193
vt 0.296557 0.954026
vt 0.301099 0.922198
vt 0.298099 0.884462
vt 0.292418 0.845452
vt 0.288919 0.809801
vt 0.292463 0.782139
vt 0.303477 0.777981
vt 0.343486 0.448443
vt 0.373607 0.433723
vt 0.373754 0.457765
vt 0.346231 0.468922
vt 0.281269 0.939629
vt 0.287456 0.911782
vt 0.286930 0.878035
vt 0.283572 0.842697
vt 0.281269 0.810080
vt 0.283903 0.784495
vt 0.383607 0.478049
vt 0.358233 0.485818
vt 0.338422 0.490398
vt 0.350325 0.503182
vt 0.352927 0.526618
vt 0.342210 0.518137
vt 0.359084 0.552600
vt 0.349477 0.548088
vt 0.361842 0.577603
vt 0.352107 0.576195
vt 0.354244 0.598102
vt 0.341980 0.598404
vt 0.800182 0.341115
vt 0.796550 0.293045
vt 0.816969 0.294223
vt 0.819472 0.338112
vt 0.807813 0.369895
vt 0.824632 0.364835
vt 0.368562 0.509500
vt 0.368633 0.530251
vt 0.372318 0.553807
vt 0.373928 0.576904
vt 0.367778 0.596282
vt 0.391326 0.506036
vt 0.827168 0.938192
vt 0.824924 0.917207
vt 0.812579 0.916045
vt 0.800977 0.910245
vt 0.812593 0.910793
vt 0.801925 0.905027
vt 0.812662 0.906961
vt 0.803257 0.901515
vt 0.804720 0.900274
vt 0.812764 0.905196
vt 0.730817 0.409883
vt 0.731312 0.417868
vt 0.729196 0.417706
vt 0.728569 0.408343
vt 0.740077 0.400972
vt 0.743468 0.406924
vt 0.738831 0.406586
vt 0.734774 0.399768
vt 0.883299 0.659594
vt 0.893816 0.669159
vt 0.794334 0.896299
vt 0.795896 0.891124
vt 0.798135 0.888356
vt 0.800719 0.888368
vt 0.730971 0.403088
vt 0.728569 0.399768
vt 0.734774 0.407331
vt 0.734303 0.412273
vt 0.906656 0.681868
vt 0.895506 0.674467
vt 0.908127 0.687297
vt 0.794334 0.873205
vt 0.797004 0.871387
vt 0.800231 0.873006
vt 0.803714 0.878183
vt 0.803317 0.891526
vt 0.807150 0.887039
vt 0.805596 0.898203
vt 0.918922 0.694763
vt 0.920223 0.700300
vt 0.797067 0.855392
vt 0.799574 0.854509
vt 0.802727 0.857718
vt 0.806323 0.864894
vt 0.810160 0.875912
vt 0.483173 0.885680
vt 0.475835 0.872103
vt 0.927719 0.704894
vt 0.928948 0.710492
vt 0.803922 0.841807
vt 0.805550 0.841624
vt 0.807675 0.846033
vt 0.810215 0.854718
vt 0.813091 0.867368
vt 0.464023 0.866682
vt 0.474981 0.866742
vt 0.464267 0.861323
vt 0.404756 0.534307
vt 0.405241 0.542061
vt 0.403569 0.535785
vt 0.403984 0.542073
vt 0.814545 0.841479
vt 0.814643 0.836635
vt 0.814460 0.850714
vt 0.814409 0.863954
vt 0.452438 0.872127
vt 0.453567 0.866764
vt 0.404756 0.554231
vt 0.403569 0.553052
vt 0.822949 0.846410
vt 0.824199 0.842085
vt 0.821980 0.855009
vt 0.821582 0.867577
vt 0.444856 0.895514
vt 0.445729 0.885718
vt 0.404988 0.513229
vt 0.405241 0.525116
vt 0.402543 0.522133
vt 0.402195 0.510773
vt 0.825441 0.842338
vt 0.831569 0.856244
vt 0.829655 0.855252
vt 0.827740 0.858336
vt 0.826269 0.865387
vt 0.825686 0.876295
vt 0.285772 0.779840
vt 0.732804 0.423730
vt 0.732804 0.433037
vt 0.728569 0.429186
vt 0.404701 0.534307
vt 0.402195 0.531118
vt 0.833229 0.874166
vt 0.831118 0.872230
vt 0.829019 0.873717
vt 0.870615 0.400223
vt 0.870155 0.386796
vt 0.873104 0.395292
vt 0.872703 0.379863
vt 0.866520 0.408832
vt 0.865777 0.397548
vt 0.351254 0.601516
vt 0.338422 0.602016
vt 0.834863 0.879382
vt 0.831980 0.897229
vt 0.830541 0.891980
vt 0.828701 0.889111
vt 0.826883 0.889014
vt 0.870716 0.413491
vt 0.873104 0.410542
vt 0.866921 0.419963
vt 0.832596 0.904470
vt 0.824511 0.910826
vt 0.823623 0.905563
vt 0.822512 0.901991
vt 0.821432 0.900686
vt 0.870396 0.423517
vt 0.872658 0.422072
vt 0.866849 0.428353
vt 0.732235 0.423301
vt 0.730195 0.423730
vt 0.740077 0.414249
vt 0.734774 0.414269
vt 0.719511 0.882392
vt 0.687625 0.878058
vt 0.719466 0.873567
vt 0.717237 0.865424
vt 0.713070 0.858279
vt 0.707209 0.852447
vt 0.699897 0.848246
vt 0.691380 0.845990
vt 0.682582 0.845989
vt 0.674475 0.848182
vt 0.667372 0.852325
vt 0.661589 0.858173
vt 0.657438 0.865485
vt 0.655233 0.874017
vt 0.655278 0.882841
vt 0.657507 0.890984
vt 0.661674 0.898130
vt 0.667535 0.903961
vt 0.674847 0.908163
vt 0.683364 0.910419
vt 0.692162 0.910419
vt 0.700269 0.908226
vt 0.707372 0.904084
vt 0.713155 0.898235
vt 0.717306 0.890923
vt 0.728502 0.872551
vt 0.728561 0.884043
vt 0.368856 0.671842
vt 0.369512 0.680750
vt 0.360007 0.679160
vt 0.359274 0.669209
vt 0.749509 0.884348
vt 0.753145 0.890881
vt 0.742577 0.897292
vt 0.737586 0.888331
vt 0.759081 0.881312
vt 0.761703 0.886028
vt 0.725599 0.861946
vt 0.735144 0.878798
vt 0.731290 0.890155
vt 0.728561 0.879508
vt 0.747729 0.877394
vt 0.757798 0.876287
vt 0.720172 0.852641
vt 0.735188 0.869154
vt 0.728610 0.868739
vt 0.747763 0.870359
vt 0.757824 0.871200
vt 0.712539 0.845046
vt 0.360130 0.612560
vt 0.360906 0.605275
vt 0.369635 0.610152
vt 0.370501 0.602016
vt 0.749563 0.863579
vt 0.737657 0.859861
vt 0.759125 0.866297
vt 0.703017 0.839574
vt 0.359573 0.621418
vt 0.369012 0.620044
vt 0.753086 0.857394
vt 0.742491 0.851382
vt 0.761667 0.861826
vt 0.691925 0.836635
vt 0.359274 0.631537
vt 0.368679 0.631348
vt 0.758287 0.852142
vt 0.749627 0.844178
vt 0.705910 0.407189
vt 0.706229 0.401873
vt 0.716403 0.407134
vt 0.716844 0.399768
vt 0.680467 0.836635
vt 0.359277 0.641815
vt 0.368682 0.642829
vt 0.764631 0.848439
vt 0.758329 0.839097
vt 0.705748 0.412593
vt 0.716178 0.414624
vt 0.669909 0.839491
vt 0.359571 0.651124
vt 0.369010 0.653226
vt 0.771394 0.846646
vt 0.767601 0.836636
vt 0.705755 0.417500
vt 0.716187 0.421415
vt 0.660660 0.844887
vt 0.360125 0.659114
vt 0.369629 0.662149
vt 0.778245 0.846715
vt 0.776992 0.836728
vt 0.705920 0.421720
vt 0.716414 0.427253
vt 0.653127 0.852504
vt 0.360906 0.665437
vt 0.370501 0.669209
vt 0.784856 0.848597
vt 0.786053 0.839310
vt 0.706230 0.425068
vt 0.716844 0.431882
vt 0.647721 0.862026
vt 0.431205 0.870497
vt 0.429504 0.865459
vt 0.441506 0.866950
vt 0.439607 0.861323
vt 0.790896 0.852245
vt 0.794334 0.844315
vt 0.406658 0.884805
vt 0.405761 0.882155
vt 0.418775 0.878679
vt 0.417535 0.875007
vt 0.644849 0.873136
vt 0.432657 0.877889
vt 0.443128 0.875208
vt 0.419834 0.884066
vt 0.407422 0.888692
vt 0.644909 0.884628
vt 0.433690 0.886871
vt 0.444282 0.885240
vt 0.420586 0.890615
vt 0.407965 0.893419
vt 0.647811 0.895232
vt 0.434201 0.896416
vt 0.444853 0.895900
vt 0.420959 0.897576
vt 0.408233 0.898450
vt 0.653238 0.904538
vt 0.434204 0.906061
vt 0.444856 0.906671
vt 0.420961 0.904613
vt 0.408234 0.903538
vt 0.660872 0.912133
vt 0.433709 0.915346
vt 0.444304 0.917040
vt 0.420600 0.911387
vt 0.407974 0.908437
vt 0.670394 0.917605
vt 0.432730 0.923808
vt 0.443210 0.926490
vt 0.419886 0.917560
vt 0.407458 0.912899
vt 0.681485 0.920543
vt 0.431278 0.930986
vt 0.441588 0.934507
vt 0.418828 0.922793
vt 0.406695 0.916678
vt 0.692943 0.920543
vt 0.429502 0.936035
vt 0.439605 0.940147
vt 0.784550 0.900054
vt 0.790894 0.896351
vt 0.794334 0.904793
vt 0.785632 0.909874
vt 0.405761 0.919331
vt 0.417534 0.926472
vt 0.703501 0.917687
vt 0.369501 0.718236
vt 0.368856 0.725228
vt 0.359274 0.728833
vt 0.359995 0.721025
vt 0.777788 0.901847
vt 0.776360 0.912335
vt 0.705598 0.422191
vt 0.705312 0.425884
vt 0.694618 0.432213
vt 0.695013 0.427106
vt 0.712751 0.912292
vt 0.369903 0.709861
vt 0.360444 0.711672
vt 0.770936 0.901778
vt 0.766969 0.912242
vt 0.705744 0.417769
vt 0.695216 0.420991
vt 0.720283 0.904675
vt 0.370048 0.700533
vt 0.360605 0.701256
vt 0.764326 0.899896
vt 0.757908 0.909661
vt 0.705748 0.412849
vt 0.695221 0.414186
vt 0.725690 0.895153
vt 0.369921 0.690686
vt 0.360465 0.690258
vt 0.758285 0.896247
vt 0.749627 0.904656
vt 0.705606 0.407661
vt 0.695023 0.407006
vt 0.705313 0.402437
vt 0.694618 0.399768
s 1
f 1/1/1 2/2/2 3/3/3
f 3/3/3 2/2/2 4/4/4
f 4/4/4 2/2/2 5/5/5
f 5/5/5 2/2/2 6/6/6
f 6/6/6 2/2/2 7/7/7
f 7/7/7 2/2/2 8/8/8
f 8/8/8 2/2/2 9/9/9
f 9/9/9 2/2/2 10/10/10
f 10/10/10 2/2/2 11/11/11
f 11/11/11 2/2/2 12/12/12
f 12/12/12 2/2/2 13/13/13
f 13/13/13 2/2/2 14/14/14
f 14/14/14 2/2/2 15/15/15
f 15/15/15 2/2/2 16/16/16
f 16/16/16 2/2/2 17/17/17
f 17/17/17 2/2/2 18/18/18
f 18/18/18 2/2/2 19/19/19
f 19/19/19 2/2/2 20/20/20
f 20/20/20 2/2/2 21/21/21
f 21/21/21 2/2/2 22/22/22
f 22/22/22 2/2/2 23/23/23
f 23/23/23 2/2/2 24/24/24
f 24/24/24 2/2/2 25/25/25
f 2/2/2 1/1/1 25/25/25
f 26/26/26 27/27/27 28/28/28
f 28/28/28 29/29/29 26/26/26
f 29/29/29 28/28/28 30/30/30
f 31/31/31 30/30/30 28/28/28
f 30/32/30 31/33/31 32/34/32
f 33/35/33 32/34/32 31/33/31
f 34/36/34 35/37/35 33/35/33
f 32/34/32 33/35/33 35/37/35
f 36/38/36 37/39/37 34/40/34
f 35/41/35 34/40/34 37/39/37
f 38/42/38 39/43/39 36/38/36
f 37/39/37 36/38/36 39/43/39
f 27/27/27 40/44/40 41/45/41
f 41/45/41 28/28/28 27/27/27
f 28/28/28 41/45/41 31/31/31
f 42/46/42 31/31/31 41/45/41
f 31/33/31 42/47/42 33/35/33
f 43/48/43 33/35/33 42/47/42
f 44/49/44 34/36/34 43/48/43
f 33/35/33 43/48/43 34/36/34
f 45/50/45 36/51/36 44/49/44
f 34/36/34 44/49/44 36/51/36
f 46/52/46 38/42/38 45/53/45
f 36/38/36 45/53/45 38/42/38
f 40/44/40 47/54/47 48/55/48
f 48/55/48 41/45/41 40/44/40
f 41/45/41 48/55/48 42/46/42
f 49/56/49 42/46/42 48/55/48
f 42/47/42 49/57/49 43/48/43
f 50/58/50 43/48/43 49/57/49
f 51/59/51 44/49/44 50/58/50
f 43/48/43 50/58/50 44/49/44
f 52/60/52 45/50/45 51/59/51
f 44/49/44 51/59/51 45/50/45
f 53/61/53 46/62/46 52/63/52
f 45/64/45 52/63/52 46/62/46
f 47/54/47 54/65/54 48/55/48
f 55/66/55 48/55/48 54/65/54
f 48/55/48 55/66/55 49/56/49
f 56/67/56 49/56/49 55/66/55
f 49/57/49 56/68/56 57/69/57
f 57/69/57 50/58/50 49/57/49
f 58/70/58 51/59/51 50/58/50
f 50/58/50 57/69/57 58/70/58
f 59/71/59 52/60/52 51/59/51
f 51/59/51 58/70/58 59/71/59
f 60/72/60 53/61/53 52/63/52
f 52/63/52 59/73/59 60/72/60
f 54/65/54 61/74/61 55/66/55
f 62/75/62 55/66/55 61/74/61
f 55/66/55 62/75/62 63/76/63
f 63/76/63 56/67/56 55/66/55
f 56/68/56 63/77/63 64/78/64
f 64/78/64 57/69/57 56/68/56
f 65/79/65 58/70/58 57/69/57
f 57/69/57 64/78/64 65/79/65
f 66/80/66 59/73/59 58/81/58
f 58/81/58 65/82/65 66/80/66
f 67/83/67 60/72/60 59/73/59
f 59/73/59 66/80/66 67/83/67
f 61/74/61 68/84/68 62/75/62
f 69/85/69 62/75/62 68/84/68
f 62/75/62 69/85/69 70/86/70
f 70/86/70 63/76/63 62/75/62
f 63/77/63 70/87/70 71/88/71
f 71/88/71 64/78/64 63/77/63
f 72/89/72 65/79/65 64/78/64
f 64/78/64 71/88/71 72/89/72
f 73/90/73 66/80/66 65/82/65
f 65/82/65 72/91/72 73/90/73
f 74/92/74 67/83/67 66/80/66
f 66/80/66 73/90/73 74/92/74
f 68/84/68 75/93/75 76/94/76
f 76/94/76 69/85/69 68/84/68
f 69/95/69 76/96/76 70/97/70
f 77/98/77 70/97/70 76/96/76
f 70/87/70 77/99/77 71/88/71
f 78/100/78 71/88/71 77/99/77
f 79/101/79 72/89/72 78/100/78
f 71/88/71 78/100/78 72/89/72
f 80/102/80 73/90/73 79/103/79
f 72/91/72 79/103/79 73/90/73
f 81/104/81 74/92/74 80/102/80
f 73/90/73 80/102/80 74/92/74
f 75/105/75 82/106/82 83/107/83
f 83/107/83 76/96/76 75/105/75
f 76/96/76 83/107/83 77/98/77
f 84/108/84 77/98/77 83/107/83
f 77/99/77 84/109/84 78/100/78
f 85/110/85 78/100/78 84/109/84
f 86/111/86 79/101/79 85/110/85
f 78/100/78 85/110/85 79/101/79
f 87/112/87 80/102/80 86/113/86
f 79/103/79 86/113/86 80/102/80
f 88/114/88 81/104/81 87/112/87
f 80/102/80 87/112/87 81/104/81
f 82/106/82 89/115/89 90/116/90
f 90/116/90 83/107/83 82/106/82
f 83/107/83 90/116/90 91/117/91
f 91/117/91 84/108/84 83/107/83
f 84/109/84 91/118/91 85/110/85
f 92/119/92 85/110/85 91/118/91
f 93/120/93 86/111/86 92/119/92
f 85/110/85 92/119/92 86/111/86
f 94/121/94 87/122/87 93/120/93
f 86/111/86 93/120/93 87/122/87
f 95/123/95 88/114/88 94/124/94
f 87/112/87 94/124/94 88/114/88
f 89/115/89 96/125/96 90/116/90
f 97/126/97 90/116/90 96/125/96
f 90/116/90 97/126/97 98/127/98
f 98/127/98 91/117/91 90/116/90
f 91/118/91 98/128/98 99/129/99
f 99/129/99 92/119/92 91/118/91
f 100/130/100 93/120/93 92/119/92
f 92/119/92 99/129/99 100/130/100
f 101/131/101 94/121/94 93/120/93
f 93/120/93 100/130/100 101/131/101
f 102/132/102 95/123/95 94/124/94
f 94/124/94 101/133/101 102/132/102
f 96/125/96 103/134/103 97/126/97
f 104/135/104 97/126/97 103/134/103
f 97/126/97 104/135/104 105/136/105
f 105/136/105 98/127/98 97/126/97
f 98/128/98 105/137/105 106/138/106
f 106/138/106 99/129/99 98/128/98
f 107/139/107 100/130/100 99/129/99
f 99/129/99 106/138/106 107/139/107
f 108/140/108 101/131/101 100/130/100
f 100/130/100 107/139/107 108/140/108
f 109/141/109 102/142/102 101/131/101
f 101/131/101 108/140/108 109/141/109
f 103/134/103 110/143/110 104/135/104
f 111/144/111 104/135/104 110/143/110
f 104/135/104 111/144/111 112/145/112
f 112/145/112 105/136/105 104/135/104
f 105/137/105 112/146/112 113/147/113
f 113/147/113 106/138/106 105/137/105
f 114/148/114 107/139/107 106/138/106
f 106/138/106 113/147/113 114/148/114
f 115/149/115 108/140/108 107/139/107
f 107/139/107 114/148/114 115/149/115
f 116/150/116 109/141/109 108/140/108
f 108/140/108 115/149/115 116/150/116
f 110/143/110 117/151/117 118/152/118
f 118/152/118 111/144/111 110/143/110
f 111/144/111 118/152/118 119/153/119
f 119/153/119 112/145/112 111/144/111
f 112/146/112 119/154/119 113/147/113
f 120/155/120 113/147/113 119/154/119
f 121/156/121 114/148/114 120/155/120
f 113/147/113 120/155/120 114/148/114
f 122/157/122 115/149/115 121/156/121
f 114/148/114 121/156/121 115/149/115
f 123/158/123 116/159/116 122/160/122
f 115/161/115 122/160/122 116/159/116
f 117/151/117 124/162/124 125/163/125
f 125/163/125 118/152/118 117/151/117
f 118/152/118 125/163/125 119/153/119
f 126/164/126 119/153/119 125/163/125
f 119/154/119 126/165/126 120/155/120
f 127/166/127 120/155/120 126/165/126
f 128/167/128 121/156/121 127/166/127
f 120/155/120 127/166/127 121/156/121
f 129/168/129 122/157/122 128/167/128
f 121/156/121 128/167/128 122/157/122
f 130/169/130 123/158/123 129/170/129
f 122/160/122 129/170/129 123/158/123
f 124/171/124 131/172/131 132/173/132
f 132/173/132 125/174/125 124/171/124
f 125/175/125 132/176/132 133/177/133
f 133/177/133 126/178/126 125/175/125
f 126/165/126 133/179/133 127/166/127
f 134/180/134 127/166/127 133/179/133
f 135/181/135 128/167/128 134/180/134
f 127/166/127 134/180/134 128/167/128
f 136/182/136 129/168/129 135/181/135
f 128/167/128 135/181/135 129/168/129
f 137/183/137 130/169/130 136/184/136
f 129/170/129 136/184/136 130/169/130
f 131/185/131 138/186/138 132/176/132
f 139/187/139 132/176/132 138/186/138
f 132/176/132 139/187/139 140/188/140
f 140/188/140 133/177/133 132/176/132
f 133/179/133 140/189/140 141/190/141
f 141/190/141 134/180/134 133/179/133
f 142/191/142 135/181/135 134/180/134
f 134/180/134 141/190/141 142/191/142
f 143/192/143 136/182/136 135/181/135
f 135/181/135 142/191/142 143/192/143
f 144/193/144 137/183/137 136/184/136
f 136/184/136 143/194/143 144/193/144
f 138/186/138 145/195/145 139/187/139
f 146/196/146 139/187/139 145/195/145
f 139/187/139 146/196/146 147/197/147
f 147/197/147 140/188/140 139/187/139
f 140/189/140 147/198/147 148/199/148
f 148/199/148 141/190/141 140/189/140
f 149/200/149 142/191/142 141/190/141
f 141/190/141 148/199/148 149/200/149
f 150/201/150 143/192/143 142/191/142
f 142/191/142 149/200/149 150/201/150
f 151/202/151 144/193/144 143/194/143
f 143/194/143 150/203/150 151/202/151
f 145/195/145 152/204/152 146/196/146
f 153/205/153 146/196/146 152/204/152
f 146/196/146 153/205/153 154/206/154
f 154/206/154 147/197/147 146/196/146
f 147/198/147 154/207/154 155/208/155
f 155/208/155 148/199/148 147/198/147
f 156/209/156 149/200/149 148/199/148
f 148/199/148 155/208/155 156/209/156
f 157/210/157 150/201/150 149/200/149
f 149/200/149 156/209/156 157/210/157
f 158/211/158 151/212/151 150/201/150
f 150/201/150 157/210/157 158/211/158
f 152/204/152 159/213/159 160/214/160
f 160/214/160 153/205/153 152/204/152
f 153/205/153 160/214/160 154/206/154
f 161/215/161 154/206/154 160/214/160
f 154/207/154 161/216/161 155/208/155
f 162/217/162 155/208/155 161/216/161
f 163/218/163 156/209/156 162/217/162
f 155/208/155 162/217/162 156/209/156
f 164/219/164 157/210/157 163/218/163
f 156/209/156 163/218/163 157/210/157
f 165/220/165 158/211/158 164/219/164
f 157/210/157 164/219/164 158/211/158
f 159/213/159 166/221/166 167/222/167
f 167/222/167 160/214/160 159/213/159
f 160/214/160 167/222/167 161/215/161
f 168/223/168 161/215/161 167/222/167
f 161/216/161 168/224/168 162/217/162
f 169/225/169 162/217/162 168/224/168
f 170/226/170 163/218/163 169/225/169
f 162/217/162 169/225/169 163/218/163
f 171/227/171 164/219/164 170/226/170
f 163/218/163 170/226/170 164/219/164
f 172/228/172 165/229/165 171/230/171
f 164/231/164 171/230/171 165/229/165
f 166/221/166 173/232/173 174/233/174
f 174/233/174 167/222/167 166/221/166
f 167/222/167 174/233/174 168/223/168
f 175/234/175 168/223/168 174/233/174
f 168/224/168 175/235/175 169/225/169
f 176/236/176 169/225/169 175/235/175
f 177/237/177 170/226/170 176/236/176
f 169/225/169 176/236/176 170/226/170
f 178/238/178 171/227/171 177/237/177
f 170/226/170 177/237/177 171/227/171
f 179/239/179 172/228/172 178/240/178
f 171/230/171 178/240/178 172/228/172
f 173/232/173 180/241/180 174/233/174
f 181/242/181 174/233/174 180/241/180
f 174/233/174 181/242/181 175/234/175
f 182/243/182 175/234/175 181/242/181
f 175/235/175 182/244/182 183/245/183
f 183/245/183 176/236/176 175/235/175
f 184/246/184 177/237/177 176/236/176
f 176/236/176 183/245/183 184/246/184
f 185/247/185 178/240/178 177/248/177
f 177/248/177 184/249/184 185/247/185
f 186/250/186 179/239/179 178/240/178
f 178/240/178 185/247/185 186/250/186
f 180/251/180 187/252/187 181/253/181
f 188/254/188 181/253/181 187/252/187
f 181/253/181 188/254/188 189/255/189
f 189/255/189 182/256/182 181/253/181
f 182/244/182 189/257/189 190/258/190
f 190/258/190 183/245/183 182/244/182
f 191/259/191 184/246/184 183/245/183
f 183/245/183 190/258/190 191/259/191
f 192/260/192 185/247/185 184/249/184
f 184/249/184 191/261/191 192/260/192
f 193/262/193 186/250/186 185/247/185
f 185/247/185 192/260/192 193/262/193
f 187/252/187 26/26/26 188/254/188
f 29/29/29 188/254/188 26/26/26
f 188/254/188 29/29/29 189/255/189
f 30/30/30 189/255/189 29/29/29
f 189/257/189 30/32/30 32/34/32
f 32/34/32 190/258/190 189/257/189
f 35/37/35 191/259/191 190/258/190
f 190/258/190 32/34/32 35/37/35
f 37/39/37 192/260/192 191/261/191
f 191/261/191 35/41/35 37/39/37
f 39/43/39 193/262/193 192/260/192
f 192/260/192 37/39/37 39/43/39
f 194/263/194 195/264/195 38/42/38
f 39/43/39 38/42/38 195/264/195
f 196/265/196 197/266/197 194/263/194
f 195/264/195 194/263/194 197/266/197
f 198/267/198 199/268/199 196/265/196
f 197/266/197 196/265/196 199/268/199
f 200/269/200 201/270/201 198/267/198
f 199/268/199 198/267/198 201/270/201
f 202/271/202 203/272/203 200/269/200
f 201/270/201 200/269/200 203/272/203
f 204/273/204 205/274/205 202/271/202
f 203/272/203 202/271/202 205/274/205
f 206/275/206 194/263/194 46/52/46
f 38/42/38 46/52/46 194/263/194
f 207/276/207 196/265/196 206/275/206
f 194/263/194 206/275/206 196/265/196
f 208/277/208 198/267/198 207/276/207
f 196/265/196 207/276/207 198/267/198
f 209/278/209 200/269/200 208/277/208
f 198/267/198 208/277/208 200/269/200
f 210/279/210 202/271/202 209/278/209
f 200/269/200 209/278/209 202/271/202
f 211/280/211 204/273/204 210/279/210
f 202/271/202 210/279/210 204/273/204
f 212/281/212 206/282/206 53/61/53
f 46/62/46 53/61/53 206/282/206
f 213/283/213 207/284/207 212/281/212
f 206/282/206 212/281/212 207/284/207
f 214/285/214 208/286/208 213/283/213
f 207/284/207 213/283/213 208/286/208
f 215/287/215 209/288/209 214/285/214
f 208/286/208 214/285/214 209/288/209
f 216/289/216 210/290/210 215/287/215
f 209/288/209 215/287/215 210/290/210
f 217/291/217 211/292/211 216/289/216
f 210/290/210 216/289/216 211/292/211
f 218/293/218 212/281/212 53/61/53
f 53/61/53 60/72/60 218/293/218
f 219/294/219 213/283/213 212/281/212
f 212/281/212 218/293/218 219/294/219
f 220/295/220 214/285/214 213/283/213
f 213/283/213 219/294/219 220/295/220
f 221/296/221 215/287/215 214/285/214
f 214/285/214 220/295/220 221/296/221
f 222/297/222 216/289/216 215/287/215
f 215/287/215 221/296/221 222/297/222
f 223/298/223 217/291/217 216/289/216
f 216/289/216 222/297/222 223/298/223
f 224/299/224 218/293/218 60/72/60
f 60/72/60 67/83/67 224/299/224
f 225/300/225 219/294/219 218/293/218
f 218/293/218 224/299/224 225/300/225
f 226/301/226 220/295/220 219/294/219
f 219/294/219 225/300/225 226/301/226
f 227/302/227 221/296/221 220/295/220
f 220/295/220 226/301/226 227/302/227
f 228/303/228 222/297/222 221/296/221
f 221/296/221 227/302/227 228/303/228
f 229/304/229 223/298/223 222/297/222
f 222/297/222 228/303/228 229/304/229
f 230/305/230 224/299/224 67/83/67
f 67/83/67 74/92/74 230/305/230
f 231/306/231 225/300/225 224/299/224
f 224/299/224 230/305/230 231/306/231
f 232/307/232 226/301/226 225/300/225
f 225/300/225 231/306/231 232/307/232
f 233/308/233 227/302/227 226/301/226
f 226/301/226 232/307/232 233/308/233
f 234/309/234 228/303/228 227/302/227
f 227/302/227 233/308/233 234/309/234
f 235/310/235 229/304/229 228/303/228
f 228/303/228 234/309/234 235/310/235
f 236/311/236 230/305/230 81/104/81
f 74/92/74 81/104/81 230/305/230
f 237/312/237 231/306/231 236/311/236
f 230/305/230 236/311/236 231/306/231
f 238/313/238 232/307/232 237/312/237
f 231/306/231 237/312/237 232/307/232
f 239/314/239 233/308/233 238/313/238
f 232/307/232 238/313/238 233/308/233
f 240/315/240 234/309/234 239/314/239
f 233/308/233 239/314/239 234/309/234
f 241/316/241 235/310/235 240/315/240
f 234/309/234 240/315/240 235/310/235
f 242/317/242 236/311/236 88/114/88
f 81/104/81 88/114/88 236/311/236
f 243/318/243 237/312/237 242/317/242
f 236/311/236 242/317/242 237/312/237
f 244/319/244 238/313/238 243/318/243
f 237/312/237 243/318/243 238/313/238
f 245/320/245 239/314/239 244/319/244
f 238/313/238 244/319/244 239/314/239
f 246/321/246 240/315/240 245/320/245
f 239/314/239 245/320/245 240/315/240
f 247/322/247 241/316/241 246/321/246
f 240/315/240 246/321/246 241/316/241
f 248/323/248 242/317/242 95/123/95
f 88/114/88 95/123/95 242/317/242
f 249/324/249 243/318/243 248/323/248
f 242/317/242 248/323/248 243/318/243
f 250/325/250 244/319/244 249/324/249
f 243/318/243 249/324/249 244/319/244
f 251/326/251 245/320/245 250/325/250
f 244/319/244 250/325/250 245/320/245
f 252/327/252 246/321/246 251/326/251
f 245/320/245 251/326/251 246/321/246
f 253/328/253 247/322/247 252/327/252
f 246/321/246 252/327/252 247/322/247
f 254/329/254 248/323/248 95/123/95
f 95/123/95 102/132/102 254/329/254
f 255/330/255 249/324/249 248/323/248
f 248/323/248 254/329/254 255/330/255
f 256/331/256 250/325/250 249/324/249
f 249/324/249 255/330/255 256/331/256
f 257/332/257 251/326/251 250/325/250
f 250/325/250 256/331/256 257/332/257
f 258/333/258 252/327/252 251/326/251
f 251/326/251 257/332/257 258/333/258
f 259/334/259 253/328/253 252/327/252
f 252/327/252 258/333/258 259/334/259
f 260/335/260 254/336/254 102/142/102
f 102/142/102 109/141/109 260/335/260
f 261/337/261 255/338/255 254/336/254
f 254/336/254 260/335/260 261/337/261
f 262/339/262 256/331/256 255/330/255
f 255/330/255 261/340/261 262/339/262
f 263/341/263 257/332/257 256/331/256
f 256/331/256 262/339/262 263/341/263
f 264/342/264 258/333/258 257/332/257
f 257/332/257 263/341/263 264/342/264
f 265/343/265 259/344/259 258/345/258
f 258/345/258 264/346/264 265/343/265
f 266/347/266 260/348/260 109/349/109
f 109/349/109 116/159/116 266/347/266
f 267/350/267 261/351/261 260/348/260
f 260/348/260 266/347/266 267/350/267
f 268/352/268 262/353/262 261/351/261
f 261/351/261 267/350/267 268/352/268
f 269/354/269 263/355/263 262/353/262
f 262/353/262 268/352/268 269/354/269
f 270/356/270 264/346/264 263/355/263
f 263/355/263 269/354/269 270/356/270
f 271/357/271 265/343/265 264/346/264
f 264/346/264 270/356/270 271/357/271
f 272/358/272 266/347/266 123/158/123
f 116/159/116 123/158/123 266/347/266
f 273/359/273 267/350/267 272/358/272
f 266/347/266 272/358/272 267/350/267
f 274/360/274 268/352/268 273/359/273
f 267/350/267 273/359/273 268/352/268
f 275/361/275 269/354/269 274/360/274
f 268/352/268 274/360/274 269/354/269
f 276/362/276 270/356/270 275/361/275
f 269/354/269 275/361/275 270/356/270
f 277/363/277 271/357/271 276/362/276
f 270/356/270 276/362/276 271/357/271
f 278/364/278 272/358/272 130/169/130
f 123/158/123 130/169/130 272/358/272
f 279/365/279 273/359/273 278/364/278
f 272/358/272 278/364/278 273/359/273
f 280/366/280 274/360/274 279/365/279
f 273/359/273 279/365/279 274/360/274
f 281/367/281 275/361/275 280/366/280
f 274/360/274 280/366/280 275/361/275
f 282/368/282 276/362/276 281/367/281
f 275/361/275 281/367/281 276/362/276
f 283/369/283 277/363/277 282/368/282
f 276/362/276 282/368/282 277/363/277
f 284/370/284 278/364/278 137/183/137
f 130/169/130 137/183/137 278/364/278
f 285/371/285 279/365/279 284/370/284
f 278/364/278 284/370/284 279/365/279
f 286/372/286 280/366/280 285/371/285
f 279/365/279 285/371/285 280/366/280
f 287/373/287 281/367/281 286/372/286
f 280/366/280 286/372/286 281/367/281
f 288/374/288 282/368/282 287/373/287
f 281/367/281 287/373/287 282/368/282
f 289/375/289 283/369/283 288/374/288
f 282/368/282 288/374/288 283/369/283
f 290/376/290 284/370/284 137/183/137
f 137/183/137 144/193/144 290/376/290
f 291/377/291 285/371/285 284/370/284
f 284/370/284 290/376/290 291/377/291
f 292/378/292 286/372/286 285/371/285
f 285/371/285 291/377/291 292/378/292
f 293/379/293 287/373/287 286/372/286
f 286/372/286 292/378/292 293/379/293
f 294/380/294 288/374/288 287/373/287
f 287/373/287 293/379/293 294/380/294
f 295/381/295 289/375/289 288/374/288
f 288/374/288 294/380/294 295/381/295
f 296/382/296 290/376/290 144/193/144
f 144/193/144 151/202/151 296/382/296
f 297/383/297 291/377/291 290/376/290
f 290/376/290 296/382/296 297/383/297
f 298/384/298 292/378/292 291/377/291
f 291/377/291 297/383/297 298/384/298
f 299/385/299 293/379/293 292/378/292
f 292/378/292 298/384/298 299/385/299
f 300/386/300 294/380/294 293/379/293
f 293/379/293 299/385/299 300/386/300
f 301/387/301 295/381/295 294/380/294
f 294/380/294 300/386/300 301/387/301
f 302/388/302 296/382/296 151/202/151
f 151/202/151 158/389/158 302/388/302
f 303/390/303 297/383/297 296/382/296
f 296/382/296 302/388/302 303/390/303
f 304/391/304 298/384/298 297/383/297
f 297/383/297 303/390/303 304/391/304
f 305/392/305 299/385/299 298/384/298
f 298/384/298 304/391/304 305/392/305
f 306/393/306 300/386/300 299/385/299
f 299/385/299 305/392/305 306/393/306
f 307/394/307 301/387/301 300/386/300
f 300/386/300 306/393/306 307/394/307
f 308/395/308 302/396/302 165/229/165
f 158/397/158 165/229/165 302/396/302
f 309/398/309 303/399/303 308/395/308
f 302/396/302 308/395/308 303/399/303
f 310/400/310 304/401/304 309/398/309
f 303/399/303 309/398/309 304/401/304
f 311/402/311 305/403/305 310/400/310
f 304/401/304 310/400/310 305/403/305
f 312/404/312 306/405/306 311/402/311
f 305/403/305 311/402/311 306/405/306
f 313/406/313 307/407/307 312/404/312
f 306/405/306 312/404/312 307/407/307
f 314/408/314 308/395/308 172/228/172
f 165/229/165 172/228/172 308/395/308
f 315/409/315 309/398/309 314/408/314
f 308/395/308 314/408/314 309/398/309
f 316/410/316 310/400/310 315/409/315
f 309/398/309 315/409/315 310/400/310
f 317/411/317 311/402/311 316/410/316
f 310/400/310 316/410/316 311/402/311
f 318/412/318 312/404/312 317/411/317
f 311/402/311 317/411/317 312/404/312
f 319/413/319 313/406/313 318/412/318
f 312/404/312 318/412/318 313/406/313
f 320/414/320 314/408/314 179/239/179
f 172/228/172 179/239/179 314/408/314
f 321/415/321 315/409/315 320/414/320
f 314/408/314 320/414/320 315/409/315
f 322/416/322 316/410/316 321/415/321
f 315/409/315 321/415/321 316/410/316
f 323/417/323 317/411/317 322/416/322
f 316/410/316 322/416/322 317/411/317
f 324/418/324 318/412/318 323/417/323
f 317/411/317 323/417/323 318/412/318
f 325/419/325 319/413/319 324/418/324
f 318/412/318 324/418/324 319/413/319
f 326/420/326 320/414/320 179/239/179
f 179/239/179 186/250/186 326/420/326
f 327/421/327 321/415/321 320/414/320
f 320/414/320 326/420/326 327/421/327
f 328/422/328 322/416/322 321/415/321
f 321/415/321 327/421/327 328/422/328
f 329/423/329 323/417/323 322/416/322
f 322/416/322 328/422/328 329/423/329
f 330/424/330 324/418/324 323/417/323
f 323/417/323 329/423/329 330/424/330
f 331/425/331 325/419/325 324/418/324
f 324/418/324 330/424/330 331/425/331
f 332/426/332 326/420/326 186/250/186
f 186/250/186 193/262/193 332/426/332
f 333/427/333 327/421/327 326/420/326
f 326/420/326 332/426/332 333/427/333
f 334/428/334 328/422/328 327/421/327
f 327/421/327 333/427/333 334/428/334
f 335/429/335 329/423/329 328/422/328
f 328/422/328 334/428/334 335/429/335
f 336/430/336 330/424/330 329/423/329
f 329/423/329 335/429/335 336/430/336
f 337/431/337 331/425/331 330/424/330
f 330/424/330 336/430/336 337/431/337
f 195/264/195 332/426/332 193/262/193
f 193/262/193 39/43/39 195/264/195
f 197/266/197 333/427/333 332/426/332
f 332/426/332 195/264/195 197/266/197
f 199/268/199 334/428/334 333/427/333
f 333/427/333 197/266/197 199/268/199
f 201/270/201 335/429/335 334/428/334
f 334/428/334 199/268/199 201/270/201
f 203/272/203 336/430/336 335/429/335
f 335/429/335 201/270/201 203/272/203
f 205/274/205 337/431/337 336/430/336
f 336/430/336 203/272/203 205/274/205
f 338/432/338 339/433/339 205/274/205
f 205/274/205 204/273/204 338/432/338
f 340/434/340 341/435/341 339/433/339
f 339/433/339 338/432/338 340/434/340
f 342/436/342 343/437/343 341/438/341
f 341/438/341 340/439/340 342/436/342
f 344/440/344 345/441/345 343/437/343
f 343/437/343 342/436/342 344/440/344
f 346/442/346 347/443/347 345/441/345
f 345/441/345 344/440/344 346/442/346
f 348/444/348 349/445/349 347/443/347
f 347/443/347 346/442/346 348/444/348
f 350/446/350 338/432/338 204/273/204
f 204/273/204 211/280/211 350/446/350
f 351/447/351 340/439/340 338/448/338
f 338/448/338 350/449/350 351/447/351
f 352/450/352 342/436/342 340/439/340
f 340/439/340 351/447/351 352/450/352
f 353/451/353 344/440/344 342/436/342
f 342/436/342 352/450/352 353/451/353
f 354/452/354 346/442/346 344/440/344
f 344/440/344 353/451/353 354/452/354
f 355/453/355 348/444/348 346/442/346
f 346/442/346 354/452/354 355/453/355
f 356/454/356 350/455/350 211/292/211
f 211/292/211 217/291/217 356/454/356
f 357/456/357 351/447/351 350/449/350
f 350/449/350 356/457/356 357/456/357
f 358/458/358 352/450/352 351/447/351
f 351/447/351 357/456/357 358/458/358
f 359/459/359 353/451/353 352/450/352
f 352/450/352 358/458/358 359/459/359
f 360/460/360 354/452/354 353/451/353
f 353/451/353 359/459/359 360/460/360
f 361/461/361 355/453/355 354/452/354
f 354/452/354 360/460/360 361/461/361
f 362/462/362 356/454/356 223/298/223
f 217/291/217 223/298/223 356/454/356
f 363/463/363 357/456/357 362/464/362
f 356/457/356 362/464/362 357/456/357
f 364/465/364 358/458/358 363/463/363
f 357/456/357 363/463/363 358/458/358
f 365/466/365 359/459/359 364/465/364
f 358/458/358 364/465/364 359/459/359
f 366/467/366 360/460/360 365/466/365
f 359/459/359 365/466/365 360/460/360
f 367/468/367 361/461/361 366/467/366
f 360/460/360 366/467/366 361/461/361
f 368/469/368 362/462/362 229/304/229
f 223/298/223 229/304/229 362/462/362
f 369/470/369 363/471/363 368/469/368
f 362/462/362 368/469/368 363/471/363
f 370/472/370 364/465/364 369/473/369
f 363/463/363 369/473/369 364/465/364
f 371/474/371 365/466/365 370/472/370
f 364/465/364 370/472/370 365/466/365
f 372/475/372 366/467/366 371/474/371
f 365/466/365 371/474/371 366/467/366
f 373/476/373 367/468/367 372/475/372
f 366/467/366 372/475/372 367/468/367
f 374/477/374 368/469/368 235/310/235
f 229/304/229 235/310/235 368/469/368
f 375/478/375 369/470/369 374/477/374
f 368/469/368 374/477/374 369/470/369
f 376/479/376 370/472/370 375/480/375
f 369/473/369 375/480/375 370/472/370
f 377/481/377 371/474/371 376/479/376
f 370/472/370 376/479/376 371/474/371
f 378/482/378 372/475/372 377/481/377
f 371/474/371 377/481/377 372/475/372
f 379/483/379 373/484/373 378/485/378
f 372/486/372 378/485/378 373/484/373
f 380/487/380 374/477/374 235/310/235
f 235/310/235 241/316/241 380/487/380
f 381/488/381 375/478/375 374/477/374
f 374/477/374 380/487/380 381/488/381
f 382/489/382 376/479/376 375/480/375
f 375/480/375 381/490/381 382/489/382
f 383/491/383 377/481/377 376/479/376
f 376/479/376 382/489/382 383/491/383
f 384/492/384 378/482/378 377/481/377
f 377/481/377 383/491/383 384/492/384
f 385/493/385 379/483/379 378/485/378
f 378/485/378 384/494/384 385/493/385
f 386/495/386 380/487/380 241/316/241
f 241/316/241 247/322/247 386/495/386
f 387/496/387 381/488/381 380/487/380
f 380/487/380 386/495/386 387/496/387
f 388/497/388 382/489/382 381/490/381
f 381/490/381 387/498/387 388/497/388
f 389/499/389 383/491/383 382/489/382
f 382/489/382 388/497/388 389/499/389
f 390/500/390 384/492/384 383/491/383
f 383/491/383 389/499/389 390/500/390
f 391/501/391 385/493/385 384/494/384
f 384/494/384 390/502/390 391/501/391
f 392/503/392 386/495/386 247/322/247
f 247/322/247 253/328/253 392/503/392
f 393/504/393 387/496/387 386/495/386
f 386/495/386 392/503/392 393/504/393
f 394/505/394 388/497/388 387/498/387
f 387/498/387 393/506/393 394/505/394
f 395/507/395 389/499/389 388/497/388
f 388/497/388 394/505/394 395/507/395
f 396/508/396 390/500/390 389/499/389
f 389/499/389 395/507/395 396/508/396
f 397/509/397 391/501/391 390/502/390
f 390/502/390 396/510/396 397/509/397
f 398/511/398 392/503/392 259/334/259
f 253/328/253 259/334/259 392/503/392
f 399/512/399 393/504/393 398/511/398
f 392/503/392 398/511/398 393/504/393
f 400/513/400 394/505/394 399/514/399
f 393/506/393 399/514/399 394/505/394
f 401/515/401 395/507/395 400/513/400
f 394/505/394 400/513/400 395/507/395
f 402/516/402 396/508/396 401/515/401
f 395/507/395 401/515/401 396/508/396
f 403/517/403 397/518/397 402/516/402
f 396/508/396 402/516/402 397/518/397
f 404/519/404 398/520/398 265/343/265
f 259/344/259 265/343/265 398/520/398
f 405/521/405 399/522/399 404/519/404
f 398/520/398 404/519/404 399/522/399
f 406/523/406 400/513/400 405/524/405
f 399/514/399 405/524/405 400/513/400
f 407/525/407 401/515/401 406/523/406
f 400/513/400 406/523/406 401/515/401
f 408/526/408 402/516/402 407/525/407
f 401/515/401 407/525/407 402/516/402
f 409/527/409 403/528/403 408/529/408
f 402/530/402 408/529/408 403/528/403
f 410/531/410 404/519/404 271/357/271
f 265/343/265 271/357/271 404/519/404
f 411/532/411 405/521/405 410/531/410
f 404/519/404 410/531/410 405/521/405
f 412/533/412 406/534/406 411/532/411
f 405/521/405 411/532/411 406/534/406
f 413/535/413 407/536/407 412/533/412
f 406/534/406 412/533/412 407/536/407
f 414/537/414 408/526/408 413/538/413
f 407/525/407 413/538/413 408/526/408
f 415/539/415 409/527/409 414/540/414
f 408/529/408 414/540/414 409/527/409
f 416/541/416 410/531/410 271/357/271
f 271/357/271 277/363/277 416/541/416
f 417/542/417 411/532/411 410/531/410
f 410/531/410 416/541/416 417/542/417
f 418/543/418 412/533/412 411/532/411
f 411/532/411 417/542/417 418/543/418
f 419/544/419 413/535/413 412/533/412
f 412/533/412 418/543/418 419/544/419
f 420/545/420 414/540/414 413/535/413
f 413/535/413 419/544/419 420/545/420
f 421/546/421 415/539/415 414/540/414
f 414/540/414 420/545/420 421/546/421
f 422/547/422 416/541/416 277/363/277
f 277/363/277 283/369/283 422/547/422
f 423/548/423 417/542/417 416/541/416
f 416/541/416 422/547/422 423/548/423
f 424/549/424 418/543/418 417/542/417
f 417/542/417 423/548/423 424/549/424
f 425/550/425 419/544/419 418/543/418
f 418/543/418 424/549/424 425/550/425
f 426/551/426 420/545/420 419/544/419
f 419/544/419 425/550/425 426/551/426
f 427/552/427 421/546/421 420/545/420
f 420/545/420 426/551/426 427/552/427
f 428/553/428 422/547/422 283/369/283
f 283/369/283 289/375/289 428/553/428
f 429/554/429 423/548/423 422/547/422
f 422/547/422 428/553/428 429/554/429
f 430/555/430 424/549/424 423/548/423
f 423/548/423 429/554/429 430/555/430
f 431/556/431 425/550/425 424/549/424
f 424/549/424 430/555/430 431/556/431
f 432/557/432 426/551/426 425/550/425
f 425/550/425 431/556/431 432/557/432
f 433/558/433 427/552/427 426/551/426
f 426/551/426 432/557/432 433/558/433
f 434/559/434 428/553/428 295/381/295
f 289/375/289 295/381/295 428/553/428
f 435/560/435 429/554/429 434/559/434
f 428/553/428 434/559/434 429/554/429
f 436/561/436 430/555/430 435/560/435
f 429/554/429 435/560/435 430/555/430
f 437/562/437 431/556/431 436/561/436
f 430/555/430 436/561/436 431/556/431
f 438/563/438 432/557/432 437/562/437
f 431/556/431 437/562/437 432/557/432
f 439/564/439 433/558/433 438/563/438
f 432/557/432 438/563/438 433/558/433
f 440/565/440 434/559/434 301/387/301
f 295/381/295 301/387/301 434/559/434
f 441/566/441 435/560/435 440/565/440
f 434/559/434 440/565/440 435/560/435
f 442/567/442 436/561/436 441/566/441
f 435/560/435 441/566/441 436/561/436
f 443/568/443 437/562/437 442/567/442
f 436/561/436 442/567/442 437/562/437
f 444/569/444 438/563/438 443/568/443
f 437/562/437 443/568/443 438/563/438
f 445/570/445 439/564/439 444/569/444
f 438/563/438 444/569/444 439/564/439
f 446/571/446 440/565/440 307/394/307
f 301/387/301 307/394/307 440/565/440
f 447/572/447 441/566/441 446/571/446
f 440/565/440 446/571/446 441/566/441
f 448/573/448 442/567/442 447/572/447
f 441/566/441 447/572/447 442/567/442
f 449/574/449 443/575/443 448/576/448
f 442/577/442 448/576/448 443/575/443
f 450/578/450 444/579/444 449/574/449
f 443/575/443 449/574/449 444/579/444
f 451/580/451 445/570/445 450/581/450
f 444/569/444 450/581/450 445/570/445
f 452/582/452 446/571/446 307/394/307
f 307/394/307 313/583/313 452/582/452
f 453/584/453 447/572/447 446/571/446
f 446/571/446 452/582/452 453/584/453
f 454/585/454 448/576/448 447/586/447
f 447/586/447 453/587/453 454/585/454
f 455/588/455 449/574/449 448/576/448
f 448/576/448 454/585/454 455/588/455
f 456/589/456 450/578/450 449/574/449
f 449/574/449 455/588/455 456/589/456
f 457/590/457 451/580/451 450/581/450
f 450/581/450 456/591/456 457/590/457
f 458/592/458 452/593/452 313/406/313
f 313/406/313 319/413/319 458/592/458
f 459/594/459 453/595/453 452/593/452
f 452/593/452 458/592/458 459/594/459
f 460/596/460 454/585/454 453/587/453
f 453/587/453 459/597/459 460/596/460
f 461/598/461 455/588/455 454/585/454
f 454/585/454 460/596/460 461/598/461
f 462/599/462 456/589/456 455/588/455
f 455/588/455 461/598/461 462/599/462
f 463/600/463 457/601/457 456/589/456
f 456/589/456 462/599/462 463/600/463
f 464/602/464 458/592/458 319/413/319
f 319/413/319 325/419/325 464/602/464
f 465/603/465 459/594/459 458/592/458
f 458/592/458 464/602/464 465/603/465
f 466/604/466 460/596/460 459/597/459
f 459/597/459 465/605/465 466/604/466
f 467/606/467 461/598/461 460/596/460
f 460/596/460 466/604/466 467/606/467
f 468/607/468 462/599/462 461/598/461
f 461/598/461 467/606/467 468/607/468
f 469/608/469 463/609/463 462/610/462
f 462/610/462 468/611/468 469/608/469
f 470/612/470 464/602/464 331/425/331
f 325/419/325 331/425/331 464/602/464
f 471/613/471 465/603/465 470/612/470
f 464/602/464 470/612/470 465/603/465
f 472/614/472 466/604/466 471/615/471
f 465/605/465 471/615/471 466/604/466
f 473/616/473 467/606/467 472/614/472
f 466/604/466 472/614/472 467/606/467
f 474/617/474 468/607/468 473/616/473
f 467/606/467 473/616/473 468/607/468
f 475/618/475 469/608/469 474/619/474
f 468/611/468 474/619/474 469/608/469
f 476/620/476 470/612/470 337/431/337
f 331/425/331 337/431/337 470/612/470
f 477/621/477 471/613/471 476/620/476
f 470/612/470 476/620/476 471/613/471
f 478/622/478 472/614/472 477/623/477
f 471/615/471 477/623/477 472/614/472
f 479/624/479 473/616/473 478/622/478
f 472/614/472 478/622/478 473/616/473
f 480/625/480 474/617/474 479/624/479
f 473/616/473 479/624/479 474/617/474
f 481/626/481 475/618/475 480/627/480
f 474/619/474 480/627/480 475/618/475
f 339/433/339 476/620/476 205/274/205
f 337/431/337 205/274/205 476/620/476
f 341/435/341 477/621/477 339/433/339
f 476/620/476 339/433/339 477/621/477
f 343/437/343 478/622/478 341/438/341
f 477/623/477 341/438/341 478/622/478
f 345/441/345 479/624/479 343/437/343
f 478/622/478 343/437/343 479/624/479
f 347/443/347 480/625/480 345/441/345
f 479/624/479 345/441/345 480/625/480
f 349/445/349 481/628/481 347/443/347
f 480/625/480 347/443/347 481/628/481
f 1/1/1 3/3/3 482/629/482
f 483/630/483 482/629/482 3/3/3
f 482/629/482 483/630/483 484/631/484
f 485/632/485 484/631/484 483/630/483
f 484/631/484 485/632/485 486/633/486
f 487/634/487 486/633/486 485/632/485
f 486/633/486 487/634/487 488/635/488
f 489/636/489 488/635/488 487/634/487
f 488/637/488 489/638/489 349/639/349
f 481/626/481 349/639/349 489/638/489
f 3/3/3 4/4/4 483/630/483
f 490/640/490 483/630/483 4/4/4
f 483/630/483 490/640/490 485/632/485
f 491/641/491 485/632/485 490/640/490
f 485/632/485 491/641/491 487/634/487
f 492/642/492 487/634/487 491/641/491
f 487/634/487 492/642/492 489/636/489
f 493/643/493 489/636/489 492/642/492
f 489/638/489 493/644/493 481/626/481
f 475/618/475 481/626/481 493/644/493
f 4/4/4 5/5/5 490/640/490
f 494/645/494 490/640/490 5/5/5
f 490/640/490 494/645/494 491/641/491
f 495/646/495 491/641/491 494/645/494
f 491/641/491 495/646/495 492/642/492
f 496/647/496 492/642/492 495/646/495
f 492/642/492 496/647/496 493/643/493
f 497/648/497 493/643/493 496/647/496
f 493/644/493 497/649/497 475/618/475
f 469/608/469 475/618/475 497/649/497
f 5/5/5 6/6/6 498/650/498
f 498/650/498 494/645/494 5/5/5
f 494/645/494 498/650/498 499/651/499
f 499/651/499 495/646/495 494/645/494
f 495/646/495 499/651/499 500/652/500
f 500/652/500 496/647/496 495/646/495
f 496/647/496 500/652/500 501/653/501
f 501/653/501 497/648/497 496/647/496
f 497/649/497 501/654/501 463/609/463
f 463/609/463 469/608/469 497/649/497
f 6/6/6 7/7/7 502/655/502
f 502/655/502 498/650/498 6/6/6
f 498/650/498 502/655/502 503/656/503
f 503/656/503 499/651/499 498/650/498
f 499/651/499 503/656/503 504/657/504
f 504/657/504 500/652/500 499/651/499
f 500/652/500 504/657/504 505/658/505
f 505/658/505 501/653/501 500/652/500
f 501/654/501 505/659/505 457/660/457
f 457/660/457 463/609/463 501/654/501
f 7/7/7 8/8/8 506/661/506
f 506/661/506 502/655/502 7/7/7
f 502/655/502 506/661/506 507/662/507
f 507/662/507 503/656/503 502/655/502
f 503/656/503 507/662/507 508/663/508
f 508/663/508 504/657/504 503/656/503
f 504/657/504 508/663/508 509/664/509
f 509/664/509 505/658/505 504/657/504
f 505/665/505 509/666/509 451/580/451
f 451/580/451 457/590/457 505/665/505
f 8/8/8 9/9/9 506/661/506
f 510/667/510 506/661/506 9/9/9
f 506/661/506 510/667/510 507/662/507
f 511/668/511 507/662/507 510/667/510
f 507/662/507 511/668/511 508/663/508
f 512/669/512 508/663/508 511/668/511
f 508/663/508 512/669/512 509/664/509
f 513/670/513 509/664/509 512/669/512
f 509/666/509 513/671/513 451/580/451
f 445/570/445 451/580/451 513/671/513
f 9/9/9 10/10/10 510/667/510
f 514/672/514 510/667/510 10/10/10
f 510/667/510 514/672/514 511/668/511
f 515/673/515 511/668/511 514/672/514
f 511/668/511 515/673/515 512/669/512
f 516/674/516 512/669/512 515/673/515
f 512/669/512 516/674/516 513/670/513
f 517/675/517 513/670/513 516/674/516
f 513/671/513 517/676/517 445/570/445
f 439/564/439 445/570/445 517/676/517
f 10/10/10 11/11/11 514/672/514
f 518/677/518 514/672/514 11/11/11
f 514/672/514 518/677/518 515/673/515
f 519/678/519 515/673/515 518/677/518
f 515/673/515 519/678/519 516/674/516
f 520/679/520 516/674/516 519/678/519
f 516/674/516 520/679/520 517/675/517
f 521/680/521 517/675/517 520/679/520
f 517/676/517 521/681/521 439/564/439
f 433/558/433 439/564/439 521/681/521
f 11/11/11 12/12/12 522/682/522
f 522/682/522 518/677/518 11/11/11
f 518/677/518 522/682/522 523/683/523
f 523/683/523 519/678/519 518/677/518
f 519/678/519 523/683/523 524/684/524
f 524/684/524 520/679/520 519/678/519
f 520/679/520 524/684/524 525/685/525
f 525/685/525 521/680/521 520/679/520
f 521/681/521 525/686/525 427/552/427
f 427/552/427 433/558/433 521/681/521
f 12/12/12 13/13/13 526/687/526
f 526/687/526 522/682/522 12/12/12
f 522/682/522 526/687/526 527/688/527
f 527/688/527 523/683/523 522/682/522
f 523/683/523 527/688/527 528/689/528
f 528/689/528 524/684/524 523/683/523
f 524/684/524 528/689/528 529/690/529
f 529/690/529 525/685/525 524/684/524
f 525/686/525 529/691/529 421/546/421
f 421/546/421 427/552/427 525/686/525
f 13/13/13 14/14/14 530/692/530
f 530/692/530 526/687/526 13/13/13
f 526/687/526 530/692/530 531/693/531
f 531/693/531 527/688/527 526/687/526
f 527/688/527 531/693/531 532/694/532
f 532/694/532 528/689/528 527/688/527
f 528/689/528 532/694/532 533/695/533
f 533/695/533 529/690/529 528/689/528
f 529/691/529 533/696/533 415/539/415
f 415/539/415 421/546/421 529/691/529
f 14/14/14 15/15/15 530/692/530
f 534/697/534 530/692/530 15/15/15
f 530/692/530 534/697/534 531/693/531
f 535/698/535 531/693/531 534/697/534
f 531/693/531 535/698/535 532/694/532
f 536/699/536 532/694/532 535/698/535
f 532/694/532 536/699/536 533/695/533
f 537/700/537 533/695/533 536/699/536
f 533/696/533 537/701/537 415/539/415
f 409/527/409 415/539/415 537/701/537
f 15/15/15 16/16/16 534/697/534
f 538/702/538 534/697/534 16/16/16
f 534/697/534 538/702/538 535/698/535
f 539/703/539 535/698/535 538/702/538
f 535/698/535 539/703/539 536/699/536
f 540/704/540 536/699/536 539/703/539
f 536/699/536 540/704/540 537/700/537
f 541/705/541 537/700/537 540/704/540
f 537/701/537 541/706/541 409/527/409
f 403/528/403 409/527/409 541/706/541
f 16/16/16 17/17/17 538/702/538
f 542/707/542 538/702/538 17/17/17
f 538/702/538 542/707/542 539/703/539
f 543/708/543 539/703/539 542/707/542
f 539/703/539 543/708/543 540/704/540
f 544/709/544 540/704/540 543/708/543
f 540/704/540 544/709/544 541/705/541
f 545/710/545 541/705/541 544/709/544
f 541/711/541 545/712/545 403/713/403
f 397/509/397 403/713/403 545/712/545
f 17/17/17 18/18/18 546/714/546
f 546/714/546 542/707/542 17/17/17
f 542/707/542 546/714/546 547/715/547
f 547/715/547 543/708/543 542/707/542
f 543/708/543 547/715/547 548/716/548
f 548/716/548 544/709/544 543/708/543
f 544/709/544 548/716/548 549/717/549
f 549/717/549 545/710/545 544/709/544
f 545/712/545 549/718/549 391/501/391
f 391/501/391 397/509/397 545/712/545
f 18/18/18 19/19/19 550/719/550
f 550/719/550 546/714/546 18/18/18
f 546/714/546 550/719/550 551/720/551
f 551/720/551 547/715/547 546/714/546
f 547/715/547 551/720/551 552/721/552
f 552/721/552 548/716/548 547/715/547
f 548/716/548 552/721/552 553/722/553
f 553/722/553 549/717/549 548/716/548
f 549/718/549 553/723/553 385/493/385
f 385/493/385 391/501/391 549/718/549
f 19/19/19 20/20/20 554/724/554
f 554/724/554 550/719/550 19/19/19
f 550/719/550 554/724/554 555/725/555
f 555/725/555 551/720/551 550/719/550
f 551/720/551 555/725/555 556/726/556
f 556/726/556 552/721/552 551/720/551
f 552/721/552 556/726/556 557/727/557
f 557/727/557 553/722/553 552/721/552
f 553/723/553 557/728/557 379/483/379
f 379/483/379 385/493/385 553/723/553
f 20/20/20 21/21/21 554/724/554
f 558/729/558 554/724/554 21/21/21
f 554/724/554 558/729/558 555/725/555
f 559/730/559 555/725/555 558/729/558
f 555/725/555 559/730/559 556/726/556
f 560/731/560 556/726/556 559/730/559
f 556/726/556 560/731/560 557/727/557
f 561/732/561 557/727/557 560/731/560
f 557/728/557 561/733/561 379/483/379
f 373/484/373 379/483/379 561/733/561
f 21/21/21 22/22/22 558/729/558
f 562/734/562 558/729/558 22/22/22
f 558/729/558 562/734/562 559/730/559
f 563/735/563 559/730/559 562/734/562
f 559/730/559 563/735/563 560/731/560
f 564/736/564 560/731/560 563/735/563
f 560/731/560 564/736/564 561/732/561
f 565/737/565 561/732/561 564/736/564
f 561/733/561 565/738/565 373/484/373
f 367/739/367 373/484/373 565/738/565
f 22/22/22 23/23/23 562/734/562
f 566/740/566 562/734/562 23/23/23
f 562/734/562 566/740/566 563/735/563
f 567/741/567 563/735/563 566/740/566
f 563/735/563 567/741/567 564/736/564
f 568/742/568 564/736/564 567/741/567
f 564/736/564 568/742/568 565/737/565
f 569/743/569 565/737/565 568/742/568
f 565/738/565 569/744/569 367/739/367
f 361/745/361 367/739/367 569/744/569
f 23/23/23 24/24/24 570/746/570
f 570/746/570 566/740/566 23/23/23
f 566/740/566 570/746/570 571/747/571
f 571/747/571 567/741/567 566/740/566
f 567/741/567 571/747/571 572/748/572
f 572/748/572 568/742/568 567/741/567
f 568/742/568 572/748/572 573/749/573
f 573/749/573 569/743/569 568/742/568
f 569/743/569 573/749/573 355/453/355
f 355/453/355 361/461/361 569/743/569
f 24/24/24 25/25/25 574/750/574
f 574/750/574 570/746/570 24/24/24
f 570/746/570 574/750/574 575/751/575
f 575/751/575 571/747/571 570/746/570
f 571/747/571 575/751/575 576/752/576
f 576/752/576 572/748/572 571/747/571
f 572/748/572 576/752/576 577/753/577
f 577/753/577 573/749/573 572/748/572
f 573/754/573 577/755/577 348/756/348
f 348/756/348 355/757/355 573/754/573
f 25/25/25 1/1/1 482/629/482
f 482/629/482 574/750/574 25/25/25
f 574/750/574 482/629/482 484/631/484
f 484/631/484 575/751/575 574/750/574
f 575/751/575 484/631/484 486/633/486
f 486/633/486 576/752/576 575/751/575
f 576/752/576 486/633/486 488/635/488
f 488/635/488 577/753/577 576/752/576
f 577/755/577 488/637/488 349/639/349
f 349/639/349 348/756/348 577/755/577
f 578/758/578 579/759/579 580/760/580
f 581/761/581 580/760/580 579/759/579
f 582/762/582 578/758/578 583/763/583
f 580/760/580 583/763/583 578/758/578
f 584/764/584 582/765/582 585/766/585
f 583/767/583 585/766/585 582/765/582
f 586/768/586 584/764/584 585/766/585
f 585/766/585 587/769/587 586/768/586
f 588/770/588 586/768/586 587/769/587
f 587/769/587 589/771/589 588/770/588
f 590/772/590 588/770/588 589/771/589
f 589/771/589 591/773/591 590/772/590
f 592/774/592 590/772/590 593/775/593
f 591/773/591 593/775/593 590/772/590
f 594/776/594 592/774/592 595/777/595
f 593/775/593 595/777/595 592/774/592
f 596/778/596 594/776/594 597/779/597
f 595/777/595 597/779/597 594/776/594
f 598/780/598 596/778/596 597/779/597
f 597/779/597 599/781/599 598/780/598
f 600/782/600 598/780/598 599/781/599
f 599/781/599 601/783/601 600/782/600
f 602/784/602 600/785/600 601/786/601
f 601/786/601 603/787/603 602/784/602
f 604/788/604 602/784/602 605/789/605
f 603/787/603 605/789/605 602/784/602
f 606/790/606 604/788/604 607/791/607
f 605/789/605 607/791/607 604/788/604
f 608/792/608 606/790/606 609/793/609
f 607/791/607 609/793/609 606/790/606
f 610/794/610 608/792/608 609/793/609
f 609/793/609 611/795/611 610/794/610
f 612/796/612 610/794/610 611/795/611
f 611/795/611 613/797/613 612/796/612
f 614/798/614 612/796/612 613/797/613
f 613/797/613 615/799/615 614/798/614
f 616/800/616 614/801/614 617/802/617
f 615/803/615 617/802/617 614/801/614
f 618/804/618 616/800/616 619/805/619
f 617/802/617 619/805/619 616/800/616
f 620/806/620 618/804/618 621/807/621
f 619/805/619 621/807/621 618/804/618
f 622/808/622 620/806/620 621/807/621
f 621/807/621 623/809/623 622/808/622
f 624/810/624 622/808/622 623/809/623
f 623/809/623 625/811/625 624/810/624
f 579/759/579 624/810/624 625/811/625
f 625/811/625 581/761/581 579/759/579
f 626/812/626 627/813/627 578/814/578
f 579/815/579 578/814/578 627/813/627
f 628/816/628 629/817/629 626/812/626
f 627/813/627 626/812/626 629/817/629
f 630/818/630 631/819/631 628/816/628
f 629/817/629 628/816/628 631/819/631
f 632/820/632 633/821/633 630/818/630
f 631/819/631 630/818/630 633/821/633
f 634/822/634 635/823/635 632/820/632
f 633/821/633 632/820/632 635/823/635
f 636/824/636 637/825/637 634/826/634
f 635/827/635 634/826/634 637/825/637
f 638/828/638 626/812/626 582/829/582
f 578/814/578 582/829/582 626/812/626
f 639/830/639 628/816/628 638/828/638
f 626/812/626 638/828/638 628/816/628
f 640/831/640 630/818/630 639/830/639
f 628/816/628 639/830/639 630/818/630
f 641/832/641 632/820/632 640/831/640
f 630/818/630 640/831/640 632/820/632
f 642/833/642 634/822/634 641/832/641
f 632/820/632 641/832/641 634/822/634
f 643/834/643 636/835/636 642/833/642
f 634/822/634 642/833/642 636/835/636
f 644/836/644 638/828/638 584/837/584
f 582/829/582 584/837/584 638/828/638
f 645/838/645 639/830/639 644/836/644
f 638/828/638 644/836/644 639/830/639
f 646/839/646 640/831/640 645/838/645
f 639/830/639 645/838/645 640/831/640
f 647/840/647 641/832/641 646/839/646
f 640/831/640 646/839/646 641/832/641
f 648/841/648 642/833/642 647/840/647
f 641/832/641 647/840/647 642/833/642
f 649/842/649 643/834/643 648/841/648
f 642/833/642 648/841/648 643/834/643
f 650/843/650 644/836/644 584/837/584
f 584/837/584 586/844/586 650/843/650
f 651/845/651 645/838/645 644/836/644
f 644/836/644 650/843/650 651/845/651
f 652/846/652 646/839/646 645/838/645
f 645/838/645 651/845/651 652/846/652
f 653/847/653 647/840/647 646/839/646
f 646/839/646 652/846/652 653/847/653
f 654/848/654 648/841/648 647/840/647
f 647/840/647 653/847/653 654/848/654
f 655/849/655 649/842/649 648/841/648
f 648/841/648 654/848/654 655/849/655
f 656/850/656 650/843/650 586/844/586
f 586/844/586 588/851/588 656/850/656
f 657/852/657 651/845/651 650/843/650
f 650/843/650 656/850/656 657/852/657
f 658/853/658 652/846/652 651/845/651
f 651/845/651 657/852/657 658/853/658
f 659/854/659 653/847/653 652/846/652
f 652/846/652 658/853/658 659/854/659
f 660/855/660 654/848/654 653/847/653
f 653/847/653 659/854/659 660/855/660
f 661/856/661 655/857/655 654/858/654
f 654/858/654 660/859/660 661/856/661
f 662/860/662 656/850/656 588/851/588
f 588/851/588 590/861/590 662/860/662
f 663/862/663 657/852/657 656/850/656
f 656/850/656 662/860/662 663/862/663
f 664/863/664 658/853/658 657/852/657
f 657/852/657 663/862/663 664/863/664
f 665/864/665 659/854/659 658/853/658
f 658/853/658 664/863/664 665/864/665
f 666/865/666 660/855/660 659/854/659
f 659/854/659 665/864/665 666/865/666
f 667/866/667 661/856/661 660/859/660
f 660/859/660 666/867/666 667/866/667
f 668/868/668 662/860/662 592/869/592
f 590/861/590 592/869/592 662/860/662
f 669/870/669 663/862/663 668/868/668
f 662/860/662 668/868/668 663/862/663
f 670/871/670 664/863/664 669/870/669
f 663/862/663 669/870/669 664/863/664
f 671/872/671 665/864/665 670/871/670
f 664/863/664 670/871/670 665/864/665
f 672/873/672 666/865/666 671/872/671
f 665/864/665 671/872/671 666/865/666
f 673/874/673 667/866/667 672/875/672
f 666/867/666 672/875/672 667/866/667
f 674/876/674 668/868/668 594/877/594
f 592/869/592 594/877/594 668/868/668
f 675/878/675 669/870/669 674/876/674
f 668/868/668 674/876/674 669/870/669
f 676/879/676 670/871/670 675/878/675
f 669/870/669 675/878/675 670/871/670
f 677/880/677 671/872/671 676/879/676
f 670/871/670 676/879/676 671/872/671
f 678/881/678 672/873/672 677/880/677
f 671/872/671 677/880/677 672/873/672
f 679/882/679 673/874/673 678/883/678
f 672/875/672 678/883/678 673/874/673
f 680/884/680 674/876/674 596/885/596
f 594/877/594 596/885/596 674/876/674
f 681/886/681 675/878/675 680/884/680
f 674/876/674 680/884/680 675/878/675
f 682/887/682 676/879/676 681/886/681
f 675/878/675 681/886/681 676/879/676
f 683/888/683 677/880/677 682/887/682
f 676/879/676 682/887/682 677/880/677
f 684/889/684 678/881/678 683/888/683
f 677/880/677 683/888/683 678/881/678
f 685/890/685 679/891/679 684/889/684
f 678/881/678 684/889/684 679/891/679
f 686/892/686 680/884/680 596/885/596
f 596/885/596 598/893/598 686/892/686
f 687/894/687 681/886/681 680/884/680
f 680/884/680 686/892/686 687/894/687
f 688/895/688 682/887/682 681/886/681
f 681/886/681 687/894/687 688/895/688
f 689/896/689 683/888/683 682/887/682
f 682/887/682 688/895/688 689/896/689
f 690/897/690 684/889/684 683/888/683
f 683/888/683 689/896/689 690/897/690
f 691/898/691 685/890/685 684/889/684
f 684/889/684 690/897/690 691/898/691
f 692/899/692 686/892/686 598/893/598
f 598/893/598 600/900/600 692/899/692
f 693/901/693 687/894/687 686/892/686
f 686/892/686 692/899/692 693/901/693
f 694/902/694 688/895/688 687/894/687
f 687/894/687 693/901/693 694/902/694
f 695/903/695 689/896/689 688/895/688
f 688/895/688 694/902/694 695/903/695
f 696/904/696 690/897/690 689/896/689
f 689/896/689 695/903/695 696/904/696
f 697/905/697 691/898/691 690/897/690
f 690/897/690 696/904/696 697/905/697
f 698/906/698 692/899/692 600/900/600
f 600/900/600 602/907/602 698/906/698
f 699/908/699 693/901/693 692/899/692
f 692/899/692 698/906/698 699/908/699
f 700/909/700 694/902/694 693/901/693
f 693/901/693 699/908/699 700/909/700
f 701/910/701 695/903/695 694/902/694
f 694/902/694 700/909/700 701/910/701
f 702/911/702 696/904/696 695/903/695
f 695/903/695 701/910/701 702/911/702
f 703/912/703 697/905/697 696/904/696
f 696/904/696 702/911/702 703/912/703
f 704/913/704 698/906/698 604/914/604
f 602/907/602 604/914/604 698/906/698
f 705/915/705 699/908/699 704/913/704
f 698/906/698 704/913/704 699/908/699
f 706/916/706 700/909/700 705/915/705
f 699/908/699 705/915/705 700/909/700
f 707/917/707 701/910/701 706/916/706
f 700/909/700 706/916/706 701/910/701
f 708/918/708 702/911/702 707/917/707
f 701/910/701 707/917/707 702/911/702
f 709/919/709 703/912/703 708/918/708
f 702/911/702 708/918/708 703/912/703
f 710/920/710 704/913/704 606/921/606
f 604/914/604 606/921/606 704/913/704
f 711/922/711 705/915/705 710/920/710
f 704/913/704 710/920/710 705/915/705
f 712/923/712 706/916/706 711/922/711
f 705/915/705 711/922/711 706/916/706
f 713/924/713 707/917/707 712/923/712
f 706/916/706 712/923/712 707/917/707
f 714/925/714 708/918/708 713/924/713
f 707/917/707 713/924/713 708/918/708
f 715/926/715 709/919/709 714/925/714
f 708/918/708 714/925/714 709/919/709
f 716/927/716 710/920/710 608/928/608
f 606/921/606 608/928/608 710/920/710
f 717/929/717 711/922/711 716/927/716
f 710/920/710 716/927/716 711/922/711
f 718/930/718 712/923/712 717/929/717
f 711/922/711 717/929/717 712/923/712
f 719/931/719 713/924/713 718/930/718
f 712/923/712 718/930/718 713/924/713
f 720/932/720 714/925/714 719/931/719
f 713/924/713 719/931/719 714/925/714
f 721/933/721 715/926/715 720/932/720
f 714/925/714 720/932/720 715/926/715
f 722/934/722 716/927/716 608/928/608
f 608/928/608 610/935/610 722/934/722
f 723/936/723 717/929/717 716/927/716
f 716/927/716 722/934/722 723/936/723
f 724/937/724 718/930/718 717/929/717
f 717/929/717 723/936/723 724/937/724
f 725/938/725 719/931/719 718/930/718
f 718/930/718 724/937/724 725/938/725
f 726/939/726 720/932/720 719/931/719
f 719/931/719 725/938/725 726/939/726
f 727/940/727 721/933/721 720/932/720
f 720/932/720 726/939/726 727/940/727
f 728/941/728 722/934/722 610/935/610
f 610/935/610 612/942/612 728/941/728
f 729/943/729 723/936/723 722/934/722
f 722/934/722 728/941/728 729/943/729
f 730/944/730 724/937/724 723/936/723
f 723/936/723 729/943/729 730/944/730
f 731/945/731 725/938/725 724/937/724
f 724/937/724 730/944/730 731/945/731
f 732/946/732 726/939/726 725/938/725
f 725/938/725 731/945/731 732/946/732
f 733/947/733 727/940/727 726/939/726
f 726/939/726 732/946/732 733/947/733
f 734/948/734 728/941/728 612/942/612
f 612/942/612 614/949/614 734/948/734
f 735/950/735 729/943/729 728/941/728
f 728/941/728 734/948/734 735/950/735
f 736/951/736 730/944/730 729/943/729
f 729/943/729 735/950/735 736/951/736
f 737/952/737 731/945/731 730/944/730
f 730/944/730 736/951/736 737/952/737
f 738/953/738 732/946/732 731/945/731
f 731/945/731 737/952/737 738/953/738
f 739/954/739 733/947/733 732/946/732
f 732/946/732 738/953/738 739/954/739
f 740/955/740 734/948/734 616/956/616
f 614/949/614 616/956/616 734/948/734
f 741/957/741 735/950/735 740/955/740
f 734/948/734 740/955/740 735/950/735
f 742/958/742 736/951/736 741/957/741
f 735/950/735 741/957/741 736/951/736
f 743/959/743 737/952/737 742/958/742
f 736/951/736 742/958/742 737/952/737
f 744/960/744 738/953/738 743/959/743
f 737/952/737 743/959/743 738/953/738
f 745/961/745 739/954/739 744/960/744
f 738/953/738 744/960/744 739/954/739
f 746/962/746 740/955/740 618/963/618
f 616/956/616 618/963/618 740/955/740
f 747/964/747 741/957/741 746/962/746
f 740/955/740 746/962/746 741/957/741
f 748/965/748 742/958/742 747/964/747
f 741/957/741 747/964/747 742/958/742
f 749/966/749 743/959/743 748/965/748
f 742/958/742 748/965/748 743/959/743
f 750/967/750 744/960/744 749/966/749
f 743/959/743 749/966/749 744/960/744
f 751/968/751 745/961/745 750/967/750
f 744/960/744 750/967/750 745/961/745
f 752/969/752 746/962/746 620/970/620
f 618/963/618 620/970/620 746/962/746
f 753/971/753 747/964/747 752/969/752
f 746/962/746 752/969/752 747/964/747
f 754/972/754 748/965/748 753/971/753
f 747/964/747 753/971/753 748/965/748
f 755/973/755 749/966/749 754/972/754
f 748/965/748 754/972/754 749/966/749
f 756/974/756 750/967/750 755/973/755
f 749/966/749 755/973/755 750/967/750
f 757/975/757 751/968/751 756/974/756
f 750/967/750 756/974/756 751/968/751
f 758/976/758 752/969/752 620/970/620
f 620/970/620 622/977/622 758/976/758
f 759/978/759 753/971/753 752/969/752
f 752/969/752 758/976/758 759/978/759
f 760/979/760 754/972/754 753/971/753
f 753/971/753 759/978/759 760/979/760
f 761/980/761 755/973/755 754/972/754
f 754/972/754 760/979/760 761/980/761
f 762/981/762 756/974/756 755/973/755
f 755/973/755 761/980/761 762/981/762
f 763/982/763 757/983/757 756/984/756
f 756/984/756 762/985/762 763/982/763
f 764/986/764 758/976/758 622/977/622
f 622/977/622 624/987/624 764/986/764
f 765/988/765 759/978/759 758/976/758
f 758/976/758 764/986/764 765/988/765
f 766/989/766 760/979/760 759/978/759
f 759/978/759 765/988/765 766/989/766
f 767/990/767 761/980/761 760/979/760
f 760/979/760 766/989/766 767/990/767
f 768/991/768 762/981/762 761/980/761
f 761/980/761 767/990/767 768/991/768
f 769/992/769 763/982/763 762/985/762
f 762/985/762 768/993/768 769/992/769
f 627/813/627 764/986/764 624/987/624
f 624/987/624 579/815/579 627/813/627
f 629/817/629 765/988/765 764/986/764
f 764/986/764 627/813/627 629/817/629
f 631/819/631 766/989/766 765/988/765
f 765/988/765 629/817/629 631/819/631
f 633/821/633 767/990/767 766/989/766
f 766/989/766 631/819/631 633/821/633
f 635/823/635 768/991/768 767/990/767
f 767/990/767 633/821/633 635/823/635
f 637/825/637 769/992/769 768/993/768
f 768/993/768 635/827/635 637/825/637
f 770/994/770 771/995/771 772/996/772
f 773/997/773 772/996/772 771/995/771
f 774/998/774 770/994/770 775/999/775
f 772/996/772 775/999/775 770/994/770
f 776/1000/776 777/1001/777 774/998/774
f 774/998/774 775/999/775 776/1000/776
f 778/1002/778 779/1003/779 776/1000/776
f 777/1001/777 776/1000/776 779/1003/779
f 780/1004/780 781/1005/781 778/1002/778
f 779/1003/779 778/1002/778 781/1005/781
f 782/1006/782 783/1007/783 780/1008/780
f 781/1009/781 780/1008/780 783/1007/783
f 772/996/772 773/997/773 784/1010/784
f 785/1011/785 784/1010/784 773/997/773
f 775/999/775 772/996/772 786/1012/786
f 784/1010/784 786/1012/786 772/996/772
f 776/1000/776 775/999/775 787/1013/787
f 786/1012/786 787/1013/787 775/999/775
f 788/1014/788 778/1002/778 776/1000/776
f 776/1000/776 787/1013/787 788/1014/788
f 789/1015/789 780/1004/780 788/1014/788
f 778/1002/778 788/1014/788 780/1004/780
f 790/1016/790 782/1017/782 789/1018/789
f 780/1019/780 789/1018/789 782/1017/782
f 784/1020/784 785/1021/785 791/1022/791
f 792/1023/792 791/1022/791 785/1021/785
f 786/1024/786 784/1020/784 793/1025/793
f 791/1022/791 793/1025/793 784/1020/784
f 787/1026/787 786/1024/786 794/1027/794
f 793/1025/793 794/1027/794 786/1024/786
f 795/1028/795 788/1029/788 787/1026/787
f 787/1026/787 794/1027/794 795/1028/795
f 796/1030/796 789/1018/789 795/1028/795
f 788/1029/788 795/1028/795 789/1018/789
f 797/1031/797 790/1016/790 796/1030/796
f 789/1018/789 796/1030/796 790/1016/790
f 791/1022/791 792/1023/792 798/1032/798
f 799/1033/799 798/1032/798 792/1023/792
f 793/1025/793 791/1022/791 800/1034/800
f 798/1032/798 800/1034/800 791/1022/791
f 794/1027/794 793/1025/793 801/1035/801
f 800/1034/800 801/1035/801 793/1025/793
f 802/1036/802 795/1028/795 794/1027/794
f 794/1027/794 801/1035/801 802/1036/802
f 803/1037/803 796/1030/796 802/1036/802
f 795/1028/795 802/1036/802 796/1030/796
f 804/1038/804 797/1031/797 803/1037/803
f 796/1030/796 803/1037/803 797/1031/797
f 798/1039/798 799/1040/799 805/1041/805
f 806/1042/806 805/1041/805 799/1040/799
f 800/1043/800 798/1039/798 807/1044/807
f 805/1041/805 807/1044/807 798/1039/798
f 801/1045/801 800/1043/800 808/1046/808
f 807/1044/807 808/1046/808 800/1043/800
f 809/1047/809 802/1048/802 801/1045/801
f 801/1045/801 808/1046/808 809/1047/809
f 810/1049/810 803/1037/803 809/1050/809
f 802/1036/802 809/1050/809 803/1037/803
f 811/1051/811 804/1038/804 810/1049/810
f 803/1037/803 810/1049/810 804/1038/804
f 805/1041/805 806/1042/806 812/1052/812
f 813/1053/813 812/1052/812 806/1042/806
f 807/1044/807 805/1041/805 814/1054/814
f 812/1052/812 814/1054/814 805/1041/805
f 815/1055/815 808/1046/808 814/1054/814
f 807/1044/807 814/1054/814 808/1046/808
f 816/1056/816 809/1047/809 815/1055/815
f 808/1046/808 815/1055/815 809/1047/809
f 817/1057/817 810/1058/810 816/1056/816
f 809/1047/809 816/1056/816 810/1058/810
f 818/1059/818 811/1060/811 817/1061/817
f 810/1062/810 817/1061/817 811/1060/811
f 819/1063/819 820/1064/820 812/1052/812
f 812/1052/812 813/1053/813 819/1063/819
f 820/1064/820 821/1065/821 814/1054/814
f 814/1054/814 812/1052/812 820/1064/820
f 822/1066/822 815/1055/815 814/1054/814
f 814/1054/814 821/1065/821 822/1066/822
f 823/1067/823 816/1056/816 815/1055/815
f 815/1055/815 822/1066/822 823/1067/823
f 824/1068/824 817/1057/817 816/1056/816
f 816/1056/816 823/1067/823 824/1068/824
f 825/1069/825 818/1059/818 817/1061/817
f 817/1061/817 824/1070/824 825/1069/825
f 826/1071/826 827/1072/827 820/1064/820
f 820/1064/820 819/1063/819 826/1071/826
f 827/1072/827 828/1073/828 821/1065/821
f 821/1065/821 820/1064/820 827/1072/827
f 828/1073/828 829/1074/829 822/1066/822
f 822/1066/822 821/1065/821 828/1073/828
f 830/1075/830 823/1067/823 829/1074/829
f 822/1066/822 829/1074/829 823/1067/823
f 831/1076/831 824/1068/824 823/1067/823
f 823/1067/823 830/1075/830 831/1076/831
f 832/1077/832 825/1069/825 824/1070/824
f 824/1070/824 831/1078/831 832/1077/832
f 833/1079/833 834/1080/834 827/1072/827
f 827/1072/827 826/1071/826 833/1079/833
f 834/1080/834 835/1081/835 828/1073/828
f 828/1073/828 827/1072/827 834/1080/834
f 835/1082/835 836/1083/836 829/1084/829
f 829/1085/829 828/1086/828 835/1087/835
f 837/1088/837 830/1089/830 836/1090/836
f 829/1091/829 836/1090/836 830/1089/830
f 838/1092/838 831/1078/831 830/1089/830
f 830/1089/830 837/1088/837 838/1092/838
f 839/1093/839 832/1077/832 831/1078/831
f 831/1078/831 838/1092/838 839/1093/839
f 840/1094/840 841/1095/841 834/1096/834
f 834/1096/834 833/1097/833 840/1094/840
f 841/1095/841 842/1098/842 835/1099/835
f 835/1099/835 834/1096/834 841/1095/841
f 842/1098/842 843/1100/843 836/1090/836
f 836/1090/836 835/1099/835 842/1098/842
f 844/1101/844 837/1088/837 843/1100/843
f 836/1090/836 843/1100/843 837/1088/837
f 845/1102/845 838/1103/838 837/1104/837
f 837/1104/837 844/1105/844 845/1102/845
f 846/1106/846 839/1107/839 838/1103/838
f 838/1103/838 845/1102/845 846/1106/846
f 847/1108/847 848/1109/848 841/1110/841
f 841/1110/841 840/1111/840 847/1108/847
f 848/1109/848 849/1112/849 842/1113/842
f 842/1113/842 841/1110/841 848/1109/848
f 849/1112/849 850/1114/850 843/1115/843
f 843/1115/843 842/1113/842 849/1112/849
f 851/1116/851 844/1117/844 850/1114/850
f 843/1115/843 850/1114/850 844/1117/844
f 852/1118/852 845/1119/845 844/1117/844
f 844/1117/844 851/1116/851 852/1118/852
f 853/1120/853 846/1106/846 845/1102/845
f 845/1102/845 852/1121/852 853/1120/853
f 771/995/771 770/994/770 848/1109/848
f 848/1109/848 847/1108/847 771/995/771
f 770/994/770 774/998/774 849/1112/849
f 849/1112/849 848/1109/848 770/994/770
f 777/1001/777 850/1114/850 774/998/774
f 849/1112/849 774/998/774 850/1114/850
f 779/1003/779 851/1116/851 850/1114/850
f 850/1114/850 777/1001/777 779/1003/779
f 781/1005/781 852/1118/852 851/1116/851
f 851/1116/851 779/1003/779 781/1005/781
f 783/1007/783 853/1120/853 852/1121/852
f 852/1121/852 781/1009/781 783/1007/783
f 854/1122/854 855/1123/855 782/1006/782
f 783/1007/783 782/1006/782 855/1123/855
f 856/1124/856 857/1125/857 855/1123/855
f 855/1123/855 854/1122/854 856/1124/856
f 858/1126/858 859/1127/859 857/1125/857
f 857/1125/857 856/1124/856 858/1126/858
f 860/1128/860 861/1129/861 859/1127/859
f 859/1127/859 858/1126/858 860/1128/860
f 862/1130/862 863/1131/863 861/1132/861
f 861/1132/861 860/1133/860 862/1130/862
f 864/1134/864 865/1135/865 863/1131/863
f 863/1131/863 862/1130/862 864/1134/864
f 866/1136/866 854/1137/854 782/1017/782
f 782/1017/782 790/1016/790 866/1136/866
f 867/1138/867 856/1139/856 854/1137/854
f 854/1137/854 866/1136/866 867/1138/867
f 868/1140/868 858/1141/858 856/1139/856
f 856/1139/856 867/1138/867 868/1140/868
f 869/1142/869 860/1143/860 858/1141/858
f 858/1141/858 868/1140/868 869/1142/869
f 870/1144/870 862/1130/862 860/1133/860
f 860/1133/860 869/1145/869 870/1144/870
f 871/1146/871 864/1134/864 870/1144/870
f 862/1130/862 870/1144/870 864/1134/864
f 872/1147/872 866/1136/866 790/1016/790
f 790/1016/790 797/1031/797 872/1147/872
f 873/1148/873 867/1138/867 866/1136/866
f 866/1136/866 872/1147/872 873/1148/873
f 874/1149/874 868/1140/868 867/1138/867
f 867/1138/867 873/1148/873 874/1149/874
f 875/1150/875 869/1142/869 874/1149/874
f 868/1140/868 874/1149/874 869/1142/869
f 876/1151/876 870/1152/870 875/1150/875
f 869/1142/869 875/1150/875 870/1152/870
f 877/1153/877 871/1154/871 876/1151/876
f 870/1152/870 876/1151/876 871/1154/871
f 878/1155/878 872/1147/872 797/1031/797
f 797/1031/797 804/1038/804 878/1155/878
f 879/1156/879 873/1148/873 872/1147/872
f 872/1147/872 878/1155/878 879/1156/879
f 880/1157/880 874/1149/874 873/1148/873
f 873/1148/873 879/1156/879 880/1157/880
f 881/1158/881 875/1150/875 880/1157/880
f 874/1149/874 880/1157/880 875/1150/875
f 882/1159/882 876/1151/876 881/1158/881
f 875/1150/875 881/1158/881 876/1151/876
f 883/1160/883 877/1153/877 882/1159/882
f 876/1151/876 882/1159/882 877/1153/877
f 884/1161/884 878/1155/878 804/1038/804
f 804/1038/804 811/1051/811 884/1161/884
f 885/1162/885 879/1156/879 878/1155/878
f 878/1155/878 884/1161/884 885/1162/885
f 886/1163/886 880/1157/880 879/1156/879
f 879/1156/879 885/1162/885 886/1163/886
f 887/1164/887 881/1165/881 880/1166/880
f 880/1166/880 886/1167/886 887/1164/887
f 888/1168/888 882/1169/882 881/1165/881
f 881/1165/881 887/1164/887 888/1168/888
f 889/1170/889 883/1171/883 888/1168/888
f 882/1169/882 888/1168/888 883/1171/883
f 890/1172/890 884/1173/884 811/1060/811
f 811/1060/811 818/1059/818 890/1172/890
f 891/1174/891 885/1175/885 884/1173/884
f 884/1173/884 890/1172/890 891/1174/891
f 892/1176/892 886/1177/886 885/1175/885
f 885/1175/885 891/1174/891 892/1176/892
f 893/1178/893 887/1179/887 886/1180/886
f 886/1181/886 892/1182/892 893/1183/893
f 894/1184/894 888/1168/888 887/1164/887
f 887/1164/887 893/1185/893 894/1184/894
f 895/1186/895 889/1170/889 888/1168/888
f 888/1168/888 894/1184/894 895/1186/895
f 896/1187/896 890/1172/890 825/1069/825
f 818/1059/818 825/1069/825 890/1172/890
f 897/1188/897 891/1174/891 896/1187/896
f 890/1172/890 896/1187/896 891/1174/891
f 898/1189/898 892/1176/892 897/1188/897
f 891/1174/891 897/1188/897 892/1176/892
f 899/1190/899 893/1191/893 898/1189/898
f 892/1176/892 898/1189/898 893/1191/893
f 900/1192/900 894/1193/894 899/1190/899
f 893/1191/893 899/1190/899 894/1193/894
f 901/1194/901 895/1186/895 900/1195/900
f 894/1184/894 900/1195/900 895/1186/895
f 902/1196/902 896/1187/896 832/1077/832
f 825/1069/825 832/1077/832 896/1187/896
f 903/1197/903 897/1188/897 902/1196/902
f 896/1187/896 902/1196/902 897/1188/897
f 904/1198/904 898/1189/898 903/1197/903
f 897/1188/897 903/1197/903 898/1189/898
f 905/1199/905 899/1190/899 904/1198/904
f 898/1189/898 904/1198/904 899/1190/899
f 906/1200/906 900/1192/900 905/1199/905
f 899/1190/899 905/1199/905 900/1192/900
f 907/1201/907 901/1202/901 900/1192/900
f 900/1192/900 906/1200/906 907/1201/907
f 908/1203/908 902/1196/902 839/1093/839
f 832/1077/832 839/1093/839 902/1196/902
f 909/1204/909 903/1197/903 908/1203/908
f 902/1196/902 908/1203/908 903/1197/903
f 910/1205/910 904/1198/904 909/1204/909
f 903/1197/903 909/1204/909 904/1198/904
f 911/1206/911 905/1199/905 904/1198/904
f 904/1198/904 910/1205/910 911/1206/911
f 912/1207/912 906/1200/906 905/1199/905
f 905/1199/905 911/1206/911 912/1207/912
f 913/1208/913 907/1201/907 906/1200/906
f 906/1200/906 912/1207/912 913/1208/913
f 914/1209/914 908/1210/908 846/1106/846
f 839/1107/839 846/1106/846 908/1210/908
f 915/1211/915 909/1212/909 914/1209/914
f 908/1210/908 914/1209/914 909/1212/909
f 916/1213/916 910/1214/910 915/1211/915
f 909/1212/909 915/1211/915 910/1214/910
f 917/1215/917 911/1216/911 910/1214/910
f 910/1214/910 916/1213/916 917/1215/917
f 918/1217/918 912/1218/912 911/1216/911
f 911/1216/911 917/1215/917 918/1217/918
f 919/1219/919 913/1220/913 912/1218/912
f 912/1218/912 918/1217/918 919/1219/919
f 920/1221/920 914/1209/914 853/1120/853
f 846/1106/846 853/1120/853 914/1209/914
f 921/1222/921 915/1211/915 920/1221/920
f 914/1209/914 920/1221/920 915/1211/915
f 922/1223/922 916/1213/916 921/1222/921
f 915/1211/915 921/1222/921 916/1213/916
f 923/1224/923 917/1215/917 922/1223/922
f 916/1213/916 922/1223/922 917/1215/917
f 924/1225/924 918/1217/918 923/1224/923
f 917/1215/917 923/1224/923 918/1217/918
f 925/1226/925 919/1227/919 918/1228/918
f 918/1228/918 924/1229/924 925/1226/925
f 855/1123/855 920/1221/920 853/1120/853
f 853/1120/853 783/1007/783 855/1123/855
f 857/1125/857 921/1222/921 855/1123/855
f 920/1221/920 855/1123/855 921/1222/921
f 859/1127/859 922/1223/922 857/1125/857
f 921/1222/921 857/1125/857 922/1223/922
f 861/1129/861 923/1224/923 859/1127/859
f 922/1223/922 859/1127/859 923/1224/923
f 863/1230/863 924/1225/924 861/1129/861
f 923/1224/923 861/1129/861 924/1225/924
f 865/1135/865 925/1226/925 863/1131/863
f 924/1229/924 863/1131/863 925/1226/925
f 926/1231/926 927/1232/927 928/1233/928
f 928/1233/928 929/1234/929 926/1231/926
f 929/1234/929 928/1233/928 930/1235/930
f 930/1235/930 931/1236/931 929/1234/929
f 931/1236/931 930/1235/930 932/1237/932
f 932/1237/932 933/1238/933 931/1236/931
f 933/1239/933 932/1240/932 934/1241/934
f 934/1241/934 935/1242/935 933/1239/933
f 935/1242/935 934/1241/934 936/1243/936
f 936/1243/936 937/1244/937 935/1242/935
f 937/1245/937 936/1246/936 938/1247/938
f 939/1248/939 938/1247/938 936/1246/936
f 940/1249/940 941/1250/941 927/1251/927
f 928/1252/928 927/1251/927 941/1250/941
f 928/1252/928 941/1250/941 942/1253/942
f 942/1253/942 930/1254/930 928/1252/928
f 930/1254/930 942/1253/942 943/1255/943
f 943/1255/943 932/1256/932 930/1254/930
f 932/1256/932 943/1255/943 944/1257/944
f 944/1257/944 934/1258/934 932/1256/932
f 934/1258/934 944/1257/944 936/1259/936
f 945/1260/945 936/1259/936 944/1257/944
f 936/1259/936 945/1260/945 939/1261/939
f 946/1262/946 939/1261/939 945/1260/945
f 947/1263/947 948/1264/948 940/1249/940
f 941/1250/941 940/1249/940 948/1264/948
f 941/1250/941 948/1264/948 949/1265/949
f 949/1265/949 942/1253/942 941/1250/941
f 942/1253/942 949/1265/949 943/1255/943
f 950/1266/950 943/1255/943 949/1265/949
f 943/1255/943 950/1266/950 944/1257/944
f 951/1267/951 944/1257/944 950/1266/950
f 944/1257/944 951/1267/951 945/1260/945
f 952/1268/952 945/1260/945 951/1267/951
f 945/1260/945 952/1268/952 946/1262/946
f 953/1269/953 946/1262/946 952/1268/952
f 954/1270/954 955/1271/955 947/1263/947
f 948/1264/948 947/1263/947 955/1271/955
f 948/1264/948 955/1271/955 956/1272/956
f 956/1272/956 949/1265/949 948/1264/948
f 949/1265/949 956/1272/956 950/1266/950
f 957/1273/957 950/1266/950 956/1272/956
f 950/1266/950 957/1273/957 951/1267/951
f 958/1274/958 951/1267/951 957/1273/957
f 951/1267/951 958/1274/958 952/1268/952
f 959/1275/959 952/1268/952 958/1274/958
f 952/1268/952 959/1275/959 953/1269/953
f 960/1276/960 953/1269/953 959/1275/959
f 954/1277/954 961/1278/961 962/1279/962
f 962/1279/962 955/1280/955 954/1277/954
f 955/1280/955 962/1279/962 956/1281/956
f 963/1282/963 956/1281/956 962/1279/962
f 956/1283/956 963/1284/963 957/1285/957
f 964/1286/964 957/1285/957 963/1284/963
f 957/1285/957 964/1286/964 958/1287/958
f 965/1288/965 958/1274/958 964/1289/964
f 958/1274/958 965/1288/965 959/1275/959
f 966/1290/966 959/1275/959 965/1288/965
f 959/1291/959 966/1292/966 960/1293/960
f 967/1294/967 960/1293/960 966/1292/966
f 961/1278/961 968/1295/968 962/1279/962
f 969/1296/969 962/1279/962 968/1295/968
f 962/1279/962 969/1296/969 963/1282/963
f 970/1297/970 963/1282/963 969/1296/969
f 963/1284/963 970/1298/970 964/1286/964
f 971/1299/971 964/1286/964 970/1298/970
f 964/1286/964 971/1299/971 965/1300/965
f 972/1301/972 965/1300/965 971/1299/971
f 965/1300/965 972/1301/972 966/1302/966
f 973/1303/973 966/1302/966 972/1301/972
f 966/1292/966 973/1304/973 967/1294/967
f 974/1305/974 967/1294/967 973/1304/973
f 968/1295/968 975/1306/975 976/1307/976
f 976/1307/976 969/1296/969 968/1295/968
f 969/1296/969 976/1307/976 977/1308/977
f 977/1308/977 970/1297/970 969/1296/969
f 970/1298/970 977/1309/977 978/1310/978
f 978/1310/978 971/1299/971 970/1298/970
f 971/1299/971 978/1310/978 979/1311/979
f 979/1311/979 972/1301/972 971/1299/971
f 972/1301/972 979/1311/979 980/1312/980
f 980/1312/980 973/1303/973 972/1301/972
f 973/1304/973 980/1313/980 981/1314/981
f 981/1314/981 974/1305/974 973/1304/973
f 975/1306/975 982/1315/982 976/1307/976
f 983/1316/983 976/1307/976 982/1315/982
f 976/1317/976 983/1318/983 984/1319/984
f 984/1319/984 977/1309/977 976/1317/976
f 977/1309/977 984/1319/984 985/1320/985
f 985/1320/985 978/1310/978 977/1309/977
f 978/1310/978 985/1320/985 986/1321/986
f 986/1321/986 979/1311/979 978/1310/978
f 979/1311/979 986/1321/986 987/1322/987
f 987/1322/987 980/1312/980 979/1311/979
f 980/1312/980 987/1322/987 988/1323/988
f 988/1323/988 981/1324/981 980/1312/980
f 983/1325/983 982/1326/982 989/1327/989
f 989/1327/989 990/1328/990 983/1325/983
f 983/1318/983 990/1329/990 984/1319/984
f 991/1330/991 984/1319/984 990/1329/990
f 984/1319/984 991/1330/991 992/1331/992
f 992/1331/992 985/1320/985 984/1319/984
f 985/1320/985 992/1331/992 993/1332/993
f 993/1332/993 986/1321/986 985/1320/985
f 986/1321/986 993/1332/993 994/1333/994
f 994/1333/994 987/1322/987 986/1321/986
f 987/1322/987 994/1333/994 995/1334/995
f 995/1334/995 988/1323/988 987/1322/987
f 990/1328/990 989/1327/989 996/1335/996
f 996/1335/996 997/1336/997 990/1328/990
f 990/1328/990 997/1336/997 991/1337/991
f 998/1338/998 991/1337/991 997/1336/997
f 991/1337/991 998/1338/998 999/1339/999
f 999/1339/999 992/1340/992 991/1337/991
f 992/1340/992 999/1339/999 1000/1341/1000
f 1000/1341/1000 993/1342/993 992/1340/992
f 993/1342/993 1000/1341/1000 1001/1343/1001
f 1001/1343/1001 994/1344/994 993/1342/993
f 994/1344/994 1001/1343/1001 1002/1345/1002
f 1002/1345/1002 995/1346/995 994/1344/994
f 997/1347/997 996/1348/996 1003/1349/1003
f 1003/1349/1003 1004/1350/1004 997/1347/997
f 997/1347/997 1004/1350/1004 998/1351/998
f 1005/1352/1005 998/1351/998 1004/1350/1004
f 998/1338/998 1005/1353/1005 999/1339/999
f 1006/1354/1006 999/1339/999 1005/1353/1005
f 999/1339/999 1006/1354/1006 1000/1341/1000
f 1007/1355/1007 1000/1341/1000 1006/1354/1006
f 1000/1341/1000 1007/1355/1007 1008/1356/1008
f 1008/1356/1008 1001/1343/1001 1000/1341/1000
f 1001/1343/1001 1008/1356/1008 1009/1357/1009
f 1009/1357/1009 1002/1345/1002 1001/1343/1001
f 1003/1349/1003 926/1231/926 1004/1350/1004
f 929/1234/929 1004/1350/1004 926/1231/926
f 1004/1350/1004 929/1234/929 1005/1352/1005
f 931/1236/931 1005/1352/1005 929/1234/929
f 1005/1353/1005 931/1358/931 1006/1354/1006
f 933/1239/933 1006/1354/1006 931/1358/931
f 1006/1354/1006 933/1239/933 1007/1355/1007
f 935/1242/935 1007/1355/1007 933/1239/933
f 1007/1355/1007 935/1242/935 1008/1356/1008
f 937/1244/937 1008/1356/1008 935/1242/935
f 1008/1359/1008 937/1245/937 938/1247/938
f 938/1247/938 1009/1360/1009 1008/1359/1008
f 938/1247/938 939/1248/939 1010/1361/1010
f 1011/1362/1011 1010/1361/1010 939/1248/939
f 1010/1361/1010 1011/1362/1011 1012/1363/1012
f 1013/1364/1013 1012/1363/1012 1011/1362/1011
f 1012/1363/1012 1013/1364/1013 1014/1365/1014
f 1015/1366/1015 1014/1365/1014 1013/1364/1013
f 1016/1367/1016 1017/1368/1017 1014/1365/1014
f 1014/1365/1014 1015/1366/1015 1016/1367/1016
f 1018/1369/1018 1019/1370/1019 1017/1371/1017
f 1017/1371/1017 1016/1372/1016 1018/1369/1018
f 1020/1373/1020 1021/1374/1021 1019/1375/1019
f 1019/1375/1019 1018/1376/1018 1020/1373/1020
f 939/1261/939 946/1262/946 1011/1377/1011
f 1022/1378/1022 1011/1377/1011 946/1262/946
f 1011/1362/1011 1022/1379/1022 1013/1364/1013
f 1023/1380/1023 1013/1364/1013 1022/1379/1022
f 1013/1364/1013 1023/1380/1023 1015/1366/1015
f 1024/1381/1024 1015/1366/1015 1023/1380/1023
f 1025/1382/1025 1016/1367/1016 1015/1366/1015
f 1015/1366/1015 1024/1381/1024 1025/1382/1025
f 1026/1383/1026 1018/1369/1018 1016/1372/1016
f 1016/1372/1016 1025/1384/1025 1026/1383/1026
f 1027/1385/1027 1020/1386/1020 1018/1369/1018
f 1018/1369/1018 1026/1383/1026 1027/1385/1027
f 946/1262/946 953/1269/953 1022/1378/1022
f 1028/1387/1028 1022/1378/1022 953/1269/953
f 1022/1378/1022 1028/1387/1028 1023/1388/1023
f 1029/1389/1029 1023/1388/1023 1028/1387/1028
f 1023/1380/1023 1029/1390/1029 1024/1381/1024
f 1030/1391/1030 1024/1381/1024 1029/1390/1029
f 1031/1392/1031 1025/1382/1025 1024/1381/1024
f 1024/1381/1024 1030/1391/1030 1031/1392/1031
f 1032/1393/1032 1026/1394/1026 1025/1382/1025
f 1025/1382/1025 1031/1392/1031 1032/1393/1032
f 1033/1395/1033 1027/1396/1027 1026/1394/1026
f 1026/1394/1026 1032/1393/1032 1033/1395/1033
f 953/1269/953 960/1276/960 1028/1387/1028
f 1034/1397/1034 1028/1387/1028 960/1276/960
f 1028/1387/1028 1034/1397/1034 1029/1389/1029
f 1035/1398/1035 1029/1389/1029 1034/1397/1034
f 1029/1390/1029 1035/1399/1035 1030/1391/1030
f 1036/1400/1036 1030/1391/1030 1035/1399/1035
f 1037/1401/1037 1031/1392/1031 1030/1391/1030
f 1030/1391/1030 1036/1400/1036 1037/1401/1037
f 1038/1402/1038 1032/1393/1032 1031/1392/1031
f 1031/1392/1031 1037/1401/1037 1038/1402/1038
f 1039/1403/1039 1033/1395/1033 1032/1393/1032
f 1032/1393/1032 1038/1402/1038 1039/1403/1039
f 960/1293/960 967/1294/967 1034/1404/1034
f 1040/1405/1040 1034/1404/1034 967/1294/967
f 1034/1397/1034 1040/1406/1040 1035/1398/1035
f 1041/1407/1041 1035/1398/1035 1040/1406/1040
f 1035/1399/1035 1041/1408/1041 1036/1400/1036
f 1042/1409/1042 1036/1400/1036 1041/1408/1041
f 1043/1410/1043 1037/1401/1037 1036/1400/1036
f 1036/1400/1036 1042/1409/1042 1043/1410/1043
f 1044/1411/1044 1038/1402/1038 1037/1401/1037
f 1037/1401/1037 1043/1410/1043 1044/1411/1044
f 1045/1412/1045 1039/1403/1039 1038/1402/1038
f 1038/1402/1038 1044/1411/1044 1045/1412/1045
f 967/1294/967 974/1305/974 1040/1405/1040
f 1046/1413/1046 1040/1405/1040 974/1305/974
f 1040/1405/1040 1046/1413/1046 1041/1414/1041
f 1047/1415/1047 1041/1414/1041 1046/1413/1046
f 1041/1416/1041 1047/1417/1047 1042/1418/1042
f 1048/1419/1048 1042/1418/1042 1047/1417/1047
f 1049/1420/1049 1043/1410/1043 1042/1409/1042
f 1042/1409/1042 1048/1421/1048 1049/1420/1049
f 1050/1422/1050 1044/1411/1044 1043/1410/1043
f 1043/1410/1043 1049/1420/1049 1050/1422/1050
f 1051/1423/1051 1045/1412/1045 1044/1411/1044
f 1044/1411/1044 1050/1422/1050 1051/1423/1051
f 974/1305/974 981/1314/981 1052/1424/1052
f 1052/1424/1052 1046/1413/1046 974/1305/974
f 1046/1413/1046 1052/1424/1052 1053/1425/1053
f 1053/1425/1053 1047/1415/1047 1046/1413/1046
f 1047/1417/1047 1053/1426/1053 1054/1427/1054
f 1054/1427/1054 1048/1419/1048 1047/1417/1047
f 1055/1428/1055 1049/1420/1049 1054/1429/1054
f 1048/1421/1048 1054/1429/1054 1049/1420/1049
f 1056/1430/1056 1050/1422/1050 1055/1428/1055
f 1049/1420/1049 1055/1428/1055 1050/1422/1050
f 1057/1431/1057 1051/1423/1051 1056/1430/1056
f 1050/1422/1050 1056/1430/1056 1051/1423/1051
f 981/1314/981 988/1432/988 1058/1433/1058
f 1058/1433/1058 1052/1424/1052 981/1314/981
f 1052/1434/1052 1058/1435/1058 1059/1436/1059
f 1059/1436/1059 1053/1437/1053 1052/1434/1052
f 1053/1438/1053 1059/1439/1059 1060/1440/1060
f 1060/1440/1060 1054/1429/1054 1053/1438/1053
f 1061/1441/1061 1055/1428/1055 1060/1440/1060
f 1054/1429/1054 1060/1440/1060 1055/1428/1055
f 1062/1442/1062 1056/1430/1056 1061/1441/1061
f 1055/1428/1055 1061/1441/1061 1056/1430/1056
f 1063/1443/1063 1057/1431/1057 1062/1442/1062
f 1056/1430/1056 1062/1442/1062 1057/1431/1057
f 988/1323/988 995/1334/995 1064/1444/1064
f 1064/1445/1064 1058/1446/1058 988/1447/988
f 1058/1435/1058 1064/1448/1064 1065/1449/1065
f 1065/1449/1065 1059/1436/1059 1058/1435/1058
f 1059/1439/1059 1065/1450/1065 1066/1451/1066
f 1066/1451/1066 1060/1440/1060 1059/1439/1059
f 1067/1452/1067 1061/1441/1061 1066/1451/1066
f 1060/1440/1060 1066/1451/1066 1061/1441/1061
f 1068/1453/1068 1062/1454/1062 1067/1455/1067
f 1061/1456/1061 1067/1455/1067 1062/1454/1062
f 1069/1457/1069 1063/1458/1063 1068/1453/1068
f 1062/1454/1062 1068/1453/1068 1063/1458/1063
f 995/1346/995 1002/1345/1002 1070/1459/1070
f 1070/1459/1070 1064/1460/1064 995/1346/995
f 1064/1461/1064 1070/1462/1070 1071/1463/1071
f 1071/1463/1071 1065/1450/1065 1064/1461/1064
f 1065/1450/1065 1071/1463/1071 1072/1464/1072
f 1072/1464/1072 1066/1451/1066 1065/1450/1065
f 1073/1465/1073 1067/1452/1067 1072/1464/1072
f 1066/1451/1066 1072/1464/1072 1067/1452/1067
f 1074/1466/1074 1068/1453/1068 1073/1467/1073
f 1067/1455/1067 1073/1467/1073 1068/1453/1068
f 1075/1468/1075 1069/1457/1069 1074/1466/1074
f 1068/1453/1068 1074/1466/1074 1069/1457/1069
f 1002/1469/1002 1009/1360/1009 1076/1470/1076
f 1076/1470/1076 1070/1462/1070 1002/1469/1002
f 1070/1462/1070 1076/1470/1076 1077/1471/1077
f 1077/1471/1077 1071/1463/1071 1070/1462/1070
f 1071/1463/1071 1077/1471/1077 1078/1472/1078
f 1078/1472/1078 1072/1464/1072 1071/1463/1071
f 1079/1473/1079 1073/1465/1073 1078/1472/1078
f 1072/1464/1072 1078/1472/1078 1073/1465/1073
f 1080/1474/1080 1074/1466/1074 1079/1475/1079
f 1073/1467/1073 1079/1475/1079 1074/1466/1074
f 1081/1476/1081 1075/1468/1075 1080/1474/1080
f 1074/1466/1074 1080/1474/1080 1075/1468/1075
f 1009/1360/1009 938/1247/938 1010/1361/1010
f 1010/1361/1010 1076/1470/1076 1009/1360/1009
f 1076/1470/1076 1010/1361/1010 1012/1363/1012
f 1012/1363/1012 1077/1471/1077 1076/1470/1076
f 1077/1471/1077 1012/1363/1012 1014/1365/1014
f 1014/1365/1014 1078/1472/1078 1077/1471/1077
f 1017/1368/1017 1079/1473/1079 1014/1365/1014
f 1078/1472/1078 1014/1365/1014 1079/1473/1079
f 1019/1370/1019 1080/1477/1080 1017/1371/1017
f 1079/1478/1079 1017/1371/1017 1080/1477/1080
f 1021/1374/1021 1081/1479/1081 1019/1375/1019
f 1080/1480/1080 1019/1375/1019 1081/1479/1081
f 1082/1481/1082 1083/1482/1083 1084/1483/1084
f 1084/1483/1084 1083/1482/1083 1085/1484/1085
f 1085/1484/1085 1083/1482/1083 1086/1485/1086
f 1086/1485/1086 1083/1482/1083 1087/1486/1087
f 1087/1486/1087 1083/1482/1083 1088/1487/1088
f 1088/1487/1088 1083/1482/1083 1089/1488/1089
f 1089/1488/1089 1083/1482/1083 1090/1489/1090
f 1090/1489/1090 1083/1482/1083 1091/1490/1091
f 1091/1490/1091 1083/1482/1083 1092/1491/1092
f 1092/1491/1092 1083/1482/1083 1093/1492/1093
f 1093/1492/1093 1083/1482/1083 1094/1493/1094
f 1094/1493/1094 1083/1482/1083 1095/1494/1095
f 1095/1494/1095 1083/1482/1083 1096/1495/1096
f 1096/1495/1096 1083/1482/1083 1097/1496/1097
f 1097/1496/1097 1083/1482/1083 1098/1497/1098
f 1098/1497/1098 1083/1482/1083 1099/1498/1099
f 1099/1498/1099 1083/1482/1083 1100/1499/1100
f 1100/1499/1100 1083/1482/1083 1101/1500/1101
f 1101/1500/1101 1083/1482/1083 1102/1501/1102
f 1102/1501/1102 1083/1482/1083 1103/1502/1103
f 1103/1502/1103 1083/1482/1083 1104/1503/1104
f 1104/1503/1104 1083/1482/1083 1105/1504/1105
f 1105/1504/1105 1083/1482/1083 1106/1505/1106
f 1106/1505/1106 1083/1482/1083 1082/1481/1082
f 1107/1506/1107 1108/1507/1108 1084/1483/1084
f 1082/1481/1082 1084/1483/1084 1108/1507/1108
f 1109/1508/1109 1110/1509/1110 1108/1510/1108
f 1108/1510/1108 1107/1511/1107 1109/1508/1109
f 1111/1512/1111 1112/1513/1112 1110/1514/1110
f 1110/1514/1110 1109/1515/1109 1111/1512/1111
f 1113/1516/1113 1114/1517/1114 1112/1513/1112
f 1112/1513/1112 1111/1512/1111 1113/1516/1113
f 1115/1518/1115 1107/1506/1107 1085/1484/1085
f 1084/1483/1084 1085/1484/1085 1107/1506/1107
f 1116/1519/1116 1109/1515/1109 1107/1520/1107
f 1107/1520/1107 1115/1521/1115 1116/1519/1116
f 1117/1522/1117 1111/1512/1111 1109/1515/1109
f 1109/1515/1109 1116/1519/1116 1117/1522/1117
f 1118/1523/1118 1113/1516/1113 1111/1512/1111
f 1111/1512/1111 1117/1522/1117 1118/1523/1118
f 1119/1524/1119 1115/1518/1115 1086/1485/1086
f 1085/1484/1085 1086/1485/1086 1115/1518/1115
f 1120/1525/1120 1116/1519/1116 1115/1521/1115
f 1115/1521/1115 1119/1526/1119 1120/1525/1120
f 1121/1527/1121 1117/1522/1117 1116/1519/1116
f 1116/1519/1116 1120/1525/1120 1121/1527/1121
f 1122/1528/1122 1118/1523/1118 1117/1522/1117
f 1117/1522/1117 1121/1527/1121 1122/1528/1122
f 1123/1529/1123 1119/1524/1119 1086/1485/1086
f 1086/1485/1086 1087/1486/1087 1123/1529/1123
f 1124/1530/1124 1120/1531/1120 1123/1532/1123
f 1119/1533/1119 1123/1532/1123 1120/1531/1120
f 1125/1534/1125 1121/1527/1121 1124/1535/1124
f 1120/1525/1120 1124/1535/1124 1121/1527/1121
f 1126/1536/1126 1122/1528/1122 1125/1534/1125
f 1121/1527/1121 1125/1534/1125 1122/1528/1122
f 1127/1537/1127 1123/1529/1123 1087/1486/1087
f 1087/1486/1087 1088/1487/1088 1127/1537/1127
f 1128/1538/1128 1124/1530/1124 1127/1539/1127
f 1123/1532/1123 1127/1539/1127 1124/1530/1124
f 1129/1540/1129 1125/1534/1125 1128/1541/1128
f 1124/1535/1124 1128/1541/1128 1125/1534/1125
f 1130/1542/1130 1126/1536/1126 1129/1540/1129
f 1125/1534/1125 1129/1540/1129 1126/1536/1126
f 1131/1543/1131 1127/1537/1127 1088/1487/1088
f 1088/1487/1088 1089/1488/1089 1131/1543/1131
f 1132/1544/1132 1128/1538/1128 1131/1545/1131
f 1127/1539/1127 1131/1545/1131 1128/1538/1128
f 1133/1546/1133 1129/1540/1129 1132/1547/1132
f 1128/1541/1128 1132/1547/1132 1129/1540/1129
f 1134/1548/1134 1130/1549/1130 1133/1550/1133
f 1129/1551/1129 1133/1550/1133 1130/1549/1130
f 1135/1552/1135 1131/1543/1131 1090/1489/1090
f 1089/1488/1089 1090/1489/1090 1131/1543/1131
f 1136/1553/1136 1132/1544/1132 1131/1545/1131
f 1131/1545/1131 1135/1554/1135 1136/1553/1136
f 1137/1555/1137 1133/1546/1133 1132/1547/1132
f 1132/1547/1132 1136/1556/1136 1137/1555/1137
f 1138/1557/1138 1134/1548/1134 1133/1550/1133
f 1133/1550/1133 1137/1558/1137 1138/1557/1138
f 1139/1559/1139 1135/1552/1135 1091/1490/1091
f 1090/1489/1090 1091/1490/1091 1135/1552/1135
f 1140/1560/1140 1136/1553/1136 1135/1554/1135
f 1135/1554/1135 1139/1561/1139 1140/1560/1140
f 1141/1562/1141 1137/1555/1137 1136/1556/1136
f 1136/1556/1136 1140/1563/1140 1141/1562/1141
f 1142/1564/1142 1138/1557/1138 1137/1558/1137
f 1137/1558/1137 1141/1565/1141 1142/1564/1142
f 1143/1566/1143 1139/1559/1139 1092/1491/1092
f 1091/1490/1091 1092/1491/1092 1139/1559/1139
f 1144/1567/1144 1140/1560/1140 1139/1561/1139
f 1139/1561/1139 1143/1568/1143 1144/1567/1144
f 1145/1569/1145 1141/1562/1141 1140/1563/1140
f 1140/1563/1140 1144/1570/1144 1145/1569/1145
f 1146/1571/1146 1142/1564/1142 1141/1565/1141
f 1141/1565/1141 1145/1572/1145 1146/1571/1146
f 1147/1573/1147 1143/1566/1143 1092/1491/1092
f 1092/1491/1092 1093/1492/1093 1147/1573/1147
f 1148/1574/1148 1144/1567/1144 1147/1575/1147
f 1143/1568/1143 1147/1575/1147 1144/1567/1144
f 1149/1576/1149 1145/1569/1145 1148/1577/1148
f 1144/1570/1144 1148/1577/1148 1145/1569/1145
f 1150/1578/1150 1146/1571/1146 1149/1579/1149
f 1145/1572/1145 1149/1579/1149 1146/1571/1146
f 1151/1580/1151 1147/1573/1147 1093/1492/1093
f 1093/1492/1093 1094/1493/1094 1151/1580/1151
f 1152/1581/1152 1148/1582/1148 1151/1583/1151
f 1147/1584/1147 1151/1583/1151 1148/1582/1148
f 1153/1585/1153 1149/1576/1149 1152/1586/1152
f 1148/1577/1148 1152/1586/1152 1149/1576/1149
f 1154/1587/1154 1150/1588/1150 1153/1589/1153
f 1149/1590/1149 1153/1589/1153 1150/1588/1150
f 1155/1591/1155 1151/1580/1151 1094/1493/1094
f 1094/1493/1094 1095/1494/1095 1155/1591/1155
f 1156/1592/1156 1152/1581/1152 1155/1593/1155
f 1151/1583/1151 1155/1593/1155 1152/1581/1152
f 1157/1594/1157 1153/1589/1153 1156/1592/1156
f 1152/1581/1152 1156/1592/1156 1153/1589/1153
f 1158/1595/1158 1154/1587/1154 1157/1594/1157
f 1153/1589/1153 1157/1594/1157 1154/1587/1154
f 1159/1596/1159 1155/1591/1155 1096/1495/1096
f 1095/1494/1095 1096/1495/1096 1155/1591/1155
f 1160/1597/1160 1156/1592/1156 1155/1593/1155
f 1155/1593/1155 1159/1598/1159 1160/1597/1160
f 1161/1599/1161 1157/1594/1157 1156/1592/1156
f 1156/1592/1156 1160/1597/1160 1161/1599/1161
f 1162/1600/1162 1158/1595/1158 1157/1594/1157
f 1157/1594/1157 1161/1599/1161 1162/1600/1162
f 1163/1601/1163 1159/1596/1159 1097/1496/1097
f 1096/1495/1096 1097/1496/1097 1159/1596/1159
f 1164/1602/1164 1160/1597/1160 1159/1598/1159
f 1159/1598/1159 1163/1603/1163 1164/1602/1164
f 1165/1604/1165 1161/1599/1161 1160/1597/1160
f 1160/1597/1160 1164/1602/1164 1165/1604/1165
f 1166/1605/1166 1162/1600/1162 1161/1599/1161
f 1161/1599/1161 1165/1604/1165 1166/1605/1166
f 1167/1606/1167 1163/1601/1163 1098/1497/1098
f 1097/1496/1097 1098/1497/1098 1163/1601/1163
f 1168/1607/1168 1164/1602/1164 1163/1603/1163
f 1163/1603/1163 1167/1608/1167 1168/1607/1168
f 1169/1609/1169 1165/1604/1165 1164/1602/1164
f 1164/1602/1164 1168/1607/1168 1169/1609/1169
f 1170/1610/1170 1166/1605/1166 1165/1604/1165
f 1165/1604/1165 1169/1609/1169 1170/1610/1170
f 1171/1611/1171 1167/1606/1167 1098/1497/1098
f 1098/1497/1098 1099/1498/1099 1171/1611/1171
f 1172/1612/1172 1168/1607/1168 1171/1613/1171
f 1167/1608/1167 1171/1613/1171 1168/1607/1168
f 1173/1614/1173 1169/1609/1169 1172/1612/1172
f 1168/1607/1168 1172/1612/1172 1169/1609/1169
f 1174/1615/1174 1170/1610/1170 1173/1614/1173
f 1169/1609/1169 1173/1614/1173 1170/1610/1170
f 1175/1616/1175 1171/1611/1171 1099/1498/1099
f 1099/1498/1099 1100/1499/1100 1175/1616/1175
f 1176/1617/1176 1172/1612/1172 1175/1618/1175
f 1171/1613/1171 1175/1618/1175 1172/1612/1172
f 1177/1619/1177 1173/1614/1173 1176/1617/1176
f 1172/1612/1172 1176/1617/1176 1173/1614/1173
f 1178/1620/1178 1174/1615/1174 1177/1619/1177
f 1173/1614/1173 1177/1619/1177 1174/1615/1174
f 1179/1621/1179 1175/1616/1175 1100/1499/1100
f 1100/1499/1100 1101/1500/1101 1179/1621/1179
f 1180/1622/1180 1176/1617/1176 1179/1623/1179
f 1175/1618/1175 1179/1623/1179 1176/1617/1176
f 1181/1624/1181 1177/1619/1177 1180/1622/1180
f 1176/1617/1176 1180/1622/1180 1177/1619/1177
f 1182/1625/1182 1178/1620/1178 1181/1624/1181
f 1177/1619/1177 1181/1624/1181 1178/1620/1178
f 1183/1626/1183 1179/1621/1179 1102/1501/1102
f 1101/1500/1101 1102/1501/1102 1179/1621/1179
f 1184/1627/1184 1180/1622/1180 1179/1623/1179
f 1179/1623/1179 1183/1628/1183 1184/1627/1184
f 1185/1629/1185 1181/1630/1181 1180/1631/1180
f 1180/1631/1180 1184/1632/1184 1185/1629/1185
f 1186/1633/1186 1182/1625/1182 1181/1624/1181
f 1181/1624/1181 1185/1634/1185 1186/1633/1186
f 1187/1635/1187 1183/1626/1183 1103/1502/1103
f 1102/1501/1102 1103/1502/1103 1183/1626/1183
f 1188/1636/1188 1184/1637/1184 1183/1638/1183
f 1183/1638/1183 1187/1639/1187 1188/1636/1188
f 1189/1640/1189 1185/1629/1185 1184/1632/1184
f 1184/1632/1184 1188/1641/1188 1189/1640/1189
f 1190/1642/1190 1186/1643/1186 1185/1644/1185
f 1185/1644/1185 1189/1645/1189 1190/1642/1190
f 1191/1646/1191 1187/1635/1187 1104/1503/1104
f 1103/1502/1103 1104/1503/1104 1187/1635/1187
f 1192/1647/1192 1188/1636/1188 1187/1639/1187
f 1187/1639/1187 1191/1648/1191 1192/1647/1192
f 1193/1649/1193 1189/1640/1189 1188/1641/1188
f 1188/1641/1188 1192/1650/1192 1193/1649/1193
f 1194/1651/1194 1190/1642/1190 1189/1645/1189
f 1189/1645/1189 1193/1652/1193 1194/1651/1194
f 1195/1653/1195 1191/1646/1191 1104/1503/1104
f 1104/1503/1104 1105/1504/1105 1195/1653/1195
f 1196/1654/1196 1192/1647/1192 1195/1655/1195
f 1191/1648/1191 1195/1655/1195 1192/1647/1192
f 1197/1656/1197 1193/1649/1193 1196/1657/1196
f 1192/1650/1192 1196/1657/1196 1193/1649/1193
f 1198/1658/1198 1194/1651/1194 1197/1659/1197
f 1193/1652/1193 1197/1659/1197 1194/1651/1194
f 1199/1660/1199 1195/1653/1195 1105/1504/1105
f 1105/1504/1105 1106/1505/1106 1199/1660/1199
f 1200/1661/1200 1196/1654/1196 1199/1662/1199
f 1195/1655/1195 1199/1662/1199 1196/1654/1196
f 1201/1663/1201 1197/1656/1197 1200/1664/1200
f 1196/1657/1196 1200/1664/1200 1197/1656/1197
f 1202/1665/1202 1198/1658/1198 1201/1666/1201
f 1197/1659/1197 1201/1666/1201 1198/1658/1198
f 1108/1507/1108 1199/1660/1199 1106/1505/1106
f 1106/1505/1106 1082/1481/1082 1108/1507/1108
f 1110/1509/1110 1200/1661/1200 1108/1510/1108
f 1199/1662/1199 1108/1510/1108 1200/1661/1200
f 1112/1513/1112 1201/1663/1201 1110/1514/1110
f 1200/1664/1200 1110/1514/1110 1201/1663/1201
f 1114/1667/1114 1202/1665/1202 1112/1668/1112
f 1201/1666/1201 1112/1668/1112 1202/1665/1202
