/*
 * Pip3D Asset — Teapot
 * Generated automatically by Tools/Models/Convert.py. Do not edit.
 *
 * Source File     : Teapot.obj
 * Spatial Chunks  : 16 (448 bytes, 2 delta8)
 * Attribute Slots : 1646 (oct normal u16, per-mesh optional)
 * Position Slots  : 1661 (chunk-local, u8/u16 deltas)
 * Triangles       : 2256 (13536 bytes, 6B/tri, u8 chunk-local indices)
 * Bounding Sphere : Center(0.0035, 0.6308, 0.0000), Radius(1.0045)
 * Flash Memory    : 26656 bytes (26.03 KB)
 */

#pragma once

#include "Geometry/Mesh.hpp"

namespace pip3D
{
    namespace detail
    {
        alignas(4) static constexpr MeshChunk s_teapotChunks[16] = {
            { -32704, 1152, -14464, -14848, 21760, 0, 0u, 0u, 104, 103, 141, 0, 0, 0, 0 },
            { -19200, 0, -20416, -2176, 21760, 0, 832u, 141u, 94, 92, 141, 0, 13085, 240, 0 },
            { -32320, 19136, -16000, -6272, 26368, 0, 1580u, 282u, 108, 107, 141, 0, 0, 0, 0 },
            { -10624, 19136, -17728, -2176, 32128, 0, 2444u, 423u, 106, 106, 141, 0, 0, 0, 0 },
            { -32704, 1152, 0, -14848, 21760, 14464, 3292u, 564u, 104, 102, 141, 0, 0, 0, 0 },
            { -19200, 0, 0, -2176, 21760, 20416, 4120u, 705u, 94, 93, 141, 0, 25420, 240, 0 },
            { -32320, 19136, 0, -6272, 26368, 16000, 4872u, 846u, 108, 107, 141, 0, 0, 0, 0 },
            { -10624, 19136, 0, -2176, 32128, 17728, 5736u, 987u, 106, 106, 141, 0, 0, 0, 0 },
            { -2176, 0, -20416, 11328, 25344, 0, 6584u, 1128u, 110, 108, 141, 0, 0, 0, 0 },
            { -2176, 25024, -14592, 10432, 32128, 0, 7460u, 1269u, 101, 101, 141, 1, 0, 0, 6 },
            { 7360, 256, -17664, 27712, 22144, 0, 7968u, 1410u, 103, 102, 141, 0, 0, 0, 0 },
            { 7808, 18496, -11776, 32704, 25600, 0, 8792u, 1551u, 105, 104, 141, 0, 0, 0, 0 },
            { -2176, 0, 0, 11328, 25344, 20416, 9632u, 1692u, 108, 107, 141, 0, 0, 0, 0 },
            { -2176, 25024, 0, 10432, 32128, 14976, 10496u, 1833u, 102, 102, 141, 1, 0, 0, 6 },
            { 7360, 256, 0, 27712, 22144, 17664, 11008u, 1974u, 103, 102, 141, 0, 0, 0, 0 },
            { 7808, 18496, 0, 32704, 25600, 11776, 11832u, 2115u, 105, 104, 141, 0, 0, 0, 0 },
        };

        static constexpr uint32_t s_teapotStreamOffset = 13536u;

        alignas(4) static constexpr uint8_t s_teapotGeometry[26208] = {
            0x00,0x01,0x02,0x00,0x01,0x02,0x01,0x00,0x03,0x01,0x00,0x03,0x04,0x02,0x01,0x04,
            0x02,0x01,0x03,0x05,0x01,0x03,0x05,0x01,0x01,0x06,0x04,0x01,0x06,0x04,0x06,0x01,
            0x05,0x06,0x01,0x05,0x02,0x04,0x07,0x02,0x04,0x07,0x08,0x04,0x06,0x08,0x04,0x06,
            0x05,0x09,0x06,0x05,0x09,0x06,0x04,0x08,0x0A,0x04,0x08,0x0A,0x0A,0x07,0x04,0x0A,
            0x07,0x04,0x06,0x0B,0x08,0x06,0x0B,0x08,0x0B,0x06,0x09,0x0B,0x06,0x09,0x0C,0x0A,
            0x08,0x0C,0x0A,0x08,0x0D,0x08,0x0B,0x0D,0x08,0x0B,0x09,0x0E,0x0B,0x09,0x0E,0x0B,
            0x08,0x0D,0x0C,0x08,0x0D,0x0C,0x07,0x0A,0x0F,0x07,0x0A,0x0F,0x0B,0x10,0x0D,0x0B,
            0x10,0x0D,0x10,0x0B,0x0E,0x10,0x0B,0x0E,0x11,0x0C,0x0D,0x11,0x0C,0x0D,0x0A,0x0C,
            0x12,0x0A,0x0C,0x12,0x13,0x0D,0x10,0x13,0x0D,0x10,0x0D,0x13,0x11,0x0D,0x13,0x11,
            0x0E,0x14,0x10,0x0E,0x14,0x10,0x12,0x0F,0x0A,0x12,0x0F,0x0A,0x10,0x15,0x13,0x10,
            0x15,0x13,0x14,0x0E,0x16,0x14,0x0E,0x16,0x0C,0x11,0x17,0x0C,0x11,0x17,0x15,0x10,
            0x14,0x15,0x10,0x14,0x17,0x12,0x0C,0x17,0x12,0x0C,0x18,0x11,0x13,0x18,0x11,0x13,
            0x19,0x13,0x15,0x19,0x13,0x15,0x13,0x19,0x18,0x13,0x19,0x18,0x14,0x1A,0x15,0x14,
            0x1A,0x15,0x1B,0x15,0x1A,0x1B,0x15,0x1A,0x1C,0x19,0x15,0x1C,0x19,0x15,0x15,0x1B,
            0x1C,0x15,0x1B,0x1C,0x11,0x18,0x1D,0x11,0x18,0x1D,0x1D,0x17,0x11,0x1D,0x17,0x11,
            0x1A,0x14,0x1E,0x1A,0x14,0x1E,0x1A,0x1F,0x1B,0x1A,0x1F,0x1B,0x20,0x18,0x19,0x20,
            0x18,0x19,0x19,0x1C,0x20,0x19,0x1C,0x20,0x0F,0x12,0x21,0x0F,0x12,0x21,0x22,0x20,
            0x1C,0x22,0x20,0x1C,0x1F,0x1A,0x23,0x1F,0x1A,0x23,0x18,0x20,0x24,0x18,0x20,0x24,
            0x1E,0x23,0x1A,0x1E,0x23,0x1A,0x24,0x1D,0x18,0x24,0x1D,0x18,0x12,0x17,0x25,0x12,
            0x17,0x25,0x20,0x22,0x26,0x20,0x22,0x26,0x23,0x27,0x1F,0x23,0x27,0x1F,0x26,0x24,
            0x20,0x26,0x24,0x20,0x17,0x1D,0x28,0x17,0x1D,0x28,0x25,0x21,0x12,0x25,0x21,0x12,
            0x29,0x26,0x22,0x29,0x26,0x22,0x2A,0x25,0x17,0x2A,0x25,0x17,0x1D,0x24,0x2B,0x1D,
            0x24,0x2B,0x28,0x2A,0x17,0x28,0x2A,0x17,0x27,0x23,0x2C,0x27,0x23,0x2C,0x24,0x26,
            0x2B,0x24,0x26,0x2B,0x2B,0x28,0x1D,0x2B,0x28,0x1D,0x26,0x29,0x2D,0x26,0x29,0x2D,
            0x2D,0x2B,0x26,0x2D,0x2B,0x26,0x2E,0x2D,0x29,0x2E,0x2D,0x29,0x21,0x25,0x2F,0x21,
            0x25,0x2F,0x25,0x2A,0x30,0x25,0x2A,0x30,0x2A,0x28,0x31,0x2A,0x28,0x1D,0x28,0x2B,
            0x32,0x28,0x2B,0x31,0x2B,0x2D,0x32,0x2B,0x2D,0x31,0x2D,0x2E,0x33,0x2D,0x2E,0x32,
            0x30,0x2F,0x25,0x30,0x2F,0x25,0x34,0x30,0x2A,0x33,0x30,0x2A,0x31,0x34,0x2A,0x1D,
            0x33,0x2A,0x32,0x31,0x28,0x31,0x1D,0x28,0x33,0x32,0x2D,0x32,0x31,0x2D,0x35,0x33,
            0x2E,0x34,0x32,0x2E,0x32,0x33,0x36,0x31,0x32,0x35,0x33,0x35,0x36,0x32,0x34,0x35,
            0x31,0x32,0x37,0x1D,0x31,0x36,0x34,0x31,0x38,0x33,0x1D,0x37,0x30,0x34,0x39,0x30,
            0x33,0x38,0x2F,0x30,0x3A,0x2F,0x30,0x39,0x3B,0x36,0x35,0x3A,0x35,0x34,0x36,0x37,
            0x32,0x35,0x36,0x31,0x37,0x38,0x31,0x36,0x37,0x1D,0x38,0x39,0x34,0x37,0x38,0x33,
            0x39,0x3C,0x30,0x38,0x3B,0x30,0x3C,0x3A,0x30,0x3B,0x39,0x30,0x3D,0x3E,0x3F,0x3C,
            0x3D,0x3E,0x40,0x41,0x3F,0x3F,0x40,0x3E,0x42,0x3F,0x3E,0x41,0x3E,0x3D,0x3F,0x42,
            0x40,0x3E,0x41,0x3F,0x43,0x44,0x3D,0x42,0x43,0x3C,0x3E,0x3D,0x44,0x3D,0x3C,0x43,
            0x41,0x40,0x45,0x40,0x3F,0x44,0x45,0x46,0x41,0x44,0x45,0x40,0x44,0x43,0x47,0x43,
            0x42,0x46,0x3E,0x48,0x42,0x3D,0x47,0x41,0x49,0x47,0x43,0x48,0x46,0x42,0x4A,0x40,
            0x42,0x49,0x3F,0x41,0x44,0x4B,0x3E,0x43,0x4A,0x3D,0x4C,0x42,0x48,0x4B,0x41,0x47,
            0x46,0x45,0x4D,0x45,0x44,0x4C,0x42,0x4C,0x4A,0x41,0x4B,0x49,0x4E,0x45,0x40,0x4D,
            0x44,0x3F,0x4D,0x4F,0x46,0x4C,0x4E,0x45,0x47,0x49,0x50,0x46,0x48,0x4F,0x48,0x3E,
            0x4B,0x47,0x3D,0x4A,0x51,0x50,0x49,0x50,0x4F,0x48,0x47,0x52,0x44,0x46,0x51,0x43,
            0x40,0x4A,0x4E,0x3F,0x49,0x4D,0x4B,0x44,0x52,0x4A,0x43,0x51,0x4F,0x4D,0x53,0x4E,
            0x4C,0x52,0x54,0x4D,0x45,0x53,0x4C,0x44,0x50,0x51,0x55,0x4F,0x50,0x54,0x50,0x56,
            0x47,0x4F,0x55,0x46,0x53,0x57,0x4F,0x52,0x56,0x4E,0x45,0x4E,0x54,0x44,0x4D,0x53,
            0x52,0x47,0x56,0x51,0x46,0x55,0x48,0x58,0x4C,0x47,0x57,0x4B,0x59,0x4A,0x4C,0x58,
            0x49,0x4B,0x4B,0x5A,0x48,0x4A,0x59,0x47,0x57,0x53,0x5B,0x56,0x52,0x5A,0x5C,0x53,
            0x4D,0x5B,0x52,0x4C,0x5B,0x5D,0x57,0x5A,0x5C,0x56,0x5E,0x4E,0x4A,0x5D,0x4D,0x49,
            0x4D,0x54,0x5C,0x4C,0x53,0x5B,0x56,0x50,0x5F,0x55,0x4F,0x5E,0x52,0x60,0x4B,0x51,
            0x5F,0x4A,0x61,0x4C,0x58,0x60,0x4B,0x57,0x4C,0x61,0x59,0x4B,0x60,0x58,0x58,0x48,
            0x5A,0x57,0x47,0x59,0x62,0x63,0x5D,0x61,0x62,0x5C,0x5D,0x5B,0x62,0x5C,0x5A,0x61,
            0x64,0x65,0x63,0x63,0x64,0x62,0x4A,0x59,0x5E,0x49,0x58,0x5D,0x66,0x5B,0x53,0x65,
            0x5A,0x52,0x63,0x62,0x64,0x62,0x61,0x63,0x67,0x54,0x4E,0x66,0x53,0x4D,0x00,0x01,
            0x02,0x00,0x01,0x02,0x03,0x04,0x05,0x03,0x04,0x05,0x06,0x07,0x08,0x06,0x07,0x08,
            0x09,0x0A,0x0B,0x09,0x0A,0x0B,0x0B,0x0C,0x09,0x0B,0x0C,0x09,0x0D,0x0E,0x0F,0x0D,
            0x0E,0x0F,0x10,0x11,0x12,0x10,0x11,0x12,0x13,0x0A,0x0E,0x13,0x0A,0x0E,0x02,0x05,
            0x04,0x02,0x05,0x04,0x0F,0x08,0x0D,0x0F,0x08,0x0D,0x14,0x07,0x15,0x14,0x07,0x15,
            0x16,0x0B,0x0A,0x16,0x0B,0x0A,0x0C,0x0B,0x17,0x0C,0x0B,0x17,0x0E,0x0D,0x13,0x0E,
            0x0D,0x13,0x0A,0x13,0x16,0x0A,0x13,0x16,0x17,0x18,0x0C,0x17,0x18,0x0C,0x15,0x12,
            0x14,0x15,0x12,0x14,0x04,0x03,0x19,0x04,0x03,0x19,0x1A,0x1B,0x1C,0x1A,0x1B,0x1C,
            0x1D,0x08,0x07,0x1D,0x08,0x07,0x1B,0x1A,0x1E,0x1B,0x1A,0x1E,0x1F,0x1C,0x00,0x1F,
            0x1C,0x00,0x20,0x17,0x0B,0x20,0x17,0x0B,0x0B,0x16,0x20,0x0B,0x16,0x20,0x1E,0x21,
            0x11,0x1E,0x21,0x11,0x22,0x0D,0x08,0x22,0x0D,0x08,0x07,0x14,0x1D,0x07,0x14,0x1D,
            0x23,0x00,0x02,0x23,0x00,0x02,0x24,0x13,0x0D,0x24,0x13,0x0D,0x25,0x16,0x13,0x25,
            0x16,0x13,0x11,0x26,0x12,0x11,0x26,0x12,0x18,0x17,0x27,0x18,0x17,0x27,0x08,0x1D,
            0x22,0x08,0x1D,0x22,0x28,0x02,0x04,0x28,0x02,0x04,0x1C,0x1F,0x1A,0x1C,0x1F,0x1A,
            0x0D,0x22,0x24,0x0D,0x22,0x24,0x21,0x1E,0x1A,0x21,0x1E,0x1A,0x13,0x24,0x25,0x13,
            0x24,0x25,0x00,0x23,0x1F,0x00,0x23,0x1F,0x27,0x29,0x18,0x27,0x29,0x18,0x12,0x2A,
            0x14,0x12,0x2A,0x14,0x26,0x11,0x21,0x26,0x11,0x21,0x2B,0x04,0x19,0x2B,0x04,0x19,
            0x2C,0x20,0x16,0x2C,0x20,0x16,0x17,0x20,0x2D,0x17,0x20,0x2D,0x02,0x28,0x23,0x02,
            0x28,0x23,0x16,0x25,0x2C,0x16,0x25,0x2C,0x2D,0x27,0x17,0x2D,0x27,0x17,0x2A,0x12,
            0x26,0x2A,0x12,0x26,0x14,0x2E,0x1D,0x14,0x2E,0x1D,0x04,0x2B,0x28,0x04,0x2B,0x28,
            0x1D,0x2F,0x22,0x1D,0x2F,0x22,0x22,0x30,0x24,0x22,0x30,0x24,0x2E,0x14,0x2A,0x2E,
            0x14,0x2A,0x24,0x31,0x25,0x24,0x31,0x25,0x20,0x2C,0x32,0x20,0x2C,0x32,0x32,0x2D,
            0x20,0x32,0x2D,0x20,0x2F,0x1D,0x2E,0x2F,0x1D,0x2E,0x25,0x33,0x2C,0x25,0x33,0x2C,
            0x30,0x22,0x2F,0x30,0x22,0x2F,0x29,0x27,0x34,0x29,0x27,0x34,0x31,0x24,0x30,0x31,
            0x24,0x30,0x35,0x1A,0x1F,0x35,0x1A,0x1F,0x1A,0x35,0x21,0x1A,0x35,0x21,0x36,0x1F,
            0x23,0x36,0x1F,0x23,0x33,0x25,0x31,0x33,0x25,0x31,0x21,0x37,0x26,0x21,0x37,0x26,
            0x38,0x23,0x28,0x38,0x23,0x28,0x27,0x2D,0x39,0x27,0x2D,0x39,0x26,0x3A,0x2A,0x26,
            0x3A,0x2A,0x3B,0x28,0x2B,0x3B,0x28,0x2B,0x2C,0x3C,0x32,0x2C,0x3C,0x32,0x3C,0x2C,
            0x33,0x3C,0x2C,0x33,0x34,0x3D,0x29,0x34,0x34,0x29,0x2A,0x3E,0x2E,0x2A,0x3D,0x2E,
            0x3F,0x2B,0x40,0x3E,0x2B,0x3F,0x39,0x34,0x27,0x39,0x34,0x27,0x1F,0x36,0x35,0x1F,
            0x36,0x35,0x37,0x21,0x35,0x37,0x21,0x35,0x2E,0x41,0x2F,0x2E,0x40,0x2F,0x2D,0x32,
            0x42,0x2D,0x32,0x41,0x23,0x38,0x36,0x23,0x38,0x36,0x3A,0x26,0x37,0x3A,0x26,0x37,
            0x2F,0x43,0x30,0x2F,0x42,0x30,0x28,0x3B,0x38,0x28,0x3B,0x38,0x30,0x44,0x31,0x30,
            0x43,0x31,0x45,0x32,0x3C,0x44,0x32,0x3C,0x31,0x46,0x33,0x31,0x45,0x33,0x3E,0x2A,
            0x3A,0x3D,0x2A,0x3A,0x2B,0x3F,0x3B,0x2B,0x3E,0x3B,0x42,0x39,0x2D,0x41,0x39,0x2D,
            0x33,0x47,0x3C,0x33,0x46,0x3C,0x41,0x2E,0x3E,0x40,0x2E,0x3D,0x32,0x45,0x42,0x32,
            0x44,0x41,0x43,0x2F,0x41,0x42,0x2F,0x40,0x44,0x30,0x43,0x43,0x30,0x42,0x46,0x31,
            0x44,0x45,0x31,0x43,0x3C,0x48,0x45,0x3C,0x47,0x44,0x47,0x33,0x46,0x46,0x33,0x45,
            0x48,0x3C,0x47,0x47,0x3C,0x46,0x49,0x42,0x45,0x41,0x41,0x44,0x34,0x4A,0x3D,0x34,
            0x48,0x34,0x4B,0x45,0x48,0x49,0x44,0x47,0x39,0x4A,0x34,0x39,0x48,0x34,0x45,0x4B,
            0x49,0x44,0x49,0x41,0x4C,0x35,0x36,0x4A,0x35,0x36,0x35,0x4C,0x37,0x35,0x4A,0x37,
            0x4D,0x36,0x38,0x4B,0x36,0x38,0x37,0x4E,0x3A,0x37,0x4C,0x3A,0x4F,0x38,0x3B,0x4D,
            0x38,0x3B,0x3A,0x50,0x3E,0x3A,0x4E,0x3D,0x51,0x3B,0x3F,0x4F,0x3B,0x3E,0x42,0x4A,
            0x39,0x41,0x48,0x39,0x3E,0x52,0x41,0x3D,0x50,0x40,0x53,0x3F,0x54,0x51,0x3E,0x52,
            0x41,0x55,0x43,0x40,0x53,0x42,0x43,0x56,0x44,0x42,0x54,0x43,0x44,0x57,0x46,0x43,
            0x55,0x45,0x46,0x58,0x47,0x45,0x56,0x46,0x59,0x49,0x4B,0x57,0x41,0x49,0x49,0x4A,
            0x42,0x41,0x48,0x41,0x47,0x5A,0x48,0x46,0x58,0x47,0x48,0x5B,0x4B,0x47,0x59,0x49,
            0x36,0x4D,0x4C,0x36,0x4B,0x4A,0x4E,0x37,0x4C,0x4C,0x37,0x4A,0x38,0x4F,0x4D,0x38,
            0x4D,0x4B,0x50,0x3A,0x4E,0x4E,0x3A,0x4C,0x3B,0x51,0x4F,0x3B,0x4F,0x4D,0x59,0x4A,
            0x49,0x57,0x48,0x41,0x52,0x3E,0x50,0x50,0x3D,0x4E,0x3F,0x53,0x51,0x3E,0x51,0x4F,
            0x55,0x41,0x52,0x53,0x40,0x50,0x4B,0x5C,0x59,0x49,0x5A,0x57,0x56,0x43,0x55,0x54,
            0x42,0x53,0x57,0x44,0x56,0x55,0x43,0x54,0x58,0x46,0x57,0x56,0x45,0x55,0x5A,0x47,
            0x58,0x58,0x46,0x56,0x5B,0x48,0x5A,0x59,0x47,0x58,0x5C,0x4B,0x5B,0x5A,0x49,0x59,
            0x5D,0x4A,0x59,0x5B,0x48,0x57,0x5D,0x59,0x5C,0x5B,0x57,0x5A,0x00,0x01,0x02,0x00,
            0x01,0x02,0x03,0x00,0x04,0x03,0x00,0x04,0x02,0x04,0x00,0x02,0x04,0x00,0x04,0x05,
            0x03,0x04,0x05,0x03,0x06,0x03,0x05,0x06,0x03,0x05,0x05,0x07,0x06,0x05,0x07,0x06,
            0x04,0x02,0x08,0x04,0x02,0x08,0x05,0x04,0x09,0x05,0x04,0x09,0x07,0x0A,0x0B,0x07,
            0x0A,0x0B,0x08,0x0C,0x04,0x08,0x0C,0x04,0x0C,0x09,0x04,0x0C,0x09,0x04,0x07,0x05,
            0x0D,0x07,0x05,0x0D,0x09,0x0D,0x05,0x09,0x0D,0x05,0x0A,0x07,0x0E,0x0A,0x07,0x0E,
            0x0D,0x0E,0x07,0x0D,0x0E,0x07,0x0F,0x0A,0x10,0x0F,0x0A,0x10,0x0C,0x08,0x11,0x0C,
            0x08,0x11,0x0E,0x10,0x0A,0x0E,0x10,0x0A,0x12,0x09,0x0C,0x12,0x09,0x0C,0x10,0x13,
            0x14,0x10,0x13,0x14,0x15,0x0D,0x09,0x15,0x0D,0x09,0x11,0x16,0x0C,0x11,0x16,0x0C,
            0x0C,0x16,0x12,0x0C,0x16,0x12,0x17,0x0E,0x0D,0x17,0x0E,0x0D,0x09,0x12,0x15,0x09,
            0x12,0x15,0x18,0x10,0x0E,0x18,0x10,0x0E,0x13,0x10,0x19,0x13,0x10,0x19,0x0D,0x15,
            0x17,0x0D,0x15,0x17,0x0E,0x17,0x18,0x0E,0x17,0x18,0x18,0x19,0x10,0x18,0x19,0x10,
            0x1A,0x16,0x11,0x1A,0x16,0x11,0x1B,0x12,0x16,0x1B,0x12,0x16,0x1C,0x15,0x12,0x1C,
            0x15,0x12,0x1D,0x17,0x15,0x1D,0x17,0x15,0x1E,0x18,0x17,0x1E,0x18,0x17,0x1F,0x19,
            0x18,0x1F,0x19,0x18,0x11,0x20,0x1A,0x11,0x20,0x1A,0x16,0x1A,0x1B,0x16,0x1A,0x1B,
            0x12,0x1B,0x1C,0x12,0x1B,0x1C,0x15,0x1C,0x1D,0x15,0x1C,0x1D,0x17,0x1D,0x1E,0x17,
            0x1D,0x1E,0x18,0x1E,0x1F,0x18,0x1E,0x1F,0x21,0x1E,0x1D,0x21,0x1E,0x1D,0x22,0x1F,
            0x1E,0x22,0x1F,0x1E,0x23,0x1D,0x1C,0x23,0x1D,0x1C,0x24,0x1C,0x1B,0x24,0x1C,0x1B,
            0x25,0x1B,0x1A,0x25,0x1B,0x1A,0x26,0x1A,0x20,0x26,0x1A,0x20,0x1E,0x21,0x22,0x1E,
            0x21,0x22,0x1D,0x23,0x21,0x1D,0x23,0x21,0x1C,0x24,0x23,0x1C,0x24,0x23,0x1B,0x25,
            0x24,0x1B,0x25,0x24,0x1A,0x26,0x25,0x1A,0x26,0x25,0x20,0x27,0x26,0x20,0x27,0x26,
            0x28,0x29,0x2A,0x28,0x29,0x2A,0x29,0x2B,0x2C,0x29,0x2B,0x2C,0x29,0x28,0x2D,0x29,
            0x28,0x2D,0x2E,0x2D,0x28,0x01,0x2D,0x28,0x2F,0x30,0x2E,0x2E,0x2F,0x01,0x2D,0x2E,
            0x30,0x2D,0x01,0x2F,0x2D,0x31,0x29,0x2D,0x30,0x29,0x32,0x33,0x2F,0x31,0x32,0x2E,
            0x2B,0x29,0x31,0x2B,0x29,0x30,0x30,0x2F,0x33,0x2F,0x2E,0x32,0x34,0x35,0x32,0x33,
            0x34,0x31,0x33,0x32,0x35,0x32,0x31,0x34,0x30,0x36,0x2D,0x2F,0x35,0x2D,0x37,0x38,
            0x34,0x36,0x37,0x33,0x39,0x3A,0x3B,0x38,0x39,0x3A,0x38,0x37,0x3A,0x37,0x36,0x39,
            0x35,0x34,0x38,0x34,0x33,0x37,0x3B,0x3C,0x39,0x3A,0x3B,0x38,0x2B,0x3D,0x3E,0x2B,
            0x3C,0x3D,0x3A,0x39,0x38,0x39,0x38,0x37,0x33,0x3F,0x30,0x32,0x3E,0x2F,0x31,0x2D,
            0x36,0x30,0x2D,0x35,0x35,0x40,0x33,0x34,0x3F,0x32,0x36,0x30,0x3F,0x35,0x2F,0x3E,
            0x38,0x41,0x35,0x37,0x40,0x34,0x42,0x39,0x3C,0x41,0x38,0x3B,0x39,0x42,0x38,0x38,
            0x41,0x37,0x3F,0x33,0x40,0x3E,0x32,0x3F,0x31,0x43,0x2B,0x30,0x42,0x2B,0x40,0x35,
            0x41,0x3F,0x34,0x40,0x3C,0x44,0x42,0x3B,0x43,0x41,0x45,0x46,0x47,0x44,0x45,0x46,
            0x41,0x38,0x42,0x40,0x37,0x41,0x48,0x47,0x46,0x47,0x46,0x45,0x3D,0x2B,0x43,0x3C,
            0x2B,0x42,0x36,0x49,0x31,0x35,0x48,0x30,0x3F,0x4A,0x36,0x3E,0x49,0x35,0x47,0x4B,
            0x45,0x46,0x4A,0x44,0x40,0x4C,0x3F,0x3F,0x4B,0x3E,0x4D,0x45,0x4B,0x4C,0x44,0x4A,
            0x47,0x48,0x4E,0x46,0x47,0x4D,0x43,0x31,0x49,0x42,0x30,0x48,0x41,0x4F,0x40,0x40,
            0x4E,0x3F,0x50,0x42,0x44,0x4F,0x41,0x43,0x4F,0x41,0x42,0x4E,0x40,0x41,0x49,0x36,
            0x4A,0x48,0x35,0x49,0x51,0x4E,0x48,0x50,0x4D,0x47,0x4A,0x3F,0x4C,0x49,0x3E,0x4B,
            0x4C,0x40,0x4F,0x4B,0x3F,0x4E,0x44,0x52,0x50,0x43,0x51,0x4F,0x4B,0x47,0x53,0x4A,
            0x46,0x52,0x42,0x50,0x4F,0x41,0x4F,0x4E,0x4E,0x53,0x47,0x4D,0x52,0x46,0x4B,0x54,
            0x4D,0x4A,0x53,0x4C,0x55,0x3D,0x43,0x54,0x3C,0x42,0x56,0x4D,0x54,0x55,0x4C,0x53,
            0x4E,0x51,0x57,0x4D,0x50,0x56,0x58,0x43,0x49,0x57,0x42,0x48,0x3D,0x55,0x59,0x3C,
            0x54,0x58,0x5A,0x49,0x4A,0x59,0x48,0x49,0x5B,0x4A,0x4C,0x5A,0x49,0x4B,0x53,0x5C,
            0x4B,0x52,0x5B,0x4A,0x54,0x4B,0x5C,0x53,0x4A,0x5B,0x5D,0x4C,0x4F,0x5C,0x4B,0x4E,
            0x52,0x5E,0x50,0x51,0x5D,0x4F,0x5F,0x57,0x51,0x5E,0x56,0x50,0x60,0x4F,0x50,0x5F,
            0x4E,0x4F,0x43,0x58,0x55,0x42,0x57,0x54,0x53,0x4E,0x61,0x52,0x4D,0x60,0x49,0x5A,
            0x58,0x48,0x59,0x57,0x57,0x61,0x4E,0x56,0x60,0x4D,0x4A,0x5B,0x5A,0x49,0x5A,0x59,
            0x62,0x56,0x54,0x61,0x55,0x53,0x4C,0x5D,0x5B,0x4B,0x5C,0x5A,0x4F,0x60,0x5D,0x4E,
            0x5F,0x5C,0x63,0x50,0x5E,0x62,0x4F,0x5D,0x50,0x63,0x60,0x4F,0x62,0x5F,0x5C,0x53,
            0x64,0x5B,0x52,0x63,0x65,0x54,0x5C,0x64,0x53,0x5B,0x61,0x64,0x53,0x60,0x63,0x52,
            0x57,0x5F,0x66,0x56,0x5E,0x65,0x54,0x65,0x62,0x53,0x64,0x61,0x67,0x55,0x58,0x66,
            0x54,0x57,0x61,0x57,0x68,0x60,0x56,0x67,0x69,0x66,0x5F,0x68,0x65,0x5E,0x5C,0x6A,
            0x65,0x5B,0x69,0x64,0x6B,0x58,0x5A,0x6A,0x57,0x59,0x00,0x01,0x02,0x00,0x01,0x02,
            0x03,0x04,0x05,0x03,0x04,0x05,0x06,0x07,0x08,0x06,0x07,0x08,0x09,0x05,0x0A,0x09,
            0x05,0x0A,0x0B,0x0A,0x0C,0x0B,0x0A,0x0C,0x0D,0x0E,0x0F,0x0D,0x0E,0x0F,0x10,0x0C,
            0x0F,0x10,0x0C,0x0F,0x11,0x12,0x13,0x11,0x12,0x13,0x02,0x14,0x15,0x02,0x14,0x15,
            0x16,0x17,0x18,0x16,0x17,0x18,0x07,0x15,0x14,0x07,0x15,0x14,0x19,0x1A,0x12,0x19,
            0x1A,0x12,0x02,0x1B,0x00,0x02,0x1B,0x00,0x04,0x03,0x1A,0x04,0x03,0x1A,0x05,0x09,
            0x03,0x05,0x09,0x03,0x1C,0x18,0x00,0x1C,0x18,0x00,0x0A,0x0B,0x09,0x0A,0x0B,0x09,
            0x06,0x1D,0x1E,0x06,0x1D,0x1E,0x0C,0x10,0x0B,0x0C,0x10,0x0B,0x1F,0x0F,0x0E,0x1F,
            0x0F,0x0E,0x0F,0x1F,0x10,0x0F,0x1F,0x10,0x1B,0x02,0x15,0x1B,0x02,0x15,0x07,0x06,
            0x20,0x07,0x06,0x20,0x18,0x1C,0x16,0x18,0x1C,0x16,0x21,0x1E,0x1D,0x21,0x1E,0x1D,
            0x22,0x00,0x1B,0x22,0x00,0x1B,0x1E,0x20,0x06,0x1E,0x20,0x06,0x00,0x22,0x1C,0x00,
            0x22,0x1C,0x15,0x07,0x23,0x15,0x07,0x23,0x15,0x24,0x1B,0x15,0x24,0x1B,0x20,0x23,
            0x07,0x20,0x23,0x07,0x25,0x26,0x27,0x25,0x26,0x27,0x27,0x28,0x25,0x27,0x28,0x25,
            0x26,0x25,0x29,0x26,0x25,0x29,0x24,0x15,0x23,0x24,0x15,0x23,0x26,0x2A,0x2B,0x26,
            0x2A,0x2B,0x2B,0x27,0x26,0x2B,0x27,0x26,0x2C,0x1B,0x24,0x2C,0x1B,0x24,0x1B,0x2C,
            0x22,0x1B,0x2C,0x22,0x2D,0x29,0x25,0x2D,0x29,0x25,0x2A,0x26,0x2E,0x2A,0x26,0x2E,
            0x1E,0x21,0x2F,0x1E,0x21,0x2F,0x28,0x27,0x30,0x28,0x27,0x30,0x29,0x2E,0x26,0x29,
            0x2E,0x26,0x31,0x12,0x1A,0x31,0x12,0x1A,0x32,0x2B,0x2A,0x32,0x2B,0x2A,0x20,0x1E,
            0x33,0x20,0x1E,0x33,0x2A,0x34,0x32,0x2A,0x34,0x32,0x27,0x2B,0x35,0x27,0x2B,0x35,
            0x36,0x1A,0x03,0x36,0x1A,0x03,0x30,0x37,0x28,0x30,0x37,0x28,0x38,0x03,0x09,0x38,
            0x03,0x09,0x34,0x2A,0x39,0x34,0x2A,0x39,0x3A,0x09,0x0B,0x3A,0x09,0x0B,0x2E,0x39,
            0x2A,0x2E,0x39,0x2A,0x3B,0x0B,0x10,0x3B,0x0B,0x10,0x35,0x30,0x27,0x35,0x30,0x27,
            0x0E,0x3C,0x1F,0x0E,0x3C,0x1F,0x3D,0x2F,0x21,0x3D,0x2F,0x21,0x3E,0x10,0x1F,0x3E,
            0x10,0x1F,0x23,0x3F,0x24,0x23,0x3F,0x24,0x2F,0x33,0x1E,0x2F,0x33,0x1E,0x23,0x20,
            0x40,0x23,0x20,0x40,0x2B,0x32,0x41,0x2B,0x32,0x41,0x42,0x16,0x1C,0x42,0x16,0x1C,
            0x34,0x43,0x32,0x34,0x43,0x32,0x24,0x44,0x2C,0x24,0x44,0x2C,0x41,0x35,0x2B,0x41,
            0x35,0x2B,0x43,0x34,0x39,0x43,0x34,0x39,0x37,0x30,0x45,0x37,0x30,0x45,0x44,0x24,
            0x3F,0x44,0x24,0x3F,0x33,0x40,0x20,0x33,0x40,0x20,0x46,0x1C,0x22,0x46,0x1C,0x22,
            0x30,0x35,0x47,0x30,0x35,0x47,0x48,0x32,0x43,0x48,0x32,0x43,0x45,0x49,0x37,0x45,
            0x49,0x37,0x3F,0x23,0x40,0x3F,0x23,0x40,0x32,0x48,0x41,0x32,0x48,0x41,0x2F,0x3D,
            0x4A,0x2F,0x3D,0x4A,0x2D,0x4B,0x29,0x2D,0x4B,0x29,0x47,0x45,0x30,0x47,0x45,0x30,
            0x4C,0x4A,0x3D,0x4C,0x4A,0x3D,0x39,0x4D,0x43,0x39,0x4D,0x43,0x33,0x2F,0x4E,0x33,
            0x2F,0x4E,0x29,0x4B,0x2E,0x29,0x4B,0x2E,0x4A,0x4E,0x2F,0x4A,0x4E,0x2F,0x4F,0x22,
            0x2C,0x4F,0x22,0x2C,0x35,0x41,0x50,0x35,0x41,0x50,0x50,0x47,0x35,0x50,0x47,0x35,
            0x51,0x41,0x48,0x51,0x41,0x48,0x43,0x52,0x48,0x43,0x52,0x48,0x4E,0x53,0x33,0x4E,
            0x53,0x33,0x2E,0x4B,0x39,0x2E,0x4B,0x39,0x40,0x33,0x53,0x40,0x33,0x53,0x12,0x31,
            0x54,0x12,0x31,0x54,0x3F,0x55,0x44,0x3F,0x55,0x44,0x52,0x43,0x4D,0x52,0x43,0x4D,
            0x40,0x56,0x3F,0x40,0x56,0x3F,0x41,0x51,0x50,0x41,0x51,0x50,0x1A,0x36,0x31,0x1A,
            0x36,0x31,0x03,0x38,0x36,0x03,0x38,0x36,0x09,0x3A,0x38,0x09,0x3A,0x38,0x0B,0x3B,
            0x3A,0x0B,0x3B,0x3A,0x57,0x2C,0x44,0x57,0x2C,0x44,0x55,0x3F,0x56,0x55,0x3F,0x56,
            0x48,0x58,0x51,0x48,0x58,0x51,0x10,0x3E,0x3B,0x10,0x3E,0x3B,0x59,0x1F,0x3C,0x59,
            0x1F,0x3C,0x1F,0x59,0x3E,0x1F,0x59,0x3E,0x56,0x40,0x53,0x56,0x40,0x53,0x58,0x48,
            0x52,0x58,0x48,0x52,0x39,0x4B,0x4D,0x39,0x4B,0x4D,0x1C,0x46,0x42,0x1C,0x46,0x42,
            0x5A,0x50,0x51,0x5A,0x50,0x51,0x4D,0x5B,0x52,0x4D,0x5B,0x52,0x53,0x5C,0x56,0x53,
            0x5C,0x56,0x22,0x4F,0x46,0x22,0x4F,0x46,0x5D,0x51,0x58,0x5D,0x51,0x58,0x51,0x5D,
            0x5A,0x51,0x5D,0x5A,0x56,0x5E,0x55,0x56,0x5E,0x55,0x5F,0x44,0x55,0x5F,0x44,0x55,
            0x5E,0x56,0x5C,0x5E,0x56,0x5C,0x2C,0x57,0x4F,0x2C,0x57,0x4F,0x4D,0x4B,0x5B,0x4D,
            0x4B,0x5B,0x60,0x5A,0x5D,0x60,0x5A,0x5D,0x5C,0x61,0x5E,0x5C,0x61,0x5E,0x52,0x62,
            0x58,0x52,0x62,0x58,0x62,0x52,0x5B,0x62,0x52,0x5B,0x44,0x5F,0x57,0x44,0x5F,0x57,
            0x58,0x63,0x5D,0x58,0x63,0x5D,0x64,0x55,0x5E,0x64,0x55,0x5E,0x5D,0x65,0x60,0x5D,
            0x65,0x60,0x66,0x5E,0x61,0x66,0x5E,0x61,0x55,0x64,0x5F,0x55,0x64,0x5F,0x63,0x58,
            0x62,0x63,0x58,0x62,0x5B,0x67,0x62,0x5B,0x67,0x62,0x5B,0x4B,0x67,0x5B,0x4B,0x67,
            0x65,0x5D,0x63,0x65,0x5D,0x63,0x5E,0x66,0x64,0x5E,0x66,0x64,0x61,0x68,0x66,0x61,
            0x68,0x66,0x69,0x60,0x65,0x69,0x60,0x65,0x00,0x01,0x02,0x00,0x01,0x02,0x01,0x00,
            0x03,0x01,0x00,0x03,0x02,0x04,0x00,0x02,0x04,0x00,0x05,0x03,0x00,0x05,0x03,0x00,
            0x06,0x00,0x04,0x06,0x00,0x04,0x00,0x06,0x05,0x00,0x06,0x05,0x04,0x02,0x07,0x04,
            0x02,0x07,0x04,0x08,0x06,0x04,0x08,0x06,0x09,0x05,0x06,0x09,0x05,0x06,0x08,0x04,
            0x0A,0x08,0x04,0x0A,0x07,0x0A,0x04,0x07,0x0A,0x04,0x0B,0x06,0x08,0x0B,0x06,0x08,
            0x06,0x0B,0x09,0x06,0x0B,0x09,0x0A,0x0C,0x08,0x0A,0x0C,0x08,0x08,0x0D,0x0B,0x08,
            0x0D,0x0B,0x0E,0x09,0x0B,0x0E,0x09,0x0B,0x0D,0x08,0x0C,0x0D,0x08,0x0C,0x0A,0x07,
            0x0F,0x0A,0x07,0x0F,0x10,0x0B,0x0D,0x10,0x0B,0x0D,0x0B,0x10,0x0E,0x0B,0x10,0x0E,
            0x0C,0x11,0x0D,0x0C,0x11,0x0D,0x0C,0x0A,0x12,0x0C,0x0A,0x12,0x0D,0x13,0x10,0x0D,
            0x13,0x10,0x13,0x0D,0x11,0x13,0x0D,0x11,0x14,0x0E,0x10,0x14,0x0E,0x10,0x0F,0x12,
            0x0A,0x0F,0x12,0x0A,0x15,0x10,0x13,0x15,0x10,0x13,0x0E,0x14,0x16,0x0E,0x14,0x16,
            0x11,0x0C,0x17,0x11,0x0C,0x17,0x10,0x15,0x14,0x10,0x15,0x14,0x12,0x17,0x0C,0x12,
            0x17,0x0C,0x11,0x18,0x13,0x11,0x18,0x13,0x13,0x19,0x15,0x13,0x19,0x15,0x19,0x13,
            0x18,0x19,0x13,0x18,0x1A,0x14,0x15,0x1A,0x14,0x15,0x15,0x1B,0x1A,0x15,0x1B,0x1A,
            0x19,0x1C,0x15,0x19,0x1C,0x15,0x1B,0x15,0x1C,0x1B,0x15,0x1C,0x18,0x11,0x1D,0x18,
            0x11,0x1D,0x17,0x1D,0x11,0x17,0x1D,0x11,0x14,0x1A,0x1E,0x14,0x1A,0x1E,0x1F,0x1A,
            0x1B,0x1F,0x1A,0x1B,0x18,0x20,0x19,0x18,0x20,0x19,0x1C,0x19,0x20,0x1C,0x19,0x20,
            0x12,0x0F,0x21,0x12,0x0F,0x21,0x20,0x22,0x1C,0x20,0x22,0x1C,0x1A,0x1F,0x23,0x1A,
            0x1F,0x23,0x20,0x18,0x24,0x20,0x18,0x24,0x23,0x1E,0x1A,0x23,0x1E,0x1A,0x1D,0x24,
            0x18,0x1D,0x24,0x18,0x17,0x12,0x25,0x17,0x12,0x25,0x22,0x20,0x26,0x22,0x20,0x26,
            0x27,0x23,0x1F,0x27,0x23,0x1F,0x24,0x26,0x20,0x24,0x26,0x20,0x1D,0x17,0x28,0x1D,
            0x17,0x1D,0x21,0x25,0x12,0x21,0x25,0x12,0x26,0x29,0x22,0x26,0x28,0x22,0x25,0x2A,
            0x17,0x25,0x29,0x17,0x24,0x1D,0x2B,0x24,0x1D,0x2A,0x2A,0x28,0x17,0x29,0x1D,0x17,
            0x23,0x27,0x2C,0x23,0x27,0x2B,0x26,0x24,0x2B,0x26,0x24,0x2A,0x28,0x2B,0x1D,0x1D,
            0x2A,0x1D,0x29,0x26,0x2D,0x28,0x26,0x2C,0x2B,0x2D,0x26,0x2A,0x2C,0x26,0x2D,0x2E,
            0x29,0x2C,0x2D,0x28,0x25,0x21,0x2F,0x25,0x21,0x2E,0x2A,0x25,0x30,0x29,0x25,0x2F,
            0x28,0x2A,0x31,0x1D,0x29,0x1D,0x2B,0x28,0x32,0x2A,0x1D,0x30,0x2D,0x2B,0x32,0x2C,
            0x2A,0x30,0x2E,0x2D,0x33,0x2D,0x2C,0x31,0x2F,0x30,0x25,0x2E,0x2F,0x25,0x30,0x34,
            0x2A,0x2F,0x32,0x29,0x34,0x31,0x2A,0x32,0x1D,0x29,0x31,0x32,0x28,0x1D,0x30,0x1D,
            0x32,0x33,0x2D,0x30,0x31,0x2C,0x33,0x35,0x2E,0x31,0x33,0x2D,0x33,0x32,0x36,0x31,
            0x30,0x34,0x35,0x33,0x36,0x33,0x31,0x34,0x32,0x31,0x37,0x30,0x1D,0x35,0x31,0x34,
            0x38,0x1D,0x32,0x36,0x34,0x30,0x39,0x32,0x2F,0x37,0x30,0x2F,0x3A,0x2F,0x2E,0x38,
            0x36,0x3B,0x35,0x34,0x39,0x33,0x37,0x36,0x32,0x35,0x34,0x30,0x38,0x37,0x31,0x36,
            0x35,0x1D,0x39,0x38,0x34,0x37,0x36,0x32,0x3C,0x39,0x30,0x3A,0x37,0x2F,0x3A,0x3C,
            0x30,0x38,0x3A,0x2F,0x3D,0x3E,0x3F,0x3B,0x3C,0x3D,0x40,0x41,0x3F,0x3E,0x3F,0x3D,
            0x3F,0x42,0x3D,0x3D,0x40,0x3B,0x42,0x3F,0x41,0x40,0x3D,0x3F,0x43,0x44,0x3E,0x41,
            0x42,0x3C,0x3E,0x3D,0x43,0x3C,0x3B,0x41,0x41,0x40,0x45,0x3F,0x3E,0x43,0x46,0x45,
            0x40,0x44,0x43,0x3E,0x44,0x43,0x47,0x42,0x41,0x45,0x48,0x3D,0x42,0x46,0x3B,0x40,
            0x47,0x49,0x44,0x45,0x47,0x42,0x41,0x4A,0x42,0x3F,0x48,0x40,0x4B,0x43,0x3D,0x49,
            0x41,0x3B,0x42,0x4C,0x48,0x40,0x4A,0x46,0x45,0x46,0x4D,0x43,0x44,0x4B,0x4C,0x42,
            0x4A,0x4A,0x40,0x48,0x45,0x4E,0x41,0x43,0x4C,0x3F,0x4F,0x4D,0x46,0x4D,0x4B,0x44,
            0x49,0x47,0x50,0x47,0x45,0x4E,0x3D,0x48,0x4B,0x3B,0x46,0x49,0x50,0x51,0x49,0x4E,
            0x4F,0x47,0x52,0x47,0x43,0x50,0x45,0x41,0x4A,0x41,0x4E,0x48,0x3F,0x4C,0x43,0x4B,
            0x52,0x41,0x49,0x50,0x4D,0x4F,0x53,0x4B,0x4D,0x51,0x4D,0x54,0x45,0x4B,0x52,0x43,
            0x51,0x50,0x55,0x4F,0x4E,0x53,0x56,0x50,0x47,0x54,0x4E,0x45,0x57,0x53,0x4F,0x55,
            0x51,0x4D,0x4E,0x45,0x54,0x4C,0x43,0x52,0x47,0x52,0x56,0x45,0x50,0x54,0x58,0x48,
            0x4C,0x56,0x46,0x4A,0x4A,0x59,0x4C,0x48,0x57,0x4A,0x5A,0x4B,0x48,0x58,0x49,0x46,
            0x53,0x57,0x5B,0x51,0x55,0x59,0x53,0x5C,0x4D,0x51,0x5A,0x4B,0x5D,0x5B,0x57,0x5B,
            0x59,0x55,0x4E,0x5E,0x4A,0x4C,0x5C,0x48,0x54,0x4D,0x5C,0x52,0x4B,0x5A,0x50,0x56,
            0x5F,0x4E,0x54,0x5D,0x60,0x52,0x4B,0x5E,0x50,0x49,0x4C,0x61,0x58,0x4A,0x5F,0x56,
            0x61,0x4C,0x59,0x5F,0x4A,0x57,0x48,0x58,0x5A,0x46,0x56,0x58,0x62,0x63,0x5D,0x60,
            0x61,0x5B,0x5B,0x5D,0x63,0x59,0x5B,0x61,0x64,0x65,0x62,0x62,0x63,0x60,0x59,0x4A,
            0x5E,0x57,0x48,0x5C,0x5B,0x66,0x53,0x59,0x64,0x51,0x63,0x62,0x65,0x61,0x60,0x63,
            0x54,0x67,0x4E,0x52,0x65,0x4C,0x00,0x01,0x02,0x00,0x01,0x02,0x03,0x04,0x05,0x03,
            0x04,0x05,0x06,0x07,0x08,0x06,0x07,0x08,0x09,0x0A,0x0B,0x09,0x0A,0x0B,0x0C,0x0B,
            0x0A,0x0C,0x0B,0x0A,0x0D,0x0E,0x0F,0x0D,0x0E,0x0F,0x10,0x11,0x12,0x10,0x11,0x12,
            0x09,0x13,0x0D,0x09,0x13,0x0D,0x05,0x02,0x03,0x05,0x02,0x03,0x08,0x0F,0x0E,0x08,
            0x0F,0x0E,0x06,0x14,0x15,0x06,0x14,0x15,0x0B,0x16,0x09,0x0B,0x16,0x09,0x0B,0x0C,
            0x17,0x0B,0x0C,0x17,0x0E,0x0D,0x13,0x0E,0x0D,0x13,0x13,0x09,0x16,0x13,0x09,0x16,
            0x18,0x17,0x0C,0x18,0x17,0x0C,0x12,0x15,0x14,0x12,0x15,0x14,0x04,0x03,0x19,0x04,
            0x03,0x19,0x1A,0x1B,0x1C,0x1A,0x1B,0x1C,0x08,0x1D,0x06,0x08,0x1D,0x06,0x1B,0x1A,
            0x1E,0x1B,0x1A,0x1E,0x1C,0x1F,0x01,0x1C,0x1F,0x01,0x17,0x20,0x0B,0x17,0x20,0x0B,
            0x16,0x0B,0x20,0x16,0x0B,0x20,0x21,0x1E,0x10,0x21,0x1E,0x10,0x0E,0x22,0x08,0x0E,
            0x22,0x08,0x14,0x06,0x1D,0x14,0x06,0x1D,0x01,0x23,0x02,0x01,0x23,0x02,0x13,0x24,
            0x0E,0x13,0x24,0x0E,0x16,0x25,0x13,0x16,0x25,0x13,0x26,0x10,0x12,0x26,0x10,0x12,
            0x17,0x18,0x27,0x17,0x18,0x27,0x1D,0x08,0x22,0x1D,0x08,0x22,0x02,0x28,0x03,0x02,
            0x28,0x03,0x1F,0x1C,0x1B,0x1F,0x1C,0x1B,0x22,0x0E,0x24,0x22,0x0E,0x24,0x1E,0x21,
            0x1B,0x1E,0x21,0x1B,0x24,0x13,0x25,0x24,0x13,0x25,0x23,0x01,0x1F,0x23,0x01,0x1F,
            0x29,0x27,0x18,0x29,0x27,0x18,0x2A,0x12,0x14,0x2A,0x12,0x14,0x10,0x26,0x21,0x10,
            0x26,0x21,0x03,0x2B,0x19,0x03,0x2B,0x19,0x20,0x2C,0x16,0x20,0x2C,0x16,0x20,0x17,
            0x2D,0x20,0x17,0x2D,0x28,0x02,0x23,0x28,0x02,0x23,0x25,0x16,0x2C,0x25,0x16,0x2C,
            0x27,0x2D,0x17,0x27,0x2D,0x17,0x12,0x2A,0x26,0x12,0x2A,0x26,0x2E,0x14,0x1D,0x2E,
            0x14,0x1D,0x2B,0x03,0x28,0x2B,0x03,0x28,0x2F,0x1D,0x22,0x2F,0x1D,0x22,0x30,0x22,
            0x24,0x30,0x22,0x24,0x14,0x2E,0x2A,0x14,0x2E,0x2A,0x31,0x24,0x25,0x31,0x24,0x25,
            0x2C,0x20,0x32,0x2C,0x20,0x32,0x2D,0x32,0x20,0x2D,0x32,0x20,0x1D,0x2F,0x2E,0x1D,
            0x2F,0x2E,0x33,0x25,0x2C,0x33,0x25,0x2C,0x22,0x30,0x2F,0x22,0x30,0x2F,0x27,0x29,
            0x34,0x27,0x29,0x34,0x24,0x31,0x30,0x24,0x31,0x30,0x1B,0x35,0x1F,0x1B,0x35,0x1F,
            0x35,0x1B,0x21,0x35,0x1B,0x21,0x1F,0x36,0x23,0x1F,0x36,0x23,0x25,0x33,0x31,0x25,
            0x33,0x31,0x37,0x21,0x26,0x37,0x21,0x26,0x23,0x38,0x28,0x23,0x38,0x28,0x2D,0x27,
            0x39,0x2D,0x27,0x39,0x3A,0x26,0x2A,0x3A,0x26,0x2A,0x28,0x3B,0x2B,0x28,0x3B,0x2B,
            0x3C,0x2C,0x32,0x3C,0x2C,0x32,0x2C,0x3C,0x33,0x2C,0x3C,0x33,0x3D,0x34,0x29,0x3D,
            0x34,0x29,0x3E,0x2A,0x2E,0x3E,0x2A,0x2E,0x2B,0x3F,0x40,0x2B,0x3F,0x40,0x34,0x39,
            0x27,0x34,0x39,0x27,0x36,0x1F,0x35,0x36,0x1F,0x35,0x21,0x37,0x35,0x21,0x37,0x35,
            0x41,0x2E,0x2F,0x41,0x2E,0x2F,0x32,0x2D,0x42,0x32,0x2D,0x39,0x38,0x23,0x36,0x38,
            0x23,0x36,0x26,0x3A,0x37,0x26,0x3A,0x37,0x43,0x2F,0x30,0x42,0x2F,0x30,0x3B,0x28,
            0x38,0x3B,0x28,0x38,0x44,0x30,0x31,0x43,0x30,0x31,0x32,0x45,0x3C,0x32,0x44,0x3C,
            0x46,0x31,0x33,0x45,0x31,0x33,0x2A,0x3E,0x3A,0x2A,0x3E,0x3A,0x3F,0x2B,0x3B,0x3F,
            0x2B,0x3B,0x39,0x42,0x2D,0x39,0x39,0x2D,0x47,0x33,0x3C,0x46,0x33,0x3C,0x2E,0x41,
            0x3E,0x2E,0x41,0x3E,0x45,0x32,0x42,0x44,0x32,0x39,0x2F,0x43,0x41,0x2F,0x42,0x41,
            0x30,0x44,0x43,0x30,0x43,0x42,0x31,0x46,0x44,0x31,0x45,0x43,0x48,0x3C,0x45,0x47,
            0x3C,0x44,0x33,0x47,0x46,0x33,0x46,0x45,0x3C,0x48,0x47,0x3C,0x47,0x46,0x42,0x49,
            0x45,0x39,0x48,0x44,0x3D,0x4A,0x34,0x3D,0x49,0x34,0x45,0x4B,0x48,0x44,0x4A,0x47,
            0x34,0x4A,0x39,0x34,0x49,0x39,0x4B,0x45,0x49,0x4A,0x44,0x48,0x35,0x4C,0x36,0x35,
            0x4B,0x36,0x4C,0x35,0x37,0x4B,0x35,0x37,0x36,0x4D,0x38,0x36,0x4C,0x38,0x4E,0x37,
            0x3A,0x4D,0x37,0x3A,0x38,0x4F,0x3B,0x38,0x4E,0x3B,0x50,0x3A,0x3E,0x4F,0x3A,0x3E,
            0x3B,0x51,0x3F,0x3B,0x50,0x3F,0x39,0x4A,0x42,0x39,0x49,0x39,0x52,0x3E,0x41,0x51,
            0x3E,0x41,0x3F,0x53,0x54,0x3F,0x52,0x53,0x55,0x41,0x43,0x54,0x41,0x42,0x56,0x43,
            0x44,0x55,0x42,0x43,0x57,0x44,0x46,0x56,0x43,0x45,0x58,0x46,0x47,0x57,0x45,0x46,
            0x49,0x59,0x4B,0x48,0x58,0x4A,0x42,0x4A,0x49,0x39,0x49,0x48,0x5A,0x47,0x48,0x59,
            0x46,0x47,0x5B,0x48,0x4B,0x5A,0x47,0x4A,0x4D,0x36,0x4C,0x4C,0x36,0x4B,0x37,0x4E,
            0x4C,0x37,0x4D,0x4B,0x4F,0x38,0x4D,0x4E,0x38,0x4C,0x3A,0x50,0x4E,0x3A,0x4F,0x4D,
            0x51,0x3B,0x4F,0x50,0x3B,0x4E,0x49,0x4A,0x59,0x48,0x49,0x58,0x3E,0x52,0x50,0x3E,
            0x51,0x4F,0x53,0x3F,0x51,0x52,0x3F,0x50,0x41,0x55,0x52,0x41,0x54,0x51,0x5C,0x4B,
            0x59,0x5B,0x4A,0x58,0x43,0x56,0x55,0x42,0x55,0x54,0x44,0x57,0x56,0x43,0x56,0x55,
            0x46,0x58,0x57,0x45,0x57,0x56,0x47,0x5A,0x58,0x46,0x59,0x57,0x48,0x5B,0x5A,0x47,
            0x5A,0x59,0x4B,0x5C,0x5B,0x4A,0x5B,0x5A,0x59,0x4A,0x5D,0x58,0x49,0x5C,0x59,0x5D,
            0x5C,0x58,0x5C,0x5B,0x00,0x01,0x02,0x00,0x01,0x02,0x01,0x03,0x04,0x01,0x03,0x04,
            0x04,0x02,0x01,0x04,0x02,0x01,0x05,0x04,0x03,0x05,0x04,0x03,0x03,0x06,0x05,0x03,
            0x06,0x05,0x07,0x05,0x06,0x07,0x05,0x06,0x02,0x04,0x08,0x02,0x04,0x08,0x04,0x05,
            0x09,0x04,0x05,0x09,0x0A,0x07,0x0B,0x0A,0x07,0x0B,0x0C,0x08,0x04,0x0C,0x08,0x04,
            0x09,0x0C,0x04,0x09,0x0C,0x04,0x05,0x07,0x0D,0x05,0x07,0x0D,0x0D,0x09,0x05,0x0D,
            0x09,0x05,0x07,0x0A,0x0E,0x07,0x0A,0x0E,0x0E,0x0D,0x07,0x0E,0x0D,0x07,0x0A,0x0F,
            0x10,0x0A,0x0F,0x10,0x08,0x0C,0x11,0x08,0x0C,0x11,0x10,0x0E,0x0A,0x10,0x0E,0x0A,
            0x09,0x12,0x0C,0x09,0x12,0x0C,0x13,0x10,0x14,0x13,0x10,0x14,0x0D,0x15,0x09,0x0D,
            0x15,0x09,0x16,0x11,0x0C,0x16,0x11,0x0C,0x16,0x0C,0x12,0x16,0x0C,0x12,0x0E,0x17,
            0x0D,0x0E,0x17,0x0D,0x12,0x09,0x15,0x12,0x09,0x15,0x10,0x18,0x0E,0x10,0x18,0x0E,
            0x10,0x13,0x19,0x10,0x13,0x19,0x15,0x0D,0x17,0x15,0x0D,0x17,0x17,0x0E,0x18,0x17,
            0x0E,0x18,0x19,0x18,0x10,0x19,0x18,0x10,0x16,0x1A,0x11,0x16,0x1A,0x11,0x12,0x1B,
            0x16,0x12,0x1B,0x16,0x15,0x1C,0x12,0x15,0x1C,0x12,0x17,0x1D,0x15,0x17,0x1D,0x15,
            0x18,0x1E,0x17,0x18,0x1E,0x17,0x19,0x1F,0x18,0x19,0x1F,0x18,0x20,0x11,0x1A,0x20,
            0x11,0x1A,0x1A,0x16,0x1B,0x1A,0x16,0x1B,0x1B,0x12,0x1C,0x1B,0x12,0x1C,0x1C,0x15,
            0x1D,0x1C,0x15,0x1D,0x1D,0x17,0x1E,0x1D,0x17,0x1E,0x1E,0x18,0x1F,0x1E,0x18,0x1F,
            0x1E,0x21,0x1D,0x1E,0x21,0x1D,0x1F,0x22,0x1E,0x1F,0x22,0x1E,0x1D,0x23,0x1C,0x1D,
            0x23,0x1C,0x1C,0x24,0x1B,0x1C,0x24,0x1B,0x1B,0x25,0x1A,0x1B,0x25,0x1A,0x1A,0x26,
            0x20,0x1A,0x26,0x20,0x21,0x1E,0x22,0x21,0x1E,0x22,0x23,0x1D,0x21,0x23,0x1D,0x21,
            0x24,0x1C,0x23,0x24,0x1C,0x23,0x25,0x1B,0x24,0x25,0x1B,0x24,0x26,0x1A,0x25,0x26,
            0x1A,0x25,0x27,0x20,0x26,0x27,0x20,0x26,0x28,0x29,0x2A,0x28,0x29,0x2A,0x2B,0x28,
            0x2C,0x2B,0x28,0x2C,0x29,0x28,0x2D,0x29,0x28,0x2D,0x2D,0x2E,0x29,0x2D,0x00,0x29,
            0x2F,0x30,0x2E,0x2E,0x2F,0x00,0x2E,0x2D,0x2F,0x00,0x2D,0x2E,0x31,0x2D,0x28,0x30,
            0x2D,0x28,0x32,0x33,0x30,0x31,0x32,0x2F,0x28,0x2B,0x31,0x28,0x2B,0x30,0x30,0x2F,
            0x32,0x2F,0x2E,0x31,0x34,0x35,0x33,0x33,0x34,0x32,0x33,0x32,0x34,0x32,0x31,0x33,
            0x36,0x2F,0x2D,0x35,0x2E,0x2D,0x37,0x38,0x35,0x36,0x37,0x34,0x39,0x3A,0x3B,0x38,
            0x39,0x3A,0x3A,0x39,0x38,0x39,0x38,0x37,0x35,0x34,0x37,0x34,0x33,0x36,0x3C,0x3B,
            0x3A,0x3B,0x3A,0x39,0x3D,0x2B,0x3E,0x3C,0x2B,0x3D,0x38,0x37,0x3A,0x37,0x36,0x39,
            0x3F,0x32,0x2F,0x3E,0x31,0x2E,0x2D,0x31,0x36,0x2D,0x30,0x35,0x40,0x34,0x32,0x3F,
            0x33,0x31,0x2F,0x36,0x3F,0x2E,0x35,0x3E,0x41,0x37,0x34,0x40,0x36,0x33,0x3A,0x42,
            0x3C,0x39,0x41,0x3B,0x42,0x3A,0x37,0x41,0x39,0x36,0x32,0x3F,0x40,0x31,0x3E,0x3F,
            0x43,0x31,0x2B,0x42,0x30,0x2B,0x34,0x40,0x41,0x33,0x3F,0x40,0x44,0x3C,0x42,0x43,
            0x3B,0x41,0x45,0x46,0x47,0x44,0x45,0x46,0x37,0x41,0x42,0x36,0x40,0x41,0x47,0x48,
            0x45,0x46,0x47,0x44,0x2B,0x3D,0x43,0x2B,0x3C,0x42,0x49,0x36,0x31,0x48,0x35,0x30,
            0x4A,0x3F,0x36,0x49,0x3E,0x35,0x4B,0x47,0x46,0x4A,0x46,0x45,0x4C,0x40,0x3F,0x4B,
            0x3F,0x3E,0x46,0x4D,0x4B,0x45,0x4C,0x4A,0x48,0x47,0x4E,0x47,0x46,0x4D,0x31,0x43,
            0x49,0x30,0x42,0x48,0x4F,0x41,0x40,0x4E,0x40,0x3F,0x42,0x50,0x44,0x41,0x4F,0x43,
            0x50,0x42,0x41,0x4F,0x41,0x40,0x36,0x49,0x4A,0x35,0x48,0x49,0x4E,0x51,0x48,0x4D,
            0x50,0x47,0x3F,0x4A,0x4C,0x3E,0x49,0x4B,0x40,0x4C,0x4F,0x3F,0x4B,0x4E,0x52,0x44,
            0x50,0x51,0x43,0x4F,0x47,0x4B,0x53,0x46,0x4A,0x52,0x41,0x4F,0x50,0x40,0x4E,0x4F,
            0x53,0x4E,0x47,0x52,0x4D,0x46,0x54,0x4B,0x4D,0x53,0x4A,0x4C,0x3D,0x55,0x43,0x3C,
            0x54,0x42,0x4D,0x56,0x54,0x4C,0x55,0x53,0x51,0x4E,0x57,0x50,0x4D,0x56,0x43,0x58,
            0x49,0x42,0x57,0x48,0x55,0x3D,0x59,0x54,0x3C,0x58,0x49,0x5A,0x4A,0x48,0x59,0x49,
            0x4A,0x5B,0x4C,0x49,0x5A,0x4B,0x5C,0x53,0x4B,0x5B,0x52,0x4A,0x4B,0x54,0x5C,0x4A,
            0x53,0x5B,0x4C,0x5D,0x4F,0x4B,0x5C,0x4E,0x5E,0x52,0x50,0x5D,0x51,0x4F,0x57,0x5F,
            0x51,0x56,0x5E,0x50,0x60,0x50,0x4F,0x5F,0x4F,0x4E,0x58,0x43,0x55,0x57,0x42,0x54,
            0x4E,0x53,0x61,0x4D,0x52,0x60,0x5A,0x49,0x58,0x59,0x48,0x57,0x61,0x57,0x4E,0x60,
            0x56,0x4D,0x5B,0x4A,0x5A,0x5A,0x49,0x59,0x56,0x62,0x54,0x55,0x61,0x53,0x5D,0x4C,
            0x5B,0x5C,0x4B,0x5A,0x63,0x4F,0x5D,0x62,0x4E,0x5C,0x50,0x60,0x5E,0x4F,0x5F,0x5D,
            0x4F,0x63,0x60,0x4E,0x62,0x5F,0x53,0x5C,0x64,0x52,0x5B,0x63,0x54,0x65,0x5C,0x53,
            0x64,0x5B,0x64,0x61,0x53,0x63,0x60,0x52,0x5F,0x57,0x66,0x5E,0x56,0x65,0x65,0x54,
            0x62,0x64,0x53,0x61,0x55,0x67,0x58,0x54,0x66,0x57,0x57,0x61,0x68,0x56,0x60,0x67,
            0x66,0x69,0x5F,0x65,0x68,0x5E,0x6A,0x5C,0x65,0x69,0x5B,0x64,0x58,0x6B,0x5A,0x57,
            0x6A,0x59,0x00,0x01,0x02,0x00,0x01,0x02,0x03,0x04,0x05,0x03,0x04,0x05,0x06,0x07,
            0x08,0x06,0x07,0x08,0x05,0x09,0x0A,0x05,0x09,0x0A,0x0A,0x0B,0x0C,0x0A,0x0B,0x0C,
            0x0D,0x0E,0x0F,0x0D,0x0E,0x0F,0x0C,0x10,0x0F,0x0C,0x10,0x0F,0x11,0x12,0x13,0x11,
            0x12,0x13,0x14,0x02,0x15,0x14,0x02,0x15,0x16,0x17,0x18,0x16,0x17,0x18,0x15,0x06,
            0x14,0x15,0x06,0x14,0x19,0x1A,0x11,0x19,0x1A,0x11,0x1B,0x02,0x01,0x1B,0x02,0x01,
            0x04,0x03,0x19,0x04,0x03,0x19,0x09,0x05,0x04,0x09,0x05,0x04,0x18,0x1C,0x01,0x18,
            0x1C,0x01,0x0B,0x0A,0x09,0x0B,0x0A,0x09,0x1D,0x07,0x1E,0x1D,0x07,0x1E,0x10,0x0C,
            0x0B,0x10,0x0C,0x0B,0x0F,0x1F,0x0D,0x0F,0x1F,0x0D,0x1F,0x0F,0x10,0x1F,0x0F,0x10,
            0x02,0x1B,0x15,0x02,0x1B,0x15,0x07,0x06,0x20,0x07,0x06,0x20,0x1C,0x18,0x17,0x1C,
            0x18,0x17,0x1E,0x21,0x1D,0x1E,0x21,0x1D,0x01,0x22,0x1B,0x01,0x22,0x1B,0x20,0x1E,
            0x07,0x20,0x1E,0x07,0x22,0x01,0x1C,0x22,0x01,0x1C,0x06,0x15,0x23,0x06,0x15,0x23,
            0x24,0x15,0x1B,0x24,0x15,0x1B,0x23,0x20,0x06,0x23,0x20,0x06,0x25,0x26,0x27,0x25,
            0x26,0x27,0x28,0x27,0x26,0x28,0x27,0x26,0x26,0x25,0x29,0x26,0x25,0x29,0x15,0x24,
            0x23,0x15,0x24,0x23,0x2A,0x25,0x2B,0x2A,0x25,0x2B,0x27,0x2B,0x25,0x27,0x2B,0x25,
            0x1B,0x2C,0x24,0x1B,0x2C,0x24,0x2C,0x1B,0x22,0x2C,0x1B,0x22,0x29,0x2D,0x26,0x29,
            0x2D,0x26,0x25,0x2A,0x2E,0x25,0x2A,0x2E,0x21,0x1E,0x2F,0x21,0x1E,0x2F,0x27,0x28,
            0x30,0x27,0x28,0x30,0x2E,0x29,0x25,0x2E,0x29,0x25,0x11,0x31,0x19,0x11,0x31,0x19,
            0x2B,0x32,0x2A,0x2B,0x32,0x2A,0x1E,0x20,0x33,0x1E,0x20,0x33,0x34,0x2A,0x32,0x34,
            0x2A,0x32,0x2B,0x27,0x35,0x2B,0x27,0x35,0x19,0x36,0x04,0x19,0x36,0x04,0x37,0x30,
            0x28,0x37,0x30,0x28,0x04,0x38,0x09,0x04,0x38,0x09,0x2A,0x34,0x39,0x2A,0x34,0x39,
            0x09,0x3A,0x0B,0x09,0x3A,0x0B,0x39,0x2E,0x2A,0x39,0x2E,0x2A,0x0B,0x3B,0x10,0x0B,
            0x3B,0x10,0x30,0x35,0x27,0x30,0x35,0x27,0x3C,0x0D,0x1F,0x3C,0x0D,0x1F,0x2F,0x3D,
            0x21,0x2F,0x3D,0x21,0x10,0x3E,0x1F,0x10,0x3E,0x1F,0x3F,0x23,0x24,0x3F,0x23,0x24,
            0x33,0x2F,0x1E,0x33,0x2F,0x1E,0x20,0x23,0x40,0x20,0x23,0x40,0x32,0x2B,0x41,0x32,
            0x2B,0x41,0x17,0x42,0x1C,0x17,0x42,0x1C,0x43,0x34,0x32,0x43,0x34,0x32,0x44,0x24,
            0x2C,0x44,0x24,0x2C,0x35,0x41,0x2B,0x35,0x41,0x2B,0x34,0x43,0x39,0x34,0x43,0x39,
            0x30,0x37,0x45,0x30,0x37,0x45,0x24,0x44,0x3F,0x24,0x44,0x3F,0x40,0x33,0x20,0x40,
            0x33,0x20,0x1C,0x46,0x22,0x1C,0x46,0x22,0x35,0x30,0x47,0x35,0x30,0x47,0x32,0x48,
            0x43,0x32,0x48,0x43,0x49,0x45,0x37,0x49,0x45,0x37,0x23,0x3F,0x40,0x23,0x3F,0x40,
            0x48,0x32,0x41,0x48,0x32,0x41,0x3D,0x2F,0x4A,0x3D,0x2F,0x4A,0x29,0x4B,0x2D,0x29,
            0x4B,0x2D,0x45,0x47,0x30,0x45,0x47,0x30,0x4A,0x4C,0x3D,0x4A,0x4C,0x3D,0x4D,0x39,
            0x43,0x4D,0x39,0x43,0x2F,0x33,0x4E,0x2F,0x33,0x4E,0x2E,0x4B,0x29,0x2E,0x4B,0x29,
            0x4E,0x4A,0x2F,0x4E,0x4A,0x2F,0x22,0x4F,0x2C,0x22,0x4F,0x2C,0x41,0x35,0x50,0x41,
            0x35,0x50,0x47,0x50,0x35,0x47,0x50,0x35,0x41,0x51,0x48,0x41,0x51,0x48,0x52,0x43,
            0x48,0x52,0x43,0x48,0x53,0x4E,0x33,0x53,0x4E,0x33,0x39,0x4B,0x2E,0x39,0x4B,0x2E,
            0x33,0x40,0x53,0x33,0x40,0x53,0x31,0x11,0x54,0x31,0x11,0x54,0x55,0x3F,0x44,0x55,
            0x3F,0x44,0x43,0x52,0x4D,0x43,0x52,0x4D,0x56,0x40,0x3F,0x56,0x40,0x3F,0x51,0x41,
            0x50,0x51,0x41,0x50,0x36,0x19,0x31,0x36,0x19,0x31,0x38,0x04,0x36,0x38,0x04,0x36,
            0x3A,0x09,0x38,0x3A,0x09,0x38,0x3B,0x0B,0x3A,0x3B,0x0B,0x3A,0x2C,0x57,0x44,0x2C,
            0x57,0x44,0x3F,0x55,0x56,0x3F,0x55,0x56,0x58,0x48,0x51,0x58,0x48,0x51,0x3E,0x10,
            0x3B,0x3E,0x10,0x3B,0x1F,0x59,0x3C,0x1F,0x59,0x3C,0x59,0x1F,0x3E,0x59,0x1F,0x3E,
            0x40,0x56,0x53,0x40,0x56,0x53,0x48,0x58,0x52,0x48,0x58,0x52,0x4D,0x4B,0x39,0x4D,
            0x4B,0x39,0x46,0x1C,0x42,0x46,0x1C,0x42,0x50,0x5A,0x51,0x50,0x5A,0x51,0x5B,0x4D,
            0x52,0x5B,0x4D,0x52,0x5C,0x53,0x56,0x5C,0x53,0x56,0x4F,0x22,0x46,0x4F,0x22,0x46,
            0x51,0x5D,0x58,0x51,0x5D,0x58,0x5D,0x51,0x5A,0x5D,0x51,0x5A,0x5E,0x56,0x55,0x5E,
            0x56,0x55,0x44,0x5F,0x55,0x44,0x5F,0x55,0x56,0x5E,0x5C,0x56,0x5E,0x5C,0x57,0x2C,
            0x4F,0x57,0x2C,0x4F,0x5B,0x4B,0x4D,0x5B,0x4B,0x4D,0x5A,0x60,0x5D,0x5A,0x60,0x5D,
            0x61,0x5C,0x5E,0x61,0x5C,0x5E,0x62,0x52,0x58,0x62,0x52,0x58,0x52,0x62,0x5B,0x52,
            0x62,0x5B,0x5F,0x44,0x57,0x5F,0x44,0x57,0x63,0x58,0x5D,0x63,0x58,0x5D,0x55,0x64,
            0x5E,0x55,0x64,0x5E,0x65,0x5D,0x60,0x65,0x5D,0x60,0x5E,0x66,0x61,0x5E,0x66,0x61,
            0x64,0x55,0x5F,0x64,0x55,0x5F,0x58,0x63,0x62,0x58,0x63,0x62,0x67,0x5B,0x62,0x67,
            0x5B,0x62,0x67,0x4B,0x5B,0x67,0x4B,0x5B,0x5D,0x65,0x63,0x5D,0x65,0x63,0x66,0x5E,
            0x64,0x66,0x5E,0x64,0x68,0x61,0x66,0x68,0x61,0x66,0x60,0x69,0x65,0x60,0x69,0x65,
            0x00,0x01,0x02,0x00,0x01,0x02,0x03,0x01,0x00,0x03,0x01,0x00,0x04,0x01,0x03,0x03,
            0x01,0x03,0x05,0x01,0x04,0x04,0x01,0x03,0x06,0x01,0x05,0x05,0x01,0x04,0x07,0x01,
            0x06,0x05,0x01,0x05,0x00,0x02,0x08,0x00,0x02,0x06,0x03,0x00,0x09,0x03,0x00,0x07,
            0x04,0x03,0x0A,0x03,0x03,0x08,0x05,0x04,0x0B,0x04,0x03,0x09,0x06,0x05,0x0C,0x05,
            0x04,0x0A,0x07,0x06,0x0D,0x05,0x05,0x0B,0x08,0x09,0x00,0x06,0x07,0x00,0x09,0x0A,
            0x03,0x07,0x08,0x03,0x0A,0x0E,0x04,0x08,0x0C,0x03,0x0E,0x0B,0x04,0x0C,0x09,0x03,
            0x0B,0x0C,0x05,0x09,0x0A,0x04,0x0C,0x0D,0x06,0x0A,0x0B,0x05,0x09,0x08,0x0F,0x07,
            0x06,0x0D,0x0A,0x09,0x10,0x08,0x07,0x0E,0x0E,0x0A,0x11,0x0C,0x08,0x0F,0x0B,0x0E,
            0x12,0x09,0x0C,0x10,0x0C,0x0B,0x13,0x0A,0x09,0x11,0x0F,0x10,0x09,0x0D,0x0E,0x07,
            0x10,0x11,0x0A,0x0E,0x0F,0x08,0x11,0x14,0x0E,0x0F,0x12,0x0C,0x14,0x12,0x0E,0x12,
            0x10,0x0C,0x12,0x13,0x0B,0x10,0x11,0x09,0x10,0x0F,0x15,0x0E,0x0D,0x13,0x11,0x10,
            0x16,0x0F,0x0E,0x14,0x14,0x11,0x17,0x12,0x0F,0x15,0x12,0x14,0x18,0x10,0x12,0x16,
            0x15,0x16,0x10,0x13,0x14,0x0E,0x16,0x17,0x11,0x14,0x15,0x0F,0x17,0x19,0x14,0x15,
            0x17,0x12,0x19,0x18,0x14,0x17,0x16,0x12,0x16,0x15,0x1A,0x14,0x13,0x18,0x17,0x16,
            0x1B,0x15,0x14,0x19,0x19,0x17,0x1C,0x17,0x15,0x1A,0x1A,0x1B,0x16,0x18,0x19,0x14,
            0x1B,0x1C,0x17,0x19,0x1A,0x15,0x1C,0x1D,0x19,0x1A,0x1B,0x17,0x1B,0x1A,0x1E,0x19,
            0x18,0x1C,0x1C,0x1B,0x1F,0x1A,0x19,0x1D,0x1D,0x1C,0x20,0x1B,0x1A,0x1E,0x1E,0x1F,
            0x1B,0x1C,0x1D,0x19,0x1F,0x20,0x1C,0x1D,0x1E,0x1A,0x20,0x21,0x1D,0x1E,0x1F,0x1B,
            0x1F,0x1E,0x22,0x1D,0x1C,0x20,0x20,0x1F,0x23,0x1E,0x1D,0x21,0x21,0x20,0x24,0x1F,
            0x1E,0x22,0x22,0x23,0x1F,0x20,0x21,0x1D,0x23,0x24,0x20,0x21,0x22,0x1E,0x24,0x25,
            0x21,0x22,0x23,0x1F,0x23,0x22,0x26,0x21,0x20,0x24,0x24,0x23,0x27,0x22,0x21,0x25,
            0x25,0x24,0x28,0x23,0x22,0x26,0x26,0x27,0x23,0x24,0x25,0x21,0x27,0x28,0x24,0x25,
            0x26,0x22,0x28,0x29,0x25,0x26,0x27,0x23,0x27,0x26,0x2A,0x25,0x24,0x28,0x28,0x27,
            0x2B,0x26,0x25,0x29,0x29,0x28,0x2C,0x27,0x26,0x2A,0x2A,0x2B,0x27,0x28,0x29,0x25,
            0x2B,0x2C,0x28,0x29,0x2A,0x26,0x2C,0x2D,0x29,0x2A,0x2B,0x27,0x2B,0x2A,0x2E,0x29,
            0x28,0x2C,0x2C,0x2B,0x2F,0x2A,0x29,0x2D,0x2D,0x2C,0x30,0x2B,0x2A,0x2E,0x2E,0x2F,
            0x2B,0x2C,0x2D,0x29,0x2F,0x30,0x2C,0x2D,0x2E,0x2A,0x2F,0x2E,0x31,0x2D,0x2C,0x2F,
            0x30,0x2F,0x32,0x2E,0x2D,0x30,0x33,0x30,0x34,0x31,0x2E,0x32,0x31,0x32,0x2F,0x2F,
            0x30,0x2D,0x32,0x34,0x30,0x30,0x32,0x2E,0x32,0x31,0x35,0x30,0x2F,0x33,0x34,0x32,
            0x36,0x32,0x30,0x34,0x35,0x36,0x32,0x33,0x34,0x30,0x36,0x37,0x34,0x34,0x35,0x32,
            0x36,0x35,0x38,0x34,0x33,0x36,0x37,0x36,0x39,0x35,0x34,0x37,0x3A,0x38,0x35,0x38,
            0x36,0x33,0x38,0x39,0x36,0x36,0x37,0x34,0x38,0x3A,0x3B,0x36,0x38,0x39,0x39,0x38,
            0x3C,0x37,0x36,0x3A,0x3D,0x3B,0x3A,0x3B,0x39,0x38,0x3B,0x3C,0x38,0x39,0x3A,0x36,
            0x3B,0x3D,0x3E,0x39,0x3B,0x3C,0x3C,0x3B,0x3F,0x3A,0x39,0x3D,0x40,0x3E,0x3D,0x3E,
            0x3C,0x3B,0x3E,0x3F,0x3B,0x3C,0x3D,0x39,0x3F,0x41,0x3C,0x3D,0x3F,0x3A,0x3E,0x40,
            0x42,0x3C,0x3E,0x40,0x3F,0x3E,0x43,0x3D,0x3C,0x41,0x44,0x42,0x40,0x42,0x40,0x3E,
            0x42,0x43,0x3E,0x40,0x41,0x3C,0x43,0x45,0x3F,0x41,0x43,0x3D,0x42,0x44,0x46,0x40,
            0x42,0x44,0x43,0x42,0x47,0x41,0x40,0x45,0x45,0x43,0x48,0x43,0x41,0x46,0x49,0x46,
            0x44,0x47,0x44,0x42,0x46,0x47,0x42,0x44,0x45,0x40,0x47,0x48,0x43,0x45,0x46,0x41,
            0x46,0x49,0x4A,0x44,0x47,0x48,0x47,0x46,0x4B,0x45,0x44,0x49,0x48,0x47,0x4C,0x46,
            0x45,0x4A,0x4D,0x4A,0x49,0x4B,0x48,0x47,0x4A,0x4B,0x46,0x48,0x49,0x44,0x4B,0x4C,
            0x47,0x49,0x4A,0x45,0x4A,0x4D,0x4E,0x48,0x4B,0x4C,0x4F,0x50,0x51,0x4D,0x4E,0x4F,
            0x4B,0x4A,0x52,0x49,0x48,0x50,0x50,0x53,0x54,0x4E,0x51,0x52,0x53,0x55,0x56,0x51,
            0x53,0x54,0x4C,0x4B,0x57,0x4A,0x49,0x55,0x55,0x58,0x56,0x53,0x56,0x54,0x59,0x5A,
            0x5B,0x57,0x58,0x59,0x5C,0x59,0x5D,0x5A,0x57,0x5B,0x5E,0x5C,0x5F,0x5C,0x5A,0x5D,
            0x60,0x5E,0x5F,0x5E,0x5C,0x5D,0x51,0x61,0x4F,0x4F,0x5F,0x4D,0x62,0x4E,0x4D,0x60,
            0x4C,0x4B,0x4E,0x52,0x4A,0x4C,0x50,0x48,0x54,0x51,0x50,0x52,0x4F,0x4E,0x56,0x54,
            0x53,0x54,0x52,0x51,0x52,0x57,0x4B,0x50,0x55,0x49,0x63,0x5B,0x5A,0x61,0x59,0x58,
            0x5B,0x5D,0x59,0x59,0x5B,0x57,0x5D,0x5F,0x5C,0x5B,0x5D,0x5A,0x5F,0x64,0x60,0x5D,
            0x62,0x5E,0x61,0x51,0x65,0x5F,0x4F,0x63,0x4E,0x62,0x66,0x4C,0x60,0x64,0x51,0x54,
            0x67,0x4F,0x52,0x65,0x52,0x4E,0x68,0x50,0x4C,0x66,0x54,0x56,0x69,0x52,0x54,0x67,
            0x57,0x52,0x6A,0x55,0x50,0x68,0x56,0x6B,0x6C,0x54,0x69,0x6A,0x6D,0x66,0x62,0x6B,
            0x64,0x60,0x67,0x65,0x51,0x65,0x63,0x4F,0x66,0x68,0x4E,0x64,0x66,0x4C,0x00,0x01,
            0x02,0x00,0x01,0x02,0x03,0x04,0x05,0x03,0x04,0x05,0x06,0x00,0x07,0x06,0x00,0x07,
            0x08,0x09,0x0A,0x08,0x09,0x0A,0x0B,0x08,0x0C,0x0B,0x08,0x0C,0x0D,0x0B,0x0E,0x0D,
            0x0B,0x0E,0x0F,0x0D,0x0E,0x0F,0x0D,0x0E,0x10,0x0F,0x11,0x10,0x0F,0x11,0x12,0x01,
            0x13,0x12,0x01,0x13,0x14,0x15,0x16,0x14,0x15,0x16,0x01,0x00,0x16,0x01,0x00,0x16,
            0x03,0x14,0x17,0x03,0x14,0x17,0x00,0x06,0x17,0x00,0x06,0x17,0x04,0x03,0x18,0x04,
            0x03,0x18,0x19,0x04,0x18,0x19,0x04,0x18,0x13,0x16,0x15,0x13,0x16,0x15,0x16,0x13,
            0x01,0x16,0x13,0x01,0x16,0x17,0x14,0x16,0x17,0x14,0x17,0x16,0x00,0x17,0x16,0x00,
            0x17,0x18,0x03,0x17,0x18,0x03,0x18,0x17,0x06,0x18,0x17,0x06,0x1A,0x18,0x06,0x1A,
            0x18,0x06,0x1B,0x0A,0x09,0x1B,0x0A,0x09,0x0A,0x0C,0x08,0x0A,0x0C,0x08,0x0C,0x0E,
            0x0B,0x0C,0x0E,0x0B,0x0E,0x11,0x0F,0x0E,0x11,0x0F,0x11,0x1C,0x10,0x11,0x1C,0x10,
            0x0A,0x1B,0x1D,0x0A,0x1B,0x1D,0x0C,0x0A,0x1E,0x0C,0x0A,0x1E,0x0E,0x0C,0x1F,0x0E,
            0x0C,0x1F,0x11,0x0E,0x1F,0x11,0x0E,0x1F,0x1C,0x11,0x20,0x1C,0x11,0x20,0x21,0x1C,
            0x22,0x21,0x1C,0x22,0x23,0x1D,0x1B,0x23,0x1D,0x1B,0x1D,0x1E,0x0A,0x1D,0x1E,0x0A,
            0x1E,0x1F,0x0C,0x1E,0x1F,0x0C,0x1F,0x20,0x11,0x1F,0x20,0x11,0x20,0x22,0x1C,0x20,
            0x22,0x1C,0x22,0x24,0x21,0x22,0x24,0x21,0x1D,0x23,0x25,0x1D,0x23,0x25,0x1E,0x1D,
            0x26,0x1E,0x1D,0x26,0x1F,0x1E,0x27,0x1F,0x1E,0x27,0x20,0x1F,0x27,0x20,0x1F,0x27,
            0x22,0x20,0x28,0x22,0x20,0x28,0x24,0x22,0x29,0x24,0x22,0x29,0x2A,0x25,0x23,0x2A,
            0x25,0x23,0x25,0x26,0x1D,0x25,0x26,0x1D,0x26,0x27,0x1E,0x26,0x27,0x1E,0x27,0x28,
            0x20,0x27,0x28,0x20,0x28,0x29,0x22,0x28,0x29,0x22,0x29,0x2B,0x24,0x29,0x2B,0x24,
            0x25,0x2A,0x2C,0x25,0x2A,0x2C,0x26,0x25,0x2D,0x26,0x25,0x2D,0x27,0x26,0x2E,0x27,
            0x26,0x2E,0x28,0x27,0x2E,0x28,0x27,0x2E,0x29,0x28,0x2F,0x29,0x28,0x2F,0x2B,0x29,
            0x30,0x2B,0x29,0x30,0x31,0x2C,0x2A,0x31,0x2C,0x2A,0x2C,0x2D,0x25,0x2C,0x2D,0x25,
            0x2D,0x2E,0x26,0x2D,0x2E,0x26,0x2E,0x2F,0x28,0x2E,0x2F,0x28,0x2F,0x30,0x29,0x2F,
            0x30,0x29,0x30,0x32,0x2B,0x30,0x32,0x2B,0x2C,0x31,0x33,0x2C,0x31,0x33,0x2D,0x2C,
            0x34,0x2D,0x2C,0x34,0x2E,0x2D,0x35,0x2E,0x2D,0x35,0x2F,0x2E,0x35,0x2F,0x2E,0x35,
            0x30,0x2F,0x36,0x30,0x2F,0x36,0x32,0x30,0x37,0x32,0x30,0x37,0x38,0x33,0x31,0x38,
            0x33,0x31,0x33,0x34,0x2C,0x33,0x34,0x2C,0x34,0x35,0x2D,0x34,0x35,0x2D,0x35,0x36,
            0x2F,0x35,0x36,0x2F,0x36,0x37,0x30,0x36,0x37,0x30,0x37,0x39,0x32,0x37,0x39,0x32,
            0x33,0x38,0x3A,0x33,0x38,0x3A,0x34,0x33,0x3B,0x34,0x33,0x3B,0x35,0x34,0x3C,0x35,
            0x34,0x3C,0x36,0x35,0x3C,0x36,0x35,0x3C,0x37,0x36,0x3D,0x37,0x36,0x3D,0x39,0x37,
            0x3E,0x39,0x37,0x3E,0x3F,0x3A,0x38,0x3F,0x3A,0x38,0x3A,0x3B,0x33,0x3A,0x3B,0x33,
            0x3B,0x3C,0x34,0x3B,0x3C,0x34,0x3C,0x3D,0x36,0x3C,0x3D,0x36,0x3D,0x3E,0x37,0x3D,
            0x3E,0x37,0x3E,0x40,0x39,0x3E,0x40,0x39,0x41,0x42,0x43,0x41,0x42,0x43,0x44,0x41,
            0x45,0x44,0x41,0x45,0x46,0x44,0x47,0x46,0x44,0x47,0x48,0x46,0x49,0x48,0x46,0x49,
            0x4A,0x48,0x4B,0x4A,0x48,0x4B,0x4C,0x4A,0x4D,0x4C,0x4A,0x4D,0x43,0x45,0x41,0x43,
            0x45,0x41,0x45,0x47,0x44,0x45,0x47,0x44,0x47,0x4E,0x46,0x47,0x4E,0x46,0x4E,0x49,
            0x46,0x4E,0x49,0x46,0x49,0x4B,0x48,0x49,0x4B,0x48,0x4B,0x4D,0x4A,0x4B,0x4D,0x4A,
            0x45,0x43,0x4F,0x45,0x43,0x4F,0x47,0x45,0x50,0x47,0x45,0x50,0x4E,0x47,0x51,0x4E,
            0x47,0x51,0x49,0x4E,0x52,0x49,0x4E,0x52,0x4B,0x49,0x53,0x4B,0x49,0x53,0x4D,0x4B,
            0x54,0x4D,0x4B,0x54,0x4F,0x50,0x45,0x4F,0x50,0x45,0x50,0x51,0x47,0x50,0x51,0x47,
            0x51,0x55,0x4E,0x51,0x55,0x4E,0x55,0x52,0x4E,0x55,0x52,0x4E,0x52,0x53,0x49,0x52,
            0x53,0x49,0x53,0x54,0x4B,0x53,0x54,0x4B,0x50,0x4F,0x56,0x50,0x4F,0x56,0x51,0x50,
            0x57,0x51,0x50,0x57,0x55,0x51,0x58,0x55,0x51,0x58,0x52,0x55,0x59,0x52,0x55,0x59,
            0x53,0x52,0x5A,0x53,0x52,0x5A,0x54,0x53,0x5B,0x54,0x53,0x5B,0x56,0x57,0x50,0x56,
            0x57,0x50,0x57,0x58,0x51,0x57,0x58,0x51,0x58,0x5C,0x55,0x58,0x5C,0x55,0x5C,0x59,
            0x55,0x5C,0x59,0x55,0x59,0x5A,0x52,0x59,0x5A,0x52,0x5A,0x5B,0x53,0x5A,0x5B,0x53,
            0x57,0x56,0x5D,0x57,0x56,0x5D,0x58,0x57,0x5E,0x58,0x57,0x5E,0x5C,0x58,0x5F,0x5C,
            0x58,0x5F,0x59,0x5C,0x5F,0x59,0x5C,0x5F,0x5A,0x59,0x60,0x5A,0x59,0x60,0x5B,0x5A,
            0x61,0x5B,0x5A,0x61,0x62,0x5D,0x56,0x62,0x5D,0x56,0x5D,0x5E,0x57,0x5D,0x5E,0x57,
            0x5E,0x5F,0x58,0x5E,0x5F,0x58,0x5F,0x60,0x59,0x5F,0x60,0x59,0x60,0x61,0x5A,0x60,
            0x61,0x5A,0x61,0x63,0x5B,0x61,0x63,0x5B,0x62,0x64,0x5D,0x62,0x64,0x5D,0x5D,0x64,
            0x5E,0x5D,0x64,0x5E,0x5E,0x64,0x5F,0x5E,0x64,0x5F,0x5F,0x64,0x60,0x5F,0x64,0x60,
            0x60,0x64,0x61,0x60,0x64,0x61,0x61,0x64,0x63,0x61,0x64,0x63,0x00,0x01,0x02,0x00,
            0x01,0x02,0x03,0x02,0x01,0x03,0x02,0x01,0x03,0x04,0x05,0x03,0x04,0x05,0x02,0x03,
            0x06,0x02,0x03,0x06,0x07,0x05,0x04,0x07,0x05,0x04,0x05,0x06,0x03,0x05,0x06,0x03,
            0x07,0x08,0x09,0x07,0x08,0x09,0x05,0x07,0x0A,0x05,0x07,0x0A,0x06,0x05,0x0B,0x06,
            0x05,0x0B,0x0C,0x09,0x08,0x0C,0x09,0x08,0x09,0x0A,0x07,0x09,0x0A,0x07,0x0A,0x0B,
            0x05,0x0A,0x0B,0x05,0x09,0x0C,0x0D,0x09,0x0C,0x0D,0x0A,0x09,0x0E,0x0A,0x09,0x0E,
            0x0B,0x0A,0x0F,0x0B,0x0A,0x0F,0x10,0x0D,0x0C,0x10,0x0D,0x0C,0x0D,0x0E,0x09,0x0D,
            0x0E,0x09,0x0E,0x0F,0x0A,0x0E,0x0F,0x0A,0x0D,0x10,0x11,0x0D,0x10,0x11,0x0E,0x0D,
            0x12,0x0E,0x0D,0x12,0x0F,0x0E,0x13,0x0F,0x0E,0x13,0x14,0x11,0x10,0x14,0x11,0x10,
            0x11,0x12,0x0D,0x11,0x12,0x0D,0x12,0x13,0x0E,0x12,0x13,0x0E,0x11,0x14,0x15,0x11,
            0x14,0x15,0x12,0x11,0x16,0x12,0x11,0x16,0x13,0x12,0x17,0x13,0x12,0x17,0x18,0x15,
            0x14,0x18,0x15,0x14,0x15,0x16,0x11,0x15,0x16,0x11,0x16,0x17,0x12,0x16,0x17,0x12,
            0x15,0x18,0x19,0x15,0x18,0x19,0x16,0x15,0x1A,0x16,0x15,0x1A,0x17,0x16,0x1B,0x17,
            0x16,0x1B,0x1C,0x19,0x18,0x1C,0x19,0x18,0x19,0x1A,0x15,0x19,0x1A,0x15,0x1A,0x1B,
            0x16,0x1A,0x1B,0x16,0x19,0x1C,0x1D,0x19,0x1C,0x1D,0x1A,0x19,0x1E,0x1A,0x19,0x1E,
            0x1B,0x1A,0x1F,0x1B,0x1A,0x1F,0x20,0x21,0x1C,0x20,0x21,0x1C,0x21,0x1D,0x1C,0x21,
            0x1D,0x1C,0x1D,0x1E,0x19,0x1D,0x1E,0x19,0x1E,0x1F,0x1A,0x1E,0x1F,0x1A,0x1D,0x21,
            0x22,0x1D,0x21,0x22,0x1E,0x1D,0x23,0x1E,0x1D,0x23,0x1F,0x1E,0x24,0x1F,0x1E,0x24,
            0x25,0x26,0x21,0x25,0x26,0x21,0x26,0x22,0x21,0x26,0x22,0x21,0x22,0x23,0x1D,0x22,
            0x23,0x1D,0x23,0x24,0x1E,0x23,0x24,0x1E,0x27,0x28,0x29,0x27,0x28,0x29,0x29,0x2A,
            0x27,0x29,0x2A,0x27,0x26,0x25,0x2B,0x26,0x25,0x2B,0x22,0x26,0x2C,0x22,0x26,0x2C,
            0x23,0x22,0x2D,0x23,0x22,0x2D,0x24,0x23,0x2E,0x24,0x23,0x2E,0x28,0x2F,0x29,0x28,
            0x2F,0x29,0x2B,0x30,0x26,0x2B,0x30,0x26,0x30,0x2C,0x26,0x30,0x2C,0x26,0x2C,0x2D,
            0x22,0x2C,0x2D,0x22,0x2D,0x2E,0x23,0x2D,0x2E,0x23,0x31,0x29,0x2F,0x31,0x29,0x2F,
            0x2A,0x29,0x32,0x2A,0x29,0x32,0x31,0x2F,0x33,0x31,0x2F,0x33,0x30,0x2B,0x34,0x30,
            0x2B,0x34,0x2C,0x30,0x34,0x2C,0x30,0x34,0x2D,0x2C,0x35,0x2D,0x2C,0x35,0x2E,0x2D,
            0x36,0x2E,0x2D,0x36,0x32,0x37,0x2A,0x32,0x1F,0x2A,0x29,0x31,0x38,0x29,0x31,0x37,
            0x33,0x39,0x31,0x33,0x38,0x31,0x3A,0x34,0x2B,0x39,0x34,0x2B,0x34,0x35,0x2C,0x34,
            0x35,0x2C,0x35,0x36,0x2D,0x35,0x36,0x2D,0x36,0x3B,0x2E,0x36,0x3A,0x2E,0x38,0x32,
            0x29,0x37,0x32,0x29,0x31,0x39,0x38,0x31,0x38,0x37,0x39,0x33,0x3C,0x38,0x33,0x3B,
            0x34,0x3A,0x3D,0x34,0x39,0x3C,0x35,0x34,0x3D,0x35,0x34,0x3C,0x36,0x35,0x3E,0x36,
            0x35,0x3D,0x3B,0x36,0x3F,0x3A,0x36,0x3E,0x3C,0x40,0x39,0x3B,0x3F,0x38,0x37,0x32,
            0x41,0x1F,0x32,0x40,0x42,0x38,0x39,0x41,0x37,0x38,0x39,0x40,0x42,0x38,0x3F,0x41,
            0x40,0x3C,0x43,0x3F,0x3B,0x42,0x44,0x3D,0x3A,0x43,0x3C,0x39,0x3D,0x3E,0x35,0x3C,
            0x3D,0x35,0x3E,0x3F,0x36,0x3D,0x3E,0x36,0x3F,0x45,0x3B,0x3E,0x44,0x3A,0x32,0x38,
            0x46,0x32,0x37,0x45,0x41,0x47,0x37,0x40,0x46,0x1F,0x43,0x48,0x40,0x42,0x47,0x3F,
            0x49,0x42,0x40,0x48,0x41,0x3F,0x46,0x41,0x32,0x45,0x40,0x32,0x38,0x42,0x4A,0x37,
            0x41,0x49,0x40,0x48,0x49,0x3F,0x47,0x48,0x43,0x4B,0x48,0x42,0x4A,0x47,0x4C,0x48,
            0x4B,0x4B,0x47,0x4A,0x3D,0x44,0x4D,0x3C,0x43,0x4C,0x3E,0x3D,0x4D,0x3D,0x3C,0x4C,
            0x45,0x3F,0x4E,0x44,0x3E,0x4D,0x3F,0x3E,0x4F,0x3E,0x3D,0x4E,0x4A,0x46,0x38,0x49,
            0x45,0x37,0x50,0x49,0x48,0x4F,0x48,0x47,0x48,0x4C,0x50,0x47,0x4B,0x4F,0x42,0x49,
            0x51,0x41,0x48,0x50,0x4E,0x52,0x45,0x4D,0x51,0x44,0x4D,0x4F,0x3E,0x4C,0x4E,0x3D,
            0x4F,0x4E,0x3F,0x4E,0x4D,0x3E,0x53,0x50,0x4C,0x52,0x4F,0x4B,0x51,0x4A,0x42,0x50,
            0x49,0x41,0x47,0x41,0x54,0x46,0x40,0x53,0x49,0x50,0x51,0x48,0x4F,0x50,0x41,0x46,
            0x55,0x40,0x45,0x54,0x50,0x53,0x56,0x4F,0x52,0x55,0x56,0x51,0x50,0x55,0x50,0x4F,
            0x46,0x4A,0x57,0x45,0x49,0x56,0x54,0x58,0x47,0x53,0x57,0x46,0x4D,0x59,0x5A,0x4C,
            0x58,0x59,0x52,0x4E,0x5B,0x51,0x4D,0x5A,0x4F,0x4D,0x5A,0x4E,0x4C,0x59,0x4E,0x4F,
            0x5C,0x4D,0x4E,0x5B,0x55,0x54,0x41,0x54,0x53,0x40,0x5D,0x56,0x53,0x5C,0x55,0x52,
            0x4A,0x51,0x5E,0x49,0x50,0x5D,0x57,0x55,0x46,0x56,0x54,0x45,0x5C,0x5B,0x4E,0x5B,
            0x5A,0x4D,0x5B,0x5F,0x52,0x5A,0x5E,0x51,0x5A,0x5C,0x4F,0x59,0x5B,0x4E,0x51,0x56,
            0x5E,0x50,0x55,0x5D,0x5E,0x57,0x4A,0x5D,0x56,0x49,0x56,0x5D,0x60,0x55,0x5C,0x5F,
            0x60,0x5E,0x56,0x5F,0x5D,0x55,0x58,0x54,0x61,0x57,0x53,0x60,0x62,0x60,0x5D,0x61,
            0x5F,0x5C,0x54,0x55,0x63,0x53,0x54,0x62,0x5C,0x5A,0x64,0x5B,0x59,0x63,0x5B,0x5C,
            0x65,0x5A,0x5B,0x64,0x5F,0x5B,0x66,0x5E,0x5A,0x65,0x00,0x01,0x02,0x00,0x01,0x02,
            0x01,0x03,0x04,0x01,0x03,0x04,0x05,0x06,0x07,0x05,0x06,0x07,0x08,0x09,0x0A,0x08,
            0x09,0x0A,0x09,0x0B,0x0C,0x09,0x0B,0x0C,0x0B,0x0D,0x0E,0x0B,0x0D,0x0E,0x0F,0x05,
            0x10,0x0F,0x05,0x10,0x03,0x11,0x12,0x03,0x11,0x12,0x02,0x0F,0x00,0x02,0x0F,0x00,
            0x11,0x13,0x12,0x11,0x13,0x12,0x04,0x02,0x01,0x04,0x02,0x01,0x12,0x04,0x03,0x12,
            0x04,0x03,0x14,0x12,0x13,0x14,0x12,0x13,0x09,0x08,0x15,0x09,0x08,0x15,0x0B,0x09,
            0x16,0x0B,0x09,0x16,0x0D,0x0B,0x17,0x0D,0x0B,0x17,0x06,0x05,0x18,0x06,0x05,0x18,
            0x05,0x0F,0x19,0x05,0x0F,0x19,0x0F,0x02,0x1A,0x0F,0x02,0x1A,0x02,0x04,0x1B,0x02,
            0x04,0x1B,0x04,0x12,0x1C,0x04,0x12,0x1C,0x12,0x14,0x1D,0x12,0x14,0x1D,0x15,0x16,
            0x09,0x15,0x16,0x09,0x16,0x17,0x0B,0x16,0x17,0x0B,0x17,0x1E,0x0D,0x17,0x1E,0x0D,
            0x18,0x1F,0x06,0x18,0x1F,0x06,0x19,0x18,0x05,0x19,0x18,0x05,0x1A,0x19,0x0F,0x1A,
            0x19,0x0F,0x1B,0x1A,0x02,0x1B,0x1A,0x02,0x1C,0x1B,0x04,0x1C,0x1B,0x04,0x1D,0x1C,
            0x12,0x1D,0x1C,0x12,0x1C,0x1D,0x20,0x1C,0x1D,0x20,0x21,0x22,0x23,0x21,0x22,0x23,
            0x1B,0x1C,0x24,0x1B,0x1C,0x24,0x22,0x25,0x26,0x22,0x25,0x26,0x1A,0x1B,0x27,0x1A,
            0x1B,0x27,0x25,0x28,0x29,0x25,0x28,0x29,0x19,0x1A,0x2A,0x19,0x1A,0x2A,0x18,0x19,
            0x2B,0x18,0x19,0x2B,0x28,0x2C,0x2D,0x28,0x2C,0x2D,0x1F,0x18,0x2E,0x1F,0x18,0x2E,
            0x2C,0x2F,0x30,0x2C,0x2F,0x30,0x2F,0x31,0x32,0x2F,0x31,0x32,0x16,0x15,0x33,0x16,
            0x15,0x33,0x34,0x35,0x36,0x34,0x35,0x36,0x17,0x16,0x37,0x17,0x16,0x37,0x35,0x38,
            0x39,0x35,0x38,0x39,0x1E,0x17,0x3A,0x1E,0x17,0x3A,0x20,0x24,0x1C,0x20,0x24,0x1C,
            0x26,0x23,0x22,0x26,0x23,0x22,0x3B,0x3C,0x3D,0x3B,0x3C,0x3D,0x3E,0x3B,0x3F,0x3E,
            0x3B,0x3F,0x24,0x27,0x1B,0x24,0x27,0x1B,0x29,0x26,0x25,0x29,0x26,0x25,0x27,0x2A,
            0x1A,0x27,0x2A,0x1A,0x2D,0x29,0x28,0x2D,0x29,0x28,0x2A,0x2B,0x19,0x2A,0x2B,0x19,
            0x2B,0x2E,0x18,0x2B,0x2E,0x18,0x2E,0x40,0x1F,0x2E,0x1F,0x1F,0x30,0x2D,0x2C,0x30,
            0x2D,0x2C,0x32,0x30,0x2F,0x32,0x30,0x2F,0x41,0x32,0x31,0x40,0x32,0x31,0x36,0x42,
            0x34,0x36,0x41,0x34,0x33,0x37,0x16,0x33,0x37,0x16,0x39,0x36,0x35,0x39,0x36,0x35,
            0x43,0x39,0x38,0x42,0x39,0x38,0x37,0x3A,0x17,0x37,0x3A,0x17,0x3A,0x44,0x1E,0x3A,
            0x43,0x1E,0x24,0x20,0x45,0x24,0x20,0x44,0x23,0x26,0x46,0x23,0x26,0x45,0x27,0x24,
            0x47,0x27,0x24,0x46,0x26,0x29,0x48,0x26,0x29,0x47,0x2A,0x27,0x49,0x2A,0x27,0x48,
            0x3D,0x3F,0x3B,0x3D,0x3F,0x3B,0x3F,0x4A,0x3E,0x3F,0x49,0x3E,0x29,0x2D,0x4B,0x29,
            0x2D,0x4A,0x2B,0x2A,0x4C,0x2B,0x2A,0x4B,0x45,0x47,0x24,0x44,0x46,0x24,0x48,0x46,
            0x26,0x47,0x45,0x26,0x47,0x49,0x27,0x46,0x48,0x27,0x2E,0x2B,0x4D,0x2E,0x2B,0x4C,
            0x2D,0x30,0x4E,0x2D,0x30,0x4D,0x4B,0x48,0x29,0x4A,0x47,0x29,0x40,0x2E,0x4F,0x1F,
            0x2E,0x4E,0x49,0x4C,0x2A,0x48,0x4B,0x2A,0x30,0x32,0x50,0x30,0x32,0x4F,0x4E,0x4B,
            0x2D,0x4D,0x4A,0x2D,0x47,0x45,0x51,0x46,0x44,0x50,0x46,0x48,0x51,0x45,0x47,0x50,
            0x4C,0x4D,0x2B,0x4B,0x4C,0x2B,0x32,0x41,0x52,0x32,0x40,0x51,0x49,0x47,0x53,0x48,
            0x46,0x52,0x48,0x4B,0x53,0x47,0x4A,0x52,0x51,0x53,0x47,0x50,0x52,0x46,0x53,0x51,
            0x48,0x52,0x50,0x47,0x4D,0x4F,0x2E,0x4C,0x4E,0x2E,0x50,0x4E,0x30,0x4F,0x4D,0x30,
            0x4F,0x54,0x40,0x4E,0x53,0x1F,0x53,0x55,0x49,0x52,0x54,0x48,0x4C,0x49,0x55,0x4B,
            0x48,0x54,0x55,0x53,0x4B,0x54,0x52,0x4A,0x4B,0x4E,0x55,0x4A,0x4D,0x54,0x52,0x50,
            0x32,0x51,0x4F,0x32,0x56,0x52,0x41,0x55,0x51,0x40,0x55,0x57,0x4C,0x54,0x56,0x4B,
            0x4D,0x4C,0x57,0x4C,0x4B,0x56,0x57,0x55,0x4E,0x56,0x54,0x4D,0x4E,0x50,0x57,0x4D,
            0x4F,0x56,0x37,0x33,0x58,0x37,0x33,0x57,0x36,0x39,0x59,0x36,0x39,0x58,0x3A,0x37,
            0x5A,0x3A,0x37,0x59,0x39,0x43,0x59,0x39,0x42,0x58,0x44,0x3A,0x5B,0x43,0x3A,0x5A,
            0x4F,0x4D,0x5C,0x4E,0x4C,0x5B,0x57,0x5C,0x4D,0x56,0x5B,0x4C,0x5C,0x57,0x50,0x5B,
            0x56,0x4F,0x50,0x52,0x5C,0x4F,0x51,0x5B,0x54,0x4F,0x5D,0x53,0x4E,0x5C,0x5C,0x5D,
            0x4F,0x5B,0x5C,0x4E,0x52,0x56,0x5D,0x51,0x55,0x5C,0x5D,0x5C,0x52,0x5C,0x5B,0x51,
            0x5D,0x5E,0x54,0x5C,0x5D,0x53,0x5E,0x5D,0x56,0x5D,0x5C,0x55,0x5F,0x60,0x36,0x5E,
            0x5F,0x36,0x58,0x5A,0x37,0x57,0x59,0x37,0x59,0x5F,0x36,0x58,0x5E,0x36,0x5A,0x5B,
            0x3A,0x59,0x5A,0x3A,0x61,0x59,0x43,0x60,0x58,0x42,0x5B,0x62,0x44,0x5A,0x61,0x43,
            0x4A,0x3F,0x63,0x49,0x3F,0x62,0x60,0x5F,0x64,0x5F,0x5E,0x63,0x5B,0x5A,0x64,0x5A,
            0x59,0x63,0x5F,0x59,0x65,0x5E,0x58,0x64,0x59,0x61,0x66,0x58,0x60,0x65,0x62,0x5B,
            0x65,0x61,0x5A,0x64,0x67,0x64,0x5A,0x66,0x63,0x59,0x65,0x64,0x5F,0x64,0x63,0x5E,
            0x64,0x65,0x5B,0x63,0x64,0x5A,0x66,0x65,0x59,0x65,0x64,0x58,0x65,0x66,0x62,0x64,
            0x65,0x61,0x63,0x68,0x4A,0x62,0x67,0x49,0x00,0x01,0x02,0x00,0x01,0x02,0x03,0x00,
            0x02,0x03,0x00,0x02,0x04,0x00,0x03,0x03,0x00,0x03,0x05,0x00,0x06,0x04,0x00,0x05,
            0x06,0x00,0x07,0x05,0x00,0x06,0x07,0x00,0x04,0x06,0x00,0x03,0x02,0x01,0x08,0x02,
            0x01,0x07,0x03,0x02,0x09,0x03,0x02,0x08,0x04,0x03,0x0A,0x03,0x03,0x09,0x06,0x07,
            0x0B,0x05,0x06,0x0A,0x07,0x04,0x0C,0x06,0x03,0x0B,0x05,0x06,0x0D,0x04,0x05,0x0C,
            0x08,0x09,0x02,0x07,0x08,0x02,0x09,0x0A,0x03,0x08,0x09,0x03,0x0A,0x0E,0x04,0x09,
            0x0D,0x03,0x0C,0x0B,0x07,0x0B,0x0A,0x06,0x0E,0x0C,0x04,0x0D,0x0B,0x03,0x0B,0x0D,
            0x06,0x0A,0x0C,0x05,0x0A,0x09,0x0F,0x09,0x08,0x0E,0x0E,0x0A,0x10,0x0D,0x09,0x0F,
            0x0B,0x0C,0x11,0x0A,0x0B,0x10,0x0C,0x0E,0x12,0x0B,0x0D,0x11,0x0D,0x0B,0x13,0x0C,
            0x0A,0x12,0x0F,0x10,0x0A,0x0E,0x0F,0x09,0x10,0x14,0x0E,0x0F,0x13,0x0D,0x14,0x12,
            0x0E,0x13,0x11,0x0D,0x11,0x13,0x0B,0x10,0x12,0x0A,0x12,0x11,0x0C,0x11,0x10,0x0B,
            0x14,0x10,0x15,0x13,0x0F,0x14,0x12,0x14,0x16,0x11,0x13,0x15,0x13,0x11,0x17,0x12,
            0x10,0x16,0x11,0x12,0x18,0x10,0x11,0x17,0x15,0x19,0x14,0x14,0x18,0x13,0x19,0x16,
            0x14,0x18,0x15,0x13,0x16,0x18,0x12,0x15,0x17,0x11,0x18,0x17,0x11,0x17,0x16,0x10,
            0x16,0x19,0x1A,0x15,0x18,0x19,0x18,0x16,0x1B,0x17,0x15,0x1A,0x17,0x18,0x1C,0x16,
            0x17,0x1B,0x1D,0x1A,0x19,0x1C,0x19,0x18,0x1A,0x1B,0x16,0x19,0x1A,0x15,0x1B,0x1C,
            0x18,0x1A,0x1B,0x17,0x1A,0x1D,0x1E,0x19,0x1C,0x1D,0x1B,0x1A,0x1F,0x1A,0x19,0x1E,
            0x1C,0x1B,0x20,0x1B,0x1A,0x1F,0x21,0x1E,0x1D,0x20,0x1D,0x1C,0x1E,0x1F,0x1A,0x1D,
            0x1E,0x19,0x1F,0x20,0x1B,0x1E,0x1F,0x1A,0x1E,0x21,0x22,0x1D,0x20,0x21,0x1F,0x1E,
            0x23,0x1E,0x1D,0x22,0x20,0x1F,0x24,0x1F,0x1E,0x23,0x25,0x22,0x21,0x24,0x21,0x20,
            0x22,0x23,0x1E,0x21,0x22,0x1D,0x23,0x24,0x1F,0x22,0x23,0x1E,0x22,0x25,0x26,0x21,
            0x24,0x25,0x23,0x22,0x27,0x22,0x21,0x26,0x24,0x23,0x28,0x23,0x22,0x27,0x29,0x26,
            0x25,0x28,0x25,0x24,0x26,0x27,0x22,0x25,0x26,0x21,0x27,0x28,0x23,0x26,0x27,0x22,
            0x26,0x29,0x2A,0x25,0x28,0x29,0x27,0x26,0x2B,0x26,0x25,0x2A,0x28,0x27,0x2C,0x27,
            0x26,0x2B,0x2D,0x2A,0x29,0x2C,0x29,0x28,0x2A,0x2B,0x26,0x29,0x2A,0x25,0x2B,0x2C,
            0x27,0x2A,0x2B,0x26,0x2A,0x2D,0x2E,0x29,0x2C,0x2D,0x2C,0x2B,0x2F,0x2B,0x2A,0x2E,
            0x2B,0x2A,0x30,0x2A,0x29,0x2F,0x2E,0x30,0x2A,0x2D,0x2F,0x29,0x30,0x2F,0x2B,0x2F,
            0x2E,0x2A,0x2E,0x31,0x32,0x2D,0x30,0x31,0x30,0x2E,0x33,0x2F,0x2D,0x32,0x2F,0x30,
            0x34,0x2E,0x2F,0x33,0x32,0x33,0x2E,0x31,0x32,0x2D,0x33,0x34,0x30,0x32,0x33,0x2F,
            0x33,0x32,0x35,0x32,0x31,0x34,0x34,0x33,0x36,0x33,0x32,0x35,0x37,0x35,0x32,0x36,
            0x34,0x31,0x35,0x36,0x33,0x34,0x35,0x32,0x35,0x37,0x38,0x34,0x36,0x37,0x36,0x35,
            0x39,0x35,0x34,0x38,0x39,0x3A,0x36,0x38,0x39,0x35,0x38,0x39,0x35,0x37,0x38,0x34,
            0x3A,0x39,0x3B,0x39,0x38,0x3A,0x39,0x38,0x3C,0x38,0x37,0x3B,0x3B,0x3D,0x3A,0x3A,
            0x3C,0x39,0x3C,0x3B,0x39,0x3B,0x3A,0x38,0x3D,0x3B,0x3E,0x3C,0x3A,0x3D,0x3B,0x3C,
            0x3F,0x3A,0x3B,0x3E,0x3E,0x40,0x3D,0x3D,0x3F,0x3C,0x41,0x3F,0x3C,0x40,0x3E,0x3B,
            0x3F,0x3E,0x3B,0x3E,0x3D,0x3A,0x40,0x3E,0x42,0x3F,0x3D,0x41,0x3E,0x3F,0x43,0x3D,
            0x3E,0x42,0x42,0x44,0x40,0x41,0x43,0x3F,0x43,0x42,0x3E,0x42,0x41,0x3D,0x45,0x43,
            0x3F,0x44,0x42,0x3E,0x43,0x45,0x46,0x42,0x44,0x45,0x44,0x42,0x47,0x43,0x41,0x46,
            0x42,0x43,0x48,0x41,0x42,0x47,0x46,0x48,0x43,0x45,0x47,0x42,0x47,0x49,0x44,0x46,
            0x48,0x43,0x48,0x47,0x42,0x47,0x46,0x41,0x48,0x46,0x4A,0x47,0x45,0x49,0x47,0x48,
            0x4B,0x46,0x47,0x4A,0x49,0x47,0x4C,0x48,0x46,0x4B,0x4A,0x4B,0x48,0x49,0x4A,0x47,
            0x4B,0x4C,0x47,0x4A,0x4B,0x46,0x4C,0x4D,0x49,0x4B,0x4C,0x48,0x4E,0x4F,0x50,0x4D,
            0x4E,0x4F,0x4B,0x4A,0x51,0x4A,0x49,0x50,0x52,0x4E,0x50,0x51,0x4D,0x4F,0x4F,0x53,
            0x54,0x4E,0x52,0x53,0x4C,0x4B,0x55,0x4B,0x4A,0x54,0x53,0x56,0x57,0x52,0x55,0x56,
            0x4D,0x4C,0x58,0x4C,0x4B,0x57,0x59,0x5A,0x5B,0x58,0x59,0x5A,0x5A,0x5C,0x5D,0x59,
            0x5B,0x5C,0x5C,0x5E,0x5F,0x5B,0x5D,0x5E,0x5E,0x60,0x5F,0x5D,0x5F,0x5E,0x54,0x50,
            0x4F,0x53,0x4F,0x4E,0x51,0x55,0x4B,0x50,0x54,0x4A,0x61,0x57,0x56,0x60,0x56,0x55,
            0x57,0x54,0x53,0x56,0x53,0x52,0x55,0x58,0x4C,0x54,0x57,0x4B,0x58,0x62,0x4D,0x57,
            0x61,0x4C,0x5B,0x63,0x59,0x5A,0x62,0x58,0x5D,0x5B,0x5A,0x5C,0x5A,0x59,0x5F,0x5D,
            0x5C,0x5E,0x5C,0x5B,0x64,0x5F,0x60,0x63,0x5E,0x5F,0x57,0x61,0x65,0x56,0x60,0x64,
            0x54,0x57,0x66,0x53,0x56,0x65,0x50,0x54,0x67,0x4F,0x53,0x66,0x55,0x51,0x68,0x54,
            0x50,0x67,0x58,0x55,0x69,0x57,0x54,0x68,0x62,0x58,0x6A,0x61,0x57,0x69,0x65,0x66,
            0x57,0x64,0x65,0x56,0x66,0x6B,0x54,0x65,0x6A,0x53,0x6B,0x67,0x54,0x6A,0x66,0x53,
            0x68,0x69,0x55,0x67,0x68,0x54,0x00,0x01,0x02,0x00,0x01,0x02,0x03,0x04,0x05,0x03,
            0x04,0x05,0x04,0x06,0x07,0x04,0x06,0x07,0x08,0x09,0x0A,0x08,0x09,0x0A,0x09,0x0B,
            0x0C,0x09,0x0B,0x0C,0x0B,0x0D,0x0E,0x0B,0x0D,0x0E,0x0D,0x0F,0x0E,0x0D,0x0F,0x0E,
            0x0F,0x10,0x11,0x0F,0x10,0x11,0x04,0x03,0x12,0x04,0x03,0x12,0x00,0x13,0x12,0x00,
            0x13,0x12,0x03,0x14,0x15,0x03,0x14,0x15,0x14,0x16,0x15,0x14,0x16,0x15,0x17,0x18,
            0x19,0x17,0x18,0x19,0x13,0x17,0x1A,0x13,0x17,0x1A,0x06,0x04,0x1A,0x06,0x04,0x1A,
            0x15,0x12,0x03,0x15,0x12,0x03,0x12,0x15,0x00,0x12,0x15,0x00,0x15,0x1B,0x00,0x15,
            0x1B,0x00,0x12,0x1A,0x04,0x12,0x1A,0x04,0x1A,0x12,0x13,0x1A,0x12,0x13,0x19,0x1A,
            0x17,0x19,0x1A,0x17,0x1A,0x19,0x06,0x1A,0x19,0x06,0x0A,0x1C,0x08,0x0A,0x1C,0x08,
            0x0C,0x0A,0x09,0x0C,0x0A,0x09,0x0E,0x0C,0x0B,0x0E,0x0C,0x0B,0x11,0x0E,0x0F,0x11,
            0x0E,0x0F,0x1D,0x11,0x10,0x1D,0x11,0x10,0x1C,0x0A,0x1E,0x1C,0x0A,0x1E,0x0A,0x0C,
            0x1F,0x0A,0x0C,0x1F,0x0C,0x0E,0x20,0x0C,0x0E,0x20,0x0E,0x11,0x20,0x0E,0x11,0x20,
            0x11,0x1D,0x21,0x11,0x1D,0x21,0x1D,0x22,0x23,0x1D,0x22,0x23,0x1E,0x24,0x1C,0x1E,
            0x24,0x1C,0x1F,0x1E,0x0A,0x1F,0x1E,0x0A,0x20,0x1F,0x0C,0x20,0x1F,0x0C,0x21,0x20,
            0x11,0x21,0x20,0x11,0x23,0x21,0x1D,0x23,0x21,0x1D,0x25,0x23,0x22,0x25,0x23,0x22,
            0x24,0x1E,0x26,0x24,0x1E,0x26,0x1E,0x1F,0x27,0x1E,0x1F,0x27,0x1F,0x20,0x28,0x1F,
            0x20,0x28,0x20,0x21,0x28,0x20,0x21,0x28,0x21,0x23,0x29,0x21,0x23,0x29,0x23,0x25,
            0x2A,0x23,0x25,0x2A,0x26,0x2B,0x24,0x26,0x2B,0x24,0x27,0x26,0x1E,0x27,0x26,0x1E,
            0x28,0x27,0x1F,0x28,0x27,0x1F,0x29,0x28,0x21,0x29,0x28,0x21,0x2A,0x29,0x23,0x2A,
            0x29,0x23,0x2C,0x2A,0x25,0x2C,0x2A,0x25,0x2B,0x26,0x2D,0x2B,0x26,0x2D,0x26,0x27,
            0x2E,0x26,0x27,0x2E,0x27,0x28,0x2F,0x27,0x28,0x2F,0x28,0x29,0x2F,0x28,0x29,0x2F,
            0x29,0x2A,0x30,0x29,0x2A,0x30,0x2A,0x2C,0x31,0x2A,0x2C,0x31,0x2D,0x32,0x2B,0x2D,
            0x32,0x2B,0x2E,0x2D,0x26,0x2E,0x2D,0x26,0x2F,0x2E,0x27,0x2F,0x2E,0x27,0x30,0x2F,
            0x29,0x30,0x2F,0x29,0x31,0x30,0x2A,0x31,0x30,0x2A,0x33,0x31,0x2C,0x33,0x31,0x2C,
            0x32,0x2D,0x34,0x32,0x2D,0x34,0x2D,0x2E,0x35,0x2D,0x2E,0x35,0x2E,0x2F,0x36,0x2E,
            0x2F,0x36,0x2F,0x30,0x36,0x2F,0x30,0x36,0x30,0x31,0x37,0x30,0x31,0x37,0x31,0x33,
            0x38,0x31,0x33,0x38,0x34,0x39,0x32,0x34,0x39,0x32,0x35,0x34,0x2D,0x35,0x34,0x2D,
            0x36,0x35,0x2E,0x36,0x35,0x2E,0x37,0x36,0x30,0x37,0x36,0x30,0x38,0x37,0x31,0x38,
            0x37,0x31,0x3A,0x38,0x33,0x3A,0x38,0x33,0x39,0x34,0x3B,0x39,0x34,0x3B,0x34,0x35,
            0x3C,0x34,0x35,0x3C,0x35,0x36,0x3D,0x35,0x36,0x3D,0x36,0x37,0x3D,0x36,0x37,0x3D,
            0x37,0x38,0x3E,0x37,0x38,0x3E,0x38,0x3A,0x3F,0x38,0x3A,0x3F,0x3B,0x40,0x39,0x3B,
            0x40,0x39,0x3C,0x3B,0x34,0x3C,0x3B,0x34,0x3D,0x3C,0x35,0x3D,0x3C,0x35,0x3E,0x3D,
            0x37,0x3E,0x3D,0x37,0x3F,0x3E,0x38,0x3F,0x3E,0x38,0x41,0x3F,0x3A,0x41,0x3F,0x3A,
            0x42,0x43,0x44,0x42,0x43,0x44,0x43,0x45,0x46,0x43,0x45,0x46,0x45,0x47,0x48,0x45,
            0x47,0x48,0x47,0x49,0x4A,0x47,0x49,0x4A,0x49,0x4B,0x4C,0x49,0x4B,0x4C,0x4B,0x4D,
            0x4E,0x4B,0x4D,0x4E,0x46,0x44,0x43,0x46,0x44,0x43,0x48,0x46,0x45,0x48,0x46,0x45,
            0x4F,0x48,0x47,0x4F,0x48,0x47,0x4A,0x4F,0x47,0x4A,0x4F,0x47,0x4C,0x4A,0x49,0x4C,
            0x4A,0x49,0x4E,0x4C,0x4B,0x4E,0x4C,0x4B,0x44,0x46,0x50,0x44,0x46,0x50,0x46,0x48,
            0x51,0x46,0x48,0x51,0x48,0x4F,0x52,0x48,0x4F,0x52,0x4F,0x4A,0x53,0x4F,0x4A,0x53,
            0x4A,0x4C,0x54,0x4A,0x4C,0x54,0x4C,0x4E,0x55,0x4C,0x4E,0x55,0x51,0x50,0x46,0x51,
            0x50,0x46,0x52,0x51,0x48,0x52,0x51,0x48,0x56,0x52,0x4F,0x56,0x52,0x4F,0x53,0x56,
            0x4F,0x53,0x56,0x4F,0x54,0x53,0x4A,0x54,0x53,0x4A,0x55,0x54,0x4C,0x55,0x54,0x4C,
            0x50,0x51,0x57,0x50,0x51,0x57,0x51,0x52,0x58,0x51,0x52,0x58,0x52,0x56,0x59,0x52,
            0x56,0x59,0x56,0x53,0x5A,0x56,0x53,0x5A,0x53,0x54,0x5B,0x53,0x54,0x5B,0x54,0x55,
            0x5C,0x54,0x55,0x5C,0x58,0x57,0x51,0x58,0x57,0x51,0x59,0x58,0x52,0x59,0x58,0x52,
            0x5D,0x59,0x56,0x5D,0x59,0x56,0x5A,0x5D,0x56,0x5A,0x5D,0x56,0x5B,0x5A,0x53,0x5B,
            0x5A,0x53,0x5C,0x5B,0x54,0x5C,0x5B,0x54,0x57,0x58,0x5E,0x57,0x58,0x5E,0x58,0x59,
            0x5F,0x58,0x59,0x5F,0x59,0x5D,0x60,0x59,0x5D,0x60,0x5D,0x5A,0x60,0x5D,0x5A,0x60,
            0x5A,0x5B,0x61,0x5A,0x5B,0x61,0x5B,0x5C,0x62,0x5B,0x5C,0x62,0x5E,0x63,0x57,0x5E,
            0x63,0x57,0x5F,0x5E,0x58,0x5F,0x5E,0x58,0x60,0x5F,0x59,0x60,0x5F,0x59,0x61,0x60,
            0x5A,0x61,0x60,0x5A,0x62,0x61,0x5B,0x62,0x61,0x5B,0x64,0x62,0x5C,0x64,0x62,0x5C,
            0x5E,0x65,0x63,0x5E,0x65,0x63,0x5F,0x65,0x5E,0x5F,0x65,0x5E,0x60,0x65,0x5F,0x60,
            0x65,0x5F,0x61,0x65,0x60,0x61,0x65,0x60,0x62,0x65,0x61,0x62,0x65,0x61,0x64,0x65,
            0x62,0x64,0x65,0x62,0x00,0x01,0x02,0x00,0x01,0x02,0x02,0x03,0x00,0x02,0x03,0x00,
            0x03,0x02,0x04,0x03,0x02,0x04,0x05,0x03,0x06,0x05,0x03,0x06,0x04,0x06,0x03,0x04,
            0x06,0x03,0x06,0x07,0x05,0x06,0x07,0x05,0x06,0x04,0x08,0x06,0x04,0x08,0x07,0x06,
            0x09,0x07,0x06,0x09,0x0A,0x07,0x0B,0x0A,0x07,0x0B,0x08,0x09,0x06,0x08,0x09,0x06,
            0x09,0x0B,0x07,0x09,0x0B,0x07,0x0B,0x0C,0x0A,0x0B,0x0C,0x0A,0x09,0x08,0x0D,0x09,
            0x08,0x0D,0x0B,0x09,0x0E,0x0B,0x09,0x0E,0x0C,0x0B,0x0F,0x0C,0x0B,0x0F,0x0D,0x0E,
            0x09,0x0D,0x0E,0x09,0x0E,0x0F,0x0B,0x0E,0x0F,0x0B,0x0F,0x10,0x0C,0x0F,0x10,0x0C,
            0x0E,0x0D,0x11,0x0E,0x0D,0x11,0x0F,0x0E,0x12,0x0F,0x0E,0x12,0x10,0x0F,0x13,0x10,
            0x0F,0x13,0x11,0x12,0x0E,0x11,0x12,0x0E,0x12,0x13,0x0F,0x12,0x13,0x0F,0x13,0x14,
            0x10,0x13,0x14,0x10,0x12,0x11,0x15,0x12,0x11,0x15,0x13,0x12,0x16,0x13,0x12,0x16,
            0x14,0x13,0x17,0x14,0x13,0x17,0x15,0x16,0x12,0x15,0x16,0x12,0x16,0x17,0x13,0x16,
            0x17,0x13,0x17,0x18,0x14,0x17,0x18,0x14,0x16,0x15,0x19,0x16,0x15,0x19,0x17,0x16,
            0x1A,0x17,0x16,0x1A,0x18,0x17,0x1B,0x18,0x17,0x1B,0x19,0x1A,0x16,0x19,0x1A,0x16,
            0x1A,0x1B,0x17,0x1A,0x1B,0x17,0x1B,0x1C,0x18,0x1B,0x1C,0x18,0x1A,0x19,0x1D,0x1A,
            0x19,0x1D,0x1B,0x1A,0x1E,0x1B,0x1A,0x1E,0x1C,0x1B,0x1F,0x1C,0x1B,0x1F,0x1D,0x1E,
            0x1A,0x1D,0x1E,0x1A,0x1E,0x1F,0x1B,0x1E,0x1F,0x1B,0x1F,0x20,0x1C,0x1F,0x20,0x1C,
            0x20,0x21,0x1C,0x20,0x21,0x1C,0x1E,0x1D,0x22,0x1E,0x1D,0x22,0x1F,0x1E,0x23,0x1F,
            0x1E,0x23,0x20,0x1F,0x24,0x20,0x1F,0x24,0x22,0x23,0x1E,0x22,0x23,0x1E,0x23,0x24,
            0x1F,0x23,0x24,0x1F,0x24,0x25,0x20,0x24,0x25,0x20,0x25,0x26,0x20,0x25,0x26,0x20,
            0x27,0x28,0x29,0x27,0x28,0x29,0x2A,0x29,0x28,0x2A,0x29,0x28,0x23,0x22,0x2B,0x23,
            0x22,0x2B,0x24,0x23,0x2C,0x24,0x23,0x2C,0x25,0x24,0x2D,0x25,0x24,0x2D,0x26,0x25,
            0x2E,0x26,0x25,0x2E,0x2F,0x27,0x29,0x2F,0x27,0x29,0x2B,0x2C,0x23,0x2B,0x2C,0x23,
            0x2C,0x2D,0x24,0x2C,0x2D,0x24,0x2D,0x30,0x25,0x2D,0x30,0x25,0x30,0x2E,0x25,0x30,
            0x2E,0x25,0x29,0x31,0x2F,0x29,0x31,0x2F,0x29,0x2A,0x32,0x29,0x2A,0x32,0x2F,0x31,
            0x33,0x2F,0x31,0x33,0x2C,0x2B,0x34,0x2C,0x2B,0x34,0x2D,0x2C,0x35,0x2D,0x2C,0x35,
            0x30,0x2D,0x36,0x30,0x2D,0x36,0x2E,0x30,0x36,0x2E,0x30,0x36,0x37,0x32,0x2A,0x1D,
            0x32,0x2A,0x31,0x29,0x38,0x31,0x29,0x37,0x39,0x33,0x31,0x38,0x33,0x31,0x3A,0x34,
            0x2B,0x39,0x34,0x2B,0x34,0x35,0x2C,0x34,0x35,0x2C,0x35,0x36,0x2D,0x35,0x36,0x2D,
            0x36,0x3B,0x2E,0x36,0x3A,0x2E,0x32,0x38,0x29,0x32,0x37,0x29,0x39,0x31,0x38,0x38,
            0x31,0x37,0x33,0x39,0x3C,0x33,0x38,0x3B,0x35,0x34,0x3D,0x35,0x34,0x3C,0x34,0x3A,
            0x3E,0x34,0x39,0x3D,0x36,0x35,0x3F,0x36,0x35,0x3E,0x3B,0x36,0x3F,0x3A,0x36,0x3E,
            0x40,0x3C,0x39,0x3F,0x3B,0x38,0x32,0x37,0x41,0x32,0x1D,0x40,0x38,0x42,0x39,0x37,
            0x41,0x38,0x40,0x39,0x42,0x3F,0x38,0x41,0x3C,0x40,0x43,0x3B,0x3F,0x42,0x3E,0x3D,
            0x34,0x3D,0x3C,0x34,0x44,0x3E,0x3A,0x43,0x3D,0x39,0x3D,0x3F,0x35,0x3C,0x3E,0x35,
            0x3F,0x45,0x3B,0x3E,0x44,0x3A,0x38,0x32,0x46,0x37,0x32,0x45,0x47,0x41,0x37,0x46,
            0x40,0x1D,0x48,0x43,0x40,0x47,0x42,0x3F,0x42,0x49,0x40,0x41,0x48,0x3F,0x41,0x46,
            0x32,0x40,0x45,0x32,0x42,0x38,0x4A,0x41,0x37,0x49,0x48,0x40,0x49,0x47,0x3F,0x48,
            0x4B,0x43,0x48,0x4A,0x42,0x47,0x48,0x4C,0x4B,0x47,0x4B,0x4A,0x3F,0x3D,0x4D,0x3E,
            0x3C,0x4C,0x3D,0x3E,0x4E,0x3C,0x3D,0x4D,0x3E,0x44,0x4F,0x3D,0x43,0x4E,0x45,0x3F,
            0x4D,0x44,0x3E,0x4C,0x46,0x4A,0x38,0x45,0x49,0x37,0x49,0x50,0x48,0x48,0x4F,0x47,
            0x4C,0x48,0x50,0x4B,0x47,0x4F,0x49,0x42,0x51,0x48,0x41,0x50,0x4E,0x4D,0x3D,0x4D,
            0x4C,0x3C,0x52,0x4F,0x44,0x51,0x4E,0x43,0x4F,0x4E,0x3E,0x4E,0x4D,0x3D,0x50,0x53,
            0x4C,0x4F,0x52,0x4B,0x4A,0x51,0x42,0x49,0x50,0x41,0x41,0x47,0x54,0x40,0x46,0x53,
            0x50,0x49,0x51,0x4F,0x48,0x50,0x46,0x41,0x55,0x45,0x40,0x54,0x53,0x50,0x56,0x52,
            0x4F,0x55,0x51,0x56,0x50,0x50,0x55,0x4F,0x4A,0x46,0x57,0x49,0x45,0x56,0x58,0x54,
            0x47,0x57,0x53,0x46,0x4D,0x4E,0x59,0x4C,0x4D,0x58,0x4F,0x52,0x5A,0x4E,0x51,0x59,
            0x5B,0x4D,0x59,0x5A,0x4C,0x58,0x4E,0x4F,0x5C,0x4D,0x4E,0x5B,0x54,0x55,0x41,0x53,
            0x54,0x40,0x56,0x5D,0x53,0x55,0x5C,0x52,0x51,0x4A,0x5E,0x50,0x49,0x5D,0x55,0x57,
            0x46,0x54,0x56,0x45,0x5F,0x5A,0x52,0x5E,0x59,0x51,0x5C,0x59,0x4E,0x5B,0x58,0x4D,
            0x5A,0x5C,0x4F,0x59,0x5B,0x4E,0x56,0x51,0x5E,0x55,0x50,0x5D,0x57,0x5E,0x4A,0x56,
            0x5D,0x49,0x5D,0x56,0x60,0x5C,0x55,0x5F,0x5E,0x60,0x56,0x5D,0x5F,0x55,0x54,0x58,
            0x61,0x53,0x57,0x60,0x60,0x62,0x5D,0x5F,0x61,0x5C,0x55,0x54,0x63,0x54,0x53,0x62,
            0x59,0x5C,0x64,0x58,0x5B,0x63,0x5C,0x5A,0x65,0x5B,0x59,0x64,0x5A,0x5F,0x66,0x59,
            0x5E,0x65,0x00,0x01,0x02,0x00,0x01,0x02,0x03,0x00,0x04,0x03,0x00,0x04,0x05,0x06,
            0x07,0x05,0x06,0x07,0x08,0x09,0x0A,0x08,0x09,0x0A,0x0B,0x08,0x0C,0x0B,0x08,0x0C,
            0x0D,0x0B,0x0E,0x0D,0x0B,0x0E,0x06,0x0F,0x10,0x06,0x0F,0x10,0x11,0x03,0x12,0x11,
            0x03,0x12,0x0F,0x02,0x01,0x0F,0x02,0x01,0x13,0x11,0x12,0x13,0x11,0x12,0x02,0x04,
            0x00,0x02,0x04,0x00,0x04,0x12,0x03,0x04,0x12,0x03,0x12,0x14,0x13,0x12,0x14,0x13,
            0x09,0x08,0x15,0x09,0x08,0x15,0x08,0x0B,0x16,0x08,0x0B,0x16,0x0B,0x0D,0x17,0x0B,
            0x0D,0x17,0x06,0x05,0x18,0x06,0x05,0x18,0x0F,0x06,0x19,0x0F,0x06,0x19,0x02,0x0F,
            0x1A,0x02,0x0F,0x1A,0x04,0x02,0x1B,0x04,0x02,0x1B,0x12,0x04,0x1C,0x12,0x04,0x1C,
            0x14,0x12,0x1D,0x14,0x12,0x1D,0x16,0x15,0x08,0x16,0x15,0x08,0x17,0x16,0x0B,0x17,
            0x16,0x0B,0x1E,0x17,0x0D,0x1E,0x17,0x0D,0x1F,0x18,0x05,0x1F,0x18,0x05,0x18,0x19,
            0x06,0x18,0x19,0x06,0x19,0x1A,0x0F,0x19,0x1A,0x0F,0x1A,0x1B,0x02,0x1A,0x1B,0x02,
            0x1B,0x1C,0x04,0x1B,0x1C,0x04,0x1C,0x1D,0x12,0x1C,0x1D,0x12,0x1D,0x1C,0x20,0x1D,
            0x1C,0x20,0x21,0x22,0x23,0x21,0x22,0x23,0x1C,0x1B,0x24,0x1C,0x1B,0x24,0x25,0x21,
            0x26,0x25,0x21,0x26,0x1B,0x1A,0x27,0x1B,0x1A,0x27,0x28,0x25,0x29,0x28,0x25,0x29,
            0x1A,0x19,0x2A,0x1A,0x19,0x2A,0x19,0x18,0x2B,0x19,0x18,0x2B,0x2C,0x28,0x2D,0x2C,
            0x28,0x2D,0x18,0x1F,0x2E,0x18,0x1F,0x2E,0x2F,0x2C,0x30,0x2F,0x2C,0x30,0x31,0x2F,
            0x32,0x31,0x2F,0x32,0x15,0x16,0x33,0x15,0x16,0x33,0x34,0x35,0x36,0x34,0x35,0x36,
            0x16,0x17,0x37,0x16,0x17,0x37,0x38,0x34,0x39,0x38,0x34,0x39,0x17,0x1E,0x3A,0x17,
            0x1E,0x3A,0x24,0x20,0x1C,0x24,0x20,0x1C,0x23,0x26,0x21,0x23,0x26,0x21,0x3B,0x3C,
            0x3D,0x3B,0x3C,0x3D,0x3C,0x3E,0x3F,0x3C,0x3E,0x3F,0x27,0x24,0x1B,0x27,0x24,0x1B,
            0x26,0x29,0x25,0x26,0x29,0x25,0x2A,0x27,0x1A,0x2A,0x27,0x1A,0x29,0x2D,0x28,0x29,
            0x2D,0x28,0x2B,0x2A,0x19,0x2B,0x2A,0x19,0x2E,0x2B,0x18,0x2E,0x2B,0x18,0x40,0x2E,
            0x1F,0x1F,0x2E,0x1F,0x2D,0x30,0x2C,0x2D,0x30,0x2C,0x30,0x32,0x2F,0x30,0x32,0x2F,
            0x32,0x41,0x31,0x32,0x40,0x31,0x42,0x36,0x35,0x41,0x36,0x35,0x37,0x33,0x16,0x37,
            0x33,0x16,0x36,0x39,0x34,0x36,0x39,0x34,0x39,0x43,0x38,0x39,0x42,0x38,0x3A,0x37,
            0x17,0x3A,0x37,0x17,0x44,0x3A,0x1E,0x43,0x3A,0x1E,0x20,0x24,0x45,0x20,0x24,0x44,
            0x26,0x23,0x46,0x26,0x23,0x45,0x24,0x27,0x47,0x24,0x27,0x46,0x29,0x26,0x48,0x29,
            0x26,0x47,0x27,0x2A,0x49,0x27,0x2A,0x48,0x3F,0x3D,0x3C,0x3F,0x3D,0x3C,0x4A,0x3F,
            0x3E,0x49,0x3F,0x3E,0x2D,0x29,0x4B,0x2D,0x29,0x4A,0x2A,0x2B,0x4C,0x2A,0x2B,0x4B,
            0x47,0x45,0x24,0x46,0x44,0x24,0x46,0x48,0x26,0x45,0x47,0x26,0x49,0x47,0x27,0x48,
            0x46,0x27,0x2B,0x2E,0x4D,0x2B,0x2E,0x4C,0x30,0x2D,0x4E,0x30,0x2D,0x4D,0x48,0x4B,
            0x29,0x47,0x4A,0x29,0x2E,0x40,0x4F,0x2E,0x1F,0x4E,0x4C,0x49,0x2A,0x4B,0x48,0x2A,
            0x32,0x30,0x50,0x32,0x30,0x4F,0x4B,0x4E,0x2D,0x4A,0x4D,0x2D,0x45,0x47,0x51,0x44,
            0x46,0x50,0x48,0x46,0x51,0x47,0x45,0x50,0x4D,0x4C,0x2B,0x4C,0x4B,0x2B,0x41,0x32,
            0x52,0x40,0x32,0x51,0x47,0x49,0x53,0x46,0x48,0x52,0x4B,0x48,0x53,0x4A,0x47,0x52,
            0x53,0x51,0x47,0x52,0x50,0x46,0x51,0x53,0x48,0x50,0x52,0x47,0x4F,0x4D,0x2E,0x4E,
            0x4C,0x2E,0x4E,0x50,0x30,0x4D,0x4F,0x30,0x54,0x4F,0x40,0x53,0x4E,0x1F,0x55,0x53,
            0x49,0x54,0x52,0x48,0x49,0x4C,0x55,0x48,0x4B,0x54,0x53,0x55,0x4B,0x52,0x54,0x4A,
            0x4E,0x4B,0x55,0x4D,0x4A,0x54,0x50,0x52,0x32,0x4F,0x51,0x32,0x52,0x56,0x41,0x51,
            0x55,0x40,0x57,0x55,0x4C,0x56,0x54,0x4B,0x4C,0x4D,0x57,0x4B,0x4C,0x56,0x55,0x57,
            0x4E,0x54,0x56,0x4D,0x50,0x4E,0x57,0x4F,0x4D,0x56,0x33,0x37,0x58,0x33,0x37,0x57,
            0x36,0x42,0x59,0x36,0x41,0x58,0x39,0x36,0x5A,0x39,0x36,0x59,0x37,0x3A,0x5B,0x37,
            0x3A,0x5A,0x43,0x39,0x5C,0x42,0x39,0x5B,0x3A,0x44,0x5D,0x3A,0x43,0x5C,0x4D,0x4F,
            0x5E,0x4C,0x4E,0x5D,0x5E,0x57,0x4D,0x5D,0x56,0x4C,0x57,0x5E,0x50,0x56,0x5D,0x4F,
            0x52,0x50,0x5E,0x51,0x4F,0x5D,0x4F,0x54,0x5F,0x4E,0x53,0x5E,0x5F,0x5E,0x4F,0x5E,
            0x5D,0x4E,0x56,0x52,0x5F,0x55,0x51,0x5E,0x5E,0x5F,0x52,0x5D,0x5E,0x51,0x60,0x5F,
            0x54,0x5F,0x5E,0x53,0x5F,0x60,0x56,0x5E,0x5F,0x55,0x5B,0x58,0x37,0x5A,0x57,0x37,
            0x59,0x5A,0x36,0x58,0x59,0x36,0x5D,0x5B,0x3A,0x5C,0x5A,0x3A,0x5A,0x5C,0x39,0x59,
            0x5B,0x39,0x61,0x5D,0x44,0x60,0x5C,0x43,0x3F,0x4A,0x62,0x3F,0x49,0x61,0x59,0x63,
            0x64,0x58,0x62,0x63,0x5B,0x5D,0x64,0x5A,0x5C,0x63,0x5A,0x59,0x65,0x59,0x58,0x64,
            0x5C,0x5A,0x66,0x5B,0x59,0x65,0x5D,0x61,0x65,0x5C,0x60,0x64,0x64,0x67,0x5B,0x63,
            0x66,0x5A,0x64,0x65,0x59,0x63,0x64,0x58,0x65,0x64,0x5D,0x64,0x63,0x5C,0x65,0x66,
            0x5A,0x64,0x65,0x59,0x66,0x65,0x61,0x65,0x64,0x60,0x68,0x62,0x4A,0x67,0x61,0x49,
            0x00,0x00,0x40,0x43,0x80,0x38,0xC0,0x00,0x40,0x43,0x80,0x33,0x00,0x01,0x40,0x3A,
            0x80,0x38,0x80,0x01,0xC0,0x4A,0x80,0x38,0xC0,0x01,0x80,0x3A,0x80,0x33,0x40,0x02,
            0x80,0x4A,0x80,0x33,0xC0,0x02,0x40,0x43,0x80,0x30,0x80,0x04,0xC0,0x31,0x80,0x38,
            0x00,0x04,0x40,0x3B,0x80,0x30,0x80,0x04,0xC0,0x49,0x80,0x30,0x40,0x05,0x40,0x32,
            0x80,0x33,0xC0,0x05,0x40,0x43,0x80,0x2F,0x00,0x07,0x80,0x33,0x80,0x30,0xC0,0x06,
            0x40,0x3C,0x80,0x2F,0x40,0x07,0xC0,0x48,0x80,0x2F,0x80,0x0A,0x80,0x29,0x80,0x38,
            0x80,0x08,0x40,0x43,0x80,0x30,0x80,0x09,0xC0,0x34,0x80,0x2F,0x00,0x0B,0x40,0x2A,
            0x80,0x33,0x80,0x09,0x00,0x3D,0x80,0x30,0x00,0x0A,0x00,0x48,0x80,0x30,0xC0,0x0A,
            0x40,0x43,0x80,0x33,0xC0,0x0B,0x80,0x4C,0x80,0x2F,0x80,0x0C,0x80,0x2B,0x80,0x30,
            0x00,0x0C,0x40,0x36,0x80,0x30,0x80,0x0B,0xC0,0x3D,0x80,0x33,0x40,0x0C,0x40,0x47,
            0x80,0x33,0xC0,0x0B,0x40,0x43,0x80,0x38,0x80,0x0C,0x00,0x3E,0x80,0x38,0x40,0x0E,
            0x80,0x2D,0x80,0x2F,0x40,0x0E,0x00,0x4B,0x80,0x30,0x00,0x0D,0x00,0x47,0x80,0x38,
            0xC0,0x0D,0x80,0x37,0x80,0x33,0x00,0x13,0xC0,0x21,0x80,0x38,0x80,0x0E,0x00,0x38,
            0x80,0x38,0x00,0x10,0x00,0x4A,0x80,0x33,0x40,0x10,0x40,0x2F,0x80,0x30,0x40,0x13,
            0x80,0x22,0x80,0x33,0x80,0x11,0xC0,0x30,0x80,0x33,0xC0,0x10,0x80,0x49,0x80,0x38,
            0x40,0x15,0x40,0x26,0x80,0x2F,0x40,0x12,0x40,0x31,0x80,0x38,0x00,0x14,0x00,0x24,
            0x80,0x30,0x40,0x16,0x40,0x28,0x80,0x30,0x80,0x16,0x80,0x4B,0x80,0x33,0x40,0x17,
            0x00,0x2A,0x80,0x33,0x80,0x17,0x80,0x2A,0x80,0x38,0x00,0x1E,0x40,0x1A,0x80,0x38,
            0x00,0x1E,0x00,0x1B,0x80,0x33,0x40,0x1E,0x80,0x1F,0x80,0x2F,0x80,0x1E,0xC0,0x21,
            0x80,0x30,0x80,0x1E,0xC0,0x23,0x80,0x33,0x00,0x1E,0x00,0x1D,0x80,0x30,0x80,0x1E,
            0x80,0x24,0x80,0x38,0xC0,0x27,0x80,0x1E,0x80,0x33,0x80,0x28,0x40,0x1C,0x80,0x30,
            0x80,0x29,0x40,0x19,0x80,0x2F,0x80,0x2A,0x80,0x16,0x80,0x30,0x80,0x2B,0x80,0x13,
            0x80,0x38,0x80,0x27,0x40,0x1F,0x80,0x38,0x40,0x2B,0x40,0x14,0x80,0x33,0x40,0x28,
            0x80,0x28,0x80,0x38,0x40,0x2B,0x80,0x28,0x40,0x23,0x80,0x27,0x40,0x1F,0x80,0x38,
            0xC0,0x2B,0x00,0x17,0x80,0x23,0x00,0x29,0x00,0x17,0x80,0x38,0x40,0x2A,0x40,0x1F,
            0x00,0x23,0x80,0x2A,0x40,0x32,0x80,0x38,0x40,0x2D,0x40,0x32,0x00,0x24,0x40,0x2F,
            0x40,0x10,0x80,0x24,0xC0,0x2C,0x40,0x10,0x80,0x38,0x40,0x30,0x00,0x3C,0xC0,0x24,
            0x00,0x33,0x80,0x28,0x80,0x10,0xC0,0x2D,0x00,0x3C,0x80,0x38,0x80,0x33,0x00,0x17,
            0xC0,0x10,0xC0,0x34,0x40,0x32,0x80,0x11,0x40,0x32,0x40,0x1F,0x00,0x10,0x00,0x34,
            0xC0,0x0A,0xC0,0x25,0xC0,0x36,0x40,0x10,0xC0,0x12,0x80,0x31,0xC0,0x0A,0x80,0x38,
            0x40,0x34,0x40,0x46,0x00,0x26,0x00,0x32,0x40,0x46,0x80,0x38,0xC0,0x37,0x00,0x3C,
            0x40,0x13,0x80,0x38,0x80,0x06,0x00,0x27,0x00,0x3B,0xC0,0x0A,0x00,0x15,0xC0,0x38,
            0x80,0x50,0x40,0x27,0x40,0x3B,0x40,0x46,0x40,0x15,0x40,0x36,0x80,0x06,0x80,0x38,
            0x40,0x3F,0x80,0x28,0x80,0x00,0xC0,0x3F,0x00,0x17,0x00,0x01,0xC0,0x40,0x40,0x32,
            0x00,0x02,0x40,0x3C,0x80,0x03,0x00,0x28,0x00,0x3F,0x80,0x06,0x80,0x17,0x00,0x3A,
            0x80,0x03,0x80,0x38,0x40,0x42,0x40,0x10,0xC0,0x03,0x40,0x3F,0x80,0x50,0xC0,0x17,
            0x00,0x43,0x00,0x3C,0x80,0x04,0xC0,0x3E,0x40,0x1F,0x00,0x00,0x80,0x3D,0x80,0x01,
            0x80,0x28,0x80,0x3B,0x80,0x01,0x80,0x38,0x00,0x3E,0x00,0x00,0x80,0x28,0x00,0x3C,
            0x00,0x00,0x80,0x38,0x40,0x42,0x80,0x03,0x80,0x19,0xC0,0x45,0xC0,0x0A,0x00,0x07,
            0x85,0x05,0xA8,0x04,0x64,0x1B,0xAC,0x2D,0x4B,0x14,0xC0,0x23,0xC9,0x03,0x52,0x2E,
            0x31,0x0D,0xD5,0x19,0x3F,0x23,0xFA,0x00,0x2A,0x17,0x03,0x01,0xFA,0x05,0x44,0x3C,
            0x32,0xFB,0x03,0x02,0x35,0x2F,0xD0,0xF3,0x25,0xE6,0x53,0xF7,0xFE,0x07,0x25,0x1F,
            0xD5,0xEB,0xB4,0xED,0x37,0xD5,0x74,0xF3,0x98,0xE7,0x02,0x02,0x15,0xD3,0x47,0xC7,
            0xBD,0xE1,0x38,0x47,0xA7,0xD8,0x1E,0xBA,0xD9,0xE3,0x2D,0x38,0xC4,0xD6,0x26,0xA6,
            0x01,0x02,0xB3,0xCC,0x20,0x27,0xDD,0xDB,0x0E,0xAB,0xCC,0xCC,0xBE,0xC0,0x2F,0x50,
            0x26,0x40,0xE2,0xD4,0xD4,0xC2,0x1C,0x2D,0xCA,0xB5,0xDB,0xBE,0xE8,0xD5,0x0A,0x14,
            0x1B,0x35,0x2B,0x54,0xD1,0xAE,0x24,0x46,0x90,0x11,0xA6,0x0E,0x7A,0x06,0x4E,0x1C,
            0x5F,0x21,0x61,0x05,0x9B,0x1C,0xAD,0x17,0x40,0x2E,0x4C,0x34,0xB2,0x1D,0xB6,0x0D,
            0xA2,0x22,0x40,0x1A,0xBC,0x15,0x4E,0x04,0x38,0x39,0x36,0x2B,0x40,0x3F,0xB4,0x21,
            0xA6,0x26,0xBF,0x1B,0x34,0x3E,0x2F,0x36,0xB6,0x23,0xC1,0x1E,0x3B,0x44,0xC6,0x0D,
            0x33,0x19,0xCA,0x15,0x39,0x38,0x2C,0x3B,0x41,0x3E,0x2B,0x2A,0xC3,0x20,0xCC,0x1A,
            0x3E,0x04,0x46,0x26,0x54,0x2C,0x3D,0x32,0x48,0x38,0x30,0x34,0x26,0x34,0x00,0x00,
            0x00,0x0C,0xC0,0x36,0x40,0x19,0x00,0x00,0xC0,0x36,0xC0,0x28,0x40,0x0E,0x80,0x40,
            0xC0,0x1B,0x80,0x06,0xC0,0x4A,0x80,0x2C,0x40,0x11,0xC0,0x4A,0x80,0x1E,0x00,0x03,
            0x80,0x40,0x80,0x2A,0xC0,0x03,0x00,0x0B,0x40,0x3E,0x40,0x0A,0x00,0x0B,0xC0,0x2E,
            0x80,0x0D,0x00,0x08,0xC0,0x30,0x40,0x07,0x80,0x04,0xC0,0x4F,0x40,0x09,0x80,0x04,
            0xC0,0x3F,0x80,0x0B,0x00,0x03,0x80,0x40,0x80,0x09,0x00,0x03,0xC0,0x4F,0xC0,0x0E,
            0x00,0x06,0x80,0x31,0xC0,0x08,0x00,0x06,0xC0,0x3F,0x80,0x07,0x00,0x08,0x40,0x3F,
            0x00,0x02,0xC0,0x14,0x00,0x2A,0x80,0x0D,0xC0,0x14,0x00,0x1B,0x00,0x11,0x40,0x0F,
            0x40,0x1E,0x40,0x0F,0x80,0x04,0xC0,0x31,0x80,0x14,0x00,0x0B,0xC0,0x21,0x40,0x06,
            0x40,0x0F,0x40,0x2C,0x40,0x11,0x00,0x03,0xC0,0x32,0x00,0x11,0xC0,0x01,0x00,0x42,
            0x40,0x0F,0xC0,0x01,0xC0,0x4F,0x80,0x14,0x00,0x55,0xC0,0x21,0x00,0x1A,0xC0,0x23,
            0xC0,0x0A,0x00,0x0A,0xC0,0x23,0x40,0x17,0x80,0x0A,0x00,0x2D,0xC0,0x17,0x00,0x17,
            0x00,0x08,0x40,0x24,0x00,0x0B,0x80,0x1B,0x40,0x18,0x80,0x1A,0x00,0x2D,0x80,0x0B,
            0x40,0x16,0xC0,0x01,0xC0,0x35,0xC0,0x1A,0x80,0x1B,0x40,0x0C,0x00,0x18,0x00,0x06,
            0x40,0x25,0x80,0x1B,0xC0,0x36,0x80,0x0D,0x80,0x18,0x80,0x04,0xC0,0x25,0x00,0x1A,
            0x00,0x03,0x80,0x27,0x80,0x1C,0xC0,0x14,0x40,0x0F,0x40,0x1B,0x00,0x01,0xC0,0x44,
            0x40,0x1D,0x80,0x40,0x40,0x10,0xC0,0x19,0x00,0x01,0xC0,0x4F,0x00,0x1F,0x40,0x0F,
            0x80,0x13,0x40,0x1F,0xC0,0x4A,0xC0,0x13,0x40,0x1E,0xC0,0x01,0x80,0x2B,0x40,0x1F,
            0x00,0x01,0x00,0x3B,0x80,0x21,0x00,0x0B,0x80,0x17,0x40,0x23,0x00,0x08,0xC0,0x1A,
            0x00,0x24,0x00,0x06,0x00,0x1C,0x40,0x24,0x80,0x04,0x80,0x1C,0x80,0x25,0x00,0x01,
            0xC0,0x32,0x80,0x25,0x00,0x03,0x80,0x1E,0x40,0x2B,0x40,0x00,0x40,0x49,0x00,0x2D,
            0xC0,0x23,0x00,0x03,0x40,0x2D,0x00,0x2D,0xC0,0x03,0x80,0x2D,0x80,0x1B,0x40,0x04,
            0xC0,0x2D,0xC0,0x36,0xC0,0x05,0x80,0x2D,0x40,0x00,0x80,0x43,0x80,0x2E,0xC0,0x14,
            0x00,0x08,0xC0,0x2E,0x80,0x40,0x00,0x09,0x80,0x28,0xC0,0x01,0x80,0x23,0x40,0x2A,
            0x40,0x00,0xC0,0x4F,0xC0,0x2F,0x40,0x0F,0x80,0x0C,0xC0,0x2F,0xC0,0x4A,0x00,0x0D,
            0x80,0x21,0x00,0x55,0xC0,0x17,0x00,0x31,0x00,0x0B,0x40,0x11,0x40,0x31,0x40,0x00,
            0x80,0x3E,0x00,0x32,0x00,0x08,0xC0,0x14,0x80,0x32,0x00,0x06,0x40,0x16,0xC0,0x2D,
            0x00,0x01,0x80,0x2C,0x80,0x32,0x80,0x04,0x80,0x16,0x40,0x33,0x00,0x03,0x00,0x19,
            0xC0,0x34,0xC0,0x01,0x80,0x1E,0x40,0x36,0x40,0x00,0x00,0x3B,0x80,0x42,0x00,0x00,
            0xC0,0x4F,0x80,0x37,0x00,0x01,0x80,0x28,0x80,0x42,0xC0,0x23,0x00,0x00,0x80,0x42,
            0x00,0x2D,0x00,0x01,0x80,0x42,0x80,0x1B,0x80,0x01,0x80,0x42,0xC0,0x36,0x00,0x03,
            0x80,0x42,0xC0,0x14,0x40,0x05,0x80,0x42,0x80,0x40,0x40,0x06,0x80,0x42,0x40,0x0F,
            0x00,0x0A,0x80,0x42,0xC0,0x4A,0x80,0x0A,0x00,0x31,0x00,0x55,0x40,0x11,0x80,0x42,
            0x00,0x0B,0xC0,0x0E,0x80,0x42,0x00,0x08,0x80,0x12,0x80,0x42,0x00,0x06,0x00,0x14,
            0x80,0x42,0x80,0x04,0x80,0x14,0x00,0x3C,0x40,0x00,0x80,0x38,0x80,0x42,0x00,0x03,
            0x00,0x17,0x80,0x42,0xC0,0x01,0x80,0x1C,0x80,0x42,0x00,0x01,0x00,0x27,0x80,0x42,
            0x40,0x00,0xC0,0x37,0xCA,0x15,0xBC,0x15,0xCC,0x1A,0xC1,0x1E,0xCE,0x1E,0xBF,0x1B,
            0x34,0x3E,0x2C,0x3B,0x30,0x34,0x48,0x38,0x3D,0x32,0x21,0x55,0x25,0x5B,0x3A,0x23,
            0x46,0x26,0x39,0x38,0x36,0x2B,0x2B,0x2A,0x26,0x34,0x33,0x2E,0x23,0x3A,0x2F,0x36,
            0x1D,0x52,0x10,0x6B,0x12,0x6E,0xCF,0x1F,0x2D,0x04,0x3E,0x04,0xC6,0x0D,0x26,0x33,
            0x33,0x19,0xD5,0x0D,0x0E,0x69,0x25,0x1A,0x2F,0x22,0xD8,0x15,0x29,0x2D,0x17,0x51,
            0x1F,0x2B,0x08,0x76,0xDA,0x1B,0x08,0x77,0x1B,0x36,0xDB,0x1E,0x0C,0x68,0x07,0x75,
            0x19,0x3B,0x1C,0x34,0x22,0x23,0x1E,0x2E,0x06,0x74,0x11,0x52,0x03,0x7C,0x1A,0x05,
            0xE7,0x0E,0x15,0x1C,0xE9,0x17,0x03,0x7B,0x11,0x2E,0xEA,0x1D,0x08,0x69,0x0F,0x39,
            0xEB,0x21,0xDC,0x20,0x0E,0x3E,0x02,0x7B,0x0F,0x38,0x13,0x26,0x04,0x75,0x10,0x32,
            0x09,0x55,0x04,0x6B,0x00,0x80,0x02,0x76,0x00,0xF9,0xFF,0xEE,0x00,0xDE,0xFF,0xE3,
            0x00,0xCB,0xFF,0xDD,0x00,0xC0,0xFF,0xD9,0xEB,0x23,0x00,0xBB,0x00,0xC1,0x00,0xD3,
            0x00,0xC7,0x01,0x7C,0x00,0xA4,0x00,0x91,0x00,0x88,0x00,0x83,0xC0,0x00,0x40,0x04,
            0x80,0x39,0x00,0x00,0x80,0x04,0x80,0x3E,0x00,0x05,0x80,0x09,0x80,0x3E,0x00,0x03,
            0x80,0x03,0x80,0x36,0xC0,0x05,0x00,0x09,0x80,0x39,0x80,0x07,0x00,0x08,0x80,0x36,
            0xC0,0x05,0x80,0x02,0x80,0x35,0x40,0x0A,0x40,0x06,0x80,0x35,0x40,0x0D,0x80,0x0C,
            0x80,0x3E,0x80,0x0F,0x80,0x0A,0x80,0x36,0xC0,0x0C,0xC0,0x04,0x80,0x36,0x80,0x08,
            0xC0,0x01,0x80,0x36,0xC0,0x0D,0x00,0x0C,0x80,0x39,0x80,0x11,0xC0,0x08,0x80,0x35,
            0x80,0x13,0xC0,0x06,0x80,0x36,0x80,0x0E,0xC0,0x03,0x80,0x39,0x00,0x15,0x40,0x05,
            0x80,0x39,0xC0,0x18,0x40,0x0E,0x80,0x3E,0x40,0x1A,0x00,0x0C,0x80,0x36,0xC0,0x15,
            0xC0,0x04,0x80,0x3E,0x40,0x0F,0x40,0x03,0x80,0x3E,0x80,0x1B,0xC0,0x09,0x80,0x35,
            0x40,0x19,0x80,0x0D,0x80,0x39,0xC0,0x1C,0xC0,0x07,0x80,0x36,0xC0,0x1D,0x40,0x06,
            0x80,0x39,0x40,0x1E,0x80,0x05,0x80,0x3E,0xC0,0x27,0x00,0x0E,0x80,0x39,0x00,0x28,
            0x80,0x0C,0x80,0x36,0x80,0x28,0x40,0x0A,0x80,0x35,0xC0,0x28,0x40,0x08,0x80,0x36,
            0x00,0x29,0x80,0x06,0x80,0x39,0x00,0x29,0xC0,0x05,0x80,0x3E,0xC0,0x27,0xC0,0x0E,
            0x80,0x3E,0x40,0x36,0x80,0x06,0x80,0x39,0x00,0x36,0x00,0x06,0x80,0x3E,0x00,0x37,
            0x40,0x08,0x80,0x36,0x00,0x38,0x40,0x0A,0x80,0x35,0x00,0x39,0x80,0x0C,0x80,0x36,
            0xC0,0x39,0x40,0x0E,0x80,0x39,0x00,0x3A,0xC0,0x0E,0x80,0x3E,0x00,0x35,0x40,0x0A,
            0x80,0x3E,0x40,0x37,0x40,0x0A,0x40,0x2D,0x80,0x30,0x00,0x00,0x80,0x3E,0xC0,0x3D,
            0x40,0x0A,0xC0,0x1D,0xC0,0x32,0x00,0x00,0x00,0x2C,0x00,0x3C,0xC0,0x14,0x80,0x2E,
            0x00,0x3A,0xC0,0x14,0x80,0x3E,0x40,0x3B,0x00,0x17,0x80,0x3E,0x40,0x3D,0x00,0x17,
            0xC0,0x2E,0x00,0x42,0xC0,0x14,0x40,0x20,0xC0,0x3C,0x40,0x18,0x80,0x3E,0xC0,0x3E,
            0x40,0x18,0x40,0x2F,0xC0,0x3D,0xC0,0x18,0x80,0x3E,0xC0,0x3F,0xC0,0x18,0x80,0x2F,
            0x40,0x43,0x00,0x17,0xC0,0x20,0x80,0x3E,0x40,0x18,0x80,0x3E,0x80,0x40,0x40,0x18,
            0xC0,0x2F,0xC0,0x40,0x00,0x17,0xC0,0x2F,0xC0,0x3E,0x00,0x17,0x80,0x3E,0x00,0x3E,
            0xC0,0x14,0x80,0x3E,0x00,0x40,0xC0,0x14,0x80,0x2F,0xC0,0x47,0x40,0x0A,0x80,0x10,
            0xC0,0x39,0x00,0x00,0x40,0x1B,0x40,0x44,0x40,0x18,0x80,0x21,0x40,0x45,0xC0,0x18,
            0x00,0x22,0x00,0x46,0x40,0x18,0x80,0x22,0x00,0x46,0x00,0x17,0x80,0x22,0x40,0x4B,
            0xC0,0x14,0x00,0x14,0x80,0x45,0xC0,0x14,0x40,0x22,0xC0,0x43,0xC0,0x14,0x80,0x30,
            0x00,0x42,0xC0,0x14,0x80,0x3E,0x40,0x46,0x40,0x17,0x40,0x31,0xC0,0x44,0x40,0x17,
            0x80,0x3E,0x40,0x4C,0x00,0x17,0x00,0x15,0x40,0x4D,0x40,0x18,0x00,0x16,0x40,0x4B,
            0x40,0x17,0x80,0x25,0x00,0x4E,0xC0,0x18,0xC0,0x16,0x00,0x49,0xC0,0x14,0x40,0x24,
            0x00,0x4D,0x40,0x19,0x40,0x33,0x80,0x4E,0x40,0x18,0x40,0x17,0xC0,0x4E,0x00,0x17,
            0x80,0x17,0x80,0x4B,0x40,0x19,0x80,0x3E,0x00,0x4E,0xC0,0x14,0x00,0x17,0x40,0x51,
            0x40,0x19,0x00,0x29,0xC0,0x52,0x40,0x17,0xC0,0x1B,0xC0,0x54,0x40,0x0A,0x80,0x06,
            0x00,0x51,0xC0,0x14,0xC0,0x19,0x00,0x56,0xC0,0x1A,0xC0,0x35,0x40,0x57,0xC0,0x14,
            0xC0,0x0A,0x80,0x52,0x00,0x00,0x80,0x02,0x00,0x58,0x00,0x17,0x00,0x0C,0xC0,0x58,
            0x40,0x18,0x40,0x0D,0xC0,0x57,0x40,0x19,0x80,0x20,0x40,0x59,0xC0,0x18,0x40,0x0E,
            0x40,0x59,0xC0,0x14,0x40,0x0E,0xC0,0x54,0xC0,0x1A,0x80,0x3E,0xC0,0x59,0x40,0x18,
            0xC0,0x0E,0x40,0x59,0xC0,0x1A,0xC0,0x2D,0x80,0x5B,0xC0,0x14,0xC0,0x11,0xC0,0x59,
            0x00,0x17,0x00,0x0F,0x80,0x5E,0xC0,0x1A,0x40,0x27,0xC0,0x5C,0x40,0x17,0x00,0x14,
            0xC0,0x5F,0x40,0x1C,0x40,0x38,0x40,0x64,0x40,0x0A,0x00,0x00,0x00,0x62,0x40,0x1C,
            0x00,0x33,0xC0,0x5E,0x40,0x1C,0x80,0x3E,0x40,0x60,0x40,0x19,0x00,0x1A,0xC0,0x65,
            0xC0,0x14,0x00,0x05,0xC0,0x23,0xAC,0x2D,0xCC,0x4D,0xD5,0x19,0xD8,0x3D,0xE6,0x2C,
            0xFA,0x05,0xFE,0x07,0xE5,0x66,0xF3,0x36,0x15,0xD3,0x25,0xE6,0xEB,0x4F,0xFE,0xFB,
            0x0B,0xC9,0x1E,0xBA,0x0E,0xAB,0xF5,0x75,0xFA,0x3B,0x12,0x91,0x26,0xA6,0xFF,0xFD,
            0xF7,0x5A,0x04,0xC4,0x06,0xA3,0x07,0x87,0xFD,0x5E,0xFE,0x3D,0xFF,0xFE,0x01,0xC2,
            0x02,0xA0,0x02,0x81,0xFC,0x7D,0x00,0xA1,0x00,0x80,0x00,0xC5,0xFF,0x0D,0xFF,0x41,
            0xFF,0x61,0xFE,0x7F,0xA8,0x28,0xB6,0x23,0xA6,0x26,0xC3,0x20,0xB4,0x21,0xB9,0x27,
            0xB8,0x38,0xC2,0x32,0xC5,0x24,0xCD,0x4D,0xD3,0x47,0xF9,0x85,0xF8,0x85,0xCC,0x2F,
            0xB2,0xCC,0xAC,0xC1,0x74,0xDB,0x72,0xF1,0x5F,0xDF,0x64,0xCE,0xCF,0x1F,0xC1,0x1E,
            0xD9,0x44,0xF7,0x85,0xA9,0xB6,0x75,0xCA,0xD1,0x23,0x66,0xC0,0xC9,0x3B,0xC1,0x42,
            0xD5,0x4A,0xD0,0x50,0xD6,0x2E,0xE1,0x43,0xDB,0x47,0xF7,0x84,0xD2,0x38,0xE9,0x64,
            0xA8,0xAB,0x75,0xBA,0xE8,0x68,0x67,0xB3,0xEC,0x62,0xE2,0x46,0xDC,0x20,0xDB,0x37,
            0xEE,0x6B,0xDD,0x24,0xDB,0x1E,0xE1,0x2F,0xE9,0x44,0xF0,0x61,0xF7,0x82,0x66,0xA5,
            0xED,0x6E,0xA9,0x9F,0xF0,0x69,0xE5,0x38,0x75,0xAA,0xF3,0x68,0xEA,0x47,0xED,0x68,
            0xEB,0x23,0xEF,0x66,0xEB,0x6C,0xF4,0x62,0xEC,0x27,0x00,0x00,0x80,0x0B,0x40,0x19,
            0xC0,0x20,0x00,0x03,0x40,0x19,0x40,0x27,0xC0,0x09,0xC0,0x1A,0x00,0x2E,0x40,0x11,
            0x00,0x17,0x00,0x0D,0x40,0x03,0x00,0x17,0xC0,0x12,0x00,0x04,0x40,0x18,0x00,0x14,
            0x00,0x0B,0x40,0x1C,0x00,0x3F,0x40,0x0D,0x40,0x1C,0xC0,0x39,0x40,0x01,0xC0,0x1A,
            0x80,0x3C,0xC0,0x11,0x40,0x18,0x40,0x0E,0x80,0x04,0xC0,0x18,0x00,0x15,0x00,0x12,
            0xC0,0x18,0x40,0x0F,0x00,0x05,0x40,0x18,0x80,0x15,0x80,0x04,0xC0,0x14,0x00,0x15,
            0x00,0x12,0xC0,0x14,0x80,0x0F,0x00,0x05,0x00,0x17,0xC0,0x15,0x40,0x12,0x40,0x18,
            0x00,0x10,0x00,0x00,0x40,0x0A,0x40,0x0D,0x80,0x0F,0x40,0x0A,0xC0,0x06,0x40,0x0E,
            0x00,0x00,0x80,0x02,0x80,0x04,0xC0,0x1A,0x80,0x34,0xC0,0x10,0x40,0x1C,0x00,0x35,
            0x00,0x13,0xC0,0x14,0x40,0x13,0xC0,0x06,0xC0,0x14,0x80,0x18,0x00,0x08,0x40,0x17,
            0xC0,0x1A,0x80,0x02,0xC0,0x14,0x80,0x11,0x00,0x11,0xC0,0x14,0xC0,0x0B,0x40,0x10,
            0xC0,0x1A,0xC0,0x28,0xC0,0x13,0x40,0x17,0x00,0x16,0x00,0x0A,0x40,0x1C,0x40,0x45,
            0x80,0x13,0x40,0x1E,0x80,0x41,0x40,0x12,0x00,0x17,0x40,0x10,0xC0,0x14,0x40,0x1E,
            0x40,0x3E,0x00,0x13,0x40,0x1E,0x40,0x45,0x80,0x15,0x40,0x19,0x80,0x1C,0x00,0x17,
            0x40,0x1E,0x40,0x3B,0x40,0x15,0x40,0x1C,0x80,0x31,0x80,0x12,0x40,0x2F,0x40,0x45,
            0x00,0x13,0x40,0x2F,0x40,0x41,0x80,0x14,0x00,0x2C,0xC0,0x41,0x00,0x14,0x00,0x2C,
            0x40,0x45,0x40,0x16,0xC0,0x31,0x40,0x42,0x80,0x14,0x40,0x2F,0x00,0x3E,0xC0,0x15,
            0x00,0x2C,0xC0,0x3E,0x40,0x18,0xC0,0x1A,0x80,0x25,0xC0,0x15,0xC0,0x31,0x40,0x45,
            0x40,0x17,0xC0,0x31,0x80,0x3F,0x40,0x19,0xC0,0x20,0x00,0x43,0xC0,0x17,0x00,0x28,
            0xC0,0x42,0x00,0x21,0x40,0x0A,0x80,0x04,0xC0,0x17,0x00,0x2C,0x00,0x3C,0x00,0x1A,
            0xC0,0x20,0x40,0x41,0xC0,0x16,0x40,0x2F,0x00,0x3B,0xC0,0x18,0x00,0x28,0x80,0x40,
            0x00,0x21,0xC0,0x14,0x80,0x09,0x80,0x17,0x00,0x28,0x40,0x45,0x00,0x21,0x00,0x17,
            0xC0,0x0A,0x00,0x19,0xC0,0x31,0x40,0x3D,0x00,0x21,0x40,0x18,0x40,0x0C,0x00,0x21,
            0xC0,0x18,0x80,0x0D,0x00,0x21,0xC0,0x14,0x80,0x0D,0x00,0x19,0xC0,0x20,0x40,0x45,
            0x00,0x21,0x40,0x18,0x40,0x0E,0xC0,0x19,0x40,0x1E,0x40,0x39,0x40,0x1B,0xC0,0x20,
            0x80,0x3F,0x40,0x1A,0x00,0x28,0x80,0x3E,0x00,0x21,0xC0,0x14,0x80,0x11,0x80,0x19,
            0x40,0x2F,0xC0,0x38,0xC0,0x1A,0x40,0x1C,0x40,0x2F,0x40,0x1A,0x40,0x24,0x80,0x43,
            0x00,0x21,0x40,0x17,0x40,0x14,0x00,0x1B,0x40,0x24,0xC0,0x41,0x40,0x1A,0x00,0x2C,
            0x00,0x3A,0x40,0x1A,0x40,0x24,0x40,0x45,0x40,0x1A,0x40,0x24,0x80,0x43,0x00,0x21,
            0xC0,0x32,0x40,0x45,0x40,0x1A,0x40,0x24,0x40,0x45,0x40,0x1B,0xC0,0x31,0xC0,0x3B,
            0x00,0x1B,0x40,0x24,0xC0,0x41,0x00,0x21,0x40,0x19,0x00,0x1B,0x00,0x1C,0x40,0x24,
            0x80,0x40,0x40,0x1C,0x00,0x28,0x00,0x3D,0x00,0x1D,0x40,0x2F,0x40,0x37,0x00,0x1C,
            0x40,0x24,0x80,0x40,0x00,0x21,0x00,0x00,0x00,0x00,0x40,0x1D,0x40,0x1E,0xC0,0x37,
            0x00,0x1D,0xC0,0x20,0x40,0x3E,0x00,0x21,0xC0,0x1A,0x80,0x24,0x80,0x1D,0x00,0x2C,
            0xC0,0x38,0x00,0x21,0x00,0x17,0x40,0x0E,0x80,0x1D,0x40,0x24,0x40,0x3F,0x00,0x1E,
            0xC0,0x31,0x80,0x3A,0x80,0x1D,0x40,0x24,0x40,0x3F,0x80,0x1E,0x00,0x28,0x40,0x3C,
            0xC0,0x1E,0xC0,0x20,0x80,0x3D,0x00,0x21,0x40,0x1C,0x80,0x2E,0x00,0x1F,0x40,0x24,
            0xC0,0x3E,0x00,0x1F,0x40,0x24,0xC0,0x3E,0x00,0x21,0x40,0x2F,0xC0,0x36,0x00,0x21,
            0x00,0x2C,0x40,0x38,0x00,0x21,0x40,0x1E,0x40,0x37,0x00,0x21,0x00,0x28,0xC0,0x3B,
            0x00,0x21,0xC0,0x20,0x40,0x3D,0x00,0x21,0xC0,0x31,0x40,0x3A,0x00,0x21,0x40,0x24,
            0x80,0x3E,0x00,0x21,0x40,0x24,0x80,0x3E,0xF4,0x62,0xF0,0x61,0xF3,0x68,0xEF,0x32,
            0xE1,0x2F,0xE9,0x44,0xED,0x68,0xEF,0x66,0xEE,0x6B,0xF3,0x47,0xF7,0x82,0xF8,0x81,
            0xA9,0x9F,0x66,0xA5,0x64,0x95,0x75,0xAA,0xAC,0x91,0xDC,0x20,0xEB,0x23,0xEB,0x21,
            0xF0,0x69,0xF2,0x66,0xF1,0x3B,0xE5,0x38,0xEA,0x47,0xDD,0x24,0xEC,0x27,0xF7,0x69,
            0xF4,0x4A,0xEB,0x6C,0xE4,0x5D,0x74,0x98,0xE7,0x5A,0xE1,0x62,0xF9,0x64,0xEC,0x59,
            0xF6,0x66,0x9A,0x1A,0xAC,0x16,0x42,0x2C,0x4E,0x32,0xDE,0x56,0xBB,0x14,0x37,0x29,
            0xFB,0x6B,0xDB,0x5C,0xE3,0x53,0xC7,0x38,0x3D,0x32,0xFF,0xD7,0x2C,0x28,0xD0,0x35,
            0xC9,0x14,0x33,0x2F,0xFF,0xD2,0x47,0x38,0xFF,0xC7,0xE8,0x52,0xFF,0xB2,0xF9,0x80,
            0x5F,0x80,0xBE,0x3F,0xB2,0x80,0xF1,0x5A,0xD9,0x34,0x29,0x2E,0xFF,0xBD,0xD8,0x14,
            0xFA,0x68,0x41,0x2D,0xFF,0xAF,0x36,0x2A,0x20,0x29,0x4C,0x33,0xB0,0x1B,0xFF,0x80,
            0xA0,0x20,0xEF,0x53,0xBE,0x19,0xFF,0x97,0x2B,0x29,0x1E,0x2F,0xE9,0x16,0xCC,0x19,
            0xFF,0xD9,0xF8,0x5D,0xE4,0x35,0xFF,0x91,0x12,0x2C,0x72,0x80,0x1F,0x2A,0xF6,0x56,
            0xDA,0x19,0x10,0x32,0xF0,0x38,0xFF,0x93,0x11,0x2D,0xEA,0x1B,0xFF,0xE5,0x00,0xCD,
            0xFF,0x9D,0x00,0xC7,0xFF,0xC0,0xFF,0xA3,0xFF,0xDF,0x00,0xCC,0xC0,0x00,0x40,0x43,
            0x00,0x05,0x00,0x00,0x40,0x43,0x00,0x00,0x00,0x01,0x40,0x3A,0x00,0x00,0x80,0x01,
            0xC0,0x4A,0x00,0x00,0xC0,0x01,0x80,0x3A,0x00,0x05,0x40,0x02,0x80,0x4A,0x00,0x05,
            0xC0,0x02,0x40,0x43,0x00,0x08,0x80,0x04,0xC0,0x31,0x00,0x00,0x00,0x04,0x40,0x3B,
            0x00,0x08,0x80,0x04,0xC0,0x49,0x00,0x08,0x40,0x05,0x40,0x32,0x00,0x05,0xC0,0x05,
            0x40,0x43,0x00,0x09,0x00,0x07,0x80,0x33,0x00,0x08,0xC0,0x06,0x40,0x3C,0x00,0x09,
            0x40,0x07,0xC0,0x48,0x00,0x09,0x80,0x0A,0x80,0x29,0x00,0x00,0x80,0x08,0x40,0x43,
            0x00,0x08,0x80,0x09,0xC0,0x34,0x00,0x09,0x00,0x0B,0x40,0x2A,0x00,0x05,0x80,0x09,
            0x00,0x3D,0x00,0x08,0x00,0x0A,0x00,0x48,0x00,0x08,0xC0,0x0A,0x40,0x43,0x00,0x05,
            0xC0,0x0B,0x80,0x4C,0x00,0x09,0x80,0x0C,0x80,0x2B,0x00,0x08,0x00,0x0C,0x40,0x36,
            0x00,0x08,0x80,0x0B,0xC0,0x3D,0x00,0x05,0x40,0x0C,0x40,0x47,0x00,0x05,0xC0,0x0B,
            0x40,0x43,0x00,0x00,0x80,0x0C,0x00,0x3E,0x00,0x00,0x40,0x0E,0x80,0x2D,0x00,0x09,
            0x40,0x0E,0x00,0x4B,0x00,0x08,0x00,0x0D,0x00,0x47,0x00,0x00,0xC0,0x0D,0x80,0x37,
            0x00,0x05,0x00,0x13,0xC0,0x21,0x00,0x00,0x80,0x0E,0x00,0x38,0x00,0x00,0x00,0x10,
            0x00,0x4A,0x00,0x05,0x40,0x10,0x40,0x2F,0x00,0x08,0x40,0x13,0x80,0x22,0x00,0x05,
            0x80,0x11,0xC0,0x30,0x00,0x05,0xC0,0x10,0x80,0x49,0x00,0x00,0x40,0x15,0x40,0x26,
            0x00,0x09,0x40,0x12,0x40,0x31,0x00,0x00,0x00,0x14,0x00,0x24,0x00,0x08,0x40,0x16,
            0x40,0x28,0x00,0x08,0x80,0x16,0x80,0x4B,0x00,0x05,0x40,0x17,0x00,0x2A,0x00,0x05,
            0x80,0x17,0x80,0x2A,0x00,0x00,0x00,0x1E,0x40,0x1A,0x00,0x00,0x00,0x1E,0x00,0x1B,
            0x00,0x05,0x40,0x1E,0x80,0x1F,0x00,0x09,0x80,0x1E,0xC0,0x21,0x00,0x08,0x80,0x1E,
            0xC0,0x23,0x00,0x05,0x00,0x1E,0x00,0x1D,0x00,0x08,0x80,0x1E,0x80,0x24,0x00,0x00,
            0xC0,0x27,0x80,0x1E,0x00,0x05,0x80,0x28,0x40,0x1C,0x00,0x08,0x80,0x29,0x40,0x19,
            0x00,0x09,0x80,0x2A,0x80,0x16,0x00,0x08,0x80,0x2B,0x80,0x13,0x00,0x00,0x80,0x27,
            0x40,0x1F,0x00,0x00,0x40,0x2B,0x40,0x14,0x00,0x05,0x40,0x2B,0x80,0x28,0x40,0x15,
            0x40,0x28,0x80,0x28,0x00,0x00,0x80,0x27,0x40,0x1F,0x00,0x00,0x00,0x29,0x00,0x17,
            0x00,0x00,0xC0,0x2B,0x00,0x17,0x00,0x15,0x40,0x2A,0x40,0x1F,0x80,0x15,0x40,0x2D,
            0x40,0x32,0x80,0x14,0x80,0x2A,0x40,0x32,0x00,0x00,0x40,0x2F,0x40,0x10,0x00,0x14,
            0xC0,0x2C,0x40,0x10,0x00,0x00,0x40,0x30,0x00,0x3C,0xC0,0x13,0x00,0x33,0x80,0x28,
            0x00,0x28,0xC0,0x2D,0x00,0x3C,0x00,0x00,0x80,0x33,0x00,0x17,0xC0,0x27,0xC0,0x34,
            0x40,0x32,0x00,0x27,0x40,0x32,0x40,0x1F,0x80,0x28,0x00,0x34,0xC0,0x0A,0xC0,0x12,
            0xC0,0x36,0x40,0x10,0xC0,0x25,0x80,0x31,0xC0,0x0A,0x00,0x00,0x40,0x34,0x40,0x46,
            0x80,0x12,0x00,0x32,0x40,0x46,0x00,0x00,0xC0,0x37,0x00,0x3C,0x40,0x25,0x80,0x38,
            0x80,0x06,0x80,0x11,0x00,0x3B,0xC0,0x0A,0x80,0x23,0xC0,0x38,0x80,0x50,0x40,0x11,
            0x40,0x3B,0x40,0x46,0x40,0x23,0x40,0x36,0x80,0x06,0x00,0x00,0x40,0x3F,0x80,0x28,
            0x00,0x38,0xC0,0x3F,0x00,0x17,0x80,0x37,0xC0,0x40,0x40,0x32,0x80,0x36,0x40,0x3C,
            0x80,0x03,0x80,0x10,0x00,0x3F,0x80,0x06,0x00,0x21,0x00,0x3A,0x80,0x03,0x00,0x00,
            0x40,0x42,0x40,0x10,0xC0,0x34,0x40,0x3F,0x80,0x50,0xC0,0x20,0x00,0x43,0x00,0x3C,
            0x00,0x34,0xC0,0x3E,0x40,0x1F,0x80,0x38,0x80,0x3B,0x80,0x01,0x00,0x00,0x80,0x3D,
            0x80,0x01,0x00,0x10,0x00,0x3C,0x00,0x00,0x00,0x00,0x00,0x3E,0x00,0x00,0x00,0x10,
            0x40,0x42,0x80,0x03,0x00,0x1F,0xC0,0x45,0xC0,0x0A,0x80,0x31,0x83,0x28,0x85,0x05,
            0x64,0x1B,0xAC,0x2D,0x6B,0x35,0xA2,0x40,0x82,0x49,0x52,0x2E,0x73,0x4F,0x98,0x56,
            0x5D,0x41,0x80,0x7B,0x69,0x55,0x7F,0x7C,0x84,0x7A,0x44,0x3C,0x7C,0xB2,0x7E,0x7D,
            0x51,0x4A,0x8B,0xAF,0x66,0xA4,0x78,0xD2,0x87,0x7F,0x60,0x5A,0x94,0xAA,0x92,0xCB,
            0x56,0xB6,0x74,0xF3,0x98,0xE7,0x7E,0x7E,0x53,0x95,0x47,0xC7,0x9E,0xC2,0x38,0x47,
            0xA7,0xD8,0x3A,0x9E,0x9B,0xA6,0x47,0x52,0xA8,0xBA,0x26,0xA6,0xB3,0xCC,0x59,0x5F,
            0xA3,0xA1,0x2B,0x8E,0xB2,0xB3,0xBE,0xC0,0x2F,0x50,0x3F,0x59,0xAA,0x9C,0xBC,0xAA,
            0x53,0x64,0xCA,0xB5,0xC0,0xA4,0xA9,0x96,0x6C,0x75,0x4B,0x64,0x2B,0x54,0xD1,0xAE,
            0x3A,0x5C,0x8E,0x26,0x90,0x11,0x7A,0x06,0x5F,0x21,0x63,0x31,0x7B,0x1F,0x97,0x2D,
            0x9B,0x1C,0x52,0x3F,0x4C,0x34,0x9D,0x32,0x8C,0x37,0xA2,0x22,0x66,0x3F,0x95,0x3C,
            0x7B,0x31,0x47,0x48,0x55,0x4A,0x40,0x3F,0xA0,0x35,0xA6,0x26,0x9A,0x40,0x41,0x4C,
            0x4A,0x51,0xA2,0x36,0x9E,0x42,0x3B,0x44,0x8C,0x46,0x66,0x4C,0x94,0x4A,0x48,0x47,
            0x45,0x54,0x41,0x3E,0x56,0x55,0xA0,0x43,0x9A,0x4D,0x7B,0x42,0x54,0x2C,0x59,0x39,
            0x48,0x38,0x4E,0x42,0x4B,0x50,0x4B,0x5A,0x00,0x00,0xC0,0x36,0x00,0x27,0x00,0x0C,
            0xC0,0x36,0x80,0x36,0x40,0x0E,0x80,0x40,0x00,0x34,0x40,0x11,0xC0,0x4A,0x40,0x31,
            0x80,0x06,0xC0,0x4A,0x40,0x23,0x00,0x03,0x80,0x40,0x40,0x25,0x40,0x0A,0x00,0x0B,
            0x00,0x21,0xC0,0x03,0x00,0x0B,0x80,0x11,0x80,0x0D,0x00,0x08,0x00,0x1F,0x40,0x09,
            0x80,0x04,0x00,0x10,0x40,0x07,0x80,0x04,0x00,0x00,0x80,0x0B,0x00,0x03,0x40,0x0F,
            0x80,0x09,0x00,0x03,0x00,0x00,0xC0,0x08,0x00,0x06,0x00,0x10,0xC0,0x0E,0x00,0x06,
            0x40,0x1E,0x80,0x07,0x00,0x08,0x80,0x10,0x80,0x0D,0xC0,0x14,0xC0,0x34,0x00,0x02,
            0xC0,0x14,0xC0,0x25,0x00,0x11,0x40,0x0F,0x80,0x31,0x40,0x0F,0x80,0x04,0x00,0x1E,
            0x80,0x14,0x00,0x0B,0x00,0x2E,0x40,0x06,0x40,0x0F,0x80,0x23,0x40,0x11,0x00,0x03,
            0x00,0x1D,0x00,0x11,0xC0,0x01,0xC0,0x0D,0x40,0x0F,0xC0,0x01,0x00,0x00,0x80,0x14,
            0x00,0x55,0x00,0x2E,0x00,0x0A,0xC0,0x23,0x80,0x38,0x00,0x1A,0xC0,0x23,0x00,0x45,
            0x80,0x0A,0x00,0x2D,0x00,0x38,0x00,0x17,0x00,0x08,0x80,0x2B,0x00,0x0B,0x80,0x1B,
            0x80,0x37,0x80,0x1A,0x00,0x2D,0x40,0x44,0x40,0x16,0xC0,0x01,0x00,0x1A,0xC0,0x1A,
            0x80,0x1B,0x80,0x43,0x00,0x18,0x00,0x06,0x80,0x2A,0x80,0x1B,0xC0,0x36,0x40,0x42,
            0x80,0x18,0x80,0x04,0x00,0x2A,0x00,0x1A,0x00,0x03,0x40,0x28,0x80,0x1C,0xC0,0x14,
            0x80,0x40,0x40,0x1B,0x00,0x01,0x00,0x0B,0x40,0x1D,0x80,0x40,0x80,0x3F,0xC0,0x19,
            0x00,0x01,0x00,0x00,0x00,0x1F,0x40,0x0F,0x40,0x3C,0x40,0x1F,0xC0,0x4A,0x00,0x3C,
            0x40,0x1E,0xC0,0x01,0x40,0x24,0x40,0x1F,0x00,0x01,0xC0,0x14,0x80,0x21,0x00,0x0B,
            0x40,0x38,0x40,0x23,0x00,0x08,0x00,0x35,0x00,0x24,0x00,0x06,0xC0,0x33,0x40,0x24,
            0x80,0x04,0x40,0x33,0x80,0x25,0x00,0x01,0x00,0x1D,0x80,0x25,0x00,0x03,0x40,0x31,
            0x40,0x2B,0x40,0x00,0x80,0x06,0x00,0x2D,0xC0,0x23,0xC0,0x4C,0x40,0x2D,0x00,0x2D,
            0x00,0x4C,0x80,0x2D,0x80,0x1B,0x80,0x4B,0xC0,0x2D,0xC0,0x36,0x00,0x4A,0x80,0x2D,
            0x40,0x00,0x40,0x0C,0x80,0x2E,0xC0,0x14,0xC0,0x47,0xC0,0x2E,0x80,0x40,0xC0,0x46,
            0x80,0x28,0xC0,0x01,0x40,0x2C,0x40,0x2A,0x40,0x00,0x00,0x00,0xC0,0x2F,0x40,0x0F,
            0x40,0x43,0xC0,0x2F,0xC0,0x4A,0xC0,0x42,0x80,0x21,0x00,0x55,0x00,0x38,0x00,0x31,
            0x00,0x0B,0x80,0x3E,0x40,0x31,0x40,0x00,0x40,0x11,0x00,0x32,0x00,0x08,0x00,0x3B,
            0x80,0x32,0x00,0x06,0x80,0x39,0xC0,0x2D,0x00,0x01,0x40,0x23,0x80,0x32,0x80,0x04,
            0x40,0x39,0x40,0x33,0x00,0x03,0xC0,0x36,0xC0,0x34,0xC0,0x01,0x40,0x31,0x40,0x36,
            0x40,0x00,0xC0,0x14,0x80,0x42,0x00,0x00,0x00,0x00,0x80,0x37,0x00,0x01,0x40,0x27,
            0x80,0x42,0xC0,0x23,0xC0,0x4F,0x80,0x42,0x00,0x2D,0xC0,0x4E,0x80,0x42,0x80,0x1B,
            0x40,0x4E,0x80,0x42,0xC0,0x36,0xC0,0x4C,0x80,0x42,0xC0,0x14,0x80,0x4A,0x80,0x42,
            0x80,0x40,0x80,0x49,0x80,0x42,0x40,0x0F,0xC0,0x45,0x80,0x42,0xC0,0x4A,0x40,0x45,
            0x00,0x31,0x00,0x55,0x80,0x3E,0x80,0x42,0x00,0x0B,0x00,0x41,0x80,0x42,0x00,0x08,
            0x40,0x3D,0x80,0x42,0x00,0x06,0xC0,0x3B,0x80,0x42,0x80,0x04,0x40,0x3B,0x00,0x3C,
            0x40,0x00,0x40,0x17,0x80,0x42,0x00,0x03,0xC0,0x38,0x80,0x42,0xC0,0x01,0x40,0x33,
            0x80,0x42,0x00,0x01,0xC0,0x28,0x80,0x42,0x40,0x00,0x40,0x18,0x95,0x3C,0x94,0x4A,
            0x9A,0x4D,0x9D,0x4F,0x9E,0x42,0x9A,0x40,0x45,0x54,0x41,0x4C,0x4B,0x50,0x4E,0x42,
            0x48,0x38,0x2A,0x5E,0x25,0x5B,0x59,0x39,0x5C,0x45,0x48,0x47,0x56,0x55,0x55,0x4A,
            0x4B,0x5A,0x51,0x4C,0x46,0x5D,0x4A,0x51,0x2D,0x63,0x15,0x6F,0x12,0x6E,0x9F,0x4F,
            0x7B,0x42,0x7B,0x52,0x8C,0x46,0x4C,0x59,0x66,0x4C,0x8C,0x55,0x17,0x71,0x66,0x5A,
            0x5D,0x51,0x95,0x59,0x52,0x56,0x2E,0x68,0x55,0x60,0x0A,0x78,0x9A,0x5B,0x08,0x77,
            0x4A,0x64,0x9E,0x5C,0x17,0x74,0x0B,0x79,0x45,0x66,0x4B,0x64,0x5C,0x5E,0x51,0x62,
            0x0B,0x7A,0x2D,0x6F,0x04,0x7C,0x7B,0x65,0x8E,0x68,0x63,0x6A,0x97,0x69,0x04,0x7D,
            0x52,0x6E,0x9D,0x6B,0x17,0x77,0x03,0x7C,0x47,0x71,0xA0,0x6B,0xA0,0x5D,0x41,0x72,
            0x48,0x70,0x59,0x6D,0x0B,0x7B,0x4E,0x6F,0x2A,0x77,0x15,0x7B,0x04,0x7E,0x00,0x80,
            0x0A,0x7D,0x7A,0x80,0x90,0x80,0x5F,0x80,0x9B,0x80,0x4C,0x80,0xA2,0x80,0x40,0x80,
            0xA6,0x80,0xA2,0x6C,0x3B,0x80,0x41,0x80,0x54,0x80,0x48,0x80,0x04,0x7F,0x25,0x80,
            0x12,0x80,0x08,0x80,0x03,0x80,0x00,0x00,0x00,0x00,0x80,0x04,0x00,0x00,0xC0,0x00,
            0x40,0x04,0x00,0x05,0x00,0x05,0x80,0x09,0x00,0x00,0x00,0x03,0x80,0x03,0x00,0x08,
            0xC0,0x05,0x00,0x09,0x00,0x05,0x80,0x07,0x00,0x08,0x00,0x08,0xC0,0x05,0x80,0x02,
            0x00,0x09,0x40,0x0A,0x40,0x06,0x00,0x09,0x40,0x0D,0x80,0x0C,0x00,0x00,0x80,0x0F,
            0x80,0x0A,0x00,0x08,0xC0,0x0C,0xC0,0x04,0x00,0x08,0x80,0x08,0xC0,0x01,0x00,0x08,
            0xC0,0x0D,0x00,0x0C,0x00,0x05,0x80,0x11,0xC0,0x08,0x00,0x09,0x80,0x13,0xC0,0x06,
            0x00,0x08,0x80,0x0E,0xC0,0x03,0x00,0x05,0x00,0x15,0x40,0x05,0x00,0x05,0xC0,0x18,
            0x40,0x0E,0x00,0x00,0x40,0x1A,0x00,0x0C,0x00,0x08,0xC0,0x15,0xC0,0x04,0x00,0x00,
            0x40,0x0F,0x40,0x03,0x00,0x00,0x80,0x1B,0xC0,0x09,0x00,0x09,0x40,0x19,0x80,0x0D,
            0x00,0x05,0xC0,0x1C,0xC0,0x07,0x00,0x08,0xC0,0x1D,0x40,0x06,0x00,0x05,0x40,0x1E,
            0x80,0x05,0x00,0x00,0xC0,0x27,0x00,0x0E,0x00,0x05,0x00,0x28,0x80,0x0C,0x00,0x08,
            0x80,0x28,0x40,0x0A,0x00,0x09,0xC0,0x28,0x40,0x08,0x00,0x08,0x00,0x29,0x80,0x06,
            0x00,0x05,0x00,0x29,0xC0,0x05,0x00,0x00,0xC0,0x27,0xC0,0x0E,0x00,0x00,0x40,0x36,
            0x80,0x06,0x00,0x05,0x00,0x36,0x00,0x06,0x00,0x00,0x00,0x37,0x40,0x08,0x00,0x08,
            0x00,0x38,0x40,0x0A,0x00,0x09,0x00,0x39,0x80,0x0C,0x00,0x08,0xC0,0x39,0x40,0x0E,
            0x00,0x05,0x00,0x3A,0xC0,0x0E,0x00,0x00,0x40,0x37,0x40,0x0A,0x40,0x11,0x00,0x35,
            0x40,0x0A,0x00,0x00,0x80,0x30,0x00,0x00,0x00,0x00,0xC0,0x3D,0x40,0x0A,0xC0,0x20,
            0xC0,0x32,0x00,0x00,0x80,0x12,0x00,0x3C,0xC0,0x14,0x00,0x10,0x00,0x3A,0xC0,0x14,
            0x00,0x00,0x40,0x3D,0x00,0x17,0xC0,0x0F,0x40,0x3B,0x00,0x17,0x00,0x00,0x00,0x42,
            0xC0,0x14,0x40,0x1E,0xC0,0x3E,0x40,0x18,0x40,0x0F,0xC0,0x3C,0x40,0x18,0x00,0x00,
            0xC0,0x3F,0xC0,0x18,0x00,0x0F,0xC0,0x3D,0xC0,0x18,0x00,0x00,0x40,0x43,0x00,0x17,
            0xC0,0x1D,0x80,0x40,0x40,0x18,0xC0,0x0E,0x80,0x3E,0x40,0x18,0x00,0x00,0xC0,0x3E,
            0x00,0x17,0x00,0x00,0xC0,0x40,0x00,0x17,0xC0,0x0E,0x00,0x3E,0xC0,0x14,0x00,0x00,
            0x00,0x40,0xC0,0x14,0x00,0x0F,0xC0,0x47,0x40,0x0A,0x00,0x2E,0xC0,0x39,0x00,0x00,
            0x40,0x23,0x40,0x44,0x40,0x18,0x00,0x1D,0x40,0x45,0xC0,0x18,0x80,0x1C,0x00,0x46,
            0x40,0x18,0x00,0x1C,0x00,0x46,0x00,0x17,0x00,0x1C,0x40,0x4B,0xC0,0x14,0x80,0x2A,
            0x80,0x45,0xC0,0x14,0x40,0x1C,0x00,0x42,0xC0,0x14,0x00,0x00,0xC0,0x43,0xC0,0x14,
            0x00,0x0E,0x40,0x46,0x40,0x17,0x40,0x0D,0xC0,0x44,0x40,0x17,0x00,0x00,0x40,0x4C,
            0x00,0x17,0x80,0x29,0x40,0x4D,0x40,0x18,0x80,0x28,0x40,0x4B,0x40,0x17,0x00,0x19,
            0x00,0x4E,0xC0,0x18,0xC0,0x27,0x00,0x49,0xC0,0x14,0x40,0x1A,0x00,0x4D,0x40,0x19,
            0x40,0x0B,0x80,0x4E,0x40,0x18,0x40,0x27,0xC0,0x4E,0x00,0x17,0x00,0x27,0x80,0x4B,
            0x40,0x19,0x00,0x00,0x00,0x4E,0xC0,0x14,0x80,0x27,0x40,0x51,0x40,0x19,0x80,0x15,
            0xC0,0x52,0x40,0x17,0xC0,0x22,0xC0,0x54,0x40,0x0A,0x00,0x38,0x00,0x51,0xC0,0x14,
            0xC0,0x24,0x00,0x56,0xC0,0x1A,0xC0,0x08,0x40,0x57,0xC0,0x14,0xC0,0x33,0x80,0x52,
            0x00,0x00,0x00,0x3C,0x00,0x58,0x00,0x17,0x80,0x32,0xC0,0x58,0x40,0x18,0x40,0x31,
            0xC0,0x57,0x40,0x19,0x00,0x1E,0x40,0x59,0xC0,0x18,0x40,0x30,0x40,0x59,0xC0,0x14,
            0x40,0x30,0xC0,0x54,0xC0,0x1A,0x00,0x00,0xC0,0x59,0x00,0x17,0x80,0x2F,0x40,0x59,
            0xC0,0x1A,0xC0,0x10,0x80,0x5B,0xC0,0x14,0xC0,0x2C,0xC0,0x59,0x40,0x18,0xC0,0x2F,
            0x80,0x5E,0xC0,0x1A,0x40,0x17,0xC0,0x5C,0x40,0x17,0x80,0x2A,0xC0,0x5F,0x40,0x1C,
            0x40,0x06,0x40,0x64,0x40,0x0A,0x80,0x3E,0x00,0x62,0x40,0x1C,0x80,0x0B,0xC0,0x5E,
            0x40,0x1C,0x00,0x00,0x40,0x60,0x40,0x19,0x80,0x24,0xC0,0x65,0xC0,0x14,0x80,0x39,
            0xAC,0x2D,0xA2,0x40,0xCC,0x4D,0x98,0x56,0xBC,0x59,0xAB,0x67,0x84,0x7A,0x87,0x7F,
            0xE5,0x66,0xB6,0x73,0x53,0x95,0x66,0xA4,0xCE,0x6C,0x84,0x80,0x49,0x8A,0x3A,0x9E,
            0x2B,0x8E,0xF5,0x75,0xBB,0x7B,0x12,0x91,0x26,0xA6,0x81,0x80,0xD9,0x78,0x45,0x84,
            0x24,0x85,0x07,0x87,0xDE,0x7D,0xBC,0x7E,0x80,0x80,0x43,0x81,0x21,0x81,0x02,0x81,
            0xFC,0x7D,0x21,0x80,0x00,0x80,0x46,0x80,0x8D,0x7F,0xC1,0x7F,0xE0,0x7F,0xFE,0x7F,
            0xA2,0x36,0xA8,0x28,0xA6,0x26,0xA0,0x43,0xA0,0x35,0xA6,0x3A,0xB2,0x43,0xB8,0x38,
            0xA4,0x46,0xC7,0x53,0xCD,0x4D,0xF9,0x87,0xF9,0x85,0xAE,0x4C,0xBE,0xD2,0xB2,0xCC,
            0x72,0xF1,0x5B,0xF3,0x5F,0xDF,0x4F,0xE3,0x9F,0x4F,0x9E,0x42,0xC3,0x5A,0xFA,0x87,
            0xC9,0xD5,0x4A,0xF4,0xA3,0x51,0x41,0xE5,0xC1,0x42,0xBB,0x4A,0xCA,0x56,0xD0,0x50,
            0xAD,0x57,0xC2,0x61,0xC6,0x5C,0xFB,0x88,0xB7,0x52,0xE4,0x6A,0xD4,0xD6,0x3B,0xF5,
            0xE8,0x68,0x33,0xE6,0xE1,0x6D,0xC5,0x63,0xA0,0x5D,0xB6,0x5B,0xEA,0x6F,0xA4,0x5E,
            0x9E,0x5C,0xAE,0x62,0xC3,0x6A,0xE1,0x70,0xFC,0x87,0x25,0xE5,0xED,0x6E,0x2B,0xF4,
            0xE8,0x71,0xB7,0x65,0xE0,0xD5,0xE7,0x74,0xC6,0x6B,0xE8,0x6D,0xA2,0x6C,0xE6,0x70,
            0xEB,0x6C,0xE1,0x75,0xA6,0x6D,0x00,0x00,0x00,0x03,0x40,0x19,0x00,0x1E,0x80,0x0B,
            0x40,0x19,0x80,0x24,0xC0,0x09,0xC0,0x1A,0x40,0x17,0x40,0x03,0x00,0x17,0x80,0x32,
            0x40,0x11,0x00,0x17,0x40,0x38,0x00,0x04,0x40,0x18,0x40,0x31,0x40,0x0D,0x40,0x1C,
            0x80,0x0B,0x00,0x0B,0x40,0x1C,0x40,0x06,0x40,0x01,0xC0,0x1A,0xC0,0x08,0xC0,0x11,
            0x40,0x18,0x00,0x37,0x80,0x04,0xC0,0x18,0x40,0x30,0x00,0x12,0xC0,0x18,0x00,0x36,
            0x00,0x05,0x40,0x18,0xC0,0x2F,0x00,0x12,0xC0,0x14,0xC0,0x35,0x80,0x04,0xC0,0x14,
            0x40,0x30,0x00,0x05,0x00,0x17,0x80,0x2F,0x40,0x12,0x40,0x18,0x40,0x35,0x80,0x0F,
            0x40,0x0A,0x80,0x3E,0x00,0x00,0x40,0x0A,0x00,0x38,0x40,0x0E,0x00,0x00,0xC0,0x42,
            0x80,0x04,0xC0,0x1A,0xC0,0x10,0xC0,0x10,0x40,0x1C,0x40,0x10,0xC0,0x06,0xC0,0x14,
            0xC0,0x2C,0x00,0x13,0xC0,0x14,0x00,0x32,0x00,0x08,0x40,0x17,0x80,0x2A,0x00,0x11,
            0xC0,0x14,0x80,0x39,0x80,0x02,0xC0,0x14,0xC0,0x33,0x40,0x10,0xC0,0x1A,0x80,0x1C,
            0xC0,0x13,0x40,0x17,0x40,0x2F,0x00,0x0A,0x40,0x1C,0x00,0x00,0x80,0x13,0x40,0x1E,
            0xC0,0x03,0x40,0x12,0x00,0x17,0x00,0x35,0xC0,0x14,0x40,0x1E,0x00,0x07,0x00,0x13,
            0x40,0x1E,0x00,0x00,0x80,0x15,0x40,0x19,0xC0,0x28,0x00,0x17,0x40,0x1E,0x00,0x0A,
            0x40,0x15,0x40,0x1C,0xC0,0x13,0x00,0x13,0x40,0x2F,0x00,0x04,0x80,0x12,0x40,0x2F,
            0x00,0x00,0x80,0x14,0x00,0x2C,0x80,0x03,0x00,0x14,0x00,0x2C,0x00,0x00,0x40,0x16,
            0xC0,0x31,0x00,0x03,0x80,0x14,0x40,0x2F,0x40,0x07,0xC0,0x15,0x00,0x2C,0x80,0x06,
            0x40,0x18,0xC0,0x1A,0xC0,0x1F,0xC0,0x15,0xC0,0x31,0x00,0x00,0x40,0x17,0xC0,0x31,
            0xC0,0x05,0x40,0x19,0xC0,0x20,0x40,0x02,0xC0,0x17,0x00,0x28,0x80,0x02,0x00,0x21,
            0x40,0x0A,0xC0,0x40,0xC0,0x17,0x00,0x2C,0x40,0x09,0x00,0x1A,0xC0,0x20,0x00,0x04,
            0xC0,0x16,0x40,0x2F,0x40,0x0A,0xC0,0x18,0x00,0x28,0xC0,0x04,0x00,0x21,0xC0,0x14,
            0xC0,0x3B,0x80,0x17,0x00,0x28,0x00,0x00,0x00,0x21,0x00,0x17,0x80,0x3A,0x00,0x19,
            0xC0,0x31,0x00,0x08,0x00,0x21,0x40,0x18,0x00,0x39,0x00,0x21,0xC0,0x18,0xC0,0x37,
            0x00,0x21,0xC0,0x14,0xC0,0x37,0x00,0x19,0xC0,0x20,0x00,0x00,0x00,0x21,0x40,0x18,
            0x00,0x37,0xC0,0x19,0x40,0x1E,0x00,0x0C,0x40,0x1B,0xC0,0x20,0xC0,0x05,0x40,0x1A,
            0x00,0x28,0xC0,0x06,0x00,0x21,0xC0,0x14,0xC0,0x33,0x80,0x19,0x40,0x2F,0x80,0x0C,
            0xC0,0x1A,0x40,0x1C,0x00,0x16,0x40,0x1A,0x40,0x24,0xC0,0x01,0x00,0x21,0x40,0x17,
            0x00,0x31,0x00,0x1B,0x40,0x24,0x80,0x03,0x40,0x1A,0x00,0x2C,0x40,0x0B,0x40,0x1A,
            0x40,0x24,0x00,0x00,0x40,0x1A,0x40,0x24,0xC0,0x01,0x00,0x21,0xC0,0x32,0x00,0x00,
            0x40,0x1A,0x40,0x24,0x00,0x00,0x40,0x1B,0xC0,0x31,0x80,0x09,0x00,0x1B,0x40,0x24,
            0x80,0x03,0x00,0x21,0x40,0x19,0x40,0x2A,0x00,0x1C,0x40,0x24,0xC0,0x04,0x40,0x1C,
            0x00,0x28,0x40,0x08,0x00,0x1D,0x40,0x2F,0x00,0x0E,0x00,0x1C,0x40,0x24,0xC0,0x04,
            0x00,0x21,0x00,0x00,0x40,0x45,0x40,0x1D,0x40,0x1E,0x80,0x0D,0x00,0x1D,0xC0,0x20,
            0x00,0x07,0x00,0x21,0xC0,0x1A,0xC0,0x20,0x80,0x1D,0x00,0x2C,0x80,0x0C,0x00,0x21,
            0x00,0x17,0x00,0x37,0x80,0x1D,0x40,0x24,0x00,0x06,0x00,0x1E,0xC0,0x31,0xC0,0x0A,
            0x80,0x1D,0x40,0x24,0x00,0x06,0x80,0x1E,0x00,0x28,0x00,0x09,0xC0,0x1E,0xC0,0x20,
            0xC0,0x07,0x00,0x21,0x40,0x1C,0xC0,0x16,0x00,0x1F,0x40,0x24,0x80,0x06,0x00,0x1F,
            0x40,0x24,0x80,0x06,0x00,0x21,0x40,0x2F,0x80,0x0E,0x00,0x21,0x00,0x2C,0x00,0x0D,
            0x00,0x21,0x40,0x1E,0x00,0x0E,0x00,0x21,0x00,0x28,0x80,0x09,0x00,0x21,0xC0,0x20,
            0x00,0x08,0x00,0x21,0xC0,0x31,0x00,0x0B,0x00,0x21,0x40,0x24,0xC0,0x06,0x00,0x21,
            0x40,0x24,0xC0,0x06,0xE1,0x70,0xE1,0x75,0xE7,0x74,0xAE,0x62,0xB2,0x6F,0xC3,0x6A,
            0xE6,0x70,0xE8,0x6D,0xEA,0x6F,0xC7,0x74,0xFC,0x87,0xFD,0x87,0xE0,0xD5,0x15,0xE3,
            0x25,0xE5,0x2B,0xF4,0xEE,0xD2,0xA2,0x6C,0xA0,0x5D,0xA0,0x6B,0xE8,0x71,0xE5,0x73,
            0xB7,0x65,0xBB,0x71,0xC6,0x6B,0xA6,0x6D,0xA4,0x5E,0xE8,0x77,0xCA,0x74,0xEB,0x6C,
            0xDC,0x64,0x18,0xF3,0xDA,0x68,0xE1,0x62,0xE4,0x7A,0xD9,0x6C,0xE6,0x76,0x96,0x2C,
            0x9A,0x1A,0x54,0x3D,0x4E,0x32,0xD6,0x5F,0x94,0x3C,0x57,0x48,0xEA,0x7B,0xDB,0x5C,
            0xD3,0x63,0xB8,0x47,0x4E,0x42,0xA8,0x80,0x58,0x54,0xB5,0x50,0x93,0x4A,0x51,0x4C,
            0xAC,0x80,0x47,0x38,0xB8,0x80,0xD2,0x69,0xCD,0x80,0xFF,0x85,0x00,0xDF,0xBE,0x3F,
            0xFF,0xCC,0xDA,0x72,0xB3,0x5A,0x52,0x57,0xC1,0x80,0x94,0x58,0xE8,0x7B,0x52,0x3F,
            0xD0,0x80,0x55,0x49,0x57,0x60,0x4C,0x33,0x9B,0x31,0xFF,0x80,0xA0,0x20,0xD3,0x6F,
            0x99,0x3F,0xE8,0x80,0x56,0x54,0x51,0x62,0x96,0x69,0x98,0x4C,0xA6,0x80,0xDC,0x78,
            0xB5,0x64,0xED,0x80,0x54,0x6E,0x00,0xF1,0x55,0x60,0xD6,0x77,0x99,0x5A,0x4E,0x6F,
            0xB8,0x70,0xEB,0x80,0x52,0x6E,0x9B,0x6A,0x9A,0x80,0x4E,0x80,0xE1,0x80,0x47,0x80,
            0xBE,0x80,0xDB,0x80,0xA0,0x80,0x4C,0x80,0x80,0x06,0x40,0x00,0x80,0x38,0x00,0x00,
            0x00,0x00,0xC0,0x4F,0x00,0x00,0x40,0x00,0xC0,0x37,0x40,0x0C,0x40,0x00,0x00,0x3B,
            0x00,0x11,0x40,0x00,0x80,0x3E,0xC0,0x14,0x40,0x00,0x80,0x43,0x40,0x17,0x40,0x00,
            0x40,0x49,0x00,0x18,0x40,0x00,0xC0,0x4F,0x00,0x00,0x00,0x01,0x00,0x27,0x00,0x0B,
            0x00,0x01,0x80,0x28,0xC0,0x14,0x00,0x01,0x80,0x2C,0x40,0x23,0x00,0x01,0x00,0x3B,
            0x40,0x27,0x00,0x01,0xC0,0x44,0xC0,0x28,0x00,0x01,0xC0,0x4F,0xC0,0x1C,0x00,0x01,
            0xC0,0x32,0x00,0x00,0xC0,0x01,0x80,0x1C,0xC0,0x0D,0xC0,0x01,0x80,0x1E,0x00,0x1A,
            0xC0,0x01,0x80,0x23,0x40,0x2C,0xC0,0x01,0xC0,0x35,0x40,0x31,0xC0,0x01,0x00,0x42,
            0x40,0x24,0xC0,0x01,0x80,0x2B,0x00,0x00,0x00,0x03,0x00,0x17,0x40,0x0F,0x00,0x03,
            0x00,0x19,0xC0,0x1C,0x00,0x03,0x80,0x1E,0x40,0x31,0x00,0x03,0xC0,0x32,0x40,0x28,
            0x00,0x03,0x80,0x27,0x00,0x00,0x80,0x04,0x80,0x14,0xC0,0x0F,0x80,0x04,0x80,0x16,
            0x00,0x1E,0x80,0x04,0x80,0x1C,0x00,0x2A,0x80,0x04,0xC0,0x25,0x00,0x00,0x00,0x06,
            0x00,0x14,0x00,0x10,0x00,0x06,0x40,0x16,0x40,0x1E,0x00,0x06,0x00,0x1C,0x40,0x2A,
            0x00,0x06,0x40,0x25,0x00,0x00,0x00,0x08,0x80,0x12,0x80,0x10,0x00,0x08,0xC0,0x14,
            0x00,0x1F,0x00,0x08,0xC0,0x1A,0x80,0x2B,0x00,0x08,0x40,0x24,0x00,0x00,0x00,0x0B,
            0xC0,0x0E,0x40,0x11,0x00,0x0B,0x40,0x11,0x00,0x21,0x00,0x0B,0x80,0x17,0x00,0x2E,
            0x00,0x0B,0xC0,0x21,0x00,0x00,0x40,0x0F,0x00,0x0A,0xC0,0x12,0x40,0x0F,0x80,0x0C,
            0x40,0x23,0x40,0x0F,0x80,0x13,0x80,0x31,0x40,0x0F,0x40,0x1E,0x00,0x00,0xC0,0x14,
            0x40,0x05,0x00,0x14,0xC0,0x14,0x00,0x08,0xC0,0x25,0xC0,0x14,0x40,0x0F,0x00,0x00,
            0x80,0x1B,0x80,0x01,0x00,0x15,0x80,0x1B,0x40,0x04,0xC0,0x34,0xC0,0x14,0x00,0x1B,
            0xC0,0x27,0x80,0x1B,0x40,0x0C,0x00,0x00,0xC0,0x23,0x00,0x00,0x40,0x15,0xC0,0x23,
            0x00,0x03,0x80,0x28,0xC0,0x23,0xC0,0x0A,0x00,0x15,0x00,0x2D,0xC0,0x03,0x00,0x28,
            0x00,0x2D,0x80,0x0B,0x00,0x00,0x00,0x2D,0x00,0x01,0x80,0x14,0xC0,0x36,0xC0,0x05,
            0x00,0x27,0xC0,0x36,0x80,0x0D,0x00,0x00,0xC0,0x36,0x00,0x03,0xC0,0x13,0x80,0x40,
            0x00,0x09,0x40,0x25,0x80,0x40,0x40,0x10,0x00,0x00,0x80,0x40,0x40,0x06,0x00,0x34,
            0x80,0x40,0xC0,0x1B,0x80,0x12,0xC0,0x4A,0x00,0x0D,0x40,0x23,0xC0,0x4A,0xC0,0x13,
            0x00,0x00,0xC0,0x4A,0x80,0x0A,0x40,0x31,0xC0,0x4A,0x80,0x1E,0x40,0x11,0x00,0x55,
            0x40,0x11,0xC0,0x20,0x00,0x55,0xC0,0x17,0xC0,0x2D,0x00,0x55,0xC0,0x21,0x00,0x00,
            0x00,0x55,0x00,0x0F,0x00,0x10,0x80,0x5F,0x40,0x16,0x40,0x1E,0x80,0x5F,0x00,0x1C,
            0x40,0x2A,0x80,0x5F,0x40,0x25,0x00,0x00,0x80,0x5F,0x00,0x14,0xC0,0x0F,0xC0,0x61,
            0x80,0x17,0x00,0x00,0x80,0x5F,0x00,0x18,0x00,0x0F,0x80,0x5F,0x00,0x1A,0xC0,0x0E,
            0xC0,0x61,0xC0,0x1A,0x80,0x1D,0xC0,0x61,0x40,0x1D,0x40,0x1C,0x80,0x5F,0x80,0x1F,
            0x00,0x1C,0xC0,0x61,0x40,0x20,0x80,0x27,0x80,0x5F,0x40,0x28,0x00,0x27,0xC0,0x61,
            0xC0,0x28,0x80,0x29,0xC0,0x61,0x40,0x26,0x40,0x30,0x80,0x5F,0x80,0x33,0xC0,0x0D,
            0x80,0x5F,0xC0,0x1D,0x00,0x00,0x80,0x5F,0x00,0x1C,0x00,0x0D,0x00,0x62,0x80,0x20,
            0x40,0x1A,0x80,0x5F,0x00,0x23,0x00,0x19,0x00,0x62,0x40,0x25,0xC0,0x24,0x80,0x5F,
            0x00,0x2B,0xC0,0x22,0x00,0x62,0x00,0x2D,0xC0,0x2C,0x80,0x5F,0x80,0x35,0x00,0x00,
            0xC0,0x61,0xC0,0x18,0x00,0x00,0xC0,0x61,0x40,0x15,0x00,0x00,0x00,0x62,0xC0,0x1E,
            0x80,0x2A,0x00,0x62,0xC0,0x36,0x00,0x00,0x00,0x63,0xC0,0x18,0x40,0x0F,0x00,0x63,
            0xC0,0x18,0xC0,0x0E,0x00,0x63,0x80,0x1A,0x00,0x1D,0x00,0x63,0x80,0x1E,0x00,0x1C,
            0x00,0x63,0x00,0x20,0x80,0x28,0x00,0x63,0x40,0x27,0x80,0x2F,0xC0,0x61,0xC0,0x33,
            0x00,0x27,0x00,0x63,0x80,0x28,0x00,0x00,0x00,0x63,0xC0,0x16,0x01,0x83,0x00,0x80,
            0x00,0x83,0x02,0x84,0x03,0x84,0x03,0x83,0x00,0x88,0x02,0x89,0x04,0x8A,0x07,0x8A,
            0x08,0x89,0x08,0x88,0x06,0x8B,0x00,0x91,0x04,0x94,0x08,0x96,0x0E,0x96,0x10,0x94,
            0x0C,0x97,0x00,0xA4,0x09,0xAA,0x11,0xAD,0x1D,0xAD,0x17,0xAE,0x00,0xC7,0x10,0xCD,
            0x1E,0xD1,0x29,0xD2,0x00,0xD3,0x13,0xD9,0x22,0xDC,0x2F,0xDD,0x00,0xC1,0x0F,0xC7,
            0x1C,0xCB,0x26,0xCC,0x00,0xBB,0x0E,0xC1,0x19,0xC4,0x23,0xC5,0x00,0xC0,0x0F,0xC6,
            0x1B,0xC9,0x26,0xCB,0x00,0xCB,0x11,0xD1,0x1F,0xD4,0x00,0xDE,0x15,0xE3,0x2B,0xD5,
            0x25,0xE5,0x00,0xF9,0x1A,0xFA,0x2D,0xFB,0xE7,0xF1,0xD5,0xF2,0xFF,0xEE,0xE9,0xE8,
            0xD8,0xEA,0xFF,0xE3,0xEA,0xE2,0xDA,0xE4,0xFF,0xDD,0xCC,0xE5,0xEB,0xDE,0xDB,0xE1,
            0xFF,0xD9,0xCE,0xE1,0xEB,0xDC,0xDC,0xDF,0xCF,0xE0,0xFF,0xD7,0xEC,0xD8,0xDD,0xDB,
            0xD1,0xDC,0xFF,0xD2,0xEF,0xCD,0x5F,0x80,0x64,0x6A,0x74,0x67,0xE1,0xD0,0x66,0x5A,
            0x75,0x55,0x67,0x4C,0x75,0x45,0xD6,0xD1,0x66,0x3F,0xF1,0xC4,0xFF,0xBD,0xF4,0xB5,
            0xE5,0xC7,0xEA,0xB8,0xDB,0xC8,0xE2,0xB9,0xD2,0xC7,0x72,0x80,0xFF,0xC7,0xFF,0xAF,
            0xDB,0xB8,0xB2,0x80,0xF3,0xB8,0xAC,0x6E,0xE9,0xBB,0xA9,0x60,0xE1,0xBC,0x75,0x35,
            0xA8,0x54,0xFF,0xB2,0x70,0x05,0x25,0x3B,0x05,0x0F,0x70,0x00,0x26,0x74,0x05,0x1F,
            0xA2,0x05,0x42,0x76,0x00,0x1A,0x9C,0x05,0x47,0x9C,0x00,0x48,0x34,0x01,0x27,0x00,
            0x01,0x20,0x2D,0x09,0x41,0x64,0x01,0x3A,0x56,0x09,0x52,0x8B,0x01,0x59,0x78,0x09,
            0x6C,0xAA,0x01,0x80,0xBD,0x01,0xAF,0x92,0x09,0x8E,0x00,0x05,0x08,0x00,0x07,0x05,
            0x3D,0x05,0x08,0x00,0x05,0x00,0x3C,0x07,0x0C,0x71,0x07,0x23,0x9E,0x07,0x45,0xC5,
            0x05,0x70,0xC1,0x07,0x72,0x00,0x09,0x3B,0xA3,0x09,0xB7,0x23,0x0F,0x65,0x43,0x0F,
            0x72,0x5D,0x0F,0x87,0x71,0x0F,0xA1,0xA8,0x09,0xE4,0x7F,0x0F,0xC1,0x00,0x0F,0x61,
            0x83,0x0F,0xE4,0x18,0x15,0x8C,0x2E,0x15,0x95,0x41,0x15,0xA3,0x4F,0x15,0xB6,0x58,
            0x15,0xCB,0x00,0x15,0x89,0x5B,0x15,0xE4,0x0F,0x1D,0xAE,0x1C,0x1D,0xB4,0x27,0x1D,
            0xBC,0x30,0x1D,0xC8,0x36,0x1D,0xD5,0x00,0x1D,0xAC,0x38,0x1D,0xE4,0x08,0x27,0xC5,
            0x10,0x27,0xC8,0x16,0x27,0xCD,0x1B,0x27,0xD4,0x1F,0x27,0xDB,0x00,0x27,0xC4,0x20,
            0x27,0xE4,0x07,0x35,0xCA,0x0E,0x35,0xCC,0x13,0x35,0xD1,0x17,0x35,0xD6,0x1A,0x35,
            0xDD,0x00,0x35,0xC9,0x1B,0x35,0xE4,0x07,0x35,0xCA,0x00,0x35,0xC9,0x00,0x44,0xBE,
            0x0E,0x35,0xCC,0x0A,0x44,0xC0,0x13,0x35,0xD1,0x13,0x44,0xC3,0x17,0x35,0xD6,0x20,
            0x44,0xD1,0x1A,0x35,0xDD,0x24,0x44,0xDA,0x1B,0x35,0xE4,0x26,0x44,0xE4,0x1B,0x44,
            0xC9,0x00,0x54,0xB0,0x0E,0x54,0xB2,0x1A,0x54,0xB7,0x2D,0x54,0xCA,0x32,0x54,0xD6,
            0x34,0x54,0xE4,0x25,0x54,0xBF,0x00,0x61,0xAA,0x0F,0x61,0xAC,0x1D,0x61,0xB2,0x32,
            0x61,0xC7,0x38,0x61,0xD4,0x3A,0x61,0xE4,0x29,0x61,0xBB,0x0C,0x6B,0xB9,0x16,0x6B,
            0xBE,0x1F,0x6B,0xC4,0x26,0x6B,0xCD,0x2B,0x6B,0xD8,0x00,0x6B,0xB8,0x2C,0x6B,0xE4,
            0x00,0x6F,0xE4,0x00,0xA9,0x60,0xAC,0x6E,0x75,0x55,0xE9,0xBB,0xE1,0xBC,0xE1,0xD0,
            0xA8,0x54,0x75,0x45,0xF4,0xB5,0xFF,0xAF,0xF9,0x9B,0xEA,0xB8,0xF4,0x9D,0xE2,0xB9,
            0xF0,0x9E,0xDB,0xB8,0xD5,0xB5,0xEC,0x9D,0xB2,0x80,0xF9,0x80,0xF3,0xB8,0xFF,0xB2,
            0xF8,0x7E,0xF7,0x7D,0xF7,0x7B,0xD9,0xBB,0xF7,0x7A,0xFF,0x97,0xE9,0x9B,0xFB,0x94,
            0xF7,0x96,0xF3,0x97,0xF0,0x96,0xE8,0x97,0xEE,0x94,0xFF,0x91,0xED,0x91,0xFA,0x97,
            0xF6,0x99,0xF2,0x99,0xEF,0x99,0xED,0x97,0xFF,0x93,0xEB,0x93,0xF8,0xA2,0xF1,0xA5,
            0xEC,0xA6,0xE7,0xA5,0xE4,0xA2,0xFF,0x9D,0xE1,0x9D,0xF0,0xC7,0xE4,0xCA,0xD9,0xCB,
            0xD0,0xCA,0xC7,0xC7,0xFF,0xC0,0xBE,0xC0,0xEA,0xE4,0xDA,0xE6,0xCC,0xE6,0xBE,0xE6,
            0xB0,0xE4,0xFF,0xDF,0xA0,0xDF,0x11,0xD2,0x00,0xCC,0x00,0xC7,0x1F,0xD5,0x10,0xCD,
            0x2B,0xD6,0x1E,0xD0,0x36,0xD5,0x33,0xD0,0x41,0xD2,0x3D,0xCD,0x4C,0xCC,0x47,0xC7,
            0x29,0xD1,0x00,0xCD,0x12,0xD3,0x20,0xD6,0x37,0xD6,0x42,0xD3,0x4E,0xCD,0x2C,0xD7,
            0xFF,0xE5,0xE9,0xE9,0xD8,0xEB,0xBB,0xEB,0xAC,0xE9,0x9A,0xE5,0xC9,0xEB,0xF6,0xA9,
            0xEF,0xAC,0xE8,0xAD,0xE3,0xAC,0xDE,0xA9,0xFF,0xA3,0xDB,0xA3,0xFF,0x80,0x00,0x00,
            0x80,0x03,0x00,0x00,0x00,0x45,0x00,0x02,0x00,0x00,0x00,0x3A,0xC0,0x0D,0xC0,0x00,
            0x00,0x45,0x00,0x0C,0xC0,0x00,0x40,0x37,0x00,0x07,0xC0,0x00,0x00,0x2B,0x80,0x11,
            0x00,0x02,0xC0,0x35,0x80,0x13,0x00,0x02,0x00,0x45,0x00,0x0C,0x00,0x02,0x00,0x28,
            0x00,0x03,0x00,0x02,0xC0,0x1C,0x00,0x0E,0x80,0x03,0x00,0x27,0xC0,0x13,0x80,0x03,
            0x00,0x35,0x00,0x16,0x80,0x03,0x00,0x45,0xC0,0x04,0x80,0x03,0x00,0x1B,0x40,0x0E,
            0x00,0x05,0xC0,0x26,0x40,0x14,0x00,0x05,0x00,0x35,0x80,0x16,0x00,0x05,0x00,0x45,
            0x00,0x05,0x00,0x05,0x80,0x1A,0xC0,0x0F,0x00,0x07,0x00,0x26,0xC0,0x15,0x00,0x07,
            0x80,0x34,0x00,0x18,0x00,0x07,0x00,0x45,0x40,0x06,0x00,0x07,0x80,0x19,0xC0,0x12,
            0x00,0x0A,0x00,0x24,0x40,0x19,0x00,0x0A,0x80,0x33,0x80,0x1B,0x00,0x0A,0x00,0x45,
            0xC0,0x08,0x00,0x0A,0x00,0x17,0x00,0x17,0x40,0x0E,0x80,0x21,0x00,0x1E,0x40,0x0E,
            0x40,0x32,0x40,0x20,0x40,0x0E,0x00,0x45,0x40,0x0C,0x40,0x0E,0x80,0x13,0x40,0x1B,
            0xC0,0x13,0x40,0x1F,0x80,0x22,0xC0,0x13,0x00,0x31,0x40,0x25,0xC0,0x13,0x00,0x45,
            0x80,0x00,0xC0,0x13,0x80,0x04,0x80,0x0F,0xC0,0x13,0x40,0x10,0x40,0x1E,0x80,0x1A,
            0x40,0x1D,0x00,0x26,0x80,0x1A,0x00,0x30,0xC0,0x28,0x80,0x1A,0x00,0x45,0x80,0x02,
            0x80,0x1A,0x80,0x01,0x40,0x12,0x80,0x1A,0x80,0x0D,0x80,0x1E,0x00,0x17,0x00,0x45,
            0x80,0x1E,0x40,0x19,0x00,0x3A,0x80,0x33,0x40,0x20,0x80,0x3A,0x00,0x34,0x40,0x1E,
            0x00,0x45,0x40,0x03,0xC0,0x22,0x00,0x00,0x80,0x1F,0xC0,0x22,0x80,0x1C,0x80,0x27,
            0xC0,0x22,0x80,0x2F,0x40,0x2A,0xC0,0x22,0x00,0x45,0x80,0x1E,0x80,0x1F,0x80,0x33,
            0x40,0x13,0xC0,0x22,0x80,0x0C,0x00,0x32,0x80,0x25,0x40,0x34,0x00,0x3F,0xC0,0x2B,
            0xC0,0x3B,0x80,0x1E,0x40,0x27,0x40,0x31,0xC0,0x12,0x00,0x2C,0x00,0x0D,0x00,0x1F,
            0x00,0x2C,0x00,0x1D,0xC0,0x26,0x00,0x2C,0xC0,0x2F,0xC0,0x3F,0x40,0x2A,0x00,0x45,
            0x00,0x3D,0x80,0x2F,0x40,0x36,0x40,0x30,0x00,0x2C,0x40,0x32,0xC0,0x02,0x00,0x2C,
            0xC0,0x00,0x80,0x29,0x00,0x2C,0x00,0x45,0x80,0x1E,0x40,0x2F,0x80,0x33,0x40,0x11,
            0xC0,0x35,0x80,0x0E,0x00,0x1D,0xC0,0x35,0x00,0x1E,0xC0,0x24,0xC0,0x35,0x80,0x30,
            0x80,0x2E,0xC0,0x32,0x40,0x34,0xC0,0x44,0x80,0x39,0x80,0x3D,0x80,0x3A,0xC0,0x34,
            0x80,0x34,0x80,0x1E,0x40,0x35,0x00,0x3A,0xC0,0x01,0xC0,0x35,0xC0,0x02,0x80,0x27,
            0xC0,0x35,0x00,0x45,0x80,0x42,0x40,0x3C,0x00,0x39,0xC0,0x45,0x80,0x38,0x00,0x45,
            0x40,0x2D,0xC0,0x37,0x80,0x3A,0xC0,0x37,0xC0,0x39,0x40,0x36,0xC0,0x3F,0x80,0x3F,
            0x80,0x37,0x80,0x1E,0xC0,0x37,0x00,0x45,0xC0,0x2C,0xC0,0x39,0x00,0x45,0xC0,0x0E,
            0x80,0x3F,0x00,0x11,0x80,0x21,0x80,0x3F,0x40,0x31,0x40,0x1A,0x80,0x3F,0xC0,0x1F,
            0x00,0x36,0x80,0x3D,0xC0,0x3B,0xC0,0x3C,0x00,0x43,0x00,0x39,0x00,0x24,0x80,0x3F,
            0x00,0x45,0x00,0x35,0x40,0x3F,0x00,0x45,0x00,0x49,0x00,0x48,0x00,0x3F,0x80,0x46,
            0x40,0x49,0x80,0x3B,0xC0,0x3A,0x80,0x45,0x80,0x3D,0x80,0x43,0x40,0x4B,0x40,0x3A,
            0x00,0x4A,0x40,0x47,0x00,0x45,0x00,0x00,0x80,0x3F,0x80,0x05,0x00,0x0C,0xC0,0x49,
            0xC0,0x13,0x80,0x1D,0xC0,0x49,0x80,0x32,0xC0,0x16,0xC0,0x49,0xC0,0x21,0xC0,0x39,
            0xC0,0x46,0x00,0x45,0x40,0x40,0x40,0x4D,0x80,0x3B,0x00,0x20,0xC0,0x49,0x00,0x45,
            0xC0,0x3D,0x80,0x4E,0x00,0x3F,0x80,0x4F,0x00,0x55,0x40,0x40,0xC0,0x3C,0x40,0x4F,
            0x00,0x45,0x80,0x4C,0x80,0x55,0x80,0x3D,0x80,0x08,0x00,0x54,0x00,0x17,0xC0,0x12,
            0x00,0x54,0x40,0x24,0x00,0x19,0x00,0x54,0xC0,0x33,0x08,0x88,0x08,0x89,0x12,0x91,
            0x10,0x94,0x0E,0x96,0x21,0xAA,0x25,0xA4,0x1D,0xAD,0x17,0xAE,0x33,0xD1,0x3D,0xCD,
            0x48,0xC7,0x29,0xD2,0x3A,0xDC,0x46,0xD9,0x54,0xD3,0x2F,0xDD,0x30,0xCB,0x39,0xC7,
            0x41,0xC1,0x26,0xCC,0x2C,0xC4,0x34,0xC1,0x3B,0xBB,0x23,0xC5,0x2F,0xC9,0x38,0xC6,
            0x40,0xC0,0x26,0xCB,0x36,0xD4,0x40,0xD1,0x4C,0xCB,0x1F,0xD4,0x2B,0xD5,0x40,0xE5,
            0x4E,0xE3,0x5F,0xDE,0x25,0xE5,0x33,0xE6,0x20,0xA0,0x18,0xBA,0x25,0xC4,0x31,0xB0,
            0x2D,0xFB,0x4E,0xFB,0x61,0xFA,0x7A,0xF9,0x11,0xD3,0x3E,0xFB,0x1C,0xDA,0x3D,0xD8,
            0x07,0xFA,0xC6,0xF2,0xB6,0xF2,0xA6,0xF1,0x30,0xE9,0x0F,0xFF,0xD5,0xF2,0x90,0xEE,
            0xF9,0x2C,0xCA,0xEA,0xBC,0xEA,0xAD,0xE8,0xF5,0x2B,0x4B,0xE8,0xE7,0xF6,0xF3,0x4B,
            0xD8,0xEA,0x9B,0xE3,0x39,0xF6,0x5E,0xDE,0xE7,0x43,0xEA,0x26,0xEB,0xEF,0xEE,0x6F,
            0xDC,0x5D,0xCC,0xE5,0xB2,0xE2,0xBF,0xE4,0xD1,0x32,0xDF,0x1F,0xA2,0xDD,0xBE,0x3F,
            0x46,0xE8,0x33,0xF8,0xC1,0x23,0xF5,0xED,0x5C,0xDC,0xDA,0xE4,0xCE,0xE1,0xB4,0xDE,
            0xC1,0xE1,0xA9,0x29,0xDB,0x1B,0xA6,0xD9,0xBE,0x1E,0x32,0xD7,0xA4,0x24,0x22,0xEE,
            0xCF,0xE0,0xC3,0xDF,0xB6,0xDC,0x00,0x00,0xC0,0x44,0x00,0x02,0x80,0x24,0xC0,0x41,
            0x00,0x04,0x40,0x23,0xC0,0x46,0xC0,0x0E,0xC0,0x25,0x80,0x3E,0x00,0x06,0x80,0x24,
            0xC0,0x42,0x80,0x0F,0x80,0x26,0xC0,0x4D,0xC0,0x0D,0x40,0x29,0x00,0x4F,0x80,0x0D,
            0x00,0x2E,0x40,0x48,0x00,0x00,0x00,0x2E,0xC0,0x06,0xC0,0x0C,0x00,0x00,0x00,0x11,
            0xC0,0x0C,0x40,0x0D,0x00,0x15,0x80,0x02,0xC0,0x0A,0x40,0x17,0xC0,0x0C,0xC0,0x1C,
            0xC0,0x1B,0x80,0x02,0x80,0x1B,0x80,0x19,0xC0,0x0C,0x00,0x2E,0x40,0x1E,0x80,0x02,
            0x00,0x2E,0xC0,0x4A,0x40,0x0E,0x80,0x26,0x40,0x47,0xC0,0x00,0x00,0x28,0x00,0x3C,
            0x40,0x07,0x00,0x28,0xC0,0x3F,0x00,0x10,0x40,0x29,0x00,0x3B,0x00,0x08,0x00,0x2E,
            0x80,0x3E,0x40,0x10,0x00,0x2E,0x40,0x03,0x40,0x17,0x80,0x03,0x80,0x0C,0x40,0x17,
            0xC0,0x0F,0x80,0x12,0x40,0x17,0x00,0x1E,0x80,0x5A,0x40,0x17,0xC0,0x29,0x40,0x56,
            0x40,0x17,0x40,0x27,0x80,0x50,0x40,0x17,0x80,0x26,0xC0,0x4A,0x40,0x17,0x40,0x27,
            0x40,0x46,0x40,0x17,0xC0,0x29,0x80,0x44,0x40,0x17,0x00,0x2E,0xC0,0x14,0x40,0x17,
            0x00,0x2E,0x40,0x5C,0x40,0x17,0x00,0x2E,0x80,0x46,0x80,0x18,0x00,0x2E,0x80,0x48,
            0x40,0x17,0x00,0x2E,0x80,0x49,0x40,0x17,0x80,0x2B,0xC0,0x49,0x80,0x18,0x00,0x2E,
            0x40,0x48,0x80,0x18,0x00,0x2A,0x80,0x4C,0x40,0x17,0x00,0x2A,0x40,0x4B,0x80,0x18,
            0x80,0x2B,0x00,0x4D,0xC0,0x18,0x80,0x27,0x80,0x50,0x40,0x17,0x80,0x29,0xC0,0x4E,
            0xC0,0x18,0xC0,0x29,0x00,0x53,0xC0,0x18,0xC0,0x26,0x40,0x59,0xC0,0x18,0x80,0x27,
            0x40,0x54,0x40,0x17,0x00,0x2A,0x40,0x53,0xC0,0x18,0x40,0x29,0x00,0x5E,0x00,0x19,
            0x00,0x2A,0x40,0x57,0x40,0x17,0x80,0x2B,0xC0,0x57,0x00,0x19,0xC0,0x29,0x40,0x58,
            0x40,0x17,0x00,0x2E,0x40,0x5B,0x00,0x19,0x80,0x2B,0x80,0x02,0x80,0x19,0x80,0x04,
            0x40,0x09,0x40,0x17,0xC0,0x11,0xC0,0x0E,0x40,0x17,0x00,0x1F,0x80,0x08,0x80,0x19,
            0x00,0x12,0x80,0x0B,0x80,0x19,0x40,0x10,0xC0,0x10,0x40,0x17,0x00,0x2E,0x00,0x0E,
            0x80,0x19,0x40,0x1F,0x40,0x11,0x80,0x19,0x40,0x1E,0x00,0x0B,0x40,0x17,0x00,0x20,
            0xC0,0x05,0x40,0x17,0xC0,0x13,0x80,0x03,0xC0,0x19,0x00,0x15,0xC0,0x0C,0x40,0x17,
            0x00,0x2E,0x40,0x08,0xC0,0x19,0xC0,0x20,0xC0,0x5F,0x00,0x19,0x00,0x2E,0xC0,0x5C,
            0x00,0x19,0x00,0x2E,0x00,0x00,0x80,0x19,0x00,0x07,0x00,0x10,0x80,0x19,0x00,0x2E,
            0x40,0x13,0x80,0x19,0x00,0x2E,0x40,0x48,0x40,0x19,0x00,0x2E,0x00,0x4A,0x40,0x19,
            0x00,0x2E,0x00,0x4A,0x40,0x19,0x40,0x2A,0xC0,0x4B,0x40,0x19,0x00,0x2B,0xC0,0x4E,
            0x80,0x19,0x00,0x28,0x00,0x0A,0xC0,0x19,0x00,0x2E,0xC0,0x4F,0x80,0x19,0x40,0x29,
            0xC0,0x54,0xC0,0x19,0x40,0x27,0x00,0x5B,0xC0,0x19,0x00,0x28,0x00,0x55,0xC0,0x19,
            0xC0,0x28,0x80,0x5F,0x00,0x1A,0x40,0x2A,0x40,0x5A,0x00,0x1A,0x40,0x29,0x80,0x49,
            0x80,0x19,0x00,0x2E,0x40,0x5E,0x00,0x1A,0x00,0x2B,0x40,0x4B,0x80,0x19,0xC0,0x2A,
            0x40,0x61,0x00,0x1A,0x00,0x2E,0xC0,0x4F,0xC0,0x19,0xC0,0x28,0xC0,0x5F,0x40,0x1A,
            0x00,0x2E,0x80,0x55,0x00,0x1A,0x00,0x28,0x80,0x01,0xC0,0x1A,0x80,0x05,0x00,0x0E,
            0xC0,0x1A,0x40,0x1F,0x40,0x0A,0xC0,0x1A,0x00,0x11,0x00,0x10,0xC0,0x1A,0xC0,0x1E,
            0x40,0x5B,0x40,0x1A,0xC0,0x28,0xC0,0x5F,0x40,0x1A,0xC0,0x2A,0x40,0x61,0x80,0x1A,
            0x00,0x2E,0xC0,0x08,0xC0,0x1A,0x00,0x12,0x00,0x00,0xC0,0x1A,0xC0,0x06,0x00,0x10,
            0xC0,0x1A,0x00,0x2E,0x00,0x12,0xC0,0x1A,0x00,0x2E,0xC0,0x01,0xC0,0x1B,0xC0,0x22,
            0x40,0x09,0x40,0x1B,0x80,0x11,0xC0,0x0E,0x40,0x1B,0x00,0x1F,0xC0,0x10,0x40,0x1B,
            0x00,0x2E,0x80,0x00,0x40,0x1B,0x40,0x06,0x00,0x03,0xC0,0x1B,0x00,0x2E,0x33,0xF8,
            0xF5,0xED,0xFE,0xEE,0xDB,0x1B,0xE1,0x1F,0x32,0xD7,0x44,0xC4,0x5C,0xDC,0xCF,0xE0,
            0xC3,0xDF,0xC1,0xE1,0xB6,0xDC,0xB4,0xDE,0xA8,0xD7,0xA6,0xD9,0x22,0xEE,0x46,0xE8,
            0xBE,0x1E,0xC8,0x26,0xA4,0x24,0xAF,0x30,0xD1,0xDC,0xC5,0xDB,0xB9,0xD8,0x23,0xC6,
            0x17,0xE2,0xFF,0x11,0xE9,0x27,0xD7,0x33,0xC3,0x44,0xAC,0xD2,0x2E,0xAE,0xD2,0x52,
            0x3C,0xBD,0x4E,0xAB,0x48,0xCA,0xE0,0x40,0x60,0x9B,0x61,0xAE,0xEE,0x33,0x80,0x89,
            0x80,0x9A,0xFD,0xE1,0x19,0xEC,0xA6,0x72,0xA5,0x7E,0x22,0xCA,0xBF,0x65,0xB8,0x6F,
            0xE4,0x4F,0xC9,0x66,0xD6,0xD1,0x66,0x3F,0x64,0x31,0x75,0x35,0xCC,0xD0,0x5F,0x20,
            0x74,0x24,0xC2,0xCD,0xC9,0xC4,0xD2,0xC7,0xDB,0xB8,0xC1,0xBD,0xD5,0xB5,0xE0,0x5C,
            0x75,0x45,0x72,0x0E,0xB8,0xC7,0xDF,0x5F,0xB1,0xCF,0xE9,0x50,0xAC,0xA2,0xF3,0x48,
            0xD0,0xAF,0xBC,0x8A,0xFD,0xC1,0xE6,0xE2,0xC9,0x7B,0x3B,0xF7,0xD0,0x73,0xFF,0x80,
            0xDB,0x6D,0xFD,0x80,0x5D,0xDB,0xFC,0x7C,0xE9,0x69,0xFC,0x72,0xE1,0xBC,0xAC,0x3E,
            0xD9,0xBB,0xD3,0xB8,0xF9,0x9D,0xDE,0xBB,0xBF,0xBE,0xA9,0x49,0xA8,0x54,0xB2,0x33,
            0xCD,0xB2,0xE9,0x9B,0xF7,0x7A,0xF8,0x7A,0xF9,0x7A,0xF7,0x7B,0xE8,0x97,0x00,0x00,
            0x00,0x00,0x00,0x00,0x00,0x00,0x00,0x18,0x40,0x00,0x00,0x00,0x40,0x17,0x40,0x00,
            0x80,0x06,0xC0,0x14,0x40,0x00,0x40,0x0C,0x00,0x11,0x40,0x00,0x40,0x11,0x00,0x00,
            0x40,0x00,0x40,0x18,0x80,0x06,0x40,0x00,0x40,0x17,0x40,0x0C,0x40,0x00,0xC0,0x14,
            0xC0,0x28,0x00,0x01,0x00,0x00,0x40,0x27,0x00,0x01,0x00,0x0B,0x40,0x23,0x00,0x01,
            0xC0,0x14,0x00,0x0B,0x00,0x01,0x40,0x27,0xC0,0x14,0x00,0x01,0x40,0x23,0x00,0x00,
            0x00,0x01,0xC0,0x28,0xC0,0x1C,0x00,0x01,0x00,0x1D,0x40,0x31,0xC0,0x01,0xC0,0x0D,
            0x40,0x2C,0xC0,0x01,0x00,0x1A,0xC0,0x0D,0xC0,0x01,0x40,0x31,0x00,0x1A,0xC0,0x01,
            0x40,0x2C,0x00,0x00,0xC0,0x01,0x40,0x33,0x40,0x24,0xC0,0x01,0x40,0x24,0x40,0x31,
            0x00,0x03,0x00,0x1D,0xC0,0x1C,0x00,0x03,0x40,0x31,0x00,0x00,0x00,0x03,0xC0,0x38,
            0x40,0x0F,0x00,0x03,0xC0,0x36,0x40,0x28,0x00,0x03,0x40,0x28,0x00,0x1E,0x80,0x04,
            0x40,0x33,0xC0,0x0F,0x80,0x04,0x40,0x39,0x00,0x00,0x80,0x04,0x40,0x3B,0x00,0x2A,
            0x80,0x04,0x00,0x2A,0x40,0x1E,0x00,0x06,0xC0,0x33,0x00,0x10,0x00,0x06,0x80,0x39,
            0x00,0x00,0x00,0x06,0xC0,0x3B,0x40,0x2A,0x00,0x06,0x80,0x2A,0x00,0x1F,0x00,0x08,
            0x00,0x35,0x80,0x10,0x00,0x08,0x00,0x3B,0x00,0x00,0x00,0x08,0x40,0x3D,0x80,0x2B,
            0x00,0x08,0x80,0x2B,0x00,0x21,0x00,0x0B,0x40,0x38,0x40,0x11,0x00,0x0B,0x80,0x3E,
            0x00,0x00,0x00,0x0B,0x00,0x41,0x00,0x2E,0x00,0x0B,0x00,0x2E,0x40,0x23,0x40,0x0F,
            0x40,0x3C,0xC0,0x12,0x40,0x0F,0x40,0x43,0x00,0x00,0x40,0x0F,0xC0,0x45,0x80,0x31,
            0x40,0x0F,0x80,0x31,0xC0,0x25,0xC0,0x14,0x80,0x40,0x00,0x00,0xC0,0x14,0x80,0x4A,
            0x00,0x14,0xC0,0x14,0xC0,0x47,0xC0,0x34,0xC0,0x14,0xC0,0x34,0xC0,0x27,0x80,0x1B,
            0x80,0x43,0x00,0x15,0x80,0x1B,0x80,0x4B,0x00,0x00,0x80,0x1B,0x40,0x4E,0x40,0x15,
            0xC0,0x23,0xC0,0x4C,0x00,0x00,0xC0,0x23,0xC0,0x4F,0x80,0x28,0xC0,0x23,0x00,0x45,
            0x00,0x28,0x00,0x2D,0x40,0x44,0x00,0x15,0x00,0x2D,0x00,0x4C,0x00,0x00,0x00,0x2D,
            0xC0,0x4E,0x80,0x14,0xC0,0x36,0x00,0x4A,0x00,0x27,0xC0,0x36,0x40,0x42,0x00,0x00,
            0xC0,0x36,0xC0,0x4C,0xC0,0x13,0x80,0x40,0xC0,0x46,0x40,0x25,0x80,0x40,0x80,0x3F,
            0x00,0x00,0x80,0x40,0x80,0x49,0x00,0x34,0x80,0x40,0x00,0x34,0x80,0x12,0xC0,0x4A,
            0xC0,0x42,0x40,0x23,0xC0,0x4A,0x00,0x3C,0x00,0x00,0xC0,0x4A,0x40,0x45,0x40,0x31,
            0xC0,0x4A,0x40,0x31,0xC0,0x2D,0x00,0x55,0x00,0x2E,0x40,0x11,0x00,0x55,0x80,0x3E,
            0xC0,0x20,0x00,0x55,0x00,0x38,0x00,0x00,0x00,0x55,0xC0,0x40,0x40,0x2A,0x80,0x5F,
            0x80,0x2A,0x40,0x1E,0x80,0x5F,0xC0,0x33,0x00,0x10,0x80,0x5F,0x80,0x39,0x00,0x00,
            0x80,0x5F,0xC0,0x3B,0x80,0x27,0x80,0x5F,0x80,0x27,0x40,0x1C,0x80,0x5F,0x40,0x30,
            0x00,0x27,0xC0,0x61,0x00,0x27,0x80,0x29,0xC0,0x61,0x80,0x29,0x40,0x30,0x80,0x5F,
            0x40,0x1C,0x00,0x0F,0x80,0x5F,0xC0,0x35,0x00,0x1C,0xC0,0x61,0x80,0x2F,0x80,0x1D,
            0xC0,0x61,0x80,0x32,0x00,0x00,0x80,0x5F,0xC0,0x37,0xC0,0x0E,0xC0,0x61,0x00,0x35,
            0xC0,0x0F,0xC0,0x61,0x40,0x38,0x00,0x00,0x80,0x5F,0xC0,0x33,0xC0,0x0D,0x80,0x5F,
            0x00,0x32,0x00,0x0D,0x00,0x62,0x40,0x2F,0x40,0x1A,0x80,0x5F,0xC0,0x2C,0x00,0x19,
            0x00,0x62,0x80,0x2A,0xC0,0x24,0x80,0x5F,0xC0,0x24,0xC0,0x22,0x00,0x62,0xC0,0x22,
            0xC0,0x2C,0x80,0x5F,0x40,0x1A,0x00,0x00,0xC0,0x61,0x00,0x37,0x00,0x00,0xC0,0x61,
            0x80,0x3A,0x00,0x00,0x00,0x62,0x00,0x31,0x80,0x2A,0x00,0x62,0x00,0x19,0x00,0x00,
            0x00,0x63,0x00,0x37,0xC0,0x0E,0x00,0x63,0x40,0x35,0x00,0x27,0x00,0x63,0x40,0x27,
            0x80,0x28,0x00,0x63,0x80,0x28,0x00,0x1D,0x00,0x63,0x40,0x31,0x40,0x0F,0x00,0x63,
            0x00,0x37,0x00,0x1C,0x00,0x63,0xC0,0x2F,0x00,0x80,0x03,0x83,0x04,0x83,0x04,0x82,
            0x03,0x80,0x04,0x80,0x04,0x81,0x08,0x88,0x0A,0x87,0x0B,0x86,0x0A,0x82,0x0B,0x84,
            0x08,0x80,0x0B,0x85,0x15,0x90,0x17,0x8E,0x15,0x84,0x17,0x88,0x12,0x80,0x17,0x8B,
            0x2D,0x9C,0x2D,0x90,0x25,0x80,0x2A,0x88,0x2E,0x97,0x51,0x9D,0x4E,0x90,0x48,0x80,
            0x52,0xA9,0x5C,0xA1,0x59,0x92,0x54,0x80,0x5D,0xAE,0x4B,0x9B,0x48,0x8F,0x41,0x80,
            0x4C,0xA6,0x45,0x99,0x41,0x8D,0x3B,0x80,0x46,0xA2,0x4A,0x9B,0x47,0x8E,0x40,0x80,
            0x4B,0xA5,0x55,0x9F,0x4C,0x80,0x52,0x91,0x56,0xAA,0x66,0xA5,0x63,0x95,0x5F,0x80,
            0x7B,0x9A,0x7A,0x80,0x7B,0xAD,0x8C,0xAA,0x8E,0x97,0x90,0x80,0x97,0x96,0x95,0xA6,
            0x9B,0x80,0x9D,0x94,0x9A,0xA4,0xA2,0x80,0x9A,0xB2,0xA0,0x94,0x9E,0xA3,0xA6,0x80,
            0x9D,0xB0,0x9F,0xB0,0xA2,0x93,0xA0,0xA2,0xA8,0x80,0xA3,0xAE,0xA4,0xA1,0xA6,0x92,
            0xAC,0x80,0x33,0x19,0x25,0x1A,0x3B,0x0A,0xAD,0xA8,0x41,0x1A,0x15,0x1C,0x2B,0x0B,
            0xAE,0x9D,0x00,0xDF,0x18,0x0C,0xB2,0x90,0xC1,0x80,0xBB,0x8E,0xCA,0x8B,0xB7,0x9A,
            0xC6,0x94,0xB6,0xA4,0xC5,0x9C,0xB7,0xAD,0x00,0xF1,0xB8,0x80,0xD0,0x80,0xC6,0xA3,
            0xFF,0xCC,0xEE,0x2D,0xD4,0x29,0xC2,0x9E,0xC3,0x95,0xC7,0x8B,0xE0,0x2A,0x00,0x00,
            0x9C,0x05,0x9D,0xBF,0x05,0x70,0x9C,0x00,0x9C,0x74,0x05,0xC5,0x3D,0x05,0xDC,0x3F,
            0x00,0xE1,0x00,0x05,0xE4,0x00,0x00,0xEA,0x00,0x01,0xC4,0x34,0x01,0xBD,0x2D,0x09,
            0xA3,0x64,0x01,0xAA,0x56,0x09,0x92,0x8B,0x01,0x8B,0x78,0x09,0x78,0xAA,0x01,0x64,
            0xBD,0x01,0x35,0x92,0x09,0x56,0x71,0x07,0xC1,0x70,0x05,0xBF,0xA2,0x05,0xA2,0x9E,
            0x07,0x9F,0xC5,0x05,0x74,0x3B,0x05,0xD5,0x00,0x05,0xDC,0x00,0x07,0xDF,0x3C,0x07,
            0xD8,0xC1,0x07,0x72,0x00,0x09,0xA9,0xA3,0x09,0x2D,0x23,0x0F,0x7F,0x43,0x0F,0x72,
            0x5D,0x0F,0x5D,0x71,0x0F,0x43,0xA8,0x09,0x00,0x7F,0x0F,0x23,0x00,0x0F,0x83,0x83,
            0x0F,0x00,0x18,0x15,0x58,0x2E,0x15,0x4F,0x41,0x15,0x41,0x4F,0x15,0x2E,0x58,0x15,
            0x19,0x00,0x15,0x5B,0x5B,0x15,0x00,0x0F,0x1D,0x36,0x1C,0x1D,0x30,0x27,0x1D,0x28,
            0x30,0x1D,0x1C,0x36,0x1D,0x0F,0x00,0x1D,0x38,0x38,0x1D,0x00,0x08,0x27,0x1F,0x10,
            0x27,0x1C,0x16,0x27,0x17,0x1B,0x27,0x10,0x1F,0x27,0x09,0x00,0x27,0x20,0x20,0x27,
            0x00,0x07,0x35,0x1A,0x0E,0x35,0x18,0x13,0x35,0x13,0x17,0x35,0x0E,0x1A,0x35,0x07,
            0x00,0x35,0x1B,0x1B,0x35,0x00,0x00,0x35,0x1B,0x07,0x35,0x1A,0x00,0x44,0x26,0x0E,
            0x35,0x18,0x0A,0x44,0x24,0x13,0x35,0x13,0x13,0x44,0x21,0x17,0x35,0x0E,0x20,0x44,
            0x13,0x1A,0x35,0x07,0x24,0x44,0x0A,0x1B,0x35,0x00,0x26,0x44,0x00,0x1B,0x44,0x1B,
            0x00,0x54,0x34,0x0E,0x54,0x32,0x1A,0x54,0x2D,0x2D,0x54,0x1A,0x32,0x54,0x0E,0x34,
            0x54,0x00,0x25,0x54,0x25,0x00,0x61,0x3A,0x0F,0x61,0x38,0x1D,0x61,0x32,0x32,0x61,
            0x1D,0x38,0x61,0x10,0x3A,0x61,0x00,0x29,0x61,0x29,0x0C,0x6B,0x2B,0x16,0x6B,0x26,
            0x1F,0x6B,0x20,0x26,0x6B,0x17,0x2B,0x6B,0x0C,0x00,0x6B,0x2C,0x2C,0x6B,0x00,0x00,
            0x6F,0x00,0xD4,0x29,0xC9,0x2A,0x3B,0x0A,0xC3,0x95,0xC7,0x8B,0xB2,0x90,0xCD,0x80,
            0xB8,0x80,0xD0,0x80,0xCA,0x8B,0xE4,0x85,0xC6,0x94,0xE1,0x8A,0xC5,0x9C,0xE1,0x8F,
            0xC6,0xA3,0xCA,0xA9,0xE1,0x92,0xFC,0x78,0xE0,0x2A,0xC2,0x9E,0xFB,0x77,0xC3,0xA5,
            0xEE,0x2D,0xFF,0xCC,0xFF,0x85,0xFD,0x78,0xFA,0x78,0xE8,0x80,0xE4,0x95,0xEA,0x84,
            0xE8,0x88,0xE7,0x8B,0xE8,0x8E,0xE8,0x97,0xEA,0x90,0xED,0x80,0xED,0x91,0xE8,0x84,
            0xE6,0x89,0xE5,0x8C,0xE6,0x8F,0xE8,0x92,0xEB,0x80,0xEB,0x93,0xDC,0x87,0xDA,0x8D,
            0xD9,0x93,0xDA,0x97,0xDC,0x9B,0xE1,0x80,0xE1,0x9D,0xB8,0x8F,0xB5,0x9B,0xB3,0xA5,
            0xB5,0xAF,0xB8,0xB8,0xBE,0x80,0xBE,0xC0,0x9B,0x95,0x99,0xA5,0x98,0xB3,0x99,0xC0,
            0x9B,0xCE,0xA0,0x80,0xA0,0xDF,0x4C,0x80,0x52,0x91,0x47,0x80,0x55,0x9F,0x4E,0x90,
            0x56,0xAB,0x51,0x9D,0x55,0xB6,0x51,0xB3,0x52,0xC0,0x4E,0xBD,0x4C,0xCC,0x47,0xC7,
            0x52,0xA8,0x4E,0x80,0x54,0x91,0x57,0x9F,0x57,0xB7,0x54,0xC2,0x4E,0xCD,0x58,0xAB,
            0x9A,0x80,0x96,0x96,0x94,0xA7,0x94,0xC3,0x96,0xD3,0x9A,0xE5,0x93,0xB5,0xD6,0x88,
            0xD3,0x90,0xD2,0x96,0xD3,0x9C,0xD6,0xA0,0xDB,0x80,0xDB,0xA3,0xFF,0x80,0x00,0x00,
            0x00,0x02,0x00,0x00,0x00,0x0B,0x80,0x03,0x00,0x00,0x00,0x00,0xC0,0x0D,0xC0,0x00,
            0x00,0x00,0x00,0x0C,0xC0,0x00,0xC0,0x0D,0x80,0x13,0x00,0x02,0x00,0x00,0x00,0x07,
            0xC0,0x00,0x00,0x1A,0x80,0x11,0x00,0x02,0x40,0x0F,0x00,0x0C,0x00,0x02,0x00,0x1D,
            0x00,0x16,0x80,0x03,0x00,0x00,0xC0,0x13,0x80,0x03,0x00,0x10,0x00,0x03,0x00,0x02,
            0x40,0x28,0x00,0x0E,0x80,0x03,0x00,0x1E,0xC0,0x04,0x80,0x03,0x00,0x2A,0x80,0x16,
            0x00,0x05,0x00,0x00,0x40,0x14,0x00,0x05,0x00,0x10,0x40,0x0E,0x00,0x05,0x40,0x1E,
            0x00,0x05,0x00,0x05,0x80,0x2A,0x00,0x18,0x00,0x07,0x00,0x00,0xC0,0x15,0x00,0x07,
            0x80,0x10,0xC0,0x0F,0x00,0x07,0x00,0x1F,0x40,0x06,0x00,0x07,0x80,0x2B,0x80,0x1B,
            0x00,0x0A,0x00,0x00,0x40,0x19,0x00,0x0A,0x80,0x11,0xC0,0x12,0x00,0x0A,0x00,0x21,
            0xC0,0x08,0x00,0x0A,0x00,0x2E,0x40,0x20,0x40,0x0E,0x00,0x00,0x00,0x1E,0x40,0x0E,
            0xC0,0x12,0x00,0x17,0x40,0x0E,0x80,0x23,0x40,0x0C,0x40,0x0E,0x80,0x31,0x40,0x25,
            0xC0,0x13,0x00,0x00,0x80,0x22,0xC0,0x13,0x00,0x14,0x40,0x1B,0xC0,0x13,0xC0,0x25,
            0x80,0x0F,0xC0,0x13,0xC0,0x34,0x80,0x00,0xC0,0x13,0x80,0x40,0xC0,0x28,0x80,0x1A,
            0x00,0x00,0x00,0x26,0x80,0x1A,0x00,0x15,0x40,0x1E,0x80,0x1A,0xC0,0x27,0x40,0x12,
            0x80,0x1A,0x80,0x37,0x80,0x02,0x80,0x1A,0x80,0x43,0x80,0x1E,0x40,0x19,0x00,0x0B,
            0x80,0x1E,0x00,0x17,0x00,0x00,0x80,0x33,0x40,0x20,0x80,0x0A,0x00,0x34,0x40,0x1E,
            0x00,0x00,0x40,0x2A,0xC0,0x22,0x00,0x00,0x80,0x27,0xC0,0x22,0x80,0x15,0x80,0x1F,
            0xC0,0x22,0x80,0x28,0x40,0x03,0xC0,0x22,0x00,0x45,0x80,0x1E,0x80,0x1F,0x80,0x11,
            0x40,0x13,0xC0,0x22,0x80,0x38,0x00,0x32,0x80,0x25,0xC0,0x10,0x00,0x3F,0xC0,0x2B,
            0x40,0x09,0x80,0x1E,0x40,0x27,0xC0,0x13,0xC0,0x26,0x00,0x2C,0x40,0x15,0x00,0x1F,
            0x00,0x2C,0x00,0x28,0xC0,0x12,0x00,0x2C,0x00,0x38,0xC0,0x3F,0x40,0x2A,0x00,0x00,
            0x00,0x3D,0x80,0x2F,0xC0,0x0E,0x40,0x30,0x00,0x2C,0xC0,0x12,0x80,0x29,0x00,0x2C,
            0x00,0x00,0xC0,0x02,0x00,0x2C,0x40,0x44,0x80,0x1E,0x40,0x2F,0x80,0x11,0x00,0x1D,
            0xC0,0x35,0x00,0x27,0xC0,0x24,0xC0,0x35,0x80,0x14,0x40,0x11,0xC0,0x35,0x80,0x36,
            0x80,0x2E,0xC0,0x32,0xC0,0x10,0xC0,0x44,0x80,0x39,0x80,0x07,0x80,0x3A,0xC0,0x34,
            0x80,0x10,0x80,0x1E,0x40,0x35,0x00,0x0B,0x80,0x27,0xC0,0x35,0x00,0x00,0xC0,0x01,
            0xC0,0x35,0x40,0x42,0x80,0x42,0x40,0x3C,0x00,0x0C,0xC0,0x45,0x80,0x38,0x00,0x00,
            0x40,0x2D,0xC0,0x37,0x80,0x0A,0xC0,0x37,0xC0,0x39,0xC0,0x0E,0xC0,0x3F,0x80,0x3F,
            0x80,0x0D,0x80,0x1E,0xC0,0x37,0x00,0x00,0xC0,0x2C,0xC0,0x39,0x00,0x00,0xC0,0x0E,
            0x80,0x3F,0x00,0x34,0x40,0x1A,0x80,0x3F,0x40,0x25,0x80,0x21,0x80,0x3F,0xC0,0x13,
            0x00,0x36,0x80,0x3D,0x40,0x09,0xC0,0x3C,0x00,0x43,0x00,0x0C,0x00,0x24,0x80,0x3F,
            0x00,0x00,0x00,0x35,0x40,0x3F,0x00,0x00,0x00,0x49,0x00,0x48,0x00,0x06,0x80,0x46,
            0x40,0x49,0x80,0x09,0xC0,0x3A,0x80,0x45,0x80,0x07,0x80,0x43,0x40,0x4B,0xC0,0x0A,
            0x00,0x4A,0x40,0x47,0x00,0x00,0x00,0x0C,0xC0,0x49,0x40,0x31,0x80,0x1D,0xC0,0x49,
            0x80,0x12,0x00,0x00,0x80,0x3F,0x80,0x3F,0xC0,0x16,0xC0,0x49,0x40,0x23,0xC0,0x39,
            0xC0,0x46,0x00,0x00,0x40,0x40,0x40,0x4D,0x80,0x09,0x00,0x20,0xC0,0x49,0x00,0x00,
            0xC0,0x3D,0x80,0x4E,0x00,0x06,0x80,0x4F,0x00,0x55,0xC0,0x04,0xC0,0x3C,0x40,0x4F,
            0x00,0x00,0x80,0x4C,0x80,0x55,0x80,0x07,0x80,0x08,0x00,0x54,0x00,0x2E,0xC0,0x12,
            0x00,0x54,0xC0,0x20,0x00,0x19,0x00,0x54,0x40,0x11,0x0A,0x87,0x08,0x88,0x12,0x91,
            0x15,0x90,0x25,0xA4,0x17,0x8E,0x2A,0xA1,0x2D,0x9C,0x48,0xC7,0x4E,0xBD,0x2E,0x97,
            0x51,0xB3,0x52,0xA9,0x54,0xD3,0x59,0xC6,0x5C,0xBA,0x5D,0xAE,0x41,0xC1,0x48,0xB8,
            0x4B,0xAF,0x4C,0xA6,0x3B,0xBB,0x41,0xB3,0x45,0xAB,0x46,0xA2,0x40,0xC0,0x47,0xB7,
            0x4A,0xAE,0x4B,0xA5,0x4C,0xCB,0x52,0xC0,0x55,0xB5,0x56,0xAA,0x55,0x9F,0x5F,0xDE,
            0x63,0xCE,0x66,0xC0,0x66,0xB3,0x66,0xA5,0x3A,0x97,0x20,0xA0,0x45,0xA5,0x31,0xB0,
            0x7A,0xF9,0x7B,0xE0,0x7B,0xCE,0x7B,0xAD,0x53,0x90,0x7B,0xBD,0x5A,0x9C,0x59,0xBC,
            0x7A,0x87,0x8E,0xD9,0x8C,0xC8,0x8C,0xB9,0x69,0xAF,0x7F,0x8F,0x90,0xEE,0x8C,0xAA,
            0xAB,0x7A,0x95,0xC3,0x97,0xD2,0x94,0xB5,0xAB,0x75,0x68,0xCA,0x89,0x98,0xCB,0x74,
            0x9B,0xE3,0x95,0xA6,0x76,0xB9,0x5E,0xDE,0xC3,0x68,0xA6,0x6B,0x90,0x93,0xEE,0x6F,
            0xDC,0x5D,0x9A,0xB2,0x9A,0xBF,0x9D,0xCD,0xB1,0x51,0x9F,0x5F,0xA2,0xDD,0xBE,0x3F,
            0x68,0xC6,0x79,0xB2,0xA2,0x41,0x92,0x89,0x5C,0xDC,0x9D,0xB0,0xA0,0xCA,0x9A,0xA4,
            0x9E,0xBD,0xA9,0x29,0x9B,0x5B,0xA6,0xD9,0x9D,0x3E,0x57,0xB2,0xA4,0x24,0x6E,0xA2,
            0x9F,0xB0,0xA0,0xBC,0xA2,0xC9,0x00,0x00,0xC0,0x41,0x00,0x04,0xC0,0x0A,0xC0,0x44,
            0x00,0x02,0x80,0x09,0xC0,0x46,0xC0,0x0E,0x40,0x08,0x80,0x3E,0x00,0x06,0x80,0x09,
            0xC0,0x42,0x80,0x0F,0x80,0x07,0x00,0x4F,0x80,0x0D,0x00,0x00,0xC0,0x4D,0xC0,0x0D,
            0xC0,0x04,0x40,0x48,0x00,0x00,0x00,0x00,0x00,0x11,0xC0,0x0C,0xC0,0x20,0xC0,0x06,
            0xC0,0x0C,0x00,0x2E,0x00,0x15,0x80,0x02,0x40,0x23,0x40,0x17,0xC0,0x0C,0x40,0x11,
            0xC0,0x1B,0x80,0x02,0x80,0x12,0x80,0x19,0xC0,0x0C,0x00,0x00,0x40,0x1E,0x80,0x02,
            0x00,0x00,0xC0,0x4A,0x40,0x0E,0x80,0x07,0x40,0x47,0xC0,0x00,0x00,0x06,0x00,0x3C,
            0x40,0x07,0x00,0x06,0xC0,0x3F,0x00,0x10,0xC0,0x04,0x00,0x3B,0x00,0x08,0x00,0x00,
            0x80,0x3E,0x40,0x10,0x00,0x00,0x40,0x03,0x40,0x17,0x80,0x2A,0x80,0x0C,0x40,0x17,
            0x40,0x1E,0x80,0x12,0x40,0x17,0x00,0x10,0x80,0x5A,0x40,0x17,0x40,0x04,0x40,0x56,
            0x40,0x17,0xC0,0x06,0x80,0x50,0x40,0x17,0x80,0x07,0xC0,0x4A,0x40,0x17,0xC0,0x06,
            0x40,0x46,0x40,0x17,0x40,0x04,0x80,0x44,0x40,0x17,0x00,0x00,0xC0,0x14,0x40,0x17,
            0x00,0x00,0x40,0x5C,0x40,0x17,0x00,0x00,0x80,0x46,0x80,0x18,0x00,0x00,0x80,0x49,
            0x40,0x17,0x00,0x02,0x80,0x48,0x40,0x17,0x00,0x00,0xC0,0x49,0x80,0x18,0x00,0x00,
            0x40,0x48,0x80,0x18,0x00,0x04,0x80,0x4C,0x40,0x17,0xC0,0x02,0x40,0x4B,0x80,0x18,
            0x40,0x02,0x00,0x4D,0xC0,0x18,0x80,0x06,0x80,0x50,0x40,0x17,0x40,0x02,0xC0,0x4E,
            0xC0,0x18,0x80,0x03,0x00,0x53,0xC0,0x18,0x40,0x07,0x40,0x59,0xC0,0x18,0x80,0x06,
            0x40,0x54,0x40,0x17,0x40,0x01,0x40,0x53,0xC0,0x18,0x80,0x03,0x00,0x5E,0x00,0x19,
            0x00,0x04,0x40,0x57,0x40,0x17,0x80,0x00,0xC0,0x57,0x00,0x19,0xC0,0x02,0x40,0x58,
            0x40,0x17,0x00,0x00,0x40,0x5B,0x00,0x19,0x80,0x01,0x80,0x02,0x80,0x19,0x80,0x29,
            0xC0,0x0E,0x40,0x17,0x00,0x0F,0x40,0x09,0x40,0x17,0x40,0x1C,0x80,0x08,0x80,0x19,
            0x00,0x1C,0x80,0x0B,0x80,0x19,0xC0,0x1D,0xC0,0x10,0x40,0x17,0x00,0x00,0x00,0x0E,
            0x80,0x19,0xC0,0x0E,0x40,0x11,0x80,0x19,0xC0,0x0F,0xC0,0x05,0x40,0x17,0x40,0x1A,
            0x00,0x0B,0x40,0x17,0x00,0x0E,0x80,0x03,0xC0,0x19,0x00,0x19,0xC0,0x0C,0x40,0x17,
            0x00,0x00,0x40,0x08,0xC0,0x19,0x40,0x0D,0xC0,0x5F,0x00,0x19,0x00,0x00,0xC0,0x5C,
            0x00,0x19,0x00,0x00,0x00,0x00,0x80,0x19,0x00,0x27,0x00,0x10,0x80,0x19,0x00,0x00,
            0x40,0x13,0x80,0x19,0x00,0x00,0x40,0x48,0x40,0x19,0x00,0x00,0x00,0x4A,0x40,0x19,
            0x00,0x00,0x00,0x4A,0x40,0x19,0xC0,0x03,0xC0,0x4B,0x40,0x19,0xC0,0x02,0xC0,0x4E,
            0x80,0x19,0x00,0x06,0x00,0x0A,0xC0,0x19,0x00,0x00,0xC0,0x4F,0x80,0x19,0x40,0x04,
            0xC0,0x54,0xC0,0x19,0x80,0x06,0x00,0x5B,0xC0,0x19,0xC0,0x05,0x00,0x55,0xC0,0x19,
            0x80,0x04,0x80,0x5F,0x00,0x1A,0xC0,0x03,0x40,0x5A,0x00,0x1A,0x00,0x04,0x80,0x49,
            0x80,0x19,0x00,0x00,0x40,0x5E,0x00,0x1A,0x40,0x02,0x40,0x4B,0x80,0x19,0x40,0x03,
            0x40,0x61,0x00,0x1A,0x00,0x00,0xC0,0x4F,0xC0,0x19,0x40,0x05,0xC0,0x5F,0x40,0x1A,
            0x00,0x00,0x80,0x55,0x00,0x1A,0xC0,0x05,0x80,0x01,0xC0,0x1A,0x80,0x28,0xC0,0x08,
            0xC0,0x1A,0x00,0x1C,0x00,0x0E,0xC0,0x1A,0xC0,0x0E,0x40,0x0A,0xC0,0x1A,0x00,0x1D,
            0x00,0x10,0xC0,0x1A,0x00,0x00,0x00,0x10,0xC0,0x1A,0x40,0x0F,0x40,0x5B,0x40,0x1A,
            0x00,0x05,0xC0,0x5F,0x40,0x1A,0x00,0x03,0x40,0x61,0x80,0x1A,0x00,0x00,0x00,0x12,
            0xC0,0x1A,0x00,0x00,0xC0,0x01,0xC0,0x1B,0x40,0x0B,0x00,0x00,0xC0,0x1A,0x40,0x27,
            0x40,0x09,0x40,0x1B,0x80,0x1C,0xC0,0x0E,0x40,0x1B,0x00,0x0F,0xC0,0x10,0x40,0x1B,
            0x00,0x00,0x80,0x00,0x40,0x1B,0xC0,0x27,0x00,0x03,0xC0,0x1B,0x00,0x00,0x92,0x89,
            0x79,0xB2,0x91,0x81,0x9B,0x5B,0x9F,0x61,0x44,0xC4,0x57,0xB2,0x5C,0xDC,0xA0,0xBC,
            0x9F,0xB0,0x9E,0xBD,0xA2,0xC9,0xA0,0xCA,0xA8,0xD7,0xA6,0xD9,0x6E,0xA2,0x68,0xC6,
            0x9D,0x3E,0xA5,0x49,0xA4,0x24,0xAF,0x30,0xA3,0xAE,0xA4,0xB9,0xA6,0xC5,0x46,0xA2,
            0x63,0x97,0x90,0x7F,0xA7,0x6A,0xB3,0x58,0xC3,0x44,0xAC,0xD2,0x2E,0xAE,0xD2,0x52,
            0x2B,0xD4,0x3C,0xBD,0x48,0xCA,0xBF,0x61,0xED,0xEE,0x2F,0xF2,0xB3,0x6F,0xF9,0x38,
            0xF6,0xCF,0x9F,0x81,0x70,0x99,0xF3,0x41,0xF9,0x44,0x4D,0xA2,0xEF,0x42,0xF2,0x48,
            0xE4,0x4F,0xEA,0x4B,0xAD,0xA8,0x4F,0x1C,0x41,0x1A,0x4A,0x0B,0xAE,0xB3,0x5F,0x20,
            0x5B,0x0C,0xB2,0xBC,0xB7,0xAD,0xBB,0xB5,0xC6,0xA3,0xC1,0xBD,0xCA,0xA9,0xE0,0x5C,
            0x3B,0x0A,0x72,0x0E,0xB8,0xC7,0xDF,0x5F,0xB1,0xCF,0xD0,0x69,0xE3,0xCA,0xCA,0x74,
            0xD0,0xAF,0xFB,0xB0,0xC2,0x81,0xA3,0x98,0xFA,0x58,0x80,0xBE,0xF5,0x5A,0xFF,0x80,
            0xEE,0x5E,0xFE,0x7E,0x5D,0xDB,0xF8,0x7B,0xE9,0x69,0xF1,0x7D,0xC2,0x9E,0xC9,0x2A,
            0xBE,0x2D,0xC3,0xA5,0xB2,0x33,0xC7,0xAC,0xE9,0x83,0xCA,0x9D,0xBF,0xBE,0xCD,0xB2,
            0xE4,0x95,0xD4,0x29,0xFA,0x78,0xF9,0x78,0xF9,0x7A,0xFB,0x77,0xE8,0x97,0x00,0x00,
        };

    }

    class Teapot : public Mesh
    {
    public:
        explicit Teapot(float size = 1.0f)
            : Mesh(detail::s_teapotChunks, 16,
                   detail::s_teapotGeometry + detail::s_teapotStreamOffset,
                   reinterpret_cast<const Face *>(detail::s_teapotGeometry), 2256,
                   false, true, true,
                   nullptr, 0)
        {
            autoScale(size);
            finalizeGeometry(1661, 2256,
                              Vector3(0.003477f, 0.630818f, 0.000000f) * (size * 0.5f),
                              1.004501f * (size * 0.5f));
            bindDeleter<Teapot>();
        }
    };
}
